-- MySQL dump 10.13  Distrib 5.1.61, for redhat-linux-gnu (x86_64)
--
-- Host: localhost    Database: 
-- ------------------------------------------------------
-- Server version	5.1.61

/*!40101 SET @OLD_CHARACTER_SET_CLIENT=@@CHARACTER_SET_CLIENT */;
/*!40101 SET @OLD_CHARACTER_SET_RESULTS=@@CHARACTER_SET_RESULTS */;
/*!40101 SET @OLD_COLLATION_CONNECTION=@@COLLATION_CONNECTION */;
/*!40101 SET NAMES utf8 */;
/*!40103 SET @OLD_TIME_ZONE=@@TIME_ZONE */;
/*!40103 SET TIME_ZONE='+00:00' */;
/*!40014 SET @OLD_UNIQUE_CHECKS=@@UNIQUE_CHECKS, UNIQUE_CHECKS=0 */;
/*!40014 SET @OLD_FOREIGN_KEY_CHECKS=@@FOREIGN_KEY_CHECKS, FOREIGN_KEY_CHECKS=0 */;
/*!40101 SET @OLD_SQL_MODE=@@SQL_MODE, SQL_MODE='NO_AUTO_VALUE_ON_ZERO' */;
/*!40111 SET @OLD_SQL_NOTES=@@SQL_NOTES, SQL_NOTES=0 */;

--
-- Current Database: `buzz`
--

CREATE DATABASE /*!32312 IF NOT EXISTS*/ `buzz` /*!40100 DEFAULT CHARACTER SET latin1 */;

USE `buzz`;

--
-- Table structure for table `feedback`
--

DROP TABLE IF EXISTS `feedback`;
/*!40101 SET @saved_cs_client     = @@character_set_client */;
/*!40101 SET character_set_client = utf8 */;
CREATE TABLE `feedback` (
  `name` varchar(100) DEFAULT NULL,
  `email` varchar(200) DEFAULT NULL,
  `message` varchar(2000) DEFAULT NULL
) ENGINE=MyISAM DEFAULT CHARSET=latin1;
/*!40101 SET character_set_client = @saved_cs_client */;

--
-- Dumping data for table `feedback`
--

LOCK TABLES `feedback` WRITE;
/*!40000 ALTER TABLE `feedback` DISABLE KEYS */;
INSERT INTO `feedback` VALUES ('Ankush','kkiddu@yahoo.com','Test feedback'),('Madhavan','madhavan.chetlur@students.iiit.ac.in','Hi,\r\nPlease add event descriptions :)\r\nOtherwise neat site '),('test','test','test'),('Ankush','kkiddu@yahoo.com','Some message'),('Prathyush','prathyush.sambaturu@research.iiit.ac.in','Where do we get the T shirts and from when??\r\n'),('test2','test2','test2'),('Test','test@user.com','Tssata'),('N Krishna','krishna.n@students.iiit.ac.in','where do i buy these t-shirts ?'),('','',''),('','',''),('xyz','abc','abc'),('\'','\'','\''),('','',''),('Ankush Jain','kkiddu@yahoo.com','Test message'),('Ankush Jain','kkiddu@yahoo.com','Test message'),('Harry Potter','harry@potter.com','harry potter is no more'),('Rabbi','rabbi@shergill.com','Helloes, I\'m a singer.'),('Tun tun','Chun Chun','Mun Mun'),('Ankush Jain','abc@def.com','Ankush'),('Ankush Jain','abc@def.com','Ankush'),('Ankush Jain','kkiddu@yahoo.com','Test message'),('test1','test@user.com','test1'),('test2','test@user.com','test2'),('Genuine feedbacker','genuine@feedback.com','I have a genuine feedback'),('test4','test@user.com','test4'),('Himani Upadhyay','himani.upadhyay@research.iiit.ac.in','Will there be any other designs upcoming for the t-shirt later??'),('Pulkit','pulkit.dilip@students.iiit.ac.in','Can PG student tak part in events...Gully cricket n all..up2 when v hv 2 register our team..and to whom??'),('Test AJ','test@user.com','AJ AJ AJ'),('Test','Test@test.in','Blah'),('divya','sai_divya1807@yahoo.com','any events like paper presentations or power point presentations are being conducted??');
/*!40000 ALTER TABLE `feedback` ENABLE KEYS */;
UNLOCK TABLES;

--
-- Table structure for table `logxxx`
--

DROP TABLE IF EXISTS `logxxx`;
/*!40101 SET @saved_cs_client     = @@character_set_client */;
/*!40101 SET character_set_client = utf8 */;
CREATE TABLE `logxxx` (
  `nick_nm` varchar(15) NOT NULL DEFAULT '',
  `timex` timestamp NOT NULL DEFAULT CURRENT_TIMESTAMP ON UPDATE CURRENT_TIMESTAMP,
  `levelx` int(11) DEFAULT NULL,
  PRIMARY KEY (`nick_nm`)
) ENGINE=MyISAM DEFAULT CHARSET=latin1;
/*!40101 SET character_set_client = @saved_cs_client */;

--
-- Dumping data for table `logxxx`
--

LOCK TABLES `logxxx` WRITE;
/*!40000 ALTER TABLE `logxxx` DISABLE KEYS */;
/*!40000 ALTER TABLE `logxxx` ENABLE KEYS */;
UNLOCK TABLES;

--
-- Table structure for table `phpbb_acl_groups`
--

DROP TABLE IF EXISTS `phpbb_acl_groups`;
/*!40101 SET @saved_cs_client     = @@character_set_client */;
/*!40101 SET character_set_client = utf8 */;
CREATE TABLE `phpbb_acl_groups` (
  `group_id` mediumint(8) unsigned NOT NULL DEFAULT '0',
  `forum_id` mediumint(8) unsigned NOT NULL DEFAULT '0',
  `auth_option_id` mediumint(8) unsigned NOT NULL DEFAULT '0',
  `auth_role_id` mediumint(8) unsigned NOT NULL DEFAULT '0',
  `auth_setting` tinyint(2) NOT NULL DEFAULT '0',
  KEY `group_id` (`group_id`),
  KEY `auth_opt_id` (`auth_option_id`),
  KEY `auth_role_id` (`auth_role_id`)
) ENGINE=MyISAM DEFAULT CHARSET=utf8 COLLATE=utf8_bin;
/*!40101 SET character_set_client = @saved_cs_client */;

--
-- Dumping data for table `phpbb_acl_groups`
--

LOCK TABLES `phpbb_acl_groups` WRITE;
/*!40000 ALTER TABLE `phpbb_acl_groups` DISABLE KEYS */;
INSERT INTO `phpbb_acl_groups` VALUES (1,0,85,0,1),(1,0,93,0,1),(1,0,111,0,1),(5,0,0,5,0),(5,0,0,1,0),(2,0,0,6,0),(3,0,0,6,0),(4,0,0,5,0),(4,0,0,10,0),(1,1,0,17,0),(2,1,0,17,0),(3,1,0,17,0),(6,1,0,17,0),(6,5,0,17,0),(3,5,0,17,0),(2,5,0,15,0),(1,5,0,17,0),(8,2,0,10,0),(8,2,0,14,0),(6,2,0,17,0),(7,0,0,23,0),(3,2,0,17,0),(1,3,0,17,0),(2,3,0,15,0),(3,3,0,17,0),(6,3,0,17,0),(8,0,0,2,0),(8,0,0,5,0),(1,4,0,17,0),(2,4,0,15,0),(3,4,0,17,0),(6,4,0,17,0),(2,2,0,15,0),(1,2,0,17,0),(8,3,0,14,0),(8,3,0,10,0),(8,4,0,14,0),(8,4,0,10,0),(8,0,0,10,0),(8,5,0,14,0),(8,5,0,10,0);
/*!40000 ALTER TABLE `phpbb_acl_groups` ENABLE KEYS */;
UNLOCK TABLES;

--
-- Table structure for table `phpbb_acl_options`
--

DROP TABLE IF EXISTS `phpbb_acl_options`;
/*!40101 SET @saved_cs_client     = @@character_set_client */;
/*!40101 SET character_set_client = utf8 */;
CREATE TABLE `phpbb_acl_options` (
  `auth_option_id` mediumint(8) unsigned NOT NULL AUTO_INCREMENT,
  `auth_option` varchar(50) COLLATE utf8_bin NOT NULL DEFAULT '',
  `is_global` tinyint(1) unsigned NOT NULL DEFAULT '0',
  `is_local` tinyint(1) unsigned NOT NULL DEFAULT '0',
  `founder_only` tinyint(1) unsigned NOT NULL DEFAULT '0',
  PRIMARY KEY (`auth_option_id`),
  UNIQUE KEY `auth_option` (`auth_option`)
) ENGINE=MyISAM AUTO_INCREMENT=118 DEFAULT CHARSET=utf8 COLLATE=utf8_bin;
/*!40101 SET character_set_client = @saved_cs_client */;

--
-- Dumping data for table `phpbb_acl_options`
--

LOCK TABLES `phpbb_acl_options` WRITE;
/*!40000 ALTER TABLE `phpbb_acl_options` DISABLE KEYS */;
INSERT INTO `phpbb_acl_options` VALUES (1,'f_',0,1,0),(2,'f_announce',0,1,0),(3,'f_attach',0,1,0),(4,'f_bbcode',0,1,0),(5,'f_bump',0,1,0),(6,'f_delete',0,1,0),(7,'f_download',0,1,0),(8,'f_edit',0,1,0),(9,'f_email',0,1,0),(10,'f_flash',0,1,0),(11,'f_icons',0,1,0),(12,'f_ignoreflood',0,1,0),(13,'f_img',0,1,0),(14,'f_list',0,1,0),(15,'f_noapprove',0,1,0),(16,'f_poll',0,1,0),(17,'f_post',0,1,0),(18,'f_postcount',0,1,0),(19,'f_print',0,1,0),(20,'f_read',0,1,0),(21,'f_reply',0,1,0),(22,'f_report',0,1,0),(23,'f_search',0,1,0),(24,'f_sigs',0,1,0),(25,'f_smilies',0,1,0),(26,'f_sticky',0,1,0),(27,'f_subscribe',0,1,0),(28,'f_user_lock',0,1,0),(29,'f_vote',0,1,0),(30,'f_votechg',0,1,0),(31,'m_',1,1,0),(32,'m_approve',1,1,0),(33,'m_chgposter',1,1,0),(34,'m_delete',1,1,0),(35,'m_edit',1,1,0),(36,'m_info',1,1,0),(37,'m_lock',1,1,0),(38,'m_merge',1,1,0),(39,'m_move',1,1,0),(40,'m_report',1,1,0),(41,'m_split',1,1,0),(42,'m_ban',1,0,0),(43,'m_warn',1,0,0),(44,'a_',1,0,0),(45,'a_aauth',1,0,0),(46,'a_attach',1,0,0),(47,'a_authgroups',1,0,0),(48,'a_authusers',1,0,0),(49,'a_backup',1,0,0),(50,'a_ban',1,0,0),(51,'a_bbcode',1,0,0),(52,'a_board',1,0,0),(53,'a_bots',1,0,0),(54,'a_clearlogs',1,0,0),(55,'a_email',1,0,0),(56,'a_fauth',1,0,0),(57,'a_forum',1,0,0),(58,'a_forumadd',1,0,0),(59,'a_forumdel',1,0,0),(60,'a_group',1,0,0),(61,'a_groupadd',1,0,0),(62,'a_groupdel',1,0,0),(63,'a_icons',1,0,0),(64,'a_jabber',1,0,0),(65,'a_language',1,0,0),(66,'a_mauth',1,0,0),(67,'a_modules',1,0,0),(68,'a_names',1,0,0),(69,'a_phpinfo',1,0,0),(70,'a_profile',1,0,0),(71,'a_prune',1,0,0),(72,'a_ranks',1,0,0),(73,'a_reasons',1,0,0),(74,'a_roles',1,0,0),(75,'a_search',1,0,0),(76,'a_server',1,0,0),(77,'a_styles',1,0,0),(78,'a_switchperm',1,0,0),(79,'a_uauth',1,0,0),(80,'a_user',1,0,0),(81,'a_userdel',1,0,0),(82,'a_viewauth',1,0,0),(83,'a_viewlogs',1,0,0),(84,'a_words',1,0,0),(85,'u_',1,0,0),(86,'u_attach',1,0,0),(87,'u_chgavatar',1,0,0),(88,'u_chgcensors',1,0,0),(89,'u_chgemail',1,0,0),(90,'u_chggrp',1,0,0),(91,'u_chgname',1,0,0),(92,'u_chgpasswd',1,0,0),(93,'u_download',1,0,0),(94,'u_hideonline',1,0,0),(95,'u_ignoreflood',1,0,0),(96,'u_masspm',1,0,0),(97,'u_masspm_group',1,0,0),(98,'u_pm_attach',1,0,0),(99,'u_pm_bbcode',1,0,0),(100,'u_pm_delete',1,0,0),(101,'u_pm_download',1,0,0),(102,'u_pm_edit',1,0,0),(103,'u_pm_emailpm',1,0,0),(104,'u_pm_flash',1,0,0),(105,'u_pm_forward',1,0,0),(106,'u_pm_img',1,0,0),(107,'u_pm_printpm',1,0,0),(108,'u_pm_smilies',1,0,0),(109,'u_readpm',1,0,0),(110,'u_savedrafts',1,0,0),(111,'u_search',1,0,0),(112,'u_sendemail',1,0,0),(113,'u_sendim',1,0,0),(114,'u_sendpm',1,0,0),(115,'u_sig',1,0,0),(116,'u_viewonline',1,0,0),(117,'u_viewprofile',1,0,0);
/*!40000 ALTER TABLE `phpbb_acl_options` ENABLE KEYS */;
UNLOCK TABLES;

--
-- Table structure for table `phpbb_acl_roles`
--

DROP TABLE IF EXISTS `phpbb_acl_roles`;
/*!40101 SET @saved_cs_client     = @@character_set_client */;
/*!40101 SET character_set_client = utf8 */;
CREATE TABLE `phpbb_acl_roles` (
  `role_id` mediumint(8) unsigned NOT NULL AUTO_INCREMENT,
  `role_name` varchar(255) COLLATE utf8_bin NOT NULL DEFAULT '',
  `role_description` text COLLATE utf8_bin NOT NULL,
  `role_type` varchar(10) COLLATE utf8_bin NOT NULL DEFAULT '',
  `role_order` smallint(4) unsigned NOT NULL DEFAULT '0',
  PRIMARY KEY (`role_id`),
  KEY `role_type` (`role_type`),
  KEY `role_order` (`role_order`)
) ENGINE=MyISAM AUTO_INCREMENT=25 DEFAULT CHARSET=utf8 COLLATE=utf8_bin;
/*!40101 SET character_set_client = @saved_cs_client */;

--
-- Dumping data for table `phpbb_acl_roles`
--

LOCK TABLES `phpbb_acl_roles` WRITE;
/*!40000 ALTER TABLE `phpbb_acl_roles` DISABLE KEYS */;
INSERT INTO `phpbb_acl_roles` VALUES (1,'ROLE_ADMIN_STANDARD','ROLE_DESCRIPTION_ADMIN_STANDARD','a_',1),(2,'ROLE_ADMIN_FORUM','ROLE_DESCRIPTION_ADMIN_FORUM','a_',3),(3,'ROLE_ADMIN_USERGROUP','ROLE_DESCRIPTION_ADMIN_USERGROUP','a_',4),(4,'ROLE_ADMIN_FULL','ROLE_DESCRIPTION_ADMIN_FULL','a_',2),(5,'ROLE_USER_FULL','ROLE_DESCRIPTION_USER_FULL','u_',3),(6,'ROLE_USER_STANDARD','ROLE_DESCRIPTION_USER_STANDARD','u_',1),(7,'ROLE_USER_LIMITED','ROLE_DESCRIPTION_USER_LIMITED','u_',2),(8,'ROLE_USER_NOPM','ROLE_DESCRIPTION_USER_NOPM','u_',4),(9,'ROLE_USER_NOAVATAR','ROLE_DESCRIPTION_USER_NOAVATAR','u_',5),(10,'ROLE_MOD_FULL','ROLE_DESCRIPTION_MOD_FULL','m_',3),(11,'ROLE_MOD_STANDARD','ROLE_DESCRIPTION_MOD_STANDARD','m_',1),(12,'ROLE_MOD_SIMPLE','ROLE_DESCRIPTION_MOD_SIMPLE','m_',2),(13,'ROLE_MOD_QUEUE','ROLE_DESCRIPTION_MOD_QUEUE','m_',4),(14,'ROLE_FORUM_FULL','ROLE_DESCRIPTION_FORUM_FULL','f_',7),(15,'ROLE_FORUM_STANDARD','ROLE_DESCRIPTION_FORUM_STANDARD','f_',5),(16,'ROLE_FORUM_NOACCESS','ROLE_DESCRIPTION_FORUM_NOACCESS','f_',1),(17,'ROLE_FORUM_READONLY','ROLE_DESCRIPTION_FORUM_READONLY','f_',2),(18,'ROLE_FORUM_LIMITED','ROLE_DESCRIPTION_FORUM_LIMITED','f_',3),(19,'ROLE_FORUM_BOT','ROLE_DESCRIPTION_FORUM_BOT','f_',9),(20,'ROLE_FORUM_ONQUEUE','ROLE_DESCRIPTION_FORUM_ONQUEUE','f_',8),(21,'ROLE_FORUM_POLLS','ROLE_DESCRIPTION_FORUM_POLLS','f_',6),(22,'ROLE_FORUM_LIMITED_POLLS','ROLE_DESCRIPTION_FORUM_LIMITED_POLLS','f_',4),(23,'ROLE_USER_NEW_MEMBER','ROLE_DESCRIPTION_USER_NEW_MEMBER','u_',6),(24,'ROLE_FORUM_NEW_MEMBER','ROLE_DESCRIPTION_FORUM_NEW_MEMBER','f_',10);
/*!40000 ALTER TABLE `phpbb_acl_roles` ENABLE KEYS */;
UNLOCK TABLES;

--
-- Table structure for table `phpbb_acl_roles_data`
--

DROP TABLE IF EXISTS `phpbb_acl_roles_data`;
/*!40101 SET @saved_cs_client     = @@character_set_client */;
/*!40101 SET character_set_client = utf8 */;
CREATE TABLE `phpbb_acl_roles_data` (
  `role_id` mediumint(8) unsigned NOT NULL DEFAULT '0',
  `auth_option_id` mediumint(8) unsigned NOT NULL DEFAULT '0',
  `auth_setting` tinyint(2) NOT NULL DEFAULT '0',
  PRIMARY KEY (`role_id`,`auth_option_id`),
  KEY `ath_op_id` (`auth_option_id`)
) ENGINE=MyISAM DEFAULT CHARSET=utf8 COLLATE=utf8_bin;
/*!40101 SET character_set_client = @saved_cs_client */;

--
-- Dumping data for table `phpbb_acl_roles_data`
--

LOCK TABLES `phpbb_acl_roles_data` WRITE;
/*!40000 ALTER TABLE `phpbb_acl_roles_data` DISABLE KEYS */;
INSERT INTO `phpbb_acl_roles_data` VALUES (1,44,1),(1,46,1),(1,47,1),(1,48,1),(1,50,1),(1,51,1),(1,52,1),(1,56,1),(1,57,1),(1,58,1),(1,59,1),(1,60,1),(1,61,1),(1,62,1),(1,63,1),(1,66,1),(1,68,1),(1,70,1),(1,71,1),(1,72,1),(1,73,1),(1,79,1),(1,80,1),(1,81,1),(1,82,1),(1,83,1),(1,84,1),(2,44,1),(2,47,1),(2,48,1),(2,56,1),(2,57,1),(2,58,1),(2,59,1),(2,66,1),(2,71,1),(2,79,1),(2,82,1),(2,83,1),(3,44,1),(3,47,1),(3,48,1),(3,50,1),(3,60,1),(3,61,1),(3,62,1),(3,72,1),(3,79,1),(3,80,1),(3,82,1),(3,83,1),(4,44,1),(4,45,1),(4,46,1),(4,47,1),(4,48,1),(4,49,1),(4,50,1),(4,51,1),(4,52,1),(4,53,1),(4,54,1),(4,55,1),(4,56,1),(4,57,1),(4,58,1),(4,59,1),(4,60,1),(4,61,1),(4,62,1),(4,63,1),(4,64,1),(4,65,1),(4,66,1),(4,67,1),(4,68,1),(4,69,1),(4,70,1),(4,71,1),(4,72,1),(4,73,1),(4,74,1),(4,75,1),(4,76,1),(4,77,1),(4,78,1),(4,79,1),(4,80,1),(4,81,1),(4,82,1),(4,83,1),(4,84,1),(5,85,1),(5,86,1),(5,87,1),(5,88,1),(5,89,1),(5,90,1),(5,91,1),(5,92,1),(5,93,1),(5,94,1),(5,95,1),(5,96,1),(5,97,1),(5,98,1),(5,99,1),(5,100,1),(5,101,1),(5,102,1),(5,103,1),(5,104,1),(5,105,1),(5,106,1),(5,107,1),(5,108,1),(5,109,1),(5,110,1),(5,111,1),(5,112,1),(5,113,1),(5,114,1),(5,115,1),(5,116,1),(5,117,1),(6,85,1),(6,86,1),(6,87,1),(6,88,1),(6,89,1),(6,92,1),(6,93,1),(6,94,1),(6,96,1),(6,97,1),(6,98,1),(6,99,1),(6,100,1),(6,101,1),(6,102,1),(6,103,1),(6,106,1),(6,107,1),(6,108,1),(6,109,1),(6,110,1),(6,111,1),(6,112,1),(6,113,1),(6,114,1),(6,115,1),(6,117,1),(7,85,1),(7,87,1),(7,88,1),(7,89,1),(7,92,1),(7,93,1),(7,94,1),(7,99,1),(7,100,1),(7,101,1),(7,102,1),(7,105,1),(7,106,1),(7,107,1),(7,108,1),(7,109,1),(7,114,1),(7,115,1),(7,117,1),(8,85,1),(8,87,1),(8,88,1),(8,89,1),(8,92,1),(8,93,1),(8,94,1),(8,115,1),(8,117,1),(8,96,0),(8,97,0),(8,109,0),(8,114,0),(9,85,1),(9,88,1),(9,89,1),(9,92,1),(9,93,1),(9,94,1),(9,99,1),(9,100,1),(9,101,1),(9,102,1),(9,105,1),(9,106,1),(9,107,1),(9,108,1),(9,109,1),(9,114,1),(9,115,1),(9,117,1),(9,87,0),(10,31,1),(10,32,1),(10,42,1),(10,33,1),(10,34,1),(10,35,1),(10,36,1),(10,37,1),(10,38,1),(10,39,1),(10,40,1),(10,41,1),(10,43,1),(11,31,1),(11,32,1),(11,34,1),(11,35,1),(11,36,1),(11,37,1),(11,38,1),(11,39,1),(11,40,1),(11,41,1),(11,43,1),(12,31,1),(12,34,1),(12,35,1),(12,36,1),(12,40,1),(13,31,1),(13,32,1),(13,35,1),(14,1,1),(14,2,1),(14,3,1),(14,4,1),(14,5,1),(14,6,1),(14,7,1),(14,8,1),(14,9,1),(14,10,1),(14,11,1),(14,12,1),(14,13,1),(14,14,1),(14,15,1),(14,16,1),(14,17,1),(14,18,1),(14,19,1),(14,20,1),(14,21,1),(14,22,1),(14,23,1),(14,24,1),(14,25,1),(14,26,1),(14,27,1),(14,28,1),(14,29,1),(14,30,1),(15,1,1),(15,3,1),(15,4,1),(15,5,1),(15,6,1),(15,7,1),(15,8,1),(15,9,1),(15,11,1),(15,13,1),(15,14,1),(15,15,1),(15,17,1),(15,18,1),(15,19,1),(15,20,1),(15,21,1),(15,22,1),(15,23,1),(15,24,1),(15,25,1),(15,27,1),(15,29,1),(15,30,1),(16,1,0),(17,1,1),(17,7,1),(17,14,1),(17,19,1),(17,20,1),(17,23,1),(17,27,1),(18,1,1),(18,4,1),(18,7,1),(18,8,1),(18,9,1),(18,13,1),(18,14,1),(18,15,1),(18,17,1),(18,18,1),(18,19,1),(18,20,1),(18,21,1),(18,22,1),(18,23,1),(18,24,1),(18,25,1),(18,27,1),(18,29,1),(19,1,1),(19,7,1),(19,14,1),(19,19,1),(19,20,1),(20,1,1),(20,3,1),(20,4,1),(20,7,1),(20,8,1),(20,9,1),(20,13,1),(20,14,1),(20,17,1),(20,18,1),(20,19,1),(20,20,1),(20,21,1),(20,22,1),(20,23,1),(20,24,1),(20,25,1),(20,27,1),(20,29,1),(20,15,0),(21,1,1),(21,3,1),(21,4,1),(21,5,1),(21,6,1),(21,7,1),(21,8,1),(21,9,1),(21,11,1),(21,13,1),(21,14,1),(21,15,1),(21,16,1),(21,17,1),(21,18,1),(21,19,1),(21,20,1),(21,21,1),(21,22,1),(21,23,1),(21,24,1),(21,25,1),(21,27,1),(21,29,1),(21,30,1),(22,1,1),(22,4,1),(22,7,1),(22,8,1),(22,9,1),(22,13,1),(22,14,1),(22,15,1),(22,16,1),(22,17,1),(22,18,1),(22,19,1),(22,20,1),(22,21,1),(22,22,1),(22,23,1),(22,24,1),(22,25,1),(22,27,1),(22,29,1),(23,96,0),(23,97,0),(23,114,0),(24,15,0);
/*!40000 ALTER TABLE `phpbb_acl_roles_data` ENABLE KEYS */;
UNLOCK TABLES;

--
-- Table structure for table `phpbb_acl_users`
--

DROP TABLE IF EXISTS `phpbb_acl_users`;
/*!40101 SET @saved_cs_client     = @@character_set_client */;
/*!40101 SET character_set_client = utf8 */;
CREATE TABLE `phpbb_acl_users` (
  `user_id` mediumint(8) unsigned NOT NULL DEFAULT '0',
  `forum_id` mediumint(8) unsigned NOT NULL DEFAULT '0',
  `auth_option_id` mediumint(8) unsigned NOT NULL DEFAULT '0',
  `auth_role_id` mediumint(8) unsigned NOT NULL DEFAULT '0',
  `auth_setting` tinyint(2) NOT NULL DEFAULT '0',
  KEY `user_id` (`user_id`),
  KEY `auth_option_id` (`auth_option_id`),
  KEY `auth_role_id` (`auth_role_id`)
) ENGINE=MyISAM DEFAULT CHARSET=utf8 COLLATE=utf8_bin;
/*!40101 SET character_set_client = @saved_cs_client */;

--
-- Dumping data for table `phpbb_acl_users`
--

LOCK TABLES `phpbb_acl_users` WRITE;
/*!40000 ALTER TABLE `phpbb_acl_users` DISABLE KEYS */;
INSERT INTO `phpbb_acl_users` VALUES (2,0,0,5,0),(57,0,0,7,0),(77,2,0,10,0),(57,3,0,14,0),(57,3,0,10,0),(73,4,0,10,0),(54,2,0,10,0),(106,5,0,12,0);
/*!40000 ALTER TABLE `phpbb_acl_users` ENABLE KEYS */;
UNLOCK TABLES;

--
-- Table structure for table `phpbb_attachments`
--

DROP TABLE IF EXISTS `phpbb_attachments`;
/*!40101 SET @saved_cs_client     = @@character_set_client */;
/*!40101 SET character_set_client = utf8 */;
CREATE TABLE `phpbb_attachments` (
  `attach_id` mediumint(8) unsigned NOT NULL AUTO_INCREMENT,
  `post_msg_id` mediumint(8) unsigned NOT NULL DEFAULT '0',
  `topic_id` mediumint(8) unsigned NOT NULL DEFAULT '0',
  `in_message` tinyint(1) unsigned NOT NULL DEFAULT '0',
  `poster_id` mediumint(8) unsigned NOT NULL DEFAULT '0',
  `is_orphan` tinyint(1) unsigned NOT NULL DEFAULT '1',
  `physical_filename` varchar(255) COLLATE utf8_bin NOT NULL DEFAULT '',
  `real_filename` varchar(255) COLLATE utf8_bin NOT NULL DEFAULT '',
  `download_count` mediumint(8) unsigned NOT NULL DEFAULT '0',
  `attach_comment` text COLLATE utf8_bin NOT NULL,
  `extension` varchar(100) COLLATE utf8_bin NOT NULL DEFAULT '',
  `mimetype` varchar(100) COLLATE utf8_bin NOT NULL DEFAULT '',
  `filesize` int(20) unsigned NOT NULL DEFAULT '0',
  `filetime` int(11) unsigned NOT NULL DEFAULT '0',
  `thumbnail` tinyint(1) unsigned NOT NULL DEFAULT '0',
  PRIMARY KEY (`attach_id`),
  KEY `filetime` (`filetime`),
  KEY `post_msg_id` (`post_msg_id`),
  KEY `topic_id` (`topic_id`),
  KEY `poster_id` (`poster_id`),
  KEY `is_orphan` (`is_orphan`)
) ENGINE=MyISAM DEFAULT CHARSET=utf8 COLLATE=utf8_bin;
/*!40101 SET character_set_client = @saved_cs_client */;

--
-- Dumping data for table `phpbb_attachments`
--

LOCK TABLES `phpbb_attachments` WRITE;
/*!40000 ALTER TABLE `phpbb_attachments` DISABLE KEYS */;
/*!40000 ALTER TABLE `phpbb_attachments` ENABLE KEYS */;
UNLOCK TABLES;

--
-- Table structure for table `phpbb_banlist`
--

DROP TABLE IF EXISTS `phpbb_banlist`;
/*!40101 SET @saved_cs_client     = @@character_set_client */;
/*!40101 SET character_set_client = utf8 */;
CREATE TABLE `phpbb_banlist` (
  `ban_id` mediumint(8) unsigned NOT NULL AUTO_INCREMENT,
  `ban_userid` mediumint(8) unsigned NOT NULL DEFAULT '0',
  `ban_ip` varchar(40) COLLATE utf8_bin NOT NULL DEFAULT '',
  `ban_email` varchar(100) COLLATE utf8_bin NOT NULL DEFAULT '',
  `ban_start` int(11) unsigned NOT NULL DEFAULT '0',
  `ban_end` int(11) unsigned NOT NULL DEFAULT '0',
  `ban_exclude` tinyint(1) unsigned NOT NULL DEFAULT '0',
  `ban_reason` varchar(255) COLLATE utf8_bin NOT NULL DEFAULT '',
  `ban_give_reason` varchar(255) COLLATE utf8_bin NOT NULL DEFAULT '',
  PRIMARY KEY (`ban_id`),
  KEY `ban_end` (`ban_end`),
  KEY `ban_user` (`ban_userid`,`ban_exclude`),
  KEY `ban_email` (`ban_email`,`ban_exclude`),
  KEY `ban_ip` (`ban_ip`,`ban_exclude`)
) ENGINE=MyISAM DEFAULT CHARSET=utf8 COLLATE=utf8_bin;
/*!40101 SET character_set_client = @saved_cs_client */;

--
-- Dumping data for table `phpbb_banlist`
--

LOCK TABLES `phpbb_banlist` WRITE;
/*!40000 ALTER TABLE `phpbb_banlist` DISABLE KEYS */;
/*!40000 ALTER TABLE `phpbb_banlist` ENABLE KEYS */;
UNLOCK TABLES;

--
-- Table structure for table `phpbb_bbcodes`
--

DROP TABLE IF EXISTS `phpbb_bbcodes`;
/*!40101 SET @saved_cs_client     = @@character_set_client */;
/*!40101 SET character_set_client = utf8 */;
CREATE TABLE `phpbb_bbcodes` (
  `bbcode_id` smallint(4) unsigned NOT NULL DEFAULT '0',
  `bbcode_tag` varchar(16) COLLATE utf8_bin NOT NULL DEFAULT '',
  `bbcode_helpline` varchar(255) COLLATE utf8_bin NOT NULL DEFAULT '',
  `display_on_posting` tinyint(1) unsigned NOT NULL DEFAULT '0',
  `bbcode_match` text COLLATE utf8_bin NOT NULL,
  `bbcode_tpl` mediumtext COLLATE utf8_bin NOT NULL,
  `first_pass_match` mediumtext COLLATE utf8_bin NOT NULL,
  `first_pass_replace` mediumtext COLLATE utf8_bin NOT NULL,
  `second_pass_match` mediumtext COLLATE utf8_bin NOT NULL,
  `second_pass_replace` mediumtext COLLATE utf8_bin NOT NULL,
  PRIMARY KEY (`bbcode_id`),
  KEY `display_on_post` (`display_on_posting`)
) ENGINE=MyISAM DEFAULT CHARSET=utf8 COLLATE=utf8_bin;
/*!40101 SET character_set_client = @saved_cs_client */;

--
-- Dumping data for table `phpbb_bbcodes`
--

LOCK TABLES `phpbb_bbcodes` WRITE;
/*!40000 ALTER TABLE `phpbb_bbcodes` DISABLE KEYS */;
/*!40000 ALTER TABLE `phpbb_bbcodes` ENABLE KEYS */;
UNLOCK TABLES;

--
-- Table structure for table `phpbb_bookmarks`
--

DROP TABLE IF EXISTS `phpbb_bookmarks`;
/*!40101 SET @saved_cs_client     = @@character_set_client */;
/*!40101 SET character_set_client = utf8 */;
CREATE TABLE `phpbb_bookmarks` (
  `topic_id` mediumint(8) unsigned NOT NULL DEFAULT '0',
  `user_id` mediumint(8) unsigned NOT NULL DEFAULT '0',
  PRIMARY KEY (`topic_id`,`user_id`)
) ENGINE=MyISAM DEFAULT CHARSET=utf8 COLLATE=utf8_bin;
/*!40101 SET character_set_client = @saved_cs_client */;

--
-- Dumping data for table `phpbb_bookmarks`
--

LOCK TABLES `phpbb_bookmarks` WRITE;
/*!40000 ALTER TABLE `phpbb_bookmarks` DISABLE KEYS */;
/*!40000 ALTER TABLE `phpbb_bookmarks` ENABLE KEYS */;
UNLOCK TABLES;

--
-- Table structure for table `phpbb_bots`
--

DROP TABLE IF EXISTS `phpbb_bots`;
/*!40101 SET @saved_cs_client     = @@character_set_client */;
/*!40101 SET character_set_client = utf8 */;
CREATE TABLE `phpbb_bots` (
  `bot_id` mediumint(8) unsigned NOT NULL AUTO_INCREMENT,
  `bot_active` tinyint(1) unsigned NOT NULL DEFAULT '1',
  `bot_name` varchar(255) COLLATE utf8_bin NOT NULL DEFAULT '',
  `user_id` mediumint(8) unsigned NOT NULL DEFAULT '0',
  `bot_agent` varchar(255) COLLATE utf8_bin NOT NULL DEFAULT '',
  `bot_ip` varchar(255) COLLATE utf8_bin NOT NULL DEFAULT '',
  PRIMARY KEY (`bot_id`),
  KEY `bot_active` (`bot_active`)
) ENGINE=MyISAM AUTO_INCREMENT=52 DEFAULT CHARSET=utf8 COLLATE=utf8_bin;
/*!40101 SET character_set_client = @saved_cs_client */;

--
-- Dumping data for table `phpbb_bots`
--

LOCK TABLES `phpbb_bots` WRITE;
/*!40000 ALTER TABLE `phpbb_bots` DISABLE KEYS */;
INSERT INTO `phpbb_bots` VALUES (1,1,'AdsBot [Google]',3,'AdsBot-Google',''),(2,1,'Alexa [Bot]',4,'ia_archiver',''),(3,1,'Alta Vista [Bot]',5,'Scooter/',''),(4,1,'Ask Jeeves [Bot]',6,'Ask Jeeves',''),(5,1,'Baidu [Spider]',7,'Baiduspider+(',''),(6,1,'Bing [Bot]',8,'bingbot/',''),(7,1,'Exabot [Bot]',9,'Exabot/',''),(8,1,'FAST Enterprise [Crawler]',10,'FAST Enterprise Crawler',''),(9,1,'FAST WebCrawler [Crawler]',11,'FAST-WebCrawler/',''),(10,1,'Francis [Bot]',12,'http://www.neomo.de/',''),(11,1,'Gigabot [Bot]',13,'Gigabot/',''),(12,1,'Google Adsense [Bot]',14,'Mediapartners-Google',''),(13,1,'Google Desktop',15,'Google Desktop',''),(14,1,'Google Feedfetcher',16,'Feedfetcher-Google',''),(15,1,'Google [Bot]',17,'Googlebot',''),(16,1,'Heise IT-Markt [Crawler]',18,'heise-IT-Markt-Crawler',''),(17,1,'Heritrix [Crawler]',19,'heritrix/1.',''),(18,1,'IBM Research [Bot]',20,'ibm.com/cs/crawler',''),(19,1,'ICCrawler - ICjobs',21,'ICCrawler - ICjobs',''),(20,1,'ichiro [Crawler]',22,'ichiro/',''),(21,1,'Majestic-12 [Bot]',23,'MJ12bot/',''),(22,1,'Metager [Bot]',24,'MetagerBot/',''),(23,1,'MSN NewsBlogs',25,'msnbot-NewsBlogs/',''),(24,1,'MSN [Bot]',26,'msnbot/',''),(25,1,'MSNbot Media',27,'msnbot-media/',''),(26,1,'NG-Search [Bot]',28,'NG-Search/',''),(27,1,'Nutch [Bot]',29,'http://lucene.apache.org/nutch/',''),(28,1,'Nutch/CVS [Bot]',30,'NutchCVS/',''),(29,1,'OmniExplorer [Bot]',31,'OmniExplorer_Bot/',''),(30,1,'Online link [Validator]',32,'online link validator',''),(31,1,'psbot [Picsearch]',33,'psbot/0',''),(32,1,'Seekport [Bot]',34,'Seekbot/',''),(33,1,'Sensis [Crawler]',35,'Sensis Web Crawler',''),(34,1,'SEO Crawler',36,'SEO search Crawler/',''),(35,1,'Seoma [Crawler]',37,'Seoma [SEO Crawler]',''),(36,1,'SEOSearch [Crawler]',38,'SEOsearch/',''),(37,1,'Snappy [Bot]',39,'Snappy/1.1 ( http://www.urltrends.com/ )',''),(38,1,'Steeler [Crawler]',40,'http://www.tkl.iis.u-tokyo.ac.jp/~crawler/',''),(39,1,'Synoo [Bot]',41,'SynooBot/',''),(40,1,'Telekom [Bot]',42,'crawleradmin.t-info@telekom.de',''),(41,1,'TurnitinBot [Bot]',43,'TurnitinBot/',''),(42,1,'Voyager [Bot]',44,'voyager/1.0',''),(43,1,'W3 [Sitesearch]',45,'W3 SiteSearch Crawler',''),(44,1,'W3C [Linkcheck]',46,'W3C-checklink/',''),(45,1,'W3C [Validator]',47,'W3C_*Validator',''),(46,1,'WiseNut [Bot]',48,'http://www.WISEnutbot.com',''),(47,1,'YaCy [Bot]',49,'yacybot',''),(48,1,'Yahoo MMCrawler [Bot]',50,'Yahoo-MMCrawler/',''),(49,1,'Yahoo Slurp [Bot]',51,'Yahoo! DE Slurp',''),(50,1,'Yahoo [Bot]',52,'Yahoo! Slurp',''),(51,1,'YahooSeeker [Bot]',53,'YahooSeeker/','');
/*!40000 ALTER TABLE `phpbb_bots` ENABLE KEYS */;
UNLOCK TABLES;

--
-- Table structure for table `phpbb_config`
--

DROP TABLE IF EXISTS `phpbb_config`;
/*!40101 SET @saved_cs_client     = @@character_set_client */;
/*!40101 SET character_set_client = utf8 */;
CREATE TABLE `phpbb_config` (
  `config_name` varchar(255) COLLATE utf8_bin NOT NULL DEFAULT '',
  `config_value` varchar(255) COLLATE utf8_bin NOT NULL DEFAULT '',
  `is_dynamic` tinyint(1) unsigned NOT NULL DEFAULT '0',
  PRIMARY KEY (`config_name`),
  KEY `is_dynamic` (`is_dynamic`)
) ENGINE=MyISAM DEFAULT CHARSET=utf8 COLLATE=utf8_bin;
/*!40101 SET character_set_client = @saved_cs_client */;

--
-- Dumping data for table `phpbb_config`
--

LOCK TABLES `phpbb_config` WRITE;
/*!40000 ALTER TABLE `phpbb_config` DISABLE KEYS */;
INSERT INTO `phpbb_config` VALUES ('active_sessions','0',0),('allow_attachments','1',0),('allow_autologin','1',0),('allow_avatar','1',0),('allow_avatar_local','0',0),('allow_avatar_remote','0',0),('allow_avatar_upload','1',0),('allow_avatar_remote_upload','0',0),('allow_bbcode','1',0),('allow_birthdays','1',0),('allow_bookmarks','1',0),('allow_emailreuse','0',0),('allow_forum_notify','1',0),('allow_mass_pm','1',0),('allow_name_chars','USERNAME_CHARS_ANY',0),('allow_namechange','0',0),('allow_nocensors','0',0),('allow_pm_attach','0',0),('allow_pm_report','1',0),('allow_post_flash','1',0),('allow_post_links','1',0),('allow_privmsg','1',0),('allow_quick_reply','0',0),('allow_sig','1',0),('allow_sig_bbcode','1',0),('allow_sig_flash','0',0),('allow_sig_img','1',0),('allow_sig_links','1',0),('allow_sig_pm','1',0),('allow_sig_smilies','1',0),('allow_smilies','1',0),('allow_topic_notify','1',0),('attachment_quota','52428800',0),('auth_bbcode_pm','1',0),('auth_flash_pm','0',0),('auth_img_pm','1',0),('auth_method','db',0),('auth_smilies_pm','1',0),('avatar_filesize','6144',0),('avatar_gallery_path','images/avatars/gallery',0),('avatar_max_height','90',0),('avatar_max_width','90',0),('avatar_min_height','20',0),('avatar_min_width','20',0),('avatar_path','images/avatars/upload',0),('avatar_salt','32ab0a92d38744682b073f48d03e102d',0),('board_contact','admin@felicitybuzz.com',0),('board_disable','0',0),('board_disable_msg','',0),('board_dst','0',0),('board_email','admin@felicitybuzz.com',0),('board_email_form','0',0),('board_email_sig','Thanks, The Management',0),('board_hide_emails','1',0),('board_timezone','5.5',0),('browser_check','1',0),('bump_interval','10',0),('bump_type','d',0),('cache_gc','7200',0),('captcha_plugin','phpbb_captcha_gd',0),('captcha_gd','1',0),('captcha_gd_foreground_noise','0',0),('captcha_gd_x_grid','25',0),('captcha_gd_y_grid','25',0),('captcha_gd_wave','0',0),('captcha_gd_3d_noise','1',0),('captcha_gd_fonts','1',0),('confirm_refresh','1',0),('check_attachment_content','1',0),('check_dnsbl','0',0),('chg_passforce','0',0),('cookie_domain','felicity.iiit.ac.in',0),('cookie_name','phpbb3_hx2fk',0),('cookie_path','/',0),('cookie_secure','0',0),('coppa_enable','0',0),('coppa_fax','',0),('coppa_mail','',0),('database_gc','604800',0),('dbms_version','5.1.61',0),('default_dateformat','D M d, Y g:i a',0),('default_style','6',0),('display_last_edited','1',0),('display_order','0',0),('edit_time','0',0),('delete_time','0',0),('email_check_mx','1',0),('email_enable','0',0),('email_function_name','mail',0),('email_max_chunk_size','50',0),('email_package_size','20',0),('enable_confirm','1',0),('enable_pm_icons','1',0),('enable_post_confirm','1',0),('feed_enable','1',0),('feed_http_auth','0',0),('feed_limit_post','15',0),('feed_limit_topic','10',0),('feed_overall_forums','0',0),('feed_overall','1',0),('feed_forum','1',0),('feed_topic','1',0),('feed_topics_new','1',0),('feed_topics_active','0',0),('feed_item_statistics','1',0),('flood_interval','15',0),('force_server_vars','0',0),('form_token_lifetime','7200',0),('form_token_mintime','0',0),('form_token_sid_guests','1',0),('forward_pm','1',0),('forwarded_for_check','0',0),('full_folder_action','2',0),('fulltext_mysql_max_word_len','254',0),('fulltext_mysql_min_word_len','4',0),('fulltext_native_common_thres','5',0),('fulltext_native_load_upd','1',0),('fulltext_native_max_chars','14',0),('fulltext_native_min_chars','3',0),('gzip_compress','0',0),('hot_threshold','25',0),('icons_path','images/icons',0),('img_create_thumbnail','0',0),('img_display_inlined','1',0),('img_imagick','/usr/bin/',0),('img_link_height','0',0),('img_link_width','0',0),('img_max_height','0',0),('img_max_thumb_width','400',0),('img_max_width','0',0),('img_min_thumb_filesize','12000',0),('ip_check','3',0),('ip_login_limit_max','50',0),('ip_login_limit_time','21600',0),('ip_login_limit_use_forwarded','0',0),('jab_enable','0',0),('jab_host','',0),('jab_password','',0),('jab_package_size','20',0),('jab_port','5222',0),('jab_use_ssl','0',0),('jab_username','',0),('ldap_base_dn','',0),('ldap_email','',0),('ldap_password','',0),('ldap_port','',0),('ldap_server','',0),('ldap_uid','',0),('ldap_user','',0),('ldap_user_filter','',0),('limit_load','0',0),('limit_search_load','0',0),('load_anon_lastread','0',0),('load_birthdays','1',0),('load_cpf_memberlist','0',0),('load_cpf_viewprofile','1',0),('load_cpf_viewtopic','0',0),('load_db_lastread','1',0),('load_db_track','1',0),('load_jumpbox','1',0),('load_moderators','1',0),('load_online','1',0),('load_online_guests','1',0),('load_online_time','5',0),('load_onlinetrack','1',0),('load_search','1',0),('load_tplcompile','0',0),('load_unreads_search','1',0),('load_user_activity','1',0),('max_attachments','3',0),('max_attachments_pm','1',0),('max_autologin_time','0',0),('max_filesize','262144',0),('max_filesize_pm','262144',0),('max_login_attempts','3',0),('max_name_chars','20',0),('max_num_search_keywords','10',0),('max_pass_chars','100',0),('max_poll_options','10',0),('max_post_chars','60000',0),('max_post_font_size','200',0),('max_post_img_height','0',0),('max_post_img_width','0',0),('max_post_smilies','0',0),('max_post_urls','0',0),('max_quote_depth','3',0),('max_reg_attempts','5',0),('max_sig_chars','255',0),('max_sig_font_size','200',0),('max_sig_img_height','0',0),('max_sig_img_width','0',0),('max_sig_smilies','0',0),('max_sig_urls','5',0),('min_name_chars','3',0),('min_pass_chars','6',0),('min_post_chars','1',0),('min_search_author_chars','3',0),('mime_triggers','body|head|html|img|plaintext|a href|pre|script|table|title',0),('new_member_post_limit','3',0),('new_member_group_default','0',0),('override_user_style','1',0),('pass_complex','PASS_TYPE_ANY',0),('pm_edit_time','0',0),('pm_max_boxes','4',0),('pm_max_msgs','50',0),('pm_max_recipients','0',0),('posts_per_page','10',0),('print_pm','1',0),('queue_interval','60',0),('ranks_path','images/ranks',0),('require_activation','0',0),('referer_validation','1',0),('script_path','/~buzz/phpBB3',0),('search_block_size','250',0),('search_gc','7200',0),('search_interval','0',0),('search_anonymous_interval','0',0),('search_type','fulltext_native',0),('search_store_results','1800',0),('secure_allow_deny','1',0),('secure_allow_empty_referer','1',0),('secure_downloads','0',0),('server_name','felicity.iiit.ac.in',0),('server_port','80',0),('server_protocol','http://',0),('session_gc','3600',0),('session_length','3600',0),('site_desc','Buzz Forums',0),('sitename','Felicity BUZZ',0),('smilies_path','images/smilies',0),('smilies_per_page','50',0),('smtp_auth_method','PLAIN',0),('smtp_delivery','0',0),('smtp_host','',0),('smtp_password','everydaymaniac',0),('smtp_port','25',0),('smtp_username','buzz',0),('topics_per_page','25',0),('tpl_allow_php','0',0),('upload_icons_path','images/upload_icons',0),('upload_path','files',0),('version','3.0.11',0),('warnings_expire_days','90',0),('warnings_gc','14400',0),('cache_last_gc','1349010725',1),('cron_lock','0',1),('database_last_gc','1348666482',1),('last_queue_run','0',1),('newest_user_colour','',1),('newest_user_id','128',1),('newest_username','dhoom',1),('num_files','0',1),('num_posts','188',1),('num_topics','51',1),('num_users','74',1),('rand_seed','b692afc7f2789546c30c6965cb62395a',1),('rand_seed_last_update','1349017253',1),('record_online_date','1348734822',1),('record_online_users','17',1),('search_indexing_state','',1),('search_last_gc','1349011748',1),('session_last_gc','1349014461',1),('upload_dir_size','0',1),('warnings_last_gc','1349009060',1),('board_startdate','1348665736',0),('default_lang','en',0),('questionnaire_unique_id','0a5648ef772db7b0',0);
/*!40000 ALTER TABLE `phpbb_config` ENABLE KEYS */;
UNLOCK TABLES;

--
-- Table structure for table `phpbb_confirm`
--

DROP TABLE IF EXISTS `phpbb_confirm`;
/*!40101 SET @saved_cs_client     = @@character_set_client */;
/*!40101 SET character_set_client = utf8 */;
CREATE TABLE `phpbb_confirm` (
  `confirm_id` char(32) COLLATE utf8_bin NOT NULL DEFAULT '',
  `session_id` char(32) COLLATE utf8_bin NOT NULL DEFAULT '',
  `confirm_type` tinyint(3) NOT NULL DEFAULT '0',
  `code` varchar(8) COLLATE utf8_bin NOT NULL DEFAULT '',
  `seed` int(10) unsigned NOT NULL DEFAULT '0',
  `attempts` mediumint(8) unsigned NOT NULL DEFAULT '0',
  PRIMARY KEY (`session_id`,`confirm_id`),
  KEY `confirm_type` (`confirm_type`)
) ENGINE=MyISAM DEFAULT CHARSET=utf8 COLLATE=utf8_bin;
/*!40101 SET character_set_client = @saved_cs_client */;

--
-- Dumping data for table `phpbb_confirm`
--

LOCK TABLES `phpbb_confirm` WRITE;
/*!40000 ALTER TABLE `phpbb_confirm` DISABLE KEYS */;
/*!40000 ALTER TABLE `phpbb_confirm` ENABLE KEYS */;
UNLOCK TABLES;

--
-- Table structure for table `phpbb_disallow`
--

DROP TABLE IF EXISTS `phpbb_disallow`;
/*!40101 SET @saved_cs_client     = @@character_set_client */;
/*!40101 SET character_set_client = utf8 */;
CREATE TABLE `phpbb_disallow` (
  `disallow_id` mediumint(8) unsigned NOT NULL AUTO_INCREMENT,
  `disallow_username` varchar(255) COLLATE utf8_bin NOT NULL DEFAULT '',
  PRIMARY KEY (`disallow_id`)
) ENGINE=MyISAM AUTO_INCREMENT=5 DEFAULT CHARSET=utf8 COLLATE=utf8_bin;
/*!40101 SET character_set_client = @saved_cs_client */;

--
-- Dumping data for table `phpbb_disallow`
--

LOCK TABLES `phpbb_disallow` WRITE;
/*!40000 ALTER TABLE `phpbb_disallow` DISABLE KEYS */;
INSERT INTO `phpbb_disallow` VALUES (1,'%sex%'),(2,'%fuck%'),(3,'%admin%'),(4,'%adm%');
/*!40000 ALTER TABLE `phpbb_disallow` ENABLE KEYS */;
UNLOCK TABLES;

--
-- Table structure for table `phpbb_drafts`
--

DROP TABLE IF EXISTS `phpbb_drafts`;
/*!40101 SET @saved_cs_client     = @@character_set_client */;
/*!40101 SET character_set_client = utf8 */;
CREATE TABLE `phpbb_drafts` (
  `draft_id` mediumint(8) unsigned NOT NULL AUTO_INCREMENT,
  `user_id` mediumint(8) unsigned NOT NULL DEFAULT '0',
  `topic_id` mediumint(8) unsigned NOT NULL DEFAULT '0',
  `forum_id` mediumint(8) unsigned NOT NULL DEFAULT '0',
  `save_time` int(11) unsigned NOT NULL DEFAULT '0',
  `draft_subject` varchar(255) COLLATE utf8_bin NOT NULL DEFAULT '',
  `draft_message` mediumtext COLLATE utf8_bin NOT NULL,
  PRIMARY KEY (`draft_id`),
  KEY `save_time` (`save_time`)
) ENGINE=MyISAM DEFAULT CHARSET=utf8 COLLATE=utf8_bin;
/*!40101 SET character_set_client = @saved_cs_client */;

--
-- Dumping data for table `phpbb_drafts`
--

LOCK TABLES `phpbb_drafts` WRITE;
/*!40000 ALTER TABLE `phpbb_drafts` DISABLE KEYS */;
/*!40000 ALTER TABLE `phpbb_drafts` ENABLE KEYS */;
UNLOCK TABLES;

--
-- Table structure for table `phpbb_extension_groups`
--

DROP TABLE IF EXISTS `phpbb_extension_groups`;
/*!40101 SET @saved_cs_client     = @@character_set_client */;
/*!40101 SET character_set_client = utf8 */;
CREATE TABLE `phpbb_extension_groups` (
  `group_id` mediumint(8) unsigned NOT NULL AUTO_INCREMENT,
  `group_name` varchar(255) COLLATE utf8_bin NOT NULL DEFAULT '',
  `cat_id` tinyint(2) NOT NULL DEFAULT '0',
  `allow_group` tinyint(1) unsigned NOT NULL DEFAULT '0',
  `download_mode` tinyint(1) unsigned NOT NULL DEFAULT '1',
  `upload_icon` varchar(255) COLLATE utf8_bin NOT NULL DEFAULT '',
  `max_filesize` int(20) unsigned NOT NULL DEFAULT '0',
  `allowed_forums` text COLLATE utf8_bin NOT NULL,
  `allow_in_pm` tinyint(1) unsigned NOT NULL DEFAULT '0',
  PRIMARY KEY (`group_id`)
) ENGINE=MyISAM AUTO_INCREMENT=10 DEFAULT CHARSET=utf8 COLLATE=utf8_bin;
/*!40101 SET character_set_client = @saved_cs_client */;

--
-- Dumping data for table `phpbb_extension_groups`
--

LOCK TABLES `phpbb_extension_groups` WRITE;
/*!40000 ALTER TABLE `phpbb_extension_groups` DISABLE KEYS */;
INSERT INTO `phpbb_extension_groups` VALUES (1,'IMAGES',1,1,1,'',0,'',0),(2,'ARCHIVES',0,1,1,'',0,'',0),(3,'PLAIN_TEXT',0,0,1,'',0,'',0),(4,'DOCUMENTS',0,0,1,'',0,'',0),(5,'REAL_MEDIA',3,0,1,'',0,'',0),(6,'WINDOWS_MEDIA',2,0,1,'',0,'',0),(7,'FLASH_FILES',5,0,1,'',0,'',0),(8,'QUICKTIME_MEDIA',6,0,1,'',0,'',0),(9,'DOWNLOADABLE_FILES',0,0,1,'',0,'',0);
/*!40000 ALTER TABLE `phpbb_extension_groups` ENABLE KEYS */;
UNLOCK TABLES;

--
-- Table structure for table `phpbb_extensions`
--

DROP TABLE IF EXISTS `phpbb_extensions`;
/*!40101 SET @saved_cs_client     = @@character_set_client */;
/*!40101 SET character_set_client = utf8 */;
CREATE TABLE `phpbb_extensions` (
  `extension_id` mediumint(8) unsigned NOT NULL AUTO_INCREMENT,
  `group_id` mediumint(8) unsigned NOT NULL DEFAULT '0',
  `extension` varchar(100) COLLATE utf8_bin NOT NULL DEFAULT '',
  PRIMARY KEY (`extension_id`)
) ENGINE=MyISAM AUTO_INCREMENT=67 DEFAULT CHARSET=utf8 COLLATE=utf8_bin;
/*!40101 SET character_set_client = @saved_cs_client */;

--
-- Dumping data for table `phpbb_extensions`
--

LOCK TABLES `phpbb_extensions` WRITE;
/*!40000 ALTER TABLE `phpbb_extensions` DISABLE KEYS */;
INSERT INTO `phpbb_extensions` VALUES (1,1,'gif'),(2,1,'png'),(3,1,'jpeg'),(4,1,'jpg'),(5,1,'tif'),(6,1,'tiff'),(7,1,'tga'),(8,2,'gtar'),(9,2,'gz'),(10,2,'tar'),(11,2,'zip'),(12,2,'rar'),(13,2,'ace'),(14,2,'torrent'),(15,2,'tgz'),(16,2,'bz2'),(17,2,'7z'),(18,3,'txt'),(19,3,'c'),(20,3,'h'),(21,3,'cpp'),(22,3,'hpp'),(23,3,'diz'),(24,3,'csv'),(25,3,'ini'),(26,3,'log'),(27,3,'js'),(28,3,'xml'),(29,4,'xls'),(30,4,'xlsx'),(31,4,'xlsm'),(32,4,'xlsb'),(33,4,'doc'),(34,4,'docx'),(35,4,'docm'),(36,4,'dot'),(37,4,'dotx'),(38,4,'dotm'),(39,4,'pdf'),(40,4,'ai'),(41,4,'ps'),(42,4,'ppt'),(43,4,'pptx'),(44,4,'pptm'),(45,4,'odg'),(46,4,'odp'),(47,4,'ods'),(48,4,'odt'),(49,4,'rtf'),(50,5,'rm'),(51,5,'ram'),(52,6,'wma'),(53,6,'wmv'),(54,7,'swf'),(55,8,'mov'),(56,8,'m4v'),(57,8,'m4a'),(58,8,'mp4'),(59,8,'3gp'),(60,8,'3g2'),(61,8,'qt'),(62,9,'mpeg'),(63,9,'mpg'),(64,9,'mp3'),(65,9,'ogg'),(66,9,'ogm');
/*!40000 ALTER TABLE `phpbb_extensions` ENABLE KEYS */;
UNLOCK TABLES;

--
-- Table structure for table `phpbb_forums`
--

DROP TABLE IF EXISTS `phpbb_forums`;
/*!40101 SET @saved_cs_client     = @@character_set_client */;
/*!40101 SET character_set_client = utf8 */;
CREATE TABLE `phpbb_forums` (
  `forum_id` mediumint(8) unsigned NOT NULL AUTO_INCREMENT,
  `parent_id` mediumint(8) unsigned NOT NULL DEFAULT '0',
  `left_id` mediumint(8) unsigned NOT NULL DEFAULT '0',
  `right_id` mediumint(8) unsigned NOT NULL DEFAULT '0',
  `forum_parents` mediumtext COLLATE utf8_bin NOT NULL,
  `forum_name` varchar(255) COLLATE utf8_bin NOT NULL DEFAULT '',
  `forum_desc` text COLLATE utf8_bin NOT NULL,
  `forum_desc_bitfield` varchar(255) COLLATE utf8_bin NOT NULL DEFAULT '',
  `forum_desc_options` int(11) unsigned NOT NULL DEFAULT '7',
  `forum_desc_uid` varchar(8) COLLATE utf8_bin NOT NULL DEFAULT '',
  `forum_link` varchar(255) COLLATE utf8_bin NOT NULL DEFAULT '',
  `forum_password` varchar(40) COLLATE utf8_bin NOT NULL DEFAULT '',
  `forum_style` mediumint(8) unsigned NOT NULL DEFAULT '0',
  `forum_image` varchar(255) COLLATE utf8_bin NOT NULL DEFAULT '',
  `forum_rules` text COLLATE utf8_bin NOT NULL,
  `forum_rules_link` varchar(255) COLLATE utf8_bin NOT NULL DEFAULT '',
  `forum_rules_bitfield` varchar(255) COLLATE utf8_bin NOT NULL DEFAULT '',
  `forum_rules_options` int(11) unsigned NOT NULL DEFAULT '7',
  `forum_rules_uid` varchar(8) COLLATE utf8_bin NOT NULL DEFAULT '',
  `forum_topics_per_page` tinyint(4) NOT NULL DEFAULT '0',
  `forum_type` tinyint(4) NOT NULL DEFAULT '0',
  `forum_status` tinyint(4) NOT NULL DEFAULT '0',
  `forum_posts` mediumint(8) unsigned NOT NULL DEFAULT '0',
  `forum_topics` mediumint(8) unsigned NOT NULL DEFAULT '0',
  `forum_topics_real` mediumint(8) unsigned NOT NULL DEFAULT '0',
  `forum_last_post_id` mediumint(8) unsigned NOT NULL DEFAULT '0',
  `forum_last_poster_id` mediumint(8) unsigned NOT NULL DEFAULT '0',
  `forum_last_post_subject` varchar(255) COLLATE utf8_bin NOT NULL DEFAULT '',
  `forum_last_post_time` int(11) unsigned NOT NULL DEFAULT '0',
  `forum_last_poster_name` varchar(255) COLLATE utf8_bin NOT NULL DEFAULT '',
  `forum_last_poster_colour` varchar(6) COLLATE utf8_bin NOT NULL DEFAULT '',
  `forum_flags` tinyint(4) NOT NULL DEFAULT '32',
  `forum_options` int(20) unsigned NOT NULL DEFAULT '0',
  `display_subforum_list` tinyint(1) unsigned NOT NULL DEFAULT '1',
  `display_on_index` tinyint(1) unsigned NOT NULL DEFAULT '1',
  `enable_indexing` tinyint(1) unsigned NOT NULL DEFAULT '1',
  `enable_icons` tinyint(1) unsigned NOT NULL DEFAULT '1',
  `enable_prune` tinyint(1) unsigned NOT NULL DEFAULT '0',
  `prune_next` int(11) unsigned NOT NULL DEFAULT '0',
  `prune_days` mediumint(8) unsigned NOT NULL DEFAULT '0',
  `prune_viewed` mediumint(8) unsigned NOT NULL DEFAULT '0',
  `prune_freq` mediumint(8) unsigned NOT NULL DEFAULT '0',
  PRIMARY KEY (`forum_id`),
  KEY `left_right_id` (`left_id`,`right_id`),
  KEY `forum_lastpost_id` (`forum_last_post_id`)
) ENGINE=MyISAM AUTO_INCREMENT=6 DEFAULT CHARSET=utf8 COLLATE=utf8_bin;
/*!40101 SET character_set_client = @saved_cs_client */;

--
-- Dumping data for table `phpbb_forums`
--

LOCK TABLES `phpbb_forums` WRITE;
/*!40000 ALTER TABLE `phpbb_forums` DISABLE KEYS */;
INSERT INTO `phpbb_forums` VALUES (1,0,1,10,'','BUZZ Home','Use the forum to post doubts or any other queries.','',7,'','','',6,'','Please do not post answers to questions directly, \n\nUSE the forum to post doubts or any other queries.','','',7,'',0,0,0,1,1,1,1,2,'',1348665736,'sharky_admin','AA0000',96,0,1,1,1,1,0,0,0,0,0),(2,1,2,3,'a:1:{i:1;a:2:{i:0;s:9:\"BUZZ Home\";i:1;i:0;}}','Hack - IN','','',7,'','','',6,'','','','',7,'',0,1,0,16,13,13,171,77,'Re: Level 7 discussion',1348937570,'lordinvader','',112,0,1,1,1,1,0,0,0,0,0),(3,1,4,5,'a:1:{i:1;a:2:{i:0;s:9:\"BUZZ Home\";i:1;i:0;}}','Cache - IN','','',7,'','','',0,'','','','',7,'',0,1,0,59,17,17,206,118,'Contest ENDS...',1349010919,'jayeshlahori','',112,0,1,0,1,1,0,0,7,7,1),(4,1,6,7,'a:1:{i:1;a:2:{i:0;s:9:\"BUZZ Home\";i:1;i:0;}}','Square Root','','',7,'','','',6,'','','','',7,'',0,1,0,13,6,6,90,73,'Re: Problem 1',1348907536,'particle.mania','',112,0,1,0,1,1,0,0,7,7,4),(5,1,8,9,'a:1:{i:1;a:2:{i:0;s:9:\"BUZZ Home\";i:1;i:0;}}','C t c','','',7,'','','',6,'','','','',7,'',0,1,0,100,15,15,210,106,'WILDCARD ENTRIES',1349016305,'gangwar','',112,0,1,0,1,0,0,0,7,7,1);
/*!40000 ALTER TABLE `phpbb_forums` ENABLE KEYS */;
UNLOCK TABLES;

--
-- Table structure for table `phpbb_forums_access`
--

DROP TABLE IF EXISTS `phpbb_forums_access`;
/*!40101 SET @saved_cs_client     = @@character_set_client */;
/*!40101 SET character_set_client = utf8 */;
CREATE TABLE `phpbb_forums_access` (
  `forum_id` mediumint(8) unsigned NOT NULL DEFAULT '0',
  `user_id` mediumint(8) unsigned NOT NULL DEFAULT '0',
  `session_id` char(32) COLLATE utf8_bin NOT NULL DEFAULT '',
  PRIMARY KEY (`forum_id`,`user_id`,`session_id`)
) ENGINE=MyISAM DEFAULT CHARSET=utf8 COLLATE=utf8_bin;
/*!40101 SET character_set_client = @saved_cs_client */;

--
-- Dumping data for table `phpbb_forums_access`
--

LOCK TABLES `phpbb_forums_access` WRITE;
/*!40000 ALTER TABLE `phpbb_forums_access` DISABLE KEYS */;
/*!40000 ALTER TABLE `phpbb_forums_access` ENABLE KEYS */;
UNLOCK TABLES;

--
-- Table structure for table `phpbb_forums_track`
--

DROP TABLE IF EXISTS `phpbb_forums_track`;
/*!40101 SET @saved_cs_client     = @@character_set_client */;
/*!40101 SET character_set_client = utf8 */;
CREATE TABLE `phpbb_forums_track` (
  `user_id` mediumint(8) unsigned NOT NULL DEFAULT '0',
  `forum_id` mediumint(8) unsigned NOT NULL DEFAULT '0',
  `mark_time` int(11) unsigned NOT NULL DEFAULT '0',
  PRIMARY KEY (`user_id`,`forum_id`)
) ENGINE=MyISAM DEFAULT CHARSET=utf8 COLLATE=utf8_bin;
/*!40101 SET character_set_client = @saved_cs_client */;

--
-- Dumping data for table `phpbb_forums_track`
--

LOCK TABLES `phpbb_forums_track` WRITE;
/*!40000 ALTER TABLE `phpbb_forums_track` DISABLE KEYS */;
INSERT INTO `phpbb_forums_track` VALUES (2,2,1348790984),(54,2,1348750491),(57,3,1348749467),(55,3,1348748612),(76,2,1348750468),(77,3,1348788085),(78,2,1348752293),(80,3,1348754728),(62,2,1348829943),(83,3,1348771158),(84,3,1348771777),(64,4,1348777621),(2,4,1348778153),(77,2,1348937570),(85,2,1348791475),(84,2,1348797232),(73,4,1348907536),(93,3,1348828247),(95,3,1348829314),(96,2,1348831561),(101,3,1348848330),(113,5,1348911206),(90,5,1348862634),(61,5,1348866348),(108,3,1348866392),(109,5,1348870430),(106,5,1349016305),(2,5,1348886773),(88,5,1348889156),(112,5,1348990660),(114,5,1348911336),(115,2,1348913679),(115,3,1348913982),(119,5,1348928380),(122,3,1348939785),(116,5,1349012826),(125,5,1348989453),(127,5,1349011714),(128,5,1349011981);
/*!40000 ALTER TABLE `phpbb_forums_track` ENABLE KEYS */;
UNLOCK TABLES;

--
-- Table structure for table `phpbb_forums_watch`
--

DROP TABLE IF EXISTS `phpbb_forums_watch`;
/*!40101 SET @saved_cs_client     = @@character_set_client */;
/*!40101 SET character_set_client = utf8 */;
CREATE TABLE `phpbb_forums_watch` (
  `forum_id` mediumint(8) unsigned NOT NULL DEFAULT '0',
  `user_id` mediumint(8) unsigned NOT NULL DEFAULT '0',
  `notify_status` tinyint(1) unsigned NOT NULL DEFAULT '0',
  KEY `forum_id` (`forum_id`),
  KEY `user_id` (`user_id`),
  KEY `notify_stat` (`notify_status`)
) ENGINE=MyISAM DEFAULT CHARSET=utf8 COLLATE=utf8_bin;
/*!40101 SET character_set_client = @saved_cs_client */;

--
-- Dumping data for table `phpbb_forums_watch`
--

LOCK TABLES `phpbb_forums_watch` WRITE;
/*!40000 ALTER TABLE `phpbb_forums_watch` DISABLE KEYS */;
/*!40000 ALTER TABLE `phpbb_forums_watch` ENABLE KEYS */;
UNLOCK TABLES;

--
-- Table structure for table `phpbb_groups`
--

DROP TABLE IF EXISTS `phpbb_groups`;
/*!40101 SET @saved_cs_client     = @@character_set_client */;
/*!40101 SET character_set_client = utf8 */;
CREATE TABLE `phpbb_groups` (
  `group_id` mediumint(8) unsigned NOT NULL AUTO_INCREMENT,
  `group_type` tinyint(4) NOT NULL DEFAULT '1',
  `group_founder_manage` tinyint(1) unsigned NOT NULL DEFAULT '0',
  `group_skip_auth` tinyint(1) unsigned NOT NULL DEFAULT '0',
  `group_name` varchar(255) COLLATE utf8_bin NOT NULL DEFAULT '',
  `group_desc` text COLLATE utf8_bin NOT NULL,
  `group_desc_bitfield` varchar(255) COLLATE utf8_bin NOT NULL DEFAULT '',
  `group_desc_options` int(11) unsigned NOT NULL DEFAULT '7',
  `group_desc_uid` varchar(8) COLLATE utf8_bin NOT NULL DEFAULT '',
  `group_display` tinyint(1) unsigned NOT NULL DEFAULT '0',
  `group_avatar` varchar(255) COLLATE utf8_bin NOT NULL DEFAULT '',
  `group_avatar_type` tinyint(2) NOT NULL DEFAULT '0',
  `group_avatar_width` smallint(4) unsigned NOT NULL DEFAULT '0',
  `group_avatar_height` smallint(4) unsigned NOT NULL DEFAULT '0',
  `group_rank` mediumint(8) unsigned NOT NULL DEFAULT '0',
  `group_colour` varchar(6) COLLATE utf8_bin NOT NULL DEFAULT '',
  `group_sig_chars` mediumint(8) unsigned NOT NULL DEFAULT '0',
  `group_receive_pm` tinyint(1) unsigned NOT NULL DEFAULT '0',
  `group_message_limit` mediumint(8) unsigned NOT NULL DEFAULT '0',
  `group_max_recipients` mediumint(8) unsigned NOT NULL DEFAULT '0',
  `group_legend` tinyint(1) unsigned NOT NULL DEFAULT '1',
  PRIMARY KEY (`group_id`),
  KEY `group_legend_name` (`group_legend`,`group_name`)
) ENGINE=MyISAM AUTO_INCREMENT=9 DEFAULT CHARSET=utf8 COLLATE=utf8_bin;
/*!40101 SET character_set_client = @saved_cs_client */;

--
-- Dumping data for table `phpbb_groups`
--

LOCK TABLES `phpbb_groups` WRITE;
/*!40000 ALTER TABLE `phpbb_groups` DISABLE KEYS */;
INSERT INTO `phpbb_groups` VALUES (1,3,0,0,'GUESTS','','',7,'',0,'',0,0,0,0,'',0,0,0,5,0),(2,3,0,0,'REGISTERED','','',7,'',0,'',0,0,0,0,'',0,0,0,5,0),(3,3,0,0,'REGISTERED_COPPA','','',7,'',0,'',0,0,0,0,'',0,0,0,5,0),(4,3,0,0,'GLOBAL_MODERATORS','','',7,'',0,'',0,0,0,0,'00AA00',0,0,0,0,0),(5,3,1,0,'ADMINISTRATORS','','',7,'',0,'',0,0,0,0,'AA0000',0,0,0,0,0),(6,3,0,0,'BOTS','','',7,'',0,'',0,0,0,0,'9E8DA7',0,0,0,5,0),(7,3,0,0,'NEWLY_REGISTERED','','',7,'',0,'',0,0,0,0,'',0,0,0,5,0),(8,1,0,0,'admin','','',7,'',0,'g8_71377.jpg',1,90,90,1,'FF0033',0,0,0,0,0);
/*!40000 ALTER TABLE `phpbb_groups` ENABLE KEYS */;
UNLOCK TABLES;

--
-- Table structure for table `phpbb_icons`
--

DROP TABLE IF EXISTS `phpbb_icons`;
/*!40101 SET @saved_cs_client     = @@character_set_client */;
/*!40101 SET character_set_client = utf8 */;
CREATE TABLE `phpbb_icons` (
  `icons_id` mediumint(8) unsigned NOT NULL AUTO_INCREMENT,
  `icons_url` varchar(255) COLLATE utf8_bin NOT NULL DEFAULT '',
  `icons_width` tinyint(4) NOT NULL DEFAULT '0',
  `icons_height` tinyint(4) NOT NULL DEFAULT '0',
  `icons_order` mediumint(8) unsigned NOT NULL DEFAULT '0',
  `display_on_posting` tinyint(1) unsigned NOT NULL DEFAULT '1',
  PRIMARY KEY (`icons_id`),
  KEY `display_on_posting` (`display_on_posting`)
) ENGINE=MyISAM AUTO_INCREMENT=11 DEFAULT CHARSET=utf8 COLLATE=utf8_bin;
/*!40101 SET character_set_client = @saved_cs_client */;

--
-- Dumping data for table `phpbb_icons`
--

LOCK TABLES `phpbb_icons` WRITE;
/*!40000 ALTER TABLE `phpbb_icons` DISABLE KEYS */;
INSERT INTO `phpbb_icons` VALUES (1,'misc/fire.gif',16,16,1,1),(2,'smile/redface.gif',16,16,9,1),(3,'smile/mrgreen.gif',16,16,10,1),(4,'misc/heart.gif',16,16,4,1),(5,'misc/star.gif',16,16,2,1),(6,'misc/radioactive.gif',16,16,3,1),(7,'misc/thinking.gif',16,16,5,1),(8,'smile/info.gif',16,16,8,1),(9,'smile/question.gif',16,16,6,1),(10,'smile/alert.gif',16,16,7,1);
/*!40000 ALTER TABLE `phpbb_icons` ENABLE KEYS */;
UNLOCK TABLES;

--
-- Table structure for table `phpbb_lang`
--

DROP TABLE IF EXISTS `phpbb_lang`;
/*!40101 SET @saved_cs_client     = @@character_set_client */;
/*!40101 SET character_set_client = utf8 */;
CREATE TABLE `phpbb_lang` (
  `lang_id` tinyint(4) NOT NULL AUTO_INCREMENT,
  `lang_iso` varchar(30) COLLATE utf8_bin NOT NULL DEFAULT '',
  `lang_dir` varchar(30) COLLATE utf8_bin NOT NULL DEFAULT '',
  `lang_english_name` varchar(100) COLLATE utf8_bin NOT NULL DEFAULT '',
  `lang_local_name` varchar(255) COLLATE utf8_bin NOT NULL DEFAULT '',
  `lang_author` varchar(255) COLLATE utf8_bin NOT NULL DEFAULT '',
  PRIMARY KEY (`lang_id`),
  KEY `lang_iso` (`lang_iso`)
) ENGINE=MyISAM AUTO_INCREMENT=2 DEFAULT CHARSET=utf8 COLLATE=utf8_bin;
/*!40101 SET character_set_client = @saved_cs_client */;

--
-- Dumping data for table `phpbb_lang`
--

LOCK TABLES `phpbb_lang` WRITE;
/*!40000 ALTER TABLE `phpbb_lang` DISABLE KEYS */;
INSERT INTO `phpbb_lang` VALUES (1,'en','en','British English','British English','phpBB Group');
/*!40000 ALTER TABLE `phpbb_lang` ENABLE KEYS */;
UNLOCK TABLES;

--
-- Table structure for table `phpbb_log`
--

DROP TABLE IF EXISTS `phpbb_log`;
/*!40101 SET @saved_cs_client     = @@character_set_client */;
/*!40101 SET character_set_client = utf8 */;
CREATE TABLE `phpbb_log` (
  `log_id` mediumint(8) unsigned NOT NULL AUTO_INCREMENT,
  `log_type` tinyint(4) NOT NULL DEFAULT '0',
  `user_id` mediumint(8) unsigned NOT NULL DEFAULT '0',
  `forum_id` mediumint(8) unsigned NOT NULL DEFAULT '0',
  `topic_id` mediumint(8) unsigned NOT NULL DEFAULT '0',
  `reportee_id` mediumint(8) unsigned NOT NULL DEFAULT '0',
  `log_ip` varchar(40) COLLATE utf8_bin NOT NULL DEFAULT '',
  `log_time` int(11) unsigned NOT NULL DEFAULT '0',
  `log_operation` text COLLATE utf8_bin NOT NULL,
  `log_data` mediumtext COLLATE utf8_bin NOT NULL,
  PRIMARY KEY (`log_id`),
  KEY `log_type` (`log_type`),
  KEY `forum_id` (`forum_id`),
  KEY `topic_id` (`topic_id`),
  KEY `reportee_id` (`reportee_id`),
  KEY `user_id` (`user_id`)
) ENGINE=MyISAM AUTO_INCREMENT=196 DEFAULT CHARSET=utf8 COLLATE=utf8_bin;
/*!40101 SET character_set_client = @saved_cs_client */;

--
-- Dumping data for table `phpbb_log`
--

LOCK TABLES `phpbb_log` WRITE;
/*!40000 ALTER TABLE `phpbb_log` DISABLE KEYS */;
INSERT INTO `phpbb_log` VALUES (1,0,2,0,0,0,'10.3.11.219',1348665741,'LOG_INSTALL_INSTALLED','a:1:{i:0;s:6:\"3.0.11\";}'),(2,0,2,0,0,0,'10.3.11.219',1348666051,'LOG_FORUM_EDIT','a:1:{i:0;s:9:\"Hack - IN\";}'),(3,0,2,0,0,0,'10.3.11.219',1348669117,'LOG_ADMIN_AUTH_SUCCESS',''),(4,0,2,0,0,0,'10.3.11.219',1348669164,'LOG_CONFIG_SETTINGS',''),(5,0,2,0,0,0,'10.3.11.219',1348669276,'LOG_FORUM_EDIT','a:1:{i:0;s:9:\"BUZZ Home\";}'),(6,0,2,0,0,0,'10.3.11.219',1348669866,'LOG_FORUM_ADD','a:1:{i:0;s:8:\"Cache-In\";}'),(7,0,2,0,0,0,'10.3.11.219',1348669866,'LOG_FORUM_COPIED_PERMISSIONS','a:2:{i:0;s:9:\"BUZZ Home\";i:1;s:8:\"Cache-In\";}'),(8,0,2,0,0,0,'10.3.11.219',1348669906,'LOG_FORUM_EDIT','a:1:{i:0;s:10:\"Cache - In\";}'),(9,0,2,0,0,0,'10.3.11.219',1348669922,'LOG_FORUM_EDIT','a:1:{i:0;s:10:\"Cache - IN\";}'),(10,0,2,0,0,0,'10.3.11.219',1348671377,'LOG_GROUP_CREATED','a:1:{i:0;s:5:\"admin\";}'),(11,0,2,0,0,0,'10.3.11.219',1348671428,'LOG_USERS_ADDED','a:2:{i:0;s:5:\"admin\";i:1;s:6:\"sharky\";}'),(12,0,2,0,0,0,'10.3.11.219',1348671450,'LOG_USERS_ADDED','a:2:{i:0;s:5:\"admin\";i:1;s:4:\"buzz\";}'),(13,0,2,0,0,0,'10.3.11.219',1348671482,'LOG_GROUP_UPDATED','a:1:{i:0;s:5:\"admin\";}'),(14,0,2,0,0,0,'10.3.11.219',1348671522,'LOG_DISALLOW_ADD','a:1:{i:0;s:5:\"*sex*\";}'),(15,0,2,0,0,0,'10.3.11.219',1348671529,'LOG_DISALLOW_ADD','a:1:{i:0;s:6:\"*fuck*\";}'),(16,0,2,0,0,0,'10.3.11.219',1348671624,'LOG_ACL_ADD_GROUP_GLOBAL_A_','a:1:{i:0;s:5:\"admin\";}'),(17,0,2,0,0,0,'10.3.11.219',1348671656,'LOG_ACL_ADD_GROUP_GLOBAL_U_','a:1:{i:0;s:5:\"admin\";}'),(18,0,2,0,0,0,'10.3.11.219',1348671774,'LOG_FORUM_ADD','a:1:{i:0;s:11:\"Square Root\";}'),(19,0,2,0,0,0,'10.3.11.219',1348671774,'LOG_FORUM_COPIED_PERMISSIONS','a:2:{i:0;s:9:\"BUZZ Home\";i:1;s:11:\"Square Root\";}'),(20,0,2,0,0,0,'10.3.11.219',1348671822,'LOG_ACL_ADD_GROUP_LOCAL_F_','a:2:{i:0;s:9:\"Hack - IN\";i:1;s:5:\"admin\";}'),(21,0,2,0,0,0,'10.3.11.219',1348671842,'LOG_ACL_ADD_GROUP_LOCAL_M_','a:2:{i:0;s:9:\"Hack - IN\";i:1;s:5:\"admin\";}'),(22,0,2,0,0,0,'10.3.11.219',1348671857,'LOG_ACL_ADD_GROUP_LOCAL_F_','a:2:{i:0;s:10:\"Cache - IN\";i:1;s:5:\"admin\";}'),(23,0,2,0,0,0,'10.3.11.219',1348671870,'LOG_ACL_ADD_GROUP_LOCAL_M_','a:2:{i:0;s:10:\"Cache - IN\";i:1;s:5:\"admin\";}'),(24,0,2,0,0,0,'10.3.11.219',1348671893,'LOG_ACL_ADD_GROUP_LOCAL_F_','a:2:{i:0;s:11:\"Square Root\";i:1;s:5:\"admin\";}'),(25,0,2,0,0,0,'10.3.11.219',1348671911,'LOG_ACL_ADD_GROUP_LOCAL_F_','a:2:{i:0;s:11:\"Square Root\";i:1;s:5:\"admin\";}'),(26,0,2,0,0,0,'10.3.11.219',1348671983,'LOG_GROUP_UPDATED','a:1:{i:0;s:7:\"We Rule\";}'),(27,0,2,0,0,0,'10.3.11.219',1348672002,'LOG_GROUP_REMOVE','a:2:{i:0;s:16:\"Registered users\";i:1;s:6:\"sharky\";}'),(28,0,2,0,0,0,'10.3.11.219',1348672687,'LOG_GROUP_UPDATED','a:1:{i:0;s:5:\"Admin\";}'),(29,0,2,0,0,0,'10.3.11.219',1348672763,'LOG_FORUM_EDIT','a:1:{i:0;s:11:\"Square Root\";}'),(30,0,2,0,0,0,'10.3.11.219',1348672772,'LOG_GROUP_UPDATED','a:1:{i:0;s:5:\"Admin\";}'),(31,0,2,0,0,0,'10.3.11.219',1348672843,'LOG_ACL_ADD_GROUP_LOCAL_M_','a:2:{i:0;s:11:\"Square Root\";i:1;s:5:\"Admin\";}'),(32,0,2,0,0,0,'10.3.11.219',1348673147,'LOG_ADMIN_AUTH_SUCCESS',''),(33,0,2,0,0,0,'10.3.11.219',1348673162,'LOG_ACL_TRANSFER_PERMISSIONS','a:1:{i:0;s:6:\"sharky\";}'),(34,0,2,0,0,0,'10.3.11.219',1348673175,'LOG_ACL_RESTORE_PERMISSIONS','a:1:{i:0;s:6:\"sharky\";}'),(35,0,2,0,0,0,'10.3.11.219',1348673220,'LOG_USERS_ADDED','a:2:{i:0;s:16:\"Registered users\";i:1;s:6:\"sharky\";}'),(36,0,2,0,0,0,'10.3.11.219',1348673250,'LOG_ACL_TRANSFER_PERMISSIONS','a:1:{i:0;s:6:\"sharky\";}'),(37,1,54,2,2,0,'10.3.11.219',1348673699,'LOG_TOPIC_APPROVED','a:1:{i:0;s:5:\"Hi!!!\";}'),(38,1,54,2,2,0,'10.3.11.219',1348673730,'LOG_DELETE_TOPIC','a:2:{i:0;s:5:\"Hi!!!\";i:1;s:7:\"freakin\";}'),(39,0,54,0,0,0,'10.1.40.158',1348723043,'LOG_ADMIN_AUTH_SUCCESS',''),(40,0,54,0,0,0,'10.1.40.158',1348723099,'LOG_ACL_ADD_USER_GLOBAL_U_','a:1:{i:0;s:7:\"Anuraag\";}'),(41,0,54,0,0,0,'10.1.40.158',1348723122,'LOG_ACL_ADD_USER_GLOBAL_M_','a:1:{i:0;s:7:\"Anuraag\";}'),(42,0,54,0,0,0,'10.1.40.158',1348723147,'LOG_ADMIN_AUTH_SUCCESS',''),(43,0,54,0,0,0,'10.1.40.158',1348723201,'LOG_ACL_DEL_MOD_GLOBAL_M_','a:1:{i:0;s:7:\"Anuraag\";}'),(44,0,54,0,0,0,'10.1.40.158',1348723330,'LOG_ACL_ADD_GROUP_GLOBAL_M_','a:1:{i:0;s:5:\"Admin\";}'),(45,0,54,0,0,0,'10.1.40.158',1348723714,'LOG_ADMIN_AUTH_SUCCESS',''),(46,0,54,0,0,0,'10.1.40.158',1348723780,'LOG_ACL_ADD_MOD_LOCAL_M_','a:2:{i:0;s:10:\"Cache - IN\";i:1;s:7:\"Anuraag\";}'),(47,0,54,0,0,0,'10.1.40.158',1348723955,'LOG_ACL_ADD_USER_LOCAL_F_','a:2:{i:0;s:10:\"Cache - IN\";i:1;s:7:\"Anuraag\";}'),(48,0,54,0,0,0,'10.1.40.158',1348723966,'LOG_ACL_ADD_USER_LOCAL_M_','a:2:{i:0;s:10:\"Cache - IN\";i:1;s:7:\"Anuraag\";}'),(49,0,2,0,0,0,'10.1.40.158',1348724624,'LOG_ADMIN_AUTH_SUCCESS',''),(50,0,2,0,0,0,'10.1.40.158',1348724658,'LOG_USER_DELETED','a:1:{i:0;s:6:\"Admin1\";}'),(51,0,2,0,0,0,'10.1.40.158',1348724733,'LOG_ADMIN_AUTH_SUCCESS',''),(52,0,54,0,0,0,'10.1.40.158',1348724766,'LOG_ADMIN_AUTH_SUCCESS',''),(53,1,57,3,4,0,'10.1.40.158',1348748718,'LOG_DELETE_TOPIC','a:2:{i:0;s:11:\"Delete this\";i:1;s:6:\"sharky\";}'),(54,1,57,3,3,0,'10.1.40.158',1348748723,'LOG_DELETE_TOPIC','a:2:{i:0;s:4:\"Temp\";i:1;s:7:\"Anuraag\";}'),(55,0,2,0,0,0,'10.1.40.158',1348748855,'LOG_ADMIN_AUTH_SUCCESS',''),(56,0,2,0,0,0,'10.1.40.158',1348748905,'LOG_ACL_TRANSFER_PERMISSIONS','a:1:{i:0;s:13:\"karanaggarwal\";}'),(57,0,2,0,0,0,'10.1.40.158',1348748919,'LOG_ACL_RESTORE_PERMISSIONS','a:1:{i:0;s:13:\"karanaggarwal\";}'),(58,0,2,0,0,0,'10.1.40.158',1348749133,'LOG_ACL_ADD_GROUP_LOCAL_F_','a:2:{i:0;s:45:\"BUZZ Home, Hack - IN, Cache - IN, Square Root\";i:1;s:41:\"<span class=\"sep\">Registered users</span>\";}'),(59,1,76,3,12,0,'10.1.39.83',1348749515,'LOG_DELETE_POST','a:2:{i:0;s:14:\"Re: Question 7\";i:1;s:13:\"anubhav.gupta\";}'),(60,1,54,2,8,0,'10.1.40.158',1348749519,'LOG_TOPIC_APPROVED','a:1:{i:0;s:4:\"Test\";}'),(61,1,54,2,1,0,'10.1.40.158',1348749528,'LOG_POST_APPROVED','a:1:{i:0;s:31:\"Re: Welcome to Hack - In Forums\";}'),(62,1,54,3,12,0,'10.1.40.158',1348749751,'LOG_DELETE_POST','a:2:{i:0;s:14:\"Re: Question 7\";i:1;s:13:\"anubhav.gupta\";}'),(63,1,54,3,13,0,'10.1.40.158',1348749813,'LOG_DELETE_TOPIC','a:2:{i:0;s:4:\"Test\";i:1;s:13:\"anubhav.gupta\";}'),(64,1,54,2,15,0,'10.1.40.158',1348750417,'LOG_TOPIC_APPROVED','a:1:{i:0;s:6:\"Test 2\";}'),(65,0,54,0,0,0,'10.1.40.158',1348750514,'LOG_USER_WARNING','a:1:{i:0;s:13:\"anubhav.gupta\";}'),(66,3,54,0,0,76,'10.1.40.158',1348750514,'LOG_USER_WARNING_BODY','a:1:{i:0;s:132:\"This is a warning regarding the following post made by you: http://felicity.iiit.ac.in/~buzz/forums/viewtopic.php?f=2&amp;p=22#p22 .\";}'),(67,1,54,2,15,0,'10.1.40.158',1348750514,'LOG_USER_WARNING','a:1:{i:0;s:13:\"anubhav.gupta\";}'),(68,1,54,2,15,0,'10.1.40.158',1348750526,'LOG_DELETE_POST','a:2:{i:0;s:10:\"Re: Test 2\";i:1;s:13:\"anubhav.gupta\";}'),(69,1,54,3,14,0,'10.1.40.158',1348751214,'LOG_DELETE_TOPIC','a:2:{i:0;s:7:\"Topic 2\";i:1;s:13:\"anubhav.gupta\";}'),(70,1,54,2,1,0,'10.1.40.158',1348751226,'LOG_DELETE_POST','a:2:{i:0;s:31:\"Re: Welcome to Hack - In Forums\";i:1;s:13:\"anubhav.gupta\";}'),(71,1,54,2,1,0,'10.1.40.158',1348751230,'LOG_DELETE_POST','a:2:{i:0;s:31:\"Re: Welcome to Hack - In Forums\";i:1;s:13:\"anubhav.gupta\";}'),(72,0,54,0,0,0,'10.1.40.158',1348751252,'LOG_USER_WARNING','a:1:{i:0;s:13:\"anubhav.gupta\";}'),(73,3,54,0,0,76,'10.1.40.158',1348751252,'LOG_USER_WARNING_BODY','a:1:{i:0;s:19:\"Bakchodi na kar. :D\";}'),(74,1,54,2,8,0,'10.1.40.158',1348751252,'LOG_USER_WARNING','a:1:{i:0;s:13:\"anubhav.gupta\";}'),(75,1,2,2,8,0,'10.1.40.158',1348751317,'LOG_DELETE_POST','a:2:{i:0;s:4:\"Test\";i:1;s:13:\"anubhav.gupta\";}'),(76,1,2,2,8,0,'10.1.40.158',1348751321,'LOG_DELETE_TOPIC','a:2:{i:0;s:4:\"Test\";i:1;s:13:\"anubhav.gupta\";}'),(77,0,2,0,0,0,'10.1.40.158',1348751419,'LOG_ADMIN_AUTH_SUCCESS',''),(78,0,2,0,0,0,'10.1.40.158',1348751498,'LOG_FORUM_EDIT','a:1:{i:0;s:9:\"Hack - IN\";}'),(79,0,2,0,0,0,'10.1.40.158',1348751679,'LOG_ACL_ADD_GROUP_LOCAL_F_','a:2:{i:0;s:9:\"Hack - IN\";i:1;s:41:\"<span class=\"sep\">Registered users</span>\";}'),(80,0,2,0,0,0,'10.1.40.158',1348752164,'LOG_FORUM_COPIED_PERMISSIONS','a:2:{i:0;s:10:\"Cache - IN\";i:1;s:9:\"Hack - IN\";}'),(81,1,78,2,17,0,'10.1.39.147',1348752318,'LOG_DELETE_TOPIC','a:2:{i:0;s:5:\"test4\";i:1;s:7:\"ZeForce\";}'),(82,0,2,0,0,0,'10.1.40.158',1348752402,'LOG_FORUM_COPIED_PERMISSIONS','a:2:{i:0;s:11:\"Square Root\";i:1;s:9:\"Hack - IN\";}'),(83,0,2,0,0,0,'10.1.40.158',1348752517,'LOG_USERS_ADDED','a:2:{i:0;s:5:\"Admin\";i:1;s:11:\"lordinvader\";}'),(84,0,2,0,0,0,'10.1.40.158',1348752569,'LOG_ACL_ADD_MOD_LOCAL_M_','a:2:{i:0;s:9:\"Hack - IN\";i:1;s:6:\"sharky\";}'),(85,0,2,0,0,0,'10.1.40.158',1348752593,'LOG_ACL_ADD_MOD_LOCAL_M_','a:2:{i:0;s:9:\"Hack - IN\";i:1;s:11:\"lordinvader\";}'),(86,3,2,0,0,2,'10.1.40.158',1348753571,'LOG_USER_NEW_PASSWORD','a:1:{i:0;s:4:\"buzz\";}'),(87,0,2,0,0,0,'10.1.40.158',1348753969,'LOG_ADMIN_AUTH_SUCCESS',''),(88,0,2,0,0,0,'10.1.40.158',1348753983,'LOG_ACL_DEL_MOD_LOCAL_M_','a:2:{i:0;s:9:\"Hack - IN\";i:1;s:6:\"sharky\";}'),(89,0,2,0,0,0,'10.1.40.158',1348754052,'LOG_ACL_ADD_MOD_LOCAL_M_','a:2:{i:0;s:9:\"Hack - IN\";i:1;s:6:\"sharky\";}'),(90,0,2,0,0,0,'10.1.40.158',1348754708,'LOG_ACL_ADD_MOD_LOCAL_M_','a:2:{i:0;s:11:\"Square Root\";i:1;s:14:\"particle.mania\";}'),(91,3,2,0,0,2,'10.1.40.158',1348777582,'LOG_USER_NEW_PASSWORD','a:1:{i:0;s:4:\"buzz\";}'),(92,0,2,0,0,0,'10.1.40.158',1348777616,'LOG_ADMIN_AUTH_SUCCESS',''),(93,0,2,0,0,0,'10.1.40.158',1348777721,'LOG_FORUM_EDIT','a:1:{i:0;s:9:\"BUZZ Home\";}'),(94,0,2,0,0,0,'10.1.40.158',1348777747,'LOG_FORUM_EDIT','a:1:{i:0;s:9:\"Hack - IN\";}'),(95,0,2,0,0,0,'10.1.40.158',1348777825,'LOG_CONFIG_FEATURES',''),(96,0,2,0,0,0,'10.1.40.158',1348777849,'LOG_CONFIG_FEATURES',''),(97,0,2,0,0,0,'10.1.40.158',1348777952,'LOG_CONFIG_REGISTRATION',''),(98,0,2,0,0,0,'10.1.40.158',1348778057,'LOG_CONFIG_LOAD',''),(99,0,2,0,0,0,'10.1.40.158',1348778071,'LOG_CONFIG_LOAD',''),(100,0,2,0,0,0,'10.1.40.158',1348778235,'LOG_ADMIN_AUTH_SUCCESS',''),(101,0,2,0,0,0,'10.1.40.158',1348778673,'LOG_TEMPLATE_ADD_FS','a:1:{i:0;s:11:\"LoLDominion\";}'),(102,0,2,0,0,0,'10.1.40.158',1348778673,'LOG_THEME_ADD_DB','a:1:{i:0;s:11:\"LoLDominion\";}'),(103,0,2,0,0,0,'10.1.40.158',1348778673,'LOG_IMAGESET_ADD_FS','a:1:{i:0;s:11:\"LoLDominion\";}'),(104,0,2,0,0,0,'10.1.40.158',1348778673,'LOG_STYLE_ADD','a:1:{i:0;s:11:\"LoLDominion\";}'),(105,0,2,0,0,0,'10.1.40.158',1348779103,'LOG_FORUM_EDIT','a:1:{i:0;s:9:\"BUZZ Home\";}'),(106,0,2,0,0,0,'10.1.40.158',1348779335,'LOG_TEMPLATE_ADD_FS','a:1:{i:0;s:13:\"Swirly_Orange\";}'),(107,0,2,0,0,0,'10.1.40.158',1348779335,'LOG_THEME_ADD_FS','a:1:{i:0;s:13:\"Swirly_Orange\";}'),(108,0,2,0,0,0,'10.1.40.158',1348779335,'LOG_IMAGESET_ADD_FS','a:1:{i:0;s:13:\"Swirly_Orange\";}'),(109,0,2,0,0,0,'10.1.40.158',1348779335,'LOG_STYLE_ADD','a:1:{i:0;s:13:\"Swirly_Orange\";}'),(110,0,2,0,0,0,'10.1.40.158',1348779818,'LOG_TEMPLATE_ADD_FS','a:1:{i:0;s:5:\"Ruins\";}'),(111,0,2,0,0,0,'10.1.40.158',1348779818,'LOG_THEME_ADD_FS','a:1:{i:0;s:5:\"Ruins\";}'),(112,0,2,0,0,0,'10.1.40.158',1348779818,'LOG_IMAGESET_ADD_FS','a:1:{i:0;s:5:\"Ruins\";}'),(113,0,2,0,0,0,'10.1.40.158',1348779818,'LOG_STYLE_ADD','a:1:{i:0;s:5:\"Ruins\";}'),(114,0,2,0,0,0,'10.1.40.158',1348779969,'LOG_TEMPLATE_ADD_FS','a:1:{i:0;s:8:\"hardwood\";}'),(115,0,2,0,0,0,'10.1.40.158',1348779969,'LOG_THEME_ADD_DB','a:1:{i:0;s:8:\"hardwood\";}'),(116,0,2,0,0,0,'10.1.40.158',1348779969,'LOG_IMAGESET_ADD_FS','a:1:{i:0;s:8:\"hardwood\";}'),(117,0,2,0,0,0,'10.1.40.158',1348779969,'LOG_STYLE_ADD','a:1:{i:0;s:8:\"hardwood\";}'),(118,0,2,0,0,0,'10.1.40.158',1348781958,'LOG_GROUP_UPDATED','a:1:{i:0;s:14:\"Administrators\";}'),(119,0,2,0,0,0,'10.1.40.158',1348781992,'LOG_GROUP_UPDATED','a:1:{i:0;s:17:\"Global moderators\";}'),(120,0,2,0,0,0,'10.1.40.158',1348783142,'LOG_FORUM_EDIT','a:1:{i:0;s:9:\"BUZZ Home\";}'),(121,0,2,0,0,0,'10.1.40.158',1348783154,'LOG_FORUM_EDIT','a:1:{i:0;s:9:\"Hack - IN\";}'),(122,0,2,0,0,0,'10.1.40.158',1348783246,'LOG_STYLE_EDIT_DETAILS','a:1:{i:0;s:11:\"LoLDominion\";}'),(123,0,2,0,0,0,'10.1.40.158',1348783262,'LOG_STYLE_EDIT_DETAILS','a:1:{i:0;s:9:\"prosilver\";}'),(124,0,2,0,0,0,'10.1.40.158',1348783269,'LOG_STYLE_EDIT_DETAILS','a:1:{i:0;s:11:\"LoLDominion\";}'),(125,0,2,0,0,0,'10.1.40.158',1348783311,'LOG_ADMIN_AUTH_SUCCESS',''),(126,0,2,0,0,0,'10.1.40.158',1348783420,'LOG_CONFIG_SETTINGS',''),(127,0,2,0,0,0,'10.1.40.158',1348783512,'LOG_ADMIN_AUTH_SUCCESS',''),(128,0,2,0,0,0,'10.1.40.158',1348783530,'LOG_GROUP_REMOVE','a:2:{i:0;s:5:\"Admin\";i:1;s:11:\"lordinvader\";}'),(129,0,2,0,0,0,'10.1.40.158',1348785781,'LOG_ADMIN_AUTH_SUCCESS',''),(130,0,2,0,0,0,'10.1.40.158',1348785861,'LOG_STYLE_EXPORT','a:1:{i:0;s:11:\"LoLDominion\";}'),(131,0,2,0,0,0,'10.1.40.158',1348786044,'LOG_STYLE_EDIT_DETAILS','a:1:{i:0;s:9:\"prosilver\";}'),(132,0,2,0,0,0,'10.1.40.158',1348786051,'LOG_STYLE_EDIT_DETAILS','a:1:{i:0;s:11:\"LoLDominion\";}'),(133,0,2,0,0,0,'10.1.40.158',1348786064,'LOG_STYLE_DELETE','a:1:{i:0;s:11:\"LoLDominion\";}'),(134,0,2,0,0,0,'10.1.40.158',1348786075,'LOG_TEMPLATE_ADD_FS','a:1:{i:0;s:11:\"LoLDominion\";}'),(135,0,2,0,0,0,'10.1.40.158',1348786075,'LOG_THEME_ADD_DB','a:1:{i:0;s:11:\"LoLDominion\";}'),(136,0,2,0,0,0,'10.1.40.158',1348786075,'LOG_IMAGESET_ADD_FS','a:1:{i:0;s:11:\"LoLDominion\";}'),(137,0,2,0,0,0,'10.1.40.158',1348786075,'LOG_STYLE_ADD','a:1:{i:0;s:11:\"LoLDominion\";}'),(138,0,2,0,0,0,'10.1.40.158',1348786442,'LOG_TEMPLATE_CACHE_CLEARED','a:2:{i:0;s:11:\"LoLDominion\";i:1;s:9:\"All files\";}'),(139,0,2,0,0,0,'10.1.40.158',1348786448,'LOG_THEME_REFRESHED','a:1:{i:0;s:11:\"LoLDominion\";}'),(140,0,2,0,0,0,'10.1.40.158',1348786452,'LOG_IMAGESET_REFRESHED','a:1:{i:0;s:11:\"LoLDominion\";}'),(141,3,54,0,0,54,'10.1.40.158',1348786624,'LOG_USER_NEW_PASSWORD','a:1:{i:0;s:6:\"sharky\";}'),(142,0,2,0,0,0,'10.1.40.158',1348786656,'LOG_ADMIN_AUTH_SUCCESS',''),(143,0,2,0,0,0,'10.1.40.158',1348786670,'LOG_STYLE_EDIT_DETAILS','a:1:{i:0;s:11:\"LoLDominion\";}'),(144,0,2,0,0,0,'10.1.40.158',1348786898,'LOG_STYLE_EDIT_DETAILS','a:1:{i:0;s:9:\"prosilver\";}'),(145,0,2,0,0,0,'10.1.40.158',1348787041,'LOG_GROUP_UPDATED','a:1:{i:0;s:12:\"sharky_admin\";}'),(146,0,2,0,0,0,'10.1.40.158',1348787263,'LOG_ADMIN_AUTH_SUCCESS',''),(147,0,2,0,0,0,'10.1.40.158',1348787426,'LOG_USERS_ADDED','a:2:{i:0;s:14:\"Administrators\";i:1;s:6:\"sharky\";}'),(148,0,2,0,0,0,'10.1.40.158',1348787450,'LOG_GROUP_PROMOTED','a:2:{i:0;s:14:\"Administrators\";i:1;s:6:\"sharky\";}'),(149,0,2,0,0,0,'10.1.40.158',1348787661,'LOG_MODS_ADDED','a:2:{i:0;s:17:\"Global moderators\";i:1;s:6:\"sharky\";}'),(150,0,2,0,0,0,'10.1.40.158',1348788412,'LOG_ADMIN_AUTH_SUCCESS',''),(151,0,2,0,0,0,'10.1.40.158',1348788445,'LOG_FORUM_EDIT','a:1:{i:0;s:9:\"Hack - IN\";}'),(152,0,2,0,0,0,'10.1.40.158',1348788503,'LOG_FORUM_EDIT','a:1:{i:0;s:11:\"Square Root\";}'),(153,0,2,0,0,0,'10.1.40.158',1348788578,'LOG_GROUP_UPDATED','a:1:{i:0;s:5:\"admin\";}'),(154,3,2,0,0,2,'10.1.40.158',1348788615,'LOG_USER_UPDATE_NAME','a:2:{i:0;s:4:\"buzz\";i:1;s:12:\"sharky_admin\";}'),(155,0,2,0,0,0,'10.1.40.158',1348788615,'LOG_USER_USER_UPDATE','a:1:{i:0;s:12:\"sharky_admin\";}'),(156,0,2,0,0,0,'10.1.40.158',1348788659,'LOG_GROUP_REMOVE','a:2:{i:0;s:5:\"admin\";i:1;s:6:\"sharky\";}'),(157,0,2,0,0,0,'10.1.40.158',1348788665,'LOG_GROUP_PROMOTED','a:2:{i:0;s:5:\"admin\";i:1;s:12:\"sharky_admin\";}'),(158,0,2,0,0,0,'10.1.40.158',1348788908,'LOG_ACL_DEL_MOD_LOCAL_M_','a:2:{i:0;s:9:\"Hack - IN\";i:1;s:6:\"sharky\";}'),(159,0,2,0,0,0,'10.1.40.158',1348788934,'LOG_ACL_ADD_MOD_LOCAL_M_','a:2:{i:0;s:9:\"Hack - IN\";i:1;s:6:\"sharky\";}'),(160,0,2,0,0,0,'10.1.40.158',1348789403,'LOG_ADMIN_AUTH_SUCCESS',''),(161,0,2,0,0,0,'10.1.40.158',1348789427,'LOG_GROUP_REMOVE','a:2:{i:0;s:22:\"Newly registered users\";i:1;s:6:\"sharky\";}'),(162,0,2,0,0,0,'10.1.40.158',1348789461,'LOG_FORUM_EDIT','a:1:{i:0;s:9:\"BUZZ Home\";}'),(163,0,2,0,0,0,'10.1.40.158',1348789808,'LOG_CONFIG_SETTINGS',''),(164,1,73,4,20,0,'10.1.39.176',1348803852,'LOG_DELETE_TOPIC','a:2:{i:0;s:9:\"Problem 1\";i:1;s:14:\"particle.mania\";}'),(165,1,73,4,21,0,'10.1.39.176',1348803852,'LOG_DELETE_TOPIC','a:2:{i:0;s:9:\"Problem 2\";i:1;s:14:\"particle.mania\";}'),(166,0,2,0,0,0,'10.1.40.158',1348827670,'LOG_ADMIN_AUTH_SUCCESS',''),(167,1,96,2,26,0,'10.1.39.188',1348831688,'LOG_DELETE_TOPIC','a:2:{i:0;s:49:\"page4.php not loading check whether it is working\";i:1;s:12:\"dreamrulez07\";}'),(168,0,2,0,0,0,'10.1.40.158',1348832887,'LOG_TEMPLATE_CACHE_CLEARED','a:2:{i:0;s:11:\"LoLDominion\";i:1;s:9:\"All files\";}'),(169,1,77,2,1,0,'10.1.39.126',1348858693,'LOG_POST_EDITED','a:2:{i:0;s:31:\"Re: Welcome to Hack - In Forums\";i:1;s:12:\"sharky_admin\";}'),(170,0,2,0,0,0,'10.1.40.158',1348860297,'LOG_ADMIN_AUTH_SUCCESS',''),(171,0,2,0,0,0,'10.1.40.158',1348860354,'LOG_FORUM_ADD','a:1:{i:0;s:5:\"C t c\";}'),(172,0,2,0,0,0,'10.1.40.158',1348860354,'LOG_FORUM_COPIED_PERMISSIONS','a:2:{i:0;s:11:\"Square Root\";i:1;s:5:\"C t c\";}'),(173,0,2,0,0,0,'10.1.40.158',1348860373,'LOG_ACL_DEL_MOD_LOCAL_M_','a:2:{i:0;s:5:\"C t c\";i:1;s:14:\"particle.mania\";}'),(174,0,2,0,0,0,'10.1.40.158',1348860515,'LOG_ADMIN_AUTH_SUCCESS',''),(175,0,2,0,0,0,'10.1.40.158',1348860566,'LOG_ACL_ADD_MOD_LOCAL_M_','a:2:{i:0;s:5:\"C t c\";i:1;s:7:\"gangwar\";}'),(176,0,2,0,0,0,'10.1.40.158',1348860807,'LOG_ACL_ADD_MOD_LOCAL_M_','a:2:{i:0;s:5:\"C t c\";i:1;s:7:\"gangwar\";}'),(177,1,77,2,15,0,'10.1.39.126',1348871578,'LOG_DELETE_TOPIC','a:2:{i:0;s:6:\"Test 2\";i:1;s:11:\"lordinvader\";}'),(178,0,2,0,0,0,'10.1.40.158',1348887184,'LOG_ADMIN_AUTH_SUCCESS',''),(179,0,2,0,0,0,'10.1.40.158',1348887237,'LOG_FORUM_EDIT','a:1:{i:0;s:9:\"BUZZ Home\";}'),(180,0,2,0,0,0,'10.1.40.158',1348887515,'LOG_FORUM_EDIT','a:1:{i:0;s:9:\"BUZZ Home\";}'),(181,0,2,0,0,0,'10.1.40.158',1348887549,'LOG_FORUM_EDIT','a:1:{i:0;s:9:\"BUZZ Home\";}'),(182,0,2,0,0,0,'10.1.40.158',1348887568,'LOG_FORUM_EDIT','a:1:{i:0;s:9:\"BUZZ Home\";}'),(183,0,2,0,0,0,'10.1.40.158',1348887582,'LOG_FORUM_EDIT','a:1:{i:0;s:9:\"BUZZ Home\";}'),(184,0,2,0,0,0,'10.1.40.158',1348887593,'LOG_FORUM_EDIT','a:1:{i:0;s:9:\"BUZZ Home\";}'),(185,0,2,0,0,0,'10.1.40.158',1348887719,'LOG_FORUM_EDIT','a:1:{i:0;s:9:\"BUZZ Home\";}'),(186,0,2,0,0,0,'10.1.40.158',1348888048,'LOG_DISALLOW_ADD','a:1:{i:0;s:7:\"*admin*\";}'),(187,0,2,0,0,0,'10.1.40.158',1348888165,'LOG_DISALLOW_ADD','a:1:{i:0;s:5:\"*adm*\";}'),(188,1,2,4,22,0,'10.1.40.158',1348889378,'LOG_POST_EDITED','a:2:{i:0;s:9:\"Problem 0\";i:1;s:14:\"particle.mania\";}'),(189,0,2,0,0,0,'10.1.40.158',1348907015,'LOG_ADMIN_AUTH_SUCCESS',''),(190,0,2,0,0,0,'10.1.40.158',1348907057,'LOG_USER_DELETED','a:1:{i:0;s:9:\"ctc_admin\";}'),(191,1,61,3,30,0,'10.1.98.114',1348923615,'LOG_DELETE_POST','a:2:{i:0;s:35:\"Re: Reg: Registrations for cache in\";i:1;s:11:\"participant\";}'),(192,1,106,5,56,0,'10.1.39.205',1348928504,'LOG_DELETE_POST','a:2:{i:0;s:15:\"Re: Download ??\";i:1;s:7:\"gangwar\";}'),(193,1,106,5,56,0,'10.1.39.205',1348931358,'LOG_DELETE_POST','a:2:{i:0;s:15:\"Re: Download ??\";i:1;s:7:\"gangwar\";}'),(194,1,106,5,56,0,'10.1.39.205',1348931454,'LOG_DELETE_POST','a:2:{i:0;s:15:\"Re: Download ??\";i:1;s:7:\"gangwar\";}'),(195,1,106,5,55,0,'10.1.39.205',1348993874,'LOG_DELETE_POST','a:2:{i:0;s:20:\"Re: Harken the .....\";i:1;s:7:\"gangwar\";}');
/*!40000 ALTER TABLE `phpbb_log` ENABLE KEYS */;
UNLOCK TABLES;

--
-- Table structure for table `phpbb_login_attempts`
--

DROP TABLE IF EXISTS `phpbb_login_attempts`;
/*!40101 SET @saved_cs_client     = @@character_set_client */;
/*!40101 SET character_set_client = utf8 */;
CREATE TABLE `phpbb_login_attempts` (
  `attempt_ip` varchar(40) COLLATE utf8_bin NOT NULL DEFAULT '',
  `attempt_browser` varchar(150) COLLATE utf8_bin NOT NULL DEFAULT '',
  `attempt_forwarded_for` varchar(255) COLLATE utf8_bin NOT NULL DEFAULT '',
  `attempt_time` int(11) unsigned NOT NULL DEFAULT '0',
  `user_id` mediumint(8) unsigned NOT NULL DEFAULT '0',
  `username` varchar(255) COLLATE utf8_bin NOT NULL DEFAULT '0',
  `username_clean` varchar(255) COLLATE utf8_bin NOT NULL DEFAULT '0',
  KEY `att_ip` (`attempt_ip`,`attempt_time`),
  KEY `att_for` (`attempt_forwarded_for`,`attempt_time`),
  KEY `att_time` (`attempt_time`),
  KEY `user_id` (`user_id`)
) ENGINE=MyISAM DEFAULT CHARSET=utf8 COLLATE=utf8_bin;
/*!40101 SET character_set_client = @saved_cs_client */;

--
-- Dumping data for table `phpbb_login_attempts`
--

LOCK TABLES `phpbb_login_attempts` WRITE;
/*!40000 ALTER TABLE `phpbb_login_attempts` DISABLE KEYS */;
INSERT INTO `phpbb_login_attempts` VALUES ('10.1.36.90','Mozilla/5.0 (Windows NT 6.1; WOW64) AppleWebKit/537.4 (KHTML, like Gecko) Chrome/22.0.1229.79 Safari/537.4','',1349011469,0,'iamback','iamback'),('10.1.39.166','Mozilla/5.0 (X11; Ubuntu; Linux x86_64; rv:15.0) Gecko/20100101 Firefox/15.0.1','',1349011715,0,'dhoom','dhoom');
/*!40000 ALTER TABLE `phpbb_login_attempts` ENABLE KEYS */;
UNLOCK TABLES;

--
-- Table structure for table `phpbb_moderator_cache`
--

DROP TABLE IF EXISTS `phpbb_moderator_cache`;
/*!40101 SET @saved_cs_client     = @@character_set_client */;
/*!40101 SET character_set_client = utf8 */;
CREATE TABLE `phpbb_moderator_cache` (
  `forum_id` mediumint(8) unsigned NOT NULL DEFAULT '0',
  `user_id` mediumint(8) unsigned NOT NULL DEFAULT '0',
  `username` varchar(255) COLLATE utf8_bin NOT NULL DEFAULT '',
  `group_id` mediumint(8) unsigned NOT NULL DEFAULT '0',
  `group_name` varchar(255) COLLATE utf8_bin NOT NULL DEFAULT '',
  `display_on_index` tinyint(1) unsigned NOT NULL DEFAULT '1',
  KEY `disp_idx` (`display_on_index`),
  KEY `forum_id` (`forum_id`)
) ENGINE=MyISAM DEFAULT CHARSET=utf8 COLLATE=utf8_bin;
/*!40101 SET character_set_client = @saved_cs_client */;

--
-- Dumping data for table `phpbb_moderator_cache`
--

LOCK TABLES `phpbb_moderator_cache` WRITE;
/*!40000 ALTER TABLE `phpbb_moderator_cache` DISABLE KEYS */;
INSERT INTO `phpbb_moderator_cache` VALUES (2,77,'lordinvader',0,'',1),(2,54,'sharky',0,'',1),(3,57,'Anuraag',0,'',1),(4,73,'particle.mania',0,'',1),(5,106,'gangwar',0,'',1),(0,0,'',8,'admin',1),(2,0,'',8,'admin',1),(3,0,'',8,'admin',1),(4,0,'',8,'admin',1),(5,0,'',8,'admin',1);
/*!40000 ALTER TABLE `phpbb_moderator_cache` ENABLE KEYS */;
UNLOCK TABLES;

--
-- Table structure for table `phpbb_modules`
--

DROP TABLE IF EXISTS `phpbb_modules`;
/*!40101 SET @saved_cs_client     = @@character_set_client */;
/*!40101 SET character_set_client = utf8 */;
CREATE TABLE `phpbb_modules` (
  `module_id` mediumint(8) unsigned NOT NULL AUTO_INCREMENT,
  `module_enabled` tinyint(1) unsigned NOT NULL DEFAULT '1',
  `module_display` tinyint(1) unsigned NOT NULL DEFAULT '1',
  `module_basename` varchar(255) COLLATE utf8_bin NOT NULL DEFAULT '',
  `module_class` varchar(10) COLLATE utf8_bin NOT NULL DEFAULT '',
  `parent_id` mediumint(8) unsigned NOT NULL DEFAULT '0',
  `left_id` mediumint(8) unsigned NOT NULL DEFAULT '0',
  `right_id` mediumint(8) unsigned NOT NULL DEFAULT '0',
  `module_langname` varchar(255) COLLATE utf8_bin NOT NULL DEFAULT '',
  `module_mode` varchar(255) COLLATE utf8_bin NOT NULL DEFAULT '',
  `module_auth` varchar(255) COLLATE utf8_bin NOT NULL DEFAULT '',
  PRIMARY KEY (`module_id`),
  KEY `left_right_id` (`left_id`,`right_id`),
  KEY `module_enabled` (`module_enabled`),
  KEY `class_left_id` (`module_class`,`left_id`)
) ENGINE=MyISAM AUTO_INCREMENT=199 DEFAULT CHARSET=utf8 COLLATE=utf8_bin;
/*!40101 SET character_set_client = @saved_cs_client */;

--
-- Dumping data for table `phpbb_modules`
--

LOCK TABLES `phpbb_modules` WRITE;
/*!40000 ALTER TABLE `phpbb_modules` DISABLE KEYS */;
INSERT INTO `phpbb_modules` VALUES (1,1,1,'','acp',0,1,64,'ACP_CAT_GENERAL','',''),(2,1,1,'','acp',1,4,17,'ACP_QUICK_ACCESS','',''),(3,1,1,'','acp',1,18,41,'ACP_BOARD_CONFIGURATION','',''),(4,1,1,'','acp',1,42,49,'ACP_CLIENT_COMMUNICATION','',''),(5,1,1,'','acp',1,50,63,'ACP_SERVER_CONFIGURATION','',''),(6,1,1,'','acp',0,65,84,'ACP_CAT_FORUMS','',''),(7,1,1,'','acp',6,66,71,'ACP_MANAGE_FORUMS','',''),(8,1,1,'','acp',6,72,83,'ACP_FORUM_BASED_PERMISSIONS','',''),(9,1,1,'','acp',0,85,110,'ACP_CAT_POSTING','',''),(10,1,1,'','acp',9,86,99,'ACP_MESSAGES','',''),(11,1,1,'','acp',9,100,109,'ACP_ATTACHMENTS','',''),(12,1,1,'','acp',0,111,166,'ACP_CAT_USERGROUP','',''),(13,1,1,'','acp',12,112,145,'ACP_CAT_USERS','',''),(14,1,1,'','acp',12,146,153,'ACP_GROUPS','',''),(15,1,1,'','acp',12,154,165,'ACP_USER_SECURITY','',''),(16,1,1,'','acp',0,167,216,'ACP_CAT_PERMISSIONS','',''),(17,1,1,'','acp',16,170,179,'ACP_GLOBAL_PERMISSIONS','',''),(18,1,1,'','acp',16,180,191,'ACP_FORUM_BASED_PERMISSIONS','',''),(19,1,1,'','acp',16,192,201,'ACP_PERMISSION_ROLES','',''),(20,1,1,'','acp',16,202,215,'ACP_PERMISSION_MASKS','',''),(21,1,1,'','acp',0,217,230,'ACP_CAT_STYLES','',''),(22,1,1,'','acp',21,218,221,'ACP_STYLE_MANAGEMENT','',''),(23,1,1,'','acp',21,222,229,'ACP_STYLE_COMPONENTS','',''),(24,1,1,'','acp',0,231,250,'ACP_CAT_MAINTENANCE','',''),(25,1,1,'','acp',24,232,241,'ACP_FORUM_LOGS','',''),(26,1,1,'','acp',24,242,249,'ACP_CAT_DATABASE','',''),(27,1,1,'','acp',0,251,276,'ACP_CAT_SYSTEM','',''),(28,1,1,'','acp',27,252,255,'ACP_AUTOMATION','',''),(29,1,1,'','acp',27,256,267,'ACP_GENERAL_TASKS','',''),(30,1,1,'','acp',27,268,275,'ACP_MODULE_MANAGEMENT','',''),(31,1,1,'','acp',0,277,278,'ACP_CAT_DOT_MODS','',''),(32,1,1,'attachments','acp',3,19,20,'ACP_ATTACHMENT_SETTINGS','attach','acl_a_attach'),(33,1,1,'attachments','acp',11,101,102,'ACP_ATTACHMENT_SETTINGS','attach','acl_a_attach'),(34,1,1,'attachments','acp',11,103,104,'ACP_MANAGE_EXTENSIONS','extensions','acl_a_attach'),(35,1,1,'attachments','acp',11,105,106,'ACP_EXTENSION_GROUPS','ext_groups','acl_a_attach'),(36,1,1,'attachments','acp',11,107,108,'ACP_ORPHAN_ATTACHMENTS','orphan','acl_a_attach'),(37,1,1,'ban','acp',15,155,156,'ACP_BAN_EMAILS','email','acl_a_ban'),(38,1,1,'ban','acp',15,157,158,'ACP_BAN_IPS','ip','acl_a_ban'),(39,1,1,'ban','acp',15,159,160,'ACP_BAN_USERNAMES','user','acl_a_ban'),(40,1,1,'bbcodes','acp',10,87,88,'ACP_BBCODES','bbcodes','acl_a_bbcode'),(41,1,1,'board','acp',3,21,22,'ACP_BOARD_SETTINGS','settings','acl_a_board'),(42,1,1,'board','acp',3,23,24,'ACP_BOARD_FEATURES','features','acl_a_board'),(43,1,1,'board','acp',3,25,26,'ACP_AVATAR_SETTINGS','avatar','acl_a_board'),(44,1,1,'board','acp',3,27,28,'ACP_MESSAGE_SETTINGS','message','acl_a_board'),(45,1,1,'board','acp',10,89,90,'ACP_MESSAGE_SETTINGS','message','acl_a_board'),(46,1,1,'board','acp',3,29,30,'ACP_POST_SETTINGS','post','acl_a_board'),(47,1,1,'board','acp',10,91,92,'ACP_POST_SETTINGS','post','acl_a_board'),(48,1,1,'board','acp',3,31,32,'ACP_SIGNATURE_SETTINGS','signature','acl_a_board'),(49,1,1,'board','acp',3,33,34,'ACP_FEED_SETTINGS','feed','acl_a_board'),(50,1,1,'board','acp',3,35,36,'ACP_REGISTER_SETTINGS','registration','acl_a_board'),(51,1,1,'board','acp',4,43,44,'ACP_AUTH_SETTINGS','auth','acl_a_server'),(52,1,1,'board','acp',4,45,46,'ACP_EMAIL_SETTINGS','email','acl_a_server'),(53,1,1,'board','acp',5,51,52,'ACP_COOKIE_SETTINGS','cookie','acl_a_server'),(54,1,1,'board','acp',5,53,54,'ACP_SERVER_SETTINGS','server','acl_a_server'),(55,1,1,'board','acp',5,55,56,'ACP_SECURITY_SETTINGS','security','acl_a_server'),(56,1,1,'board','acp',5,57,58,'ACP_LOAD_SETTINGS','load','acl_a_server'),(57,1,1,'bots','acp',29,257,258,'ACP_BOTS','bots','acl_a_bots'),(58,1,1,'captcha','acp',3,37,38,'ACP_VC_SETTINGS','visual','acl_a_board'),(59,1,0,'captcha','acp',3,39,40,'ACP_VC_CAPTCHA_DISPLAY','img','acl_a_board'),(60,1,1,'database','acp',26,243,244,'ACP_BACKUP','backup','acl_a_backup'),(61,1,1,'database','acp',26,245,246,'ACP_RESTORE','restore','acl_a_backup'),(62,1,1,'disallow','acp',15,161,162,'ACP_DISALLOW_USERNAMES','usernames','acl_a_names'),(63,1,1,'email','acp',29,259,260,'ACP_MASS_EMAIL','email','acl_a_email && cfg_email_enable'),(64,1,1,'forums','acp',7,67,68,'ACP_MANAGE_FORUMS','manage','acl_a_forum'),(65,1,1,'groups','acp',14,147,148,'ACP_GROUPS_MANAGE','manage','acl_a_group'),(66,1,1,'icons','acp',10,93,94,'ACP_ICONS','icons','acl_a_icons'),(67,1,1,'icons','acp',10,95,96,'ACP_SMILIES','smilies','acl_a_icons'),(68,1,1,'inactive','acp',13,115,116,'ACP_INACTIVE_USERS','list','acl_a_user'),(69,1,1,'jabber','acp',4,47,48,'ACP_JABBER_SETTINGS','settings','acl_a_jabber'),(70,1,1,'language','acp',29,261,262,'ACP_LANGUAGE_PACKS','lang_packs','acl_a_language'),(71,1,1,'logs','acp',25,233,234,'ACP_ADMIN_LOGS','admin','acl_a_viewlogs'),(72,1,1,'logs','acp',25,235,236,'ACP_MOD_LOGS','mod','acl_a_viewlogs'),(73,1,1,'logs','acp',25,237,238,'ACP_USERS_LOGS','users','acl_a_viewlogs'),(74,1,1,'logs','acp',25,239,240,'ACP_CRITICAL_LOGS','critical','acl_a_viewlogs'),(75,1,1,'main','acp',1,2,3,'ACP_INDEX','main',''),(76,1,1,'modules','acp',30,269,270,'ACP','acp','acl_a_modules'),(77,1,1,'modules','acp',30,271,272,'UCP','ucp','acl_a_modules'),(78,1,1,'modules','acp',30,273,274,'MCP','mcp','acl_a_modules'),(79,1,1,'permission_roles','acp',19,193,194,'ACP_ADMIN_ROLES','admin_roles','acl_a_roles && acl_a_aauth'),(80,1,1,'permission_roles','acp',19,195,196,'ACP_USER_ROLES','user_roles','acl_a_roles && acl_a_uauth'),(81,1,1,'permission_roles','acp',19,197,198,'ACP_MOD_ROLES','mod_roles','acl_a_roles && acl_a_mauth'),(82,1,1,'permission_roles','acp',19,199,200,'ACP_FORUM_ROLES','forum_roles','acl_a_roles && acl_a_fauth'),(83,1,1,'permissions','acp',16,168,169,'ACP_PERMISSIONS','intro','acl_a_authusers || acl_a_authgroups || acl_a_viewauth'),(84,1,0,'permissions','acp',20,203,204,'ACP_PERMISSION_TRACE','trace','acl_a_viewauth'),(85,1,1,'permissions','acp',18,181,182,'ACP_FORUM_PERMISSIONS','setting_forum_local','acl_a_fauth && (acl_a_authusers || acl_a_authgroups)'),(86,1,1,'permissions','acp',18,183,184,'ACP_FORUM_PERMISSIONS_COPY','setting_forum_copy','acl_a_fauth && acl_a_authusers && acl_a_authgroups && acl_a_mauth'),(87,1,1,'permissions','acp',18,185,186,'ACP_FORUM_MODERATORS','setting_mod_local','acl_a_mauth && (acl_a_authusers || acl_a_authgroups)'),(88,1,1,'permissions','acp',17,171,172,'ACP_USERS_PERMISSIONS','setting_user_global','acl_a_authusers && (acl_a_aauth || acl_a_mauth || acl_a_uauth)'),(89,1,1,'permissions','acp',13,117,118,'ACP_USERS_PERMISSIONS','setting_user_global','acl_a_authusers && (acl_a_aauth || acl_a_mauth || acl_a_uauth)'),(90,1,1,'permissions','acp',18,187,188,'ACP_USERS_FORUM_PERMISSIONS','setting_user_local','acl_a_authusers && (acl_a_mauth || acl_a_fauth)'),(91,1,1,'permissions','acp',13,119,120,'ACP_USERS_FORUM_PERMISSIONS','setting_user_local','acl_a_authusers && (acl_a_mauth || acl_a_fauth)'),(92,1,1,'permissions','acp',17,173,174,'ACP_GROUPS_PERMISSIONS','setting_group_global','acl_a_authgroups && (acl_a_aauth || acl_a_mauth || acl_a_uauth)'),(93,1,1,'permissions','acp',14,149,150,'ACP_GROUPS_PERMISSIONS','setting_group_global','acl_a_authgroups && (acl_a_aauth || acl_a_mauth || acl_a_uauth)'),(94,1,1,'permissions','acp',18,189,190,'ACP_GROUPS_FORUM_PERMISSIONS','setting_group_local','acl_a_authgroups && (acl_a_mauth || acl_a_fauth)'),(95,1,1,'permissions','acp',14,151,152,'ACP_GROUPS_FORUM_PERMISSIONS','setting_group_local','acl_a_authgroups && (acl_a_mauth || acl_a_fauth)'),(96,1,1,'permissions','acp',17,175,176,'ACP_ADMINISTRATORS','setting_admin_global','acl_a_aauth && (acl_a_authusers || acl_a_authgroups)'),(97,1,1,'permissions','acp',17,177,178,'ACP_GLOBAL_MODERATORS','setting_mod_global','acl_a_mauth && (acl_a_authusers || acl_a_authgroups)'),(98,1,1,'permissions','acp',20,205,206,'ACP_VIEW_ADMIN_PERMISSIONS','view_admin_global','acl_a_viewauth'),(99,1,1,'permissions','acp',20,207,208,'ACP_VIEW_USER_PERMISSIONS','view_user_global','acl_a_viewauth'),(100,1,1,'permissions','acp',20,209,210,'ACP_VIEW_GLOBAL_MOD_PERMISSIONS','view_mod_global','acl_a_viewauth'),(101,1,1,'permissions','acp',20,211,212,'ACP_VIEW_FORUM_MOD_PERMISSIONS','view_mod_local','acl_a_viewauth'),(102,1,1,'permissions','acp',20,213,214,'ACP_VIEW_FORUM_PERMISSIONS','view_forum_local','acl_a_viewauth'),(103,1,1,'php_info','acp',29,263,264,'ACP_PHP_INFO','info','acl_a_phpinfo'),(104,1,1,'profile','acp',13,121,122,'ACP_CUSTOM_PROFILE_FIELDS','profile','acl_a_profile'),(105,1,1,'prune','acp',7,69,70,'ACP_PRUNE_FORUMS','forums','acl_a_prune'),(106,1,1,'prune','acp',15,163,164,'ACP_PRUNE_USERS','users','acl_a_userdel'),(107,1,1,'ranks','acp',13,123,124,'ACP_MANAGE_RANKS','ranks','acl_a_ranks'),(108,1,1,'reasons','acp',29,265,266,'ACP_MANAGE_REASONS','main','acl_a_reasons'),(109,1,1,'search','acp',5,59,60,'ACP_SEARCH_SETTINGS','settings','acl_a_search'),(110,1,1,'search','acp',26,247,248,'ACP_SEARCH_INDEX','index','acl_a_search'),(111,1,1,'send_statistics','acp',5,61,62,'ACP_SEND_STATISTICS','send_statistics','acl_a_server'),(112,1,1,'styles','acp',22,219,220,'ACP_STYLES','style','acl_a_styles'),(113,1,1,'styles','acp',23,223,224,'ACP_TEMPLATES','template','acl_a_styles'),(114,1,1,'styles','acp',23,225,226,'ACP_THEMES','theme','acl_a_styles'),(115,1,1,'styles','acp',23,227,228,'ACP_IMAGESETS','imageset','acl_a_styles'),(116,1,1,'update','acp',28,253,254,'ACP_VERSION_CHECK','version_check','acl_a_board'),(117,1,1,'users','acp',13,113,114,'ACP_MANAGE_USERS','overview','acl_a_user'),(118,1,0,'users','acp',13,125,126,'ACP_USER_FEEDBACK','feedback','acl_a_user'),(119,1,0,'users','acp',13,127,128,'ACP_USER_WARNINGS','warnings','acl_a_user'),(120,1,0,'users','acp',13,129,130,'ACP_USER_PROFILE','profile','acl_a_user'),(121,1,0,'users','acp',13,131,132,'ACP_USER_PREFS','prefs','acl_a_user'),(122,1,0,'users','acp',13,133,134,'ACP_USER_AVATAR','avatar','acl_a_user'),(123,1,0,'users','acp',13,135,136,'ACP_USER_RANK','rank','acl_a_user'),(124,1,0,'users','acp',13,137,138,'ACP_USER_SIG','sig','acl_a_user'),(125,1,0,'users','acp',13,139,140,'ACP_USER_GROUPS','groups','acl_a_user && acl_a_group'),(126,1,0,'users','acp',13,141,142,'ACP_USER_PERM','perm','acl_a_user && acl_a_viewauth'),(127,1,0,'users','acp',13,143,144,'ACP_USER_ATTACH','attach','acl_a_user'),(128,1,1,'words','acp',10,97,98,'ACP_WORDS','words','acl_a_words'),(129,1,1,'users','acp',2,5,6,'ACP_MANAGE_USERS','overview','acl_a_user'),(130,1,1,'groups','acp',2,7,8,'ACP_GROUPS_MANAGE','manage','acl_a_group'),(131,1,1,'forums','acp',2,9,10,'ACP_MANAGE_FORUMS','manage','acl_a_forum'),(132,1,1,'logs','acp',2,11,12,'ACP_MOD_LOGS','mod','acl_a_viewlogs'),(133,1,1,'bots','acp',2,13,14,'ACP_BOTS','bots','acl_a_bots'),(134,1,1,'php_info','acp',2,15,16,'ACP_PHP_INFO','info','acl_a_phpinfo'),(135,1,1,'permissions','acp',8,73,74,'ACP_FORUM_PERMISSIONS','setting_forum_local','acl_a_fauth && (acl_a_authusers || acl_a_authgroups)'),(136,1,1,'permissions','acp',8,75,76,'ACP_FORUM_PERMISSIONS_COPY','setting_forum_copy','acl_a_fauth && acl_a_authusers && acl_a_authgroups && acl_a_mauth'),(137,1,1,'permissions','acp',8,77,78,'ACP_FORUM_MODERATORS','setting_mod_local','acl_a_mauth && (acl_a_authusers || acl_a_authgroups)'),(138,1,1,'permissions','acp',8,79,80,'ACP_USERS_FORUM_PERMISSIONS','setting_user_local','acl_a_authusers && (acl_a_mauth || acl_a_fauth)'),(139,1,1,'permissions','acp',8,81,82,'ACP_GROUPS_FORUM_PERMISSIONS','setting_group_local','acl_a_authgroups && (acl_a_mauth || acl_a_fauth)'),(140,1,1,'','mcp',0,1,10,'MCP_MAIN','',''),(141,1,1,'','mcp',0,11,18,'MCP_QUEUE','',''),(142,1,1,'','mcp',0,19,32,'MCP_REPORTS','',''),(143,1,1,'','mcp',0,33,38,'MCP_NOTES','',''),(144,1,1,'','mcp',0,39,48,'MCP_WARN','',''),(145,1,1,'','mcp',0,49,56,'MCP_LOGS','',''),(146,1,1,'','mcp',0,57,64,'MCP_BAN','',''),(147,1,1,'ban','mcp',146,58,59,'MCP_BAN_USERNAMES','user','acl_m_ban'),(148,1,1,'ban','mcp',146,60,61,'MCP_BAN_IPS','ip','acl_m_ban'),(149,1,1,'ban','mcp',146,62,63,'MCP_BAN_EMAILS','email','acl_m_ban'),(150,1,1,'logs','mcp',145,50,51,'MCP_LOGS_FRONT','front','acl_m_ || aclf_m_'),(151,1,1,'logs','mcp',145,52,53,'MCP_LOGS_FORUM_VIEW','forum_logs','acl_m_,$id'),(152,1,1,'logs','mcp',145,54,55,'MCP_LOGS_TOPIC_VIEW','topic_logs','acl_m_,$id'),(153,1,1,'main','mcp',140,2,3,'MCP_MAIN_FRONT','front',''),(154,1,1,'main','mcp',140,4,5,'MCP_MAIN_FORUM_VIEW','forum_view','acl_m_,$id'),(155,1,1,'main','mcp',140,6,7,'MCP_MAIN_TOPIC_VIEW','topic_view','acl_m_,$id'),(156,1,1,'main','mcp',140,8,9,'MCP_MAIN_POST_DETAILS','post_details','acl_m_,$id || (!$id && aclf_m_)'),(157,1,1,'notes','mcp',143,34,35,'MCP_NOTES_FRONT','front',''),(158,1,1,'notes','mcp',143,36,37,'MCP_NOTES_USER','user_notes',''),(159,1,1,'pm_reports','mcp',142,20,21,'MCP_PM_REPORTS_OPEN','pm_reports','aclf_m_report'),(160,1,1,'pm_reports','mcp',142,22,23,'MCP_PM_REPORTS_CLOSED','pm_reports_closed','aclf_m_report'),(161,1,1,'pm_reports','mcp',142,24,25,'MCP_PM_REPORT_DETAILS','pm_report_details','aclf_m_report'),(162,1,1,'queue','mcp',141,12,13,'MCP_QUEUE_UNAPPROVED_TOPICS','unapproved_topics','aclf_m_approve'),(163,1,1,'queue','mcp',141,14,15,'MCP_QUEUE_UNAPPROVED_POSTS','unapproved_posts','aclf_m_approve'),(164,1,1,'queue','mcp',141,16,17,'MCP_QUEUE_APPROVE_DETAILS','approve_details','acl_m_approve,$id || (!$id && aclf_m_approve)'),(165,1,1,'reports','mcp',142,26,27,'MCP_REPORTS_OPEN','reports','aclf_m_report'),(166,1,1,'reports','mcp',142,28,29,'MCP_REPORTS_CLOSED','reports_closed','aclf_m_report'),(167,1,1,'reports','mcp',142,30,31,'MCP_REPORT_DETAILS','report_details','acl_m_report,$id || (!$id && aclf_m_report)'),(168,1,1,'warn','mcp',144,40,41,'MCP_WARN_FRONT','front','aclf_m_warn'),(169,1,1,'warn','mcp',144,42,43,'MCP_WARN_LIST','list','aclf_m_warn'),(170,1,1,'warn','mcp',144,44,45,'MCP_WARN_USER','warn_user','aclf_m_warn'),(171,1,1,'warn','mcp',144,46,47,'MCP_WARN_POST','warn_post','acl_m_warn && acl_f_read,$id'),(172,1,1,'','ucp',0,1,12,'UCP_MAIN','',''),(173,1,1,'','ucp',0,13,22,'UCP_PROFILE','',''),(174,1,1,'','ucp',0,23,30,'UCP_PREFS','',''),(175,1,1,'','ucp',0,31,42,'UCP_PM','',''),(176,1,1,'','ucp',0,43,48,'UCP_USERGROUPS','',''),(177,1,1,'','ucp',0,49,54,'UCP_ZEBRA','',''),(178,1,1,'attachments','ucp',172,10,11,'UCP_MAIN_ATTACHMENTS','attachments','acl_u_attach'),(179,1,1,'groups','ucp',176,44,45,'UCP_USERGROUPS_MEMBER','membership',''),(180,1,1,'groups','ucp',176,46,47,'UCP_USERGROUPS_MANAGE','manage',''),(181,1,1,'main','ucp',172,2,3,'UCP_MAIN_FRONT','front',''),(182,1,1,'main','ucp',172,4,5,'UCP_MAIN_SUBSCRIBED','subscribed',''),(183,1,1,'main','ucp',172,6,7,'UCP_MAIN_BOOKMARKS','bookmarks','cfg_allow_bookmarks'),(184,1,1,'main','ucp',172,8,9,'UCP_MAIN_DRAFTS','drafts',''),(185,1,0,'pm','ucp',175,32,33,'UCP_PM_VIEW','view','cfg_allow_privmsg'),(186,1,1,'pm','ucp',175,34,35,'UCP_PM_COMPOSE','compose','cfg_allow_privmsg'),(187,1,1,'pm','ucp',175,36,37,'UCP_PM_DRAFTS','drafts','cfg_allow_privmsg'),(188,1,1,'pm','ucp',175,38,39,'UCP_PM_OPTIONS','options','cfg_allow_privmsg'),(189,1,0,'pm','ucp',175,40,41,'UCP_PM_POPUP_TITLE','popup','cfg_allow_privmsg'),(190,1,1,'prefs','ucp',174,24,25,'UCP_PREFS_PERSONAL','personal',''),(191,1,1,'prefs','ucp',174,26,27,'UCP_PREFS_POST','post',''),(192,1,1,'prefs','ucp',174,28,29,'UCP_PREFS_VIEW','view',''),(193,1,1,'profile','ucp',173,14,15,'UCP_PROFILE_PROFILE_INFO','profile_info',''),(194,1,1,'profile','ucp',173,16,17,'UCP_PROFILE_SIGNATURE','signature',''),(195,1,1,'profile','ucp',173,18,19,'UCP_PROFILE_AVATAR','avatar','cfg_allow_avatar && (cfg_allow_avatar_local || cfg_allow_avatar_remote || cfg_allow_avatar_upload || cfg_allow_avatar_remote_upload)'),(196,1,1,'profile','ucp',173,20,21,'UCP_PROFILE_REG_DETAILS','reg_details',''),(197,1,1,'zebra','ucp',177,50,51,'UCP_ZEBRA_FRIENDS','friends',''),(198,1,1,'zebra','ucp',177,52,53,'UCP_ZEBRA_FOES','foes','');
/*!40000 ALTER TABLE `phpbb_modules` ENABLE KEYS */;
UNLOCK TABLES;

--
-- Table structure for table `phpbb_poll_options`
--

DROP TABLE IF EXISTS `phpbb_poll_options`;
/*!40101 SET @saved_cs_client     = @@character_set_client */;
/*!40101 SET character_set_client = utf8 */;
CREATE TABLE `phpbb_poll_options` (
  `poll_option_id` tinyint(4) NOT NULL DEFAULT '0',
  `topic_id` mediumint(8) unsigned NOT NULL DEFAULT '0',
  `poll_option_text` text COLLATE utf8_bin NOT NULL,
  `poll_option_total` mediumint(8) unsigned NOT NULL DEFAULT '0',
  KEY `poll_opt_id` (`poll_option_id`),
  KEY `topic_id` (`topic_id`)
) ENGINE=MyISAM DEFAULT CHARSET=utf8 COLLATE=utf8_bin;
/*!40101 SET character_set_client = @saved_cs_client */;

--
-- Dumping data for table `phpbb_poll_options`
--

LOCK TABLES `phpbb_poll_options` WRITE;
/*!40000 ALTER TABLE `phpbb_poll_options` DISABLE KEYS */;
/*!40000 ALTER TABLE `phpbb_poll_options` ENABLE KEYS */;
UNLOCK TABLES;

--
-- Table structure for table `phpbb_poll_votes`
--

DROP TABLE IF EXISTS `phpbb_poll_votes`;
/*!40101 SET @saved_cs_client     = @@character_set_client */;
/*!40101 SET character_set_client = utf8 */;
CREATE TABLE `phpbb_poll_votes` (
  `topic_id` mediumint(8) unsigned NOT NULL DEFAULT '0',
  `poll_option_id` tinyint(4) NOT NULL DEFAULT '0',
  `vote_user_id` mediumint(8) unsigned NOT NULL DEFAULT '0',
  `vote_user_ip` varchar(40) COLLATE utf8_bin NOT NULL DEFAULT '',
  KEY `topic_id` (`topic_id`),
  KEY `vote_user_id` (`vote_user_id`),
  KEY `vote_user_ip` (`vote_user_ip`)
) ENGINE=MyISAM DEFAULT CHARSET=utf8 COLLATE=utf8_bin;
/*!40101 SET character_set_client = @saved_cs_client */;

--
-- Dumping data for table `phpbb_poll_votes`
--

LOCK TABLES `phpbb_poll_votes` WRITE;
/*!40000 ALTER TABLE `phpbb_poll_votes` DISABLE KEYS */;
/*!40000 ALTER TABLE `phpbb_poll_votes` ENABLE KEYS */;
UNLOCK TABLES;

--
-- Table structure for table `phpbb_posts`
--

DROP TABLE IF EXISTS `phpbb_posts`;
/*!40101 SET @saved_cs_client     = @@character_set_client */;
/*!40101 SET character_set_client = utf8 */;
CREATE TABLE `phpbb_posts` (
  `post_id` mediumint(8) unsigned NOT NULL AUTO_INCREMENT,
  `topic_id` mediumint(8) unsigned NOT NULL DEFAULT '0',
  `forum_id` mediumint(8) unsigned NOT NULL DEFAULT '0',
  `poster_id` mediumint(8) unsigned NOT NULL DEFAULT '0',
  `icon_id` mediumint(8) unsigned NOT NULL DEFAULT '0',
  `poster_ip` varchar(40) COLLATE utf8_bin NOT NULL DEFAULT '',
  `post_time` int(11) unsigned NOT NULL DEFAULT '0',
  `post_approved` tinyint(1) unsigned NOT NULL DEFAULT '1',
  `post_reported` tinyint(1) unsigned NOT NULL DEFAULT '0',
  `enable_bbcode` tinyint(1) unsigned NOT NULL DEFAULT '1',
  `enable_smilies` tinyint(1) unsigned NOT NULL DEFAULT '1',
  `enable_magic_url` tinyint(1) unsigned NOT NULL DEFAULT '1',
  `enable_sig` tinyint(1) unsigned NOT NULL DEFAULT '1',
  `post_username` varchar(255) COLLATE utf8_bin NOT NULL DEFAULT '',
  `post_subject` varchar(255) CHARACTER SET utf8 COLLATE utf8_unicode_ci NOT NULL DEFAULT '',
  `post_text` mediumtext COLLATE utf8_bin NOT NULL,
  `post_checksum` varchar(32) COLLATE utf8_bin NOT NULL DEFAULT '',
  `post_attachment` tinyint(1) unsigned NOT NULL DEFAULT '0',
  `bbcode_bitfield` varchar(255) COLLATE utf8_bin NOT NULL DEFAULT '',
  `bbcode_uid` varchar(8) COLLATE utf8_bin NOT NULL DEFAULT '',
  `post_postcount` tinyint(1) unsigned NOT NULL DEFAULT '1',
  `post_edit_time` int(11) unsigned NOT NULL DEFAULT '0',
  `post_edit_reason` varchar(255) COLLATE utf8_bin NOT NULL DEFAULT '',
  `post_edit_user` mediumint(8) unsigned NOT NULL DEFAULT '0',
  `post_edit_count` smallint(4) unsigned NOT NULL DEFAULT '0',
  `post_edit_locked` tinyint(1) unsigned NOT NULL DEFAULT '0',
  PRIMARY KEY (`post_id`),
  KEY `forum_id` (`forum_id`),
  KEY `topic_id` (`topic_id`),
  KEY `poster_ip` (`poster_ip`),
  KEY `poster_id` (`poster_id`),
  KEY `post_approved` (`post_approved`),
  KEY `post_username` (`post_username`),
  KEY `tid_post_time` (`topic_id`,`post_time`)
) ENGINE=MyISAM AUTO_INCREMENT=211 DEFAULT CHARSET=utf8 COLLATE=utf8_bin;
/*!40101 SET character_set_client = @saved_cs_client */;

--
-- Dumping data for table `phpbb_posts`
--

LOCK TABLES `phpbb_posts` WRITE;
/*!40000 ALTER TABLE `phpbb_posts` DISABLE KEYS */;
INSERT INTO `phpbb_posts` VALUES (1,1,2,2,3,'10.3.11.219',1348665736,1,0,1,1,1,1,'','Welcome to Hack - In Forums','The event has not started yet. We plan to get it live soon.','8e6dcb0339420a2e840266811cc56186',0,'','2vvr6yt1',1,0,'',0,0,0),(24,7,3,80,0,'10.1.33.143',1348754728,1,0,1,1,1,1,'','Re: Question 3','Any hints ??????','45a47b0ee4f1c0ebc14237bcaf391ff7',0,'','2nc5p8sh',1,0,'',0,0,0),(25,12,3,62,0,'10.1.39.240',1348767880,1,0,1,1,1,1,'','Re: Question 7','is the relation between iit-b only or iit in general? and any connection to coffee once we know what is the hint after 15 questions?','0253b36916b1925137bd665b7edce217',0,'','28deb8rj',1,0,'',0,0,0),(6,6,3,57,0,'10.1.39.235',1348749193,1,0,1,1,1,1,'','Question 2','Discussion on Question 2','d5b93f4818a0dbf14865cf6d88fb7278',0,'','2z1yohgx',1,0,'',0,0,0),(7,7,3,57,0,'10.1.39.235',1348749354,1,0,1,1,1,1,'','Question 3','Discussion on Question 3','64297ffa22685910ff723adfd4fea549',0,'','xnf9np9p',1,0,'',0,0,0),(5,5,3,57,0,'10.1.39.235',1348749164,1,0,1,1,1,1,'','Question 1','Discussion on question 1.','8305a1f9a08664f2c8fd73b0d7bbc1ac',0,'','2vc17vtg',1,0,'',0,0,0),(9,9,3,57,0,'10.1.39.235',1348749393,1,0,1,1,1,1,'','Question 4','Discussion on Question 4','c01ec94a52d256544ccdbe7739372171',0,'','34wdocaf',1,0,'',0,0,0),(10,10,3,57,0,'10.1.39.235',1348749419,1,0,1,1,1,1,'','Question 5','Discussion on Question 5','10f81e7b1cc486c78b8a316936b72007',0,'','3tse0173',1,0,'',0,0,0),(28,7,3,84,0,'10.1.34.179',1348771777,1,0,1,1,1,1,'','Re: Question 3','hints please','cabae0897da9ae5d2961dadabf9189a6',0,'','tt9w6bui',1,0,'',0,0,0),(12,11,3,57,0,'10.1.39.235',1348749439,1,0,1,1,1,1,'','Question 6','Discussion on Question 6','1a7978c4f0fa5ba44110f7d84bfd8a99',0,'','29bv8s6y',1,0,'',0,0,0),(13,12,3,57,0,'10.1.39.235',1348749467,1,0,1,1,1,1,'','Question 7','Discussion on Question 7','5b11a4295d4421f77aeed0aaab88edd4',0,'','du34dxsm',1,0,'',0,0,0),(29,7,3,57,0,'10.1.39.235',1348773826,1,0,1,1,1,1,'','Re: Question 3','It is a land mass','91007a846288546d3c0cc08a4b1c3c3e',0,'','2q08gbz4',1,0,'',0,0,0),(26,18,3,83,0,'10.1.40.206',1348770177,1,0,1,1,1,1,'','Question 9','How to approach ??','fdd6578021b5409ab7b5b64c71835577',0,'','3498ktk9',1,0,'',0,0,0),(27,12,3,57,0,'10.1.39.235',1348770378,1,0,1,1,1,1,'','Re: Question 7','It may be any iit . It is not necessarily iit-b','b65d29828248a826faae7b2a445da5a0',0,'','2xo6r033',1,0,'',0,0,0),(76,32,5,88,0,'10.1.39.223',1348888905,1,0,1,1,1,1,'','Re: loops ??','yes there can be two answers form which one path will lead to correct direction and another will lead to wrong direction.\nNow it\'s your choice buddy\nConquer the castle....\nhope u r clear with the hint.','0eeb375f69d1d78b9dbbbfcdac9d3f20',0,'','3pvjqm86',1,0,'',0,0,0),(21,16,3,77,0,'10.1.39.126',1348750148,1,0,1,1,1,1,'','Test 3','Asdf','a25fda70d4a94ee66872cf8194243a70',0,'','n0tritfv',1,0,'',0,0,0),(30,18,3,57,0,'10.1.39.235',1348774495,1,0,1,1,1,1,'','Re: Question 9','The &quot;thing&quot; in the image one was destroyed in fire..................................','72a724adbb8edb53f66b1765992d7432',0,'','3kyftqih',1,0,'',0,0,0),(31,19,4,64,0,'10.1.39.164',1348777621,1,0,1,1,1,1,'','problem 14 (counting triangles)','How to start !!!\nP.S : To HELL with symmetry &gt;.&lt;','f6c9e4e5282bbda34a06590356b21b02',0,'','3k0evd1p',1,0,'',0,0,0),(32,12,3,61,0,'10.1.98.114',1348783308,1,0,1,1,1,1,'','Re: Question 7','any other hint plz','0ccbab10c7cd8394b231ed5a2bd8fead',0,'','3nuh2www',1,0,'',0,0,0),(33,12,3,61,0,'10.1.98.114',1348783446,1,0,1,1,1,1,'','Re: Question 7','zny connection to iit? what kind of connection?','aaf05e203e6b90d752d433d9d30e7f3e',0,'','8am1x7lz',1,0,'',0,0,0),(34,12,3,61,0,'10.1.98.114',1348784145,1,0,1,1,1,1,'','Re: Question 7','related to jee? or java?','7fc7fc21c8cad6e323104ef58425e548',0,'','28oida73',1,0,'',0,0,0),(35,1,2,2,0,'10.1.40.158',1348790984,1,0,1,1,1,1,'','Re: Welcome to Hack - In Forums','The event has started.   <!-- s:D --><img src=\"{SMILIES_PATH}/icon_e_biggrin.gif\" alt=\":D\" title=\"Very Happy\" /><!-- s:D -->  Register @ <!-- m --><a class=\"postlink\" href=\"http://felicity.iiit.ac.in/~buzz/hackin/\">http://felicity.iiit.ac.in/~buzz/hackin/</a><!-- m -->     <!-- s:mrgreen: --><img src=\"{SMILIES_PATH}/icon_mrgreen.gif\" alt=\":mrgreen:\" title=\"Mr. Green\" /><!-- s:mrgreen: -->','cc08ceb35845202ac9b261f0f5fefc01',0,'','bvbznunb',1,0,'',0,0,0),(49,27,4,73,0,'10.1.40.140',1348859095,1,0,1,1,1,1,'','Announcements','Due to server being down, the login and registrations will not be possoble for sometime, please cooperate.','36bee61aeffe0b72bcfef0784f5d801d',0,'','1bmbm7s8',1,0,'',0,0,0),(38,22,4,73,0,'10.1.39.176',1348803877,1,0,1,1,1,1,'','Problem 0','Hint: Google It\n\nHint 2: &quot;hitchhiker\'s guide to galaxy&quot;','ae72626d3a151777054f5ab4de3b76e6',0,'','2vesswpv',1,0,'',0,0,0),(39,23,4,73,0,'10.1.39.176',1348803908,1,0,1,1,1,1,'','Problem 1','Hint: A riddle that can be solved using intelligent googling and wiki-surfing','6b8d3a42f2ac45698b1a09fc4225fffb',0,'','3sgaq4ua',1,0,'',0,0,0),(40,24,4,73,0,'10.1.39.176',1348803969,1,0,1,1,1,1,'','Problem 14','Hint 1: No two sides of a triangle are ever parallel. That is all three sides of any triangle have different slopes.','c8aa64d4dcd0934768f8634bef87bd18',0,'','7pyrnkre',1,0,'',0,0,0),(41,19,4,73,0,'10.1.39.176',1348804453,1,0,1,1,1,1,'','Re: problem 14 (counting triangles)','hint posted on problem 14 thread...','9f55bbd6632d8d3c5f896cab085edb01',0,'','ryiyggi5',1,0,'',0,0,0),(42,24,4,73,0,'10.1.40.140',1348827347,1,0,1,1,1,1,'','Re: Problem 14','Also, the question has been corrected, please count only those triangles with vertices on the grid.','d7f6eec0d93b6e1f36708367c216c9b2',0,'','1j3lsj5u',1,0,'',0,0,0),(43,25,3,93,0,'10.1.39.109',1348828247,1,0,1,1,1,1,'','question 11','what the hint??','58fe6f114864984f8ea35cdcc5d7f987',0,'','2ne1kq6r',1,0,'',0,0,0),(44,25,3,95,0,'10.1.40.171',1348829314,1,0,1,1,1,1,'','Re: question 11','Think Think <!-- s:) --><img src=\"{SMILIES_PATH}/icon_e_smile.gif\" alt=\":)\" title=\"Smile\" /><!-- s:) -->','2d85f86ecfcda8a0f2b4e7f8d16f33b4',0,'','1vsin2a6',1,0,'',0,0,0),(46,18,3,68,0,'10.1.98.128',1348831870,1,0,1,1,1,1,'','Re: Question 9','Can you provide any other hint?? \nIn what direction are we supposed to think?','bab6916c6020af2bb87f6c09550d16fb',0,'','2ihfiru9',1,0,'',0,0,0),(47,25,3,57,0,'10.1.40.203',1348841153,1,0,1,1,1,1,'','Re: question 11','It is a number....','4e026dbaa9cf1c61bca8100a217b7aad',0,'','38xtkdc4',1,0,'',0,0,0),(48,18,3,101,0,'10.1.97.169',1348848330,1,0,1,1,1,1,'','Re: Question 9','hint please ....','9ef86e1e4c1ed80060fc75e0c830039d',0,'','c8uv6g7n',1,0,'',0,0,0),(50,27,4,73,0,'10.1.40.140',1348859307,1,0,1,1,1,1,'','Re: Announcements','The deadline will be extended accordingly...','5700e307ed3332c625b020d7af27f229',0,'','2jnhkrer',1,0,'',0,0,0),(51,28,5,1,0,'10.1.39.205',1348861262,1,0,1,1,1,1,'ctc_admin','Entry to the castle','Doubts here!!!','397ec28dd44f1fa9ef665145de06fcf2',0,'','1aqlx07u',1,0,'',0,0,0),(52,28,5,61,0,'10.1.98.114',1348863751,1,0,1,1,1,1,'','Re: Entry to the castle','how are we supposed to enter the answers?','d42fb9a5a8225c9dec5b2b6534e588a6',0,'','3a99zi6m',1,0,'',0,0,0),(53,12,3,61,0,'10.1.98.114',1348863829,1,0,1,1,1,1,'','Re: Question 7','hint plz','c1f7e443e4480e07e22bd69a679812ca',0,'','uuq93ucp',1,0,'',0,0,0),(54,27,4,73,0,'10.1.40.140',1348864549,1,0,1,1,1,1,'','Re: Announcements','The portal is provisionally working, but new registrations are disabled.','6b8ec5754bd515e003a319ace91c2650',0,'','2m1l4140',1,0,'',0,0,0),(55,24,4,73,0,'10.1.40.140',1348864634,1,0,1,1,1,1,'','Re: Problem 14','Hint 2: There are only 5 family of parallel lines','11bc2acfe9f95ac7f155ce0e265774db',0,'','2l9he97h',1,0,'',0,0,0),(56,29,4,73,0,'10.1.40.140',1348864771,1,0,1,1,1,1,'','Problem 4','Hint: Can be solved by hand using smart reductions.','551106f47f8b2f25b613ed646910e389',0,'','2v58r47y',1,0,'',0,0,0),(57,28,5,1,0,'10.1.39.205',1348865702,1,0,1,1,1,1,'ctc_admin','Re: Entry to the castle','You have to change the URL. For example, if the answer is &quot;abcd&quot;, you have to enter &quot;http://10.1.39.205:8000/ctc/default/abcd.html&quot;.\n\nIt\'s also written on the rules page, btw.','0876f23715c3139c54cc7dd99d826eb8',0,'','1jkb9n9u',1,0,'',0,0,0),(58,30,3,58,0,'10.1.40.73',1348866358,1,0,1,1,1,1,'','Reg: Registrations for cache in','As the internet is down , the registration for the event event is  closed temporarily . Already registered users can carry on. \n\n\n\nCheers','6ea14663bec2080d24948ae39387c9cc',0,'','2uifup2j',1,0,'',0,0,0),(59,12,3,58,0,'10.1.40.73',1348866405,1,0,1,1,1,1,'','Re: Question 7','IITian','8c97b9028f74993870046d6815abbadd',0,'','2lzzre1l',1,0,'',0,0,0),(60,25,3,58,0,'10.1.40.73',1348866646,1,0,1,1,1,1,'','Re: question 11','&quot;Alan Turing Award&quot; and the  &quot;Nobel Prize&quot;........... Hope this helps.\n\n\n\n\nCheers','b1a479eb11614088a307144a6404df9a',0,'','16fakkv9',1,1348906993,'',58,1,0),(61,31,5,109,0,'10.1.39.14',1348869262,1,0,1,1,1,1,'','Ctc triangle Qstn','plzz mention source related for hint !!!!','a88ba17a1abe4b13e7cb72391476a024',0,'','xg6im8f5',1,0,'',0,0,0),(62,31,5,1,0,'10.1.39.205',1348870097,1,0,1,1,1,1,'ctc_admin','Re: Ctc triangle Qstn','Third point is YOUR location!!!','3105cba1fd4984b2e5848d808757a03b',0,'','2a5fs97e',1,0,'',0,0,0),(63,32,5,109,0,'10.1.39.14',1348870430,1,0,1,1,1,1,'','loops ??','are there two answer for same qstn ??? \nbecz it shows two paths ???? ????','b2f100950527b412408890deb210ba67',0,'','303eqc99',1,0,'',0,0,0),(64,33,2,77,0,'10.1.39.126',1348871299,1,0,1,1,1,1,'','Level 1 discussion','Please post your level 1 doubts here','69493a27ac3963c341e441ed93a5cb74',0,'','3rm9aqrh',1,0,'',0,0,0),(65,34,2,77,0,'10.1.39.126',1348871326,1,0,1,1,1,1,'','Level 2 discussion','Please post your level 2 doubts here','4434909c336a7aa24e262f53046fe2a5',0,'','tktn1z47',1,0,'',0,0,0),(66,35,2,77,0,'10.1.39.126',1348871348,1,0,1,1,1,1,'','Level 3 discussion','Please post your level 3 doubts here','3394a0356eea49bf510e361fe0e5f0c4',0,'','1r22s138',1,0,'',0,0,0),(67,36,2,77,0,'10.1.39.126',1348871367,1,0,1,1,1,1,'','Level 4 discussion','Please post your level 4 doubts here','a45c3da7373950dd21817c16a8846635',0,'','2o7fic8d',1,0,'',0,0,0),(68,37,2,77,0,'10.1.39.126',1348871390,1,0,1,1,1,1,'','Level 5 discussion','Please post your level 5 doubts here','9e5ee59d0eac055a1ab6ebb65a9f303e',0,'','13hccjs3',1,0,'',0,0,0),(69,38,2,77,0,'10.1.39.126',1348871410,1,0,1,1,1,1,'','Level 6 discussion','Please post your level 6 doubts here','35ff6bcb3e849884dd6b9dff0148c38c',0,'','2h5h4k27',1,0,'',0,0,0),(70,39,2,77,0,'10.1.39.126',1348871425,1,0,1,1,1,1,'','Level 7 discussion','Please post your level 7 doubts here','24754ec62c75cd7a284faddd8e91bbdd',0,'','6se69lat',1,0,'',0,0,0),(71,40,2,77,0,'10.1.39.126',1348871441,1,0,1,1,1,1,'','Level 8 discussion','Please post your level 8 doubts here','c4e780f58f102718b164a815f50f3bb9',0,'','2jywvxuh',1,0,'',0,0,0),(72,41,2,77,0,'10.1.39.126',1348871458,1,0,1,1,1,1,'','Level 9 discussion','Please post your level 9 doubts here','ea401b683179cc54e9d384ca94ccd7dd',0,'','undtcmw0',1,0,'',0,0,0),(73,42,2,77,0,'10.1.39.126',1348871482,1,0,1,1,1,1,'','Level 10 discussion','Please post your level 10 doubts here','2564163bf172b5cca37e0dd42aea069c',0,'','2jot2o9f',1,0,'',0,0,0),(74,43,2,77,0,'10.1.39.126',1348871510,1,0,1,1,1,1,'','Level 11 discussion','Please post your level 11 doubts here','6845c43c0f1bf02ebdfa8f7be0943494',0,'','24ekh1ra',1,0,'',0,0,0),(75,44,2,77,0,'10.1.39.126',1348871533,1,0,1,1,1,1,'','Level 12 discussion','Please post your level 12 doubts here','31bd0c8ea63fa91d2d9b5443d5d002db',0,'','1n0v3uke',1,0,'',0,0,0),(77,12,3,57,0,'10.1.39.235',1348891462,1,0,1,1,1,1,'','Re: Question 7','Relate IIT with company which created JAVA','fc0ad3499bd997c948dc6baf96be75d5',0,'','18k2znfh',1,0,'',0,0,0),(78,45,5,63,0,'10.1.36.101',1348902200,1,0,1,1,1,1,'','iiit-h question','any hint for &quot;what does iiit-h stand for&quot; question?','c4ac228fc94caef3bee9b93dadedc501',0,'','us4sj6er',1,0,'',0,0,0),(79,25,3,57,0,'10.1.40.203',1348903930,1,0,1,1,1,1,'','Re: question 11','Ans is a  2 digit number.....hope this helps you.','48f4675309b8f1aa562a6736c9a26651',0,'','39bcm09v',1,0,'',0,0,0),(80,46,5,112,0,'10.1.35.35',1348905511,1,0,1,1,1,1,'','Hint for Path Finding .... question','Hint for Path Finding .... question','13d5d3d8407418c2edaf1ad6294cc381',0,'','2uv2qfoc',1,0,'',0,0,0),(81,45,5,106,0,'10.1.39.205',1348905755,1,0,1,1,1,1,'','Re: iiit-h question','expand a letter','0a02a461aa3ed3201b86dea9c359340c',0,'','n1pgov9a',1,0,'',0,0,0),(82,47,5,106,0,'10.1.39.205',1348905852,1,0,1,1,1,1,'','READ THE RULES BEFORE ATTEMPTING THE QUESTIONS','[size=150:2dvj18v4]RULES![/size:2dvj18v4]','552c596dc574279f4c2bdee966f2404f',0,'BA==','2dvj18v4',1,0,'',0,0,0),(83,48,3,61,0,'10.1.98.114',1348906283,1,0,1,1,1,1,'','Question 8','hint plz admins <!-- s:) --><img src=\"{SMILIES_PATH}/icon_e_smile.gif\" alt=\":)\" title=\"Smile\" /><!-- s:) -->','6d201455a33ad67cadbb470d25524e95',0,'','12eoo6i0',1,0,'',0,0,0),(84,46,5,112,0,'10.1.35.35',1348906309,1,0,1,1,1,1,'','Re: Hint for Path Finding .... question','Some hint here..','4c1a203b7fc308ca89187fd2ab88d03e',0,'','1z7ex5k0',1,0,'',0,0,0),(85,46,5,106,0,'10.1.39.205',1348906566,1,0,1,1,1,1,'','Re: Hint for Path Finding .... question','something to do with ISRO\'s big brother.','90764105d65d22a267b3894379b2ab0e',0,'','1nn1riec',1,0,'',0,0,0),(86,45,5,113,0,'10.1.36.177',1348906624,1,0,1,1,1,1,'','Re: iiit-h question','do you mean expand abbreviation or word or letter?','776833f5cd72b10415d747eb00f60359',0,'','38wlho2j',1,0,'',0,0,0),(87,45,5,106,0,'10.1.39.205',1348906776,1,0,1,1,1,1,'','Re: iiit-h question','concentrate on the map as you go on..','44b6c193e9d6b0d83c57ac0fb0d4a207',0,'','3fpz4j7x',1,0,'',0,0,0),(88,48,3,61,0,'10.1.98.114',1348907222,1,0,1,1,1,1,'','Re: Question 8','hints plz.. we have been stuck on this one for so long','dd44a72e002178d4a2b57d446eef1cf5',0,'','1ggud8pr',1,0,'',0,0,0),(89,24,4,73,0,'10.1.39.176',1348907506,1,0,1,1,1,1,'','Re: Problem 14','Hint 3: Oops, there are 8 disjoint sets of parallel lines, where each side of a triangle belongs to a different set.','663957196e47a34300be281845a3acb8',0,'','3tfod21h',1,0,'',0,0,0),(90,23,4,73,0,'10.1.39.176',1348907536,1,0,1,1,1,1,'','Re: Problem 1','Hint 2: This is about the divine proportion.','1b23ce81382a47c5c7e101c842079cb1',0,'','2ydk76c7',1,0,'',0,0,0),(91,49,3,93,0,'10.1.39.184',1348908448,1,0,1,1,1,1,'','question12','is it director name or movie name for next?','d62720b68799e0eefb9f7a3e4516e5cf',0,'','nhuvohmm',1,0,'',0,0,0),(92,50,5,63,0,'10.1.36.101',1348908685,1,0,1,1,1,1,'','how they work?','any hint?','36c5a4b2c35ae63b2e7b8dec0e604f67',0,'','elli7dmv',1,0,'',0,0,0),(93,50,5,106,0,'10.1.39.205',1348908985,1,0,1,1,1,1,'','Re: how they work?','decode the cryptic text','bbd248fbdf84f1f44f4cb08ae1df0368',0,'','dtc3s16k',1,0,'',0,0,0),(94,51,5,112,0,'10.1.35.35',1348909616,1,0,1,1,1,1,'','Canadian rockstar.....','Hints','fee2c7fda249d6dd01b8d9d2020b6ea2',0,'','1rv5lra5',1,0,'',0,0,0),(95,51,5,106,0,'10.1.39.205',1348910039,1,0,1,1,1,1,'','Re: Canadian rockstar.....','no hints for this question','69f1ab97089ed20e3c2ab436ec22953f',0,'','lx05eukg',1,0,'',0,0,0),(96,51,5,114,0,'10.1.35.35',1348910131,1,0,1,1,1,1,'','Re: Canadian rockstar.....','I am also stuck here, why no hints ??','98dd89aa3289a8b5432f5e14805d3c16',0,'','2zavrjoa',1,0,'',0,0,0),(97,49,3,57,0,'10.1.40.203',1348910292,1,0,1,1,1,1,'','Re: question12','Could be anything   <!-- s:) --><img src=\"{SMILIES_PATH}/icon_e_smile.gif\" alt=\":)\" title=\"Smile\" /><!-- s:) -->','509013142decd23ed8c3182d71a0c55c',0,'','204by9si',1,0,'',0,0,0),(98,51,5,106,0,'10.1.39.205',1348910573,1,0,1,1,1,1,'','Re: Canadian rockstar.....','the question is not vague.','d0effe86388a1c7fec160f3f6a5a4570',0,'','2uau7mqi',1,0,'',0,0,0),(99,51,5,114,0,'10.1.35.35',1348910723,1,0,1,1,1,1,'','Re: Canadian rockstar.....','der are hundreds of fellow country men, and they have done thousands of movies, which movie are we talking about here','d3b64fe33e7495bc210762ec74b6a7f6',0,'','1t7fb6qm',1,0,'',0,0,0),(100,25,3,62,0,'10.1.39.240',1348911197,1,0,1,1,1,1,'','Re: question 11','Is it related to the men in picture at all or only the awards?','7b09fd94d62fc9737c05275fa20503a0',0,'','2oo86f86',1,0,'',0,0,0),(101,51,5,106,0,'10.1.39.205',1348911204,1,0,1,1,1,1,'','Re: Canadian rockstar.....','the movie with the number','0b2790b1022c4cc695a93662161cf84f',0,'','1u07bu92',1,0,'',0,0,0),(102,48,3,61,0,'10.1.98.114',1348912583,1,0,1,1,1,1,'','Re: Question 8','hint plzzz','7fc267f8e4e5658d8bdccbfb951895d3',0,'','3mfrc4dw',1,0,'',0,0,0),(103,51,5,112,0,'10.1.35.35',1348912630,1,0,1,1,1,1,'','Re: Canadian rockstar.....','Second intstruction not clear ??','39a1c944e59d7356e1a961b18af30f8e',0,'','3ui7zaog',1,0,'',0,0,0),(104,49,3,93,0,'10.1.39.184',1348913251,1,0,1,1,1,1,'','Re: question12','atleast give some close hint...','3998233df73be66f4f6283780cacfdee',0,'','egrpn0ot',1,0,'',0,0,0),(105,51,5,106,0,'10.1.39.205',1348913537,1,0,1,1,1,1,'','Re: Canadian rockstar.....','which one?','1f226982223b82651d8f011216af9dae',0,'','8sqhbcbp',1,0,'',0,0,0),(106,51,5,112,0,'10.1.35.35',1348913588,1,0,1,1,1,1,'','Re: Canadian rockstar.....','u said second instruction in video, what is an instruction in video ??','3077ae3ea55ae94ec2b21183d43ed12c',0,'','ac7tr4dm',1,0,'',0,0,0),(107,39,2,115,0,'10.1.34.36',1348913679,1,0,1,1,1,1,'','Re: Level 7 discussion','Hint?','af2802a4faf23ebf730c08a56c68f6ce',0,'','9w5dj9co',1,0,'',0,0,0),(108,18,3,61,0,'10.1.98.114',1348913783,1,0,1,1,1,1,'','Re: Question 9','hint plz... what thing? is it realted to firefox?','2e15b528f88410bffc30f012c91ee9e0',0,'','wqnlmf18',1,0,'',0,0,0),(109,51,5,106,0,'10.1.39.205',1348913933,1,0,1,1,1,1,'','Re: Canadian rockstar.....','watch the video carefully.','cdf19b3253aad9b066daa7f9dead5fe1',0,'','37mtfyq4',1,0,'',0,0,0),(110,28,5,92,0,'10.1.40.132',1348914069,1,0,1,1,1,1,'','Re: Entry to the castle','in triangle question ,\nwe are supposed to enter coord of 3 point or hypotenuse length ?\nif it is coord how to answer as <!-- m --><a class=\"postlink\" href=\"http://..../(a,b\">http://..../(a,b</a><!-- m -->).html leads me to invalid request','521e0f99536bebec52536a9543a18a69',0,'','3nw6t2zq',1,0,'',0,0,0),(111,50,5,116,0,'10.1.40.179',1348914073,1,0,1,1,1,1,'','Re: how they work?','Need more hint','e63f1a7abc5f96d057577deaa7ee19ae',0,'','399jay88',1,0,'',0,0,0),(112,28,5,106,0,'10.1.39.205',1348914298,1,0,1,1,1,1,'','Re: Entry to the castle','none!','1984d01bf68e8b42bf5fd277520a3e58',0,'','2u786ry6',1,0,'',0,0,0),(113,50,5,106,0,'10.1.39.205',1348914429,1,0,1,1,1,1,'','Re: how they work?','different people different keys <!-- s:P --><img src=\"{SMILIES_PATH}/icon_razz.gif\" alt=\":P\" title=\"Razz\" /><!-- s:P -->','2242e70c0e9e972d5b579c5ed8cef14d',0,'','1lgziayi',1,0,'',0,0,0),(114,28,5,92,0,'10.1.40.132',1348914461,1,0,1,1,1,1,'','Re: Entry to the castle','[quote=&quot;gangwar&quot;:1obb3d56]none![/quote:1obb3d56]\nthen what we have to do?','e2880c837d11b6b8de1b9fa965849b20',0,'gA==','1obb3d56',1,0,'',0,0,0),(115,52,3,61,0,'10.1.98.114',1348914707,1,0,1,1,1,1,'','Question 10','hint plz admis...','1ff14a6190ea279774fb494939ee2136',0,'','3hh44mlv',1,0,'',0,0,0),(116,28,5,106,0,'10.1.39.205',1348915001,1,0,1,1,1,1,'','Re: Entry to the castle','You have to enter something else. Google what you calculate.','05e36d4c266cb460460a0afd40d14edc',0,'','29lryms3',1,0,'',0,0,0),(117,52,3,61,0,'10.1.98.114',1348915029,1,0,1,1,1,1,'','Re: Question 10','admins hint.. plz... some direction ...','964f4aa5d6885efdb08a1bc88e2915c8',0,'','1gnn4xb9',1,0,'',0,0,0),(118,53,5,106,0,'10.1.39.205',1348915102,1,0,1,1,1,1,'','WRONG ANSWER PAGE - NOT A QUESTION','The wrong answer page is not a question.','c5740cb44580a021a160afed8487d0c3',0,'','2sk3uy73',1,0,'',0,0,0),(119,52,3,61,0,'10.1.98.114',1348915612,1,0,1,1,1,1,'','Re: Question 10','hint admins... 1 hint atleast... bahut troll ho gaya <!-- s:P --><img src=\"{SMILIES_PATH}/icon_razz.gif\" alt=\":P\" title=\"Razz\" /><!-- s:P -->','5383f134ee4b69c4215d7e218792d2b6',0,'','3v8xez5v',1,0,'',0,0,0),(120,18,3,83,0,'10.1.40.206',1348918094,1,0,1,1,1,1,'','Re: Question 9','This post is for question 10 not question 9 (sorry)','29121bfd22916397cfff29d8527e8c80',0,'','2fvjpza2',1,0,'',0,0,0),(121,52,3,83,0,'10.1.40.206',1348918137,1,0,1,1,1,1,'','Re: Question 10','The thing in image 1 had caught fire............','1db5b5e3c5214e15a80c769699afa817',0,'','3vfbr8fq',1,0,'',0,0,0),(122,18,3,83,0,'10.1.40.206',1348918369,1,0,1,1,1,1,'','Re: Question 9','Hint for question 9 ::::\n\nrecollect whatever u get from all the images  <!-- s:lol: --><img src=\"{SMILIES_PATH}/icon_lol.gif\" alt=\":lol:\" title=\"Laughing\" /><!-- s:lol: -->  <!-- s:lol: --><img src=\"{SMILIES_PATH}/icon_lol.gif\" alt=\":lol:\" title=\"Laughing\" /><!-- s:lol: -->  <!-- s:lol: --><img src=\"{SMILIES_PATH}/icon_lol.gif\" alt=\":lol:\" title=\"Laughing\" /><!-- s:lol: -->  <!-- s:lol: --><img src=\"{SMILIES_PATH}/icon_lol.gif\" alt=\":lol:\" title=\"Laughing\" /><!-- s:lol: -->  <!-- s:twisted: --><img src=\"{SMILIES_PATH}/icon_twisted.gif\" alt=\":twisted:\" title=\"Twisted Evil\" /><!-- s:twisted: -->  <!-- s:twisted: --><img src=\"{SMILIES_PATH}/icon_twisted.gif\" alt=\":twisted:\" title=\"Twisted Evil\" /><!-- s:twisted: -->  <!-- s:twisted: --><img src=\"{SMILIES_PATH}/icon_twisted.gif\" alt=\":twisted:\" title=\"Twisted Evil\" /><!-- s:twisted: -->','7469b7159a50a87e5dd5dd5a9e65090c',0,'','23j84eyq',1,0,'',0,0,0),(123,49,3,83,0,'10.1.40.206',1348918496,1,0,1,1,1,1,'','Re: question12','please give a better hint','e49d9b41a69ebec988e071772299d9bb',0,'','fpopfy6r',1,0,'',0,0,0),(124,49,3,61,0,'10.1.98.114',1348919637,1,0,1,1,1,1,'','Re: question12','ys srly... a better hint... we deserve one after so much of hard work... plz...','c0f811ecbebc817c646e5091e92d0259',0,'','1v32arrc',1,0,'',0,0,0),(129,50,5,116,0,'10.1.40.179',1348923739,1,0,1,1,1,1,'','Re: how they work?','thats what have been doing for past three hrs nw..any other clue other than tht on page ??','614be75f604650df0c3c0c98abd17bc3',0,'','8tw1qdcu',1,0,'',0,0,0),(130,50,5,116,0,'10.1.40.179',1348923844,1,0,1,1,1,1,'','Re: how they work?','k..gone thro..','3098d3abf79e8d689f3471bc01f9867a',0,'','2nk1kws7',1,0,'',0,0,0),(126,50,5,116,0,'10.1.40.179',1348922937,1,0,1,1,1,1,'','Re: how they work?','Cant get the &quot;.&quot; out the way','84b8684ab7dcada4948e508fa9e853cb',0,'','28cz3wza',1,0,'',0,0,0),(127,54,3,61,0,'10.1.98.114',1348923031,1,0,1,1,1,1,'','Question 13','hint plz...','ea406d61fa5e2b3fe578c64dcbaea3ba',0,'','3ru49txx',1,1348925888,'',61,1,0),(128,50,5,106,0,'10.1.39.205',1348923067,1,0,1,1,1,1,'','Re: how they work?','learn how they work, you might not need the text.','d13632d9991de75191dcf68bdc5eabf1',0,'','qjlet54t',1,0,'',0,0,0),(131,54,3,61,0,'10.1.98.114',1348923885,1,0,1,1,1,1,'','Re: Question 13','hint admins','9533591ff49a181b5fd5866fcb996094',0,'','3vklnyrr',1,0,'',0,0,0),(132,54,3,57,0,'10.1.39.235',1348925084,1,0,1,1,1,1,'','Re: Question 13','Sorry, there was a problem. Try again...','1992e340f74066fc8b55e26e237696c5',0,'','2s3hpn3q',1,0,'',0,0,0),(133,51,5,106,0,'10.1.39.205',1348925519,1,0,1,1,1,1,'','Re: Canadian rockstar.....','[quote=&quot;user&quot;:1oz5rk6r]der are hundreds of fellow country men, and they have done thousands of movies, which movie are we talking about here[/quote:1oz5rk6r]\n\nBe dumb or dumber.','46b84698f23174a7ce33b3b56361bd4a',0,'gA==','1oz5rk6r',1,0,'',0,0,0),(134,51,5,63,0,'10.1.36.90',1348925840,1,0,1,1,1,1,'','Re: Canadian rockstar.....','what to do after applying the second instruction..','c6884c81413b77fc5280903a94054f50',0,'','2nupbgmf',1,0,'',0,0,0),(135,54,3,61,0,'10.1.98.114',1348925902,1,0,1,1,1,1,'','Re: Question 13','k.. thanks','2d1e609e50cd0830105dfa6f54739331',0,'','39x6dhgj',1,0,'',0,0,0),(136,51,5,106,0,'10.1.39.205',1348926053,1,0,1,1,1,1,'','Re: Canadian rockstar.....','Don\'t think too hard.','cc9b3b602d1c7f30ef3d3109dbf71048',0,'','1w7flnqb',1,0,'',0,0,0),(137,51,5,63,0,'10.1.36.90',1348926381,1,0,1,1,1,1,'','Re: Canadian rockstar.....','is there only one movie which satisfy the given conditions','d2ddf5712b47db8890948727ed774bef',0,'','157a8e2x',1,0,'',0,0,0),(138,51,5,106,0,'10.1.39.205',1348926585,1,0,1,1,1,1,'','Re: Canadian rockstar.....','yes, indeed, the movie is unique and the answer too.','59237dc99660ef66bdafbe24a2fde125',0,'','26ud4ct6',1,0,'',0,0,0),(139,51,5,112,0,'10.1.35.35',1348926654,1,0,1,1,1,1,'','Re: Canadian rockstar.....','Hint about movie title plz','92fe3f98ca5fcdccf4207f4c2a9d26bf',0,'','bmrzmrwu',1,0,'',0,0,0),(140,51,5,112,0,'10.1.35.35',1348926675,1,0,1,1,1,1,'','Re: Canadian rockstar.....','Hint about movie title plz','92fe3f98ca5fcdccf4207f4c2a9d26bf',0,'','arbvz4bb',1,0,'',0,0,0),(141,51,5,106,0,'10.1.39.205',1348927024,1,0,1,1,1,1,'','Re: Canadian rockstar.....','the movie is a psychological thriller (no hint about the title).','b6ed821a3fe9a86f623526cfda9a5825',0,'','b7fr1ibg',1,0,'',0,0,0),(142,55,5,119,0,'10.1.35.35',1348927483,1,0,1,1,1,1,'','Harken the .....','Hints ??','8cf1be1c9ee3052f3c83829b76f36a4e',0,'','20ofli4m',1,0,'',0,0,0),(143,56,5,116,0,'10.1.40.179',1348928063,1,0,1,1,1,1,'','Download ??','Is there any question here ???','b42bc1e75922bed3186af4172fda5a12',0,'','oy7xyop0',1,0,'',0,0,0),(144,55,5,119,0,'10.1.35.35',1348928147,1,0,1,1,1,1,'','Re: Harken the .....','Hints please !!','1b07e17052480f888e16e6d63a2d76b7',0,'','11n273an',1,0,'',0,0,0),(145,57,3,61,0,'10.1.98.114',1348928323,1,0,1,1,1,1,'','Question 15','hint plz... some direction here... very tough','ee62b018f480717cd749397f35b6faaf',0,'','13toudp4',1,0,'',0,0,0),(146,56,5,116,0,'10.1.40.179',1348928352,1,0,1,1,1,1,'','Re: Download ??','i moved to 80 but now suddenly i got down to 70 and again got reverted to harken thing...why???','f9dfc95c0a2f7e7092f833dc502197da',0,'','1panexwo',1,0,'',0,0,0),(148,55,5,112,0,'10.1.35.35',1348928514,1,0,1,1,1,1,'','Re: Harken the .....','Some hints plz','a362ac19519c480814bd4422942bb287',0,'','2gjl9mia',1,0,'',0,0,0),(149,56,5,106,0,'10.1.39.205',1348928962,1,0,1,1,1,1,'','Re: Download ??','everything\'s fixed','02a97dba91466f404cef8887067957ad',0,'','3o2e57q6',1,0,'',0,0,0),(150,55,5,112,0,'10.1.35.35',1348929052,1,0,1,1,1,1,'','Re: Harken the .....','man give some hints, i am stuck','24a3d098a1ad5e93d56384a1404fb584',0,'','qg0d6zlf',1,0,'',0,0,0),(151,55,5,106,0,'10.1.39.205',1348929307,1,0,1,1,1,1,'','Re: Harken the .....','Your footprints don\'t fade from the obstacles you cross.','c99d90dc180b3258f00986a5a5988a7a',0,'','2slomrrx',1,0,'',0,0,0),(152,56,5,116,0,'10.1.40.179',1348929493,1,0,1,1,1,1,'','Re: Download ??','FIXED ?? didnt get you..the contest is fixed , or the bug is fixed or what..stuck at something which i thought to have solved  <!-- s:x --><img src=\"{SMILIES_PATH}/icon_mad.gif\" alt=\":x\" title=\"Mad\" /><!-- s:x -->','69305c16f6c5c4ea155a967260d3ca6c',0,'','3gipsarc',1,0,'',0,0,0),(153,55,5,114,0,'10.1.35.35',1348929524,1,0,1,1,1,1,'','Re: Harken the .....','What do u expect in the answer ?','2ace33dfe92212debe98ce2e85e6cb48',0,'','1smwtd15',1,0,'',0,0,0),(154,56,5,106,0,'10.1.39.205',1348929822,1,0,1,1,1,1,'','Re: Download ??','the &quot;Harken&quot; question is correct and complete. Look at everthing. \n\nIf you have already solved it, just answer it again.','a21825bef9a82698c8dd2fdc26d4ebd3',0,'','18jqyyif',1,0,'',0,0,0),(155,55,5,106,0,'10.1.39.205',1348929871,1,0,1,1,1,1,'','Re: Harken the .....','The &quot;toes of your footprints&quot;.','0be1e3be0e8555340bd03afa05fd156e',0,'','3myk5u07',1,0,'',0,0,0),(156,56,5,116,0,'10.1.40.179',1348929942,1,0,1,1,1,1,'','Re: Download ??','hope such jitters wont happen again.. <!-- s:x --><img src=\"{SMILIES_PATH}/icon_mad.gif\" alt=\":x\" title=\"Mad\" /><!-- s:x -->','4a258ddc3b68b1292fab5951b8790e10',0,'','2c1nsev3',1,0,'',0,0,0),(157,55,5,114,0,'10.1.35.35',1348930040,1,0,1,1,1,1,'','Re: Harken the .....','dude ur hints are pretty vague','8a060f65e74cbe57370355ef309f7afe',0,'','e96t9sdh',1,0,'',0,0,0),(158,55,5,112,0,'10.1.35.35',1348930326,1,0,1,1,1,1,'','Re: Harken the .....','not getting !!','c858f12f5a96beb35220186e3021ae85',0,'','m00wsxdf',1,0,'',0,0,0),(159,55,5,106,0,'10.1.39.205',1348930525,1,0,1,1,1,1,'','Re: Harken the .....','The answer is not a proper word.','a76d1fafdc04d32164cb2ee10f1b78b7',0,'','1lrvzbtm',1,0,'',0,0,0),(160,57,3,57,0,'10.1.40.203',1348930702,1,0,1,1,1,1,'','Re: Question 15','Really sorry, cant give this early.','9e0a7bd017f5d204da63957b87e0d3be',0,'','3f25e8vk',1,0,'',0,0,0),(161,57,3,57,0,'10.1.40.203',1348930738,1,0,1,1,1,1,'','Re: Question 15','Try for some more time...','e6d28158c7ada363b94c3787f2af3505',0,'','1e6fme38',1,0,'',0,0,0),(162,56,5,116,0,'10.1.40.179',1348931247,1,0,1,1,1,1,'','Re: Download ??','Now any hints please','b24e466acb0c3412473e8de51781db9f',0,'','1sfmuxyo',1,0,'',0,0,0),(164,57,3,61,0,'10.1.98.114',1348931354,1,0,1,1,1,1,'','Re: Question 15','kk.. total how many questions?','779f7369f49f89da8ee1805d81744f0a',0,'','1zwhbm7d',1,0,'',0,0,0),(166,56,5,106,0,'10.1.39.205',1348931488,1,0,1,1,1,1,'','Re: Download ??','no hints for this question','69f1ab97089ed20e3c2ab436ec22953f',0,'','3s0yit7j',1,0,'',0,0,0),(167,55,5,112,0,'10.1.35.35',1348931544,1,0,1,1,1,1,'','Re: Harken the .....','more hints ??','b7228d8526bb6034a3bceff4aba1f369',0,'','2sdj03i0',1,0,'',0,0,0),(168,55,5,112,0,'10.1.35.35',1348932152,1,0,1,1,1,1,'','Re: Harken the .....','more hints plz','d9406099148fd12b1deeff3e99b7cea8',0,'','5etky0y6',1,0,'',0,0,0),(169,52,3,68,0,'10.1.98.180',1348933726,1,0,1,1,1,1,'','Re: Question 10','Any hint for  this question?  <!-- s:x --><img src=\"{SMILIES_PATH}/icon_mad.gif\" alt=\":x\" title=\"Mad\" /><!-- s:x -->','3a885d0919d2149353ad85400ca7dbe2',0,'','3w2ppf7q',1,0,'',0,0,0),(170,56,5,116,0,'10.1.40.179',1348935144,1,0,1,1,1,1,'','Re: Download ??','a normal word or something else','56c6a1237ba5866505254b7168226103',0,'','1l9gy0p2',1,0,'',0,0,0),(171,39,2,77,0,'10.1.39.126',1348937570,1,0,1,1,1,1,'','Re: Level 7 discussion','You should clean your screen properly. Really. That\'s it. The cleaner, the better.','51c172941d557e948b16a871f94f61fe',0,'','35n8nv8h',1,0,'',0,0,0),(172,57,3,57,0,'10.1.40.203',1348939358,1,0,1,1,1,1,'','Re: Question 15','Cant say....keep trying <!-- s:D --><img src=\"{SMILIES_PATH}/icon_e_biggrin.gif\" alt=\":D\" title=\"Very Happy\" /><!-- s:D -->','7433a8b4358d2d540051bc21aaf3ca0c',0,'','1g5hgzku',1,0,'',0,0,0),(173,56,5,116,0,'10.1.40.179',1348939467,1,0,1,1,1,1,'','Re: Download ??','is it a word , phrase , give us something to think about ??','2cdf9e24b11434b8174d618d0780cd46',0,'','7zu8n02g',1,0,'',0,0,0),(174,57,3,122,0,'10.1.98.162',1348939785,1,0,1,1,1,1,'','Re: Question 15','small hint atleast.............its been a lot of tym now!! <!-- s:( --><img src=\"{SMILIES_PATH}/icon_e_sad.gif\" alt=\":(\" title=\"Sad\" /><!-- s:( -->','73bdd0843ef9983898e402490ad003e2',0,'','3p83yylh',1,0,'',0,0,0),(175,56,5,106,0,'10.1.39.205',1348942621,1,0,1,1,1,1,'','Re: Download ??','only lowercase letters - a word','8da85e83f3351b448a89113b191ffa4b',0,'','p7bvkrm1',1,0,'',0,0,0),(176,58,5,93,0,'10.1.39.109',1348946209,1,0,1,1,1,1,'','what these frequent images are?','any clue???','1b7d7e1f3776423edab3543caa8a3f22',0,'','17fsatbv',1,0,'',0,0,0),(177,58,5,106,0,'10.1.39.205',1348946902,1,0,1,1,1,1,'','Re: what these frequent images are?','think buddy think!','2cc0f6b1c98d70ffc05a2a4b3bef8b80',0,'','32sm7mal',1,0,'',0,0,0),(178,56,5,116,0,'10.1.40.179',1348950126,1,0,1,1,1,1,'','Re: Download ??','tried a lots of options , a clue plz','c7c5e1a9c9ddb6927aa6d2988c4d3379',0,'','1le2bwp5',1,0,'',0,0,0),(179,56,5,106,0,'10.1.39.205',1348950751,1,0,1,1,1,1,'','Re: Download ??','The internet is always at your disposal.','6e7e1c93a7cdd06008f113c718ef44dc',0,'','2refqlci',1,0,'',0,0,0),(180,56,5,116,0,'10.1.40.179',1348951332,1,0,1,1,1,1,'','Re: Download ??','need a direction , place , thing , number , person , ??','2ce44e879cdf51a64e8782bf3f36f7d6',0,'','1fwnmydw',1,0,'',0,0,0),(181,56,5,106,0,'10.1.39.205',1348951485,1,0,1,1,1,1,'','Re: Download ??','it can be anything. use naive approach.','1ff4e262e6580c8c973ab9e71075930a',0,'','3l7vvmac',1,0,'',0,0,0),(182,56,5,116,0,'10.1.40.179',1348951890,1,0,1,1,1,1,'','Re: Download ??','well..the combinations that have tried till now are as much naive as they can get..so..do we need to unlock the text file for this','e9483362a072e6ac4859ce77d55422f5',0,'','1t8ibsu2',1,0,'',0,0,0),(183,56,5,116,0,'10.1.40.179',1348952143,1,0,1,1,1,1,'','Re: Download ??','or should i keep staring at the background to help me <!-- s:( --><img src=\"{SMILIES_PATH}/icon_e_sad.gif\" alt=\":(\" title=\"Sad\" /><!-- s:( -->','f02a6afdd16be05d1d1e7cc04bff912d',0,'','3n52gv5j',1,0,'',0,0,0),(184,56,5,106,0,'10.1.39.205',1348952190,1,0,1,1,1,1,'','Re: Download ??','background is of no help.','2cadf9cf9d14c50c7eebb24751311436',0,'','2f9lhauu',1,0,'',0,0,0),(185,56,5,116,0,'10.1.40.179',1348952853,1,0,1,1,1,1,'','Re: Download ??','figured tht after having half of my time lookin at the binaries..is unlockin of zip reqd ..need help in tht','19a01538a7f0a1b1fdeb03dda3c94e9f',0,'','dh9e1ebj',1,0,'',0,0,0),(186,56,5,106,0,'10.1.39.205',1348952939,1,0,1,1,1,1,'','Re: Download ??','already provided more than enough hints. (you can always ask your friends)','0f63d443a71c9aa13f700a78b7d4972c',0,'','3ekttrp3',1,0,'',0,0,0),(187,56,5,116,0,'10.1.40.179',1348953289,1,0,1,1,1,1,'','Re: Download ??','given hints..guess i have missed them,, can anyone tell me is there anything in the question..','76817b43034cbcb91ee9e4d053d48f31',0,'','bzuhywp8',1,0,'',0,0,0),(188,57,3,61,0,'10.1.98.114',1348956724,1,0,1,1,1,1,'','Re: Question 15','ab toh hint de do...  aur kitna time lagega...<!-- s:P --><img src=\"{SMILIES_PATH}/icon_razz.gif\" alt=\":P\" title=\"Razz\" /><!-- s:P -->','32cd83a32bed3243b1890275c9b9951e',0,'','axxqf5n7',1,0,'',0,0,0),(189,57,3,57,0,'10.1.40.203',1348973644,1,0,1,1,1,1,'','Re: Question 15','HINT: He sold his ferrari in ebay.','347a8274d3ea75b016c22bb20b0ec508',0,'','t1wshrri',1,0,'',0,0,0),(190,55,5,112,0,'10.1.35.35',1348988982,1,0,1,1,1,1,'','Re: Harken the .....','Can u provide some more hint man, its almost a day since i am stuck here','3e17c18ddaeeb044b0423b61880c26ed',0,'','1c06jsz1',1,0,'',0,0,0),(191,55,5,112,0,'10.1.35.35',1348989143,1,0,1,1,1,1,'','Re: Harken the .....','atleast tell which field is it related to ??','850593d8b8738a35de2ca06a67f4436d',0,'','11r3vw60',1,0,'',0,0,0),(192,55,5,112,0,'10.1.35.35',1348989478,1,0,1,1,1,1,'','Re: Harken the .....','dude give some hints plz ??, a logical one this time','190f39d42ccffbba6b42488b3dae52da',0,'','1i0cs8it',1,0,'',0,0,0),(193,59,5,112,0,'10.1.35.35',1348990660,1,0,1,1,1,1,'','Website is ultra slow...','.....','31368cb092d919fecd01c8c21235db14',0,'','f04aq62z',1,0,'',0,0,0),(195,55,5,106,0,'10.1.39.205',1348993923,1,0,1,1,1,1,'','Re: Harken the .....','the toes of your footprints...guess something','677019c20ac6c594843e8f9b94e0c355',0,'','1603vc58',1,0,'',0,0,0),(196,55,5,106,0,'10.1.39.205',1348994609,1,0,1,1,1,1,'','Re: Harken the .....','the toes are the first fingers of your footprints','33ecc245017680ed871a91b41a6ad7b5',0,'','2w5nskgf',1,0,'',0,0,0),(197,58,5,63,0,'10.1.36.73',1349002543,1,0,1,1,1,1,'','Re: what these frequent images are?','what is expected as answer?','72e85ae31acfedf04c741f2385587e6b',0,'','3on8tznn',1,0,'',0,0,0),(198,58,5,106,0,'10.1.39.205',1349002613,1,0,1,1,1,1,'','Re: what these frequent images are?','a noun.','b736964fbf6165f8ba57305ac5e7f27c',0,'','28mokimz',1,0,'',0,0,0),(199,58,5,63,0,'10.1.36.73',1349002717,1,0,1,1,1,1,'','Re: what these frequent images are?','lol!! I meant some direction in which we should think..','42d4994e082aad36df8d294c7506cf60',0,'','3897sd5j',1,0,'',0,0,0),(200,58,5,106,0,'10.1.39.205',1349002774,1,0,1,1,1,1,'','Re: what these frequent images are?','decipher the code','abb9eb50b546edf070ecaba7bc75e476',0,'','kg4h6of9',1,0,'',0,0,0),(201,56,5,116,0,'10.1.40.179',1349003735,1,0,1,1,1,1,'','Re: Download ??','anything more .. guess i am going to get stuck here forever  <!-- s:( --><img src=\"{SMILIES_PATH}/icon_e_sad.gif\" alt=\":(\" title=\"Sad\" /><!-- s:( -->','dbd1e3c9e478809896907c1423ae3fd3',0,'','2hbcywgy',1,0,'',0,0,0),(202,56,5,106,0,'10.1.39.205',1349004682,1,0,1,1,1,1,'','Re: Download ??','Hint: Let someone else do the work for you...  <!-- s:D --><img src=\"{SMILIES_PATH}/icon_e_biggrin.gif\" alt=\":D\" title=\"Very Happy\" /><!-- s:D -->','dd774dfbf7f8769e31d51b6149dffc96',0,'','1q5g6fhg',1,0,'',0,0,0),(203,56,5,116,0,'10.1.40.179',1349005134,1,0,1,1,1,1,'','Re: Download ??','ha..is this a hint or what...i am going to list all my answers for this question nw..thts the only way u can tell me where am i going wrong..','797900019295d019cdfdf495f85e68cf',0,'','1nhrpnf0',1,0,'',0,0,0),(204,56,5,106,0,'10.1.39.205',1349005429,1,0,1,1,1,1,'','Re: Download ??','have you tried ALL the PERMUTATIONS?','2fa0cb6f6c4d5d20e115dbfbfbf72f55',0,'','3ns9vzc3',1,0,'',0,0,0),(205,56,5,116,0,'10.1.40.179',1349005579,1,0,1,1,1,1,'','Re: Download ??','cant say all..bcoz not sure wht to look at..u can look at the options tht i tried..which cover most of the things tht can be thought of','0d126759a1f86a9cec5582ded30318ef',0,'','36qb4vua',1,0,'',0,0,0),(206,60,3,118,0,'10.1.40.171',1349010919,1,0,1,1,1,1,'','Contest ENDS...','CONTEST ENDS....\nSince, DAWULF_KIRA has reached 150 points.\nCongratzz for being the winner .\nThanks 2 all participants for participating.. Hope u enjoyed !!\nCheers !!','2c3dfc3fbfffa912a1f3efeafdab2234',0,'','3h11415y',1,0,'',0,0,0),(207,58,5,127,0,'10.1.36.90',1349011714,1,0,1,1,1,1,'','Re: what these frequent images are?','need more hints','bac1bfe601012c040565fd7bc67eaf39',0,'','2qdris3z',1,0,'',0,0,0),(208,61,5,128,0,'10.1.39.166',1349011981,1,0,1,1,1,1,'','Oppurtunistic curious............','Any hints....','43d517d404e6a4aac0f297546245faae',0,'','8ol7ytzn',1,0,'',0,0,0),(209,58,5,106,0,'10.1.39.205',1349015806,1,0,1,1,1,1,'','Re: what these frequent images are?','-... .-- - the code you listen','04ced3de670a39cd3c332cb07ce0069b',0,'','r7f339ta',1,0,'',0,0,0),(210,62,5,106,0,'10.1.39.205',1349016305,1,0,1,1,1,1,'','WILDCARD ENTRIES','The question for wildcard entries, which can make your fortune, is:\n\n[i:1w7deqpm]What is the fifth word of the title of the strange frowning story?[/i:1w7deqpm]','dc2bb69cc62eb6550509f09c594ced86',0,'IA==','1w7deqpm',1,0,'',0,0,0);
/*!40000 ALTER TABLE `phpbb_posts` ENABLE KEYS */;
UNLOCK TABLES;

--
-- Table structure for table `phpbb_privmsgs`
--

DROP TABLE IF EXISTS `phpbb_privmsgs`;
/*!40101 SET @saved_cs_client     = @@character_set_client */;
/*!40101 SET character_set_client = utf8 */;
CREATE TABLE `phpbb_privmsgs` (
  `msg_id` mediumint(8) unsigned NOT NULL AUTO_INCREMENT,
  `root_level` mediumint(8) unsigned NOT NULL DEFAULT '0',
  `author_id` mediumint(8) unsigned NOT NULL DEFAULT '0',
  `icon_id` mediumint(8) unsigned NOT NULL DEFAULT '0',
  `author_ip` varchar(40) COLLATE utf8_bin NOT NULL DEFAULT '',
  `message_time` int(11) unsigned NOT NULL DEFAULT '0',
  `enable_bbcode` tinyint(1) unsigned NOT NULL DEFAULT '1',
  `enable_smilies` tinyint(1) unsigned NOT NULL DEFAULT '1',
  `enable_magic_url` tinyint(1) unsigned NOT NULL DEFAULT '1',
  `enable_sig` tinyint(1) unsigned NOT NULL DEFAULT '1',
  `message_subject` varchar(255) COLLATE utf8_bin NOT NULL DEFAULT '',
  `message_text` mediumtext COLLATE utf8_bin NOT NULL,
  `message_edit_reason` varchar(255) COLLATE utf8_bin NOT NULL DEFAULT '',
  `message_edit_user` mediumint(8) unsigned NOT NULL DEFAULT '0',
  `message_attachment` tinyint(1) unsigned NOT NULL DEFAULT '0',
  `bbcode_bitfield` varchar(255) COLLATE utf8_bin NOT NULL DEFAULT '',
  `bbcode_uid` varchar(8) COLLATE utf8_bin NOT NULL DEFAULT '',
  `message_edit_time` int(11) unsigned NOT NULL DEFAULT '0',
  `message_edit_count` smallint(4) unsigned NOT NULL DEFAULT '0',
  `to_address` text COLLATE utf8_bin NOT NULL,
  `bcc_address` text COLLATE utf8_bin NOT NULL,
  `message_reported` tinyint(1) unsigned NOT NULL DEFAULT '0',
  PRIMARY KEY (`msg_id`),
  KEY `author_ip` (`author_ip`),
  KEY `message_time` (`message_time`),
  KEY `author_id` (`author_id`),
  KEY `root_level` (`root_level`)
) ENGINE=MyISAM AUTO_INCREMENT=11 DEFAULT CHARSET=utf8 COLLATE=utf8_bin;
/*!40101 SET character_set_client = @saved_cs_client */;

--
-- Dumping data for table `phpbb_privmsgs`
--

LOCK TABLES `phpbb_privmsgs` WRITE;
/*!40000 ALTER TABLE `phpbb_privmsgs` DISABLE KEYS */;
INSERT INTO `phpbb_privmsgs` VALUES (1,0,54,0,'10.1.40.158',1348750514,1,1,0,0,'Board warning issued','The following is a warning which has been issued to you by an administrator or moderator of this site.[quote:58z4ysnw]This is a warning regarding the following post made by you: <!-- l --><a class=\"postlink-local\" href=\"http://felicity.iiit.ac.in/~buzz/forums/viewtopic.php?f=2&amp;p=22#p22\">viewtopic.php?f=2&amp;p=22#p22</a><!-- l --> .[/quote:58z4ysnw]','',0,0,'gA==','58z4ysnw',0,0,'u_76','',0),(2,0,54,0,'10.1.40.158',1348751252,1,1,0,0,'Board warning issued','The following is a warning which has been issued to you by an administrator or moderator of this site.[quote:2gta0ntd]Bakchodi na kar. <!-- s:D --><img src=\"{SMILIES_PATH}/icon_e_biggrin.gif\" alt=\":D\" title=\"Very Happy\" /><!-- s:D -->[/quote:2gta0ntd]','',0,0,'gA==','2gta0ntd',0,0,'u_76','',0),(3,0,2,0,'10.1.40.158',1348829340,1,1,1,1,'Question from DB','','',0,0,'','2awtg9uw',0,0,'u_73','',0),(4,0,116,0,'10.1.40.179',1349003299,1,1,1,1,'U stuck at wht question','if it is at the download...thn wht images r u talking of','',0,0,'','1cdauvzu',0,0,'u_63','',0),(5,0,116,0,'10.1.40.179',1349005800,1,1,1,1,'Reg Download','Dude seriously...can u give a real clue..number of letters anything..sending a PM bcoz all my efforts are in vain..i have started with Boole ,,but then the downloaded file is not opening ..','',0,0,'','132cnm3j',0,0,'u_106','',0),(6,0,106,0,'10.1.39.205',1349005821,1,1,1,1,'watch v=pVDV504uiMg','Last hint! Use Google.','',0,0,'','1hrpqab3',0,0,'u_116','',0),(7,6,116,0,'10.1.40.179',1349006218,1,1,1,1,'Re: watch v=pVDV504uiMg','Already using a zip recovery decoder..its taking awful lot of time..need something like number of letters etc etc','',0,0,'','sgoymh8k',0,0,'u_106','',0),(8,6,106,0,'10.1.39.205',1349006640,1,1,1,1,'Re: watch v=pVDV504uiMg','&lt;7','',0,0,'','19oiqf02',0,0,'u_116','',0),(9,6,116,0,'10.1.40.179',1349008762,1,1,1,1,'Re: watch v=pVDV504uiMg','And nw not able to open the site 10.1.39.205:8000/ctc/..is thr any problem with the server','',0,0,'','145ghw8q',0,0,'u_106','',0),(10,6,106,0,'10.1.39.205',1349009763,1,1,1,1,'Re: watch v=pVDV504uiMg','The problem is resolved.','',0,0,'','3i00w6qp',0,0,'u_116','',0);
/*!40000 ALTER TABLE `phpbb_privmsgs` ENABLE KEYS */;
UNLOCK TABLES;

--
-- Table structure for table `phpbb_privmsgs_folder`
--

DROP TABLE IF EXISTS `phpbb_privmsgs_folder`;
/*!40101 SET @saved_cs_client     = @@character_set_client */;
/*!40101 SET character_set_client = utf8 */;
CREATE TABLE `phpbb_privmsgs_folder` (
  `folder_id` mediumint(8) unsigned NOT NULL AUTO_INCREMENT,
  `user_id` mediumint(8) unsigned NOT NULL DEFAULT '0',
  `folder_name` varchar(255) COLLATE utf8_bin NOT NULL DEFAULT '',
  `pm_count` mediumint(8) unsigned NOT NULL DEFAULT '0',
  PRIMARY KEY (`folder_id`),
  KEY `user_id` (`user_id`)
) ENGINE=MyISAM DEFAULT CHARSET=utf8 COLLATE=utf8_bin;
/*!40101 SET character_set_client = @saved_cs_client */;

--
-- Dumping data for table `phpbb_privmsgs_folder`
--

LOCK TABLES `phpbb_privmsgs_folder` WRITE;
/*!40000 ALTER TABLE `phpbb_privmsgs_folder` DISABLE KEYS */;
/*!40000 ALTER TABLE `phpbb_privmsgs_folder` ENABLE KEYS */;
UNLOCK TABLES;

--
-- Table structure for table `phpbb_privmsgs_rules`
--

DROP TABLE IF EXISTS `phpbb_privmsgs_rules`;
/*!40101 SET @saved_cs_client     = @@character_set_client */;
/*!40101 SET character_set_client = utf8 */;
CREATE TABLE `phpbb_privmsgs_rules` (
  `rule_id` mediumint(8) unsigned NOT NULL AUTO_INCREMENT,
  `user_id` mediumint(8) unsigned NOT NULL DEFAULT '0',
  `rule_check` mediumint(8) unsigned NOT NULL DEFAULT '0',
  `rule_connection` mediumint(8) unsigned NOT NULL DEFAULT '0',
  `rule_string` varchar(255) COLLATE utf8_bin NOT NULL DEFAULT '',
  `rule_user_id` mediumint(8) unsigned NOT NULL DEFAULT '0',
  `rule_group_id` mediumint(8) unsigned NOT NULL DEFAULT '0',
  `rule_action` mediumint(8) unsigned NOT NULL DEFAULT '0',
  `rule_folder_id` int(11) NOT NULL DEFAULT '0',
  PRIMARY KEY (`rule_id`),
  KEY `user_id` (`user_id`)
) ENGINE=MyISAM DEFAULT CHARSET=utf8 COLLATE=utf8_bin;
/*!40101 SET character_set_client = @saved_cs_client */;

--
-- Dumping data for table `phpbb_privmsgs_rules`
--

LOCK TABLES `phpbb_privmsgs_rules` WRITE;
/*!40000 ALTER TABLE `phpbb_privmsgs_rules` DISABLE KEYS */;
/*!40000 ALTER TABLE `phpbb_privmsgs_rules` ENABLE KEYS */;
UNLOCK TABLES;

--
-- Table structure for table `phpbb_privmsgs_to`
--

DROP TABLE IF EXISTS `phpbb_privmsgs_to`;
/*!40101 SET @saved_cs_client     = @@character_set_client */;
/*!40101 SET character_set_client = utf8 */;
CREATE TABLE `phpbb_privmsgs_to` (
  `msg_id` mediumint(8) unsigned NOT NULL DEFAULT '0',
  `user_id` mediumint(8) unsigned NOT NULL DEFAULT '0',
  `author_id` mediumint(8) unsigned NOT NULL DEFAULT '0',
  `pm_deleted` tinyint(1) unsigned NOT NULL DEFAULT '0',
  `pm_new` tinyint(1) unsigned NOT NULL DEFAULT '1',
  `pm_unread` tinyint(1) unsigned NOT NULL DEFAULT '1',
  `pm_replied` tinyint(1) unsigned NOT NULL DEFAULT '0',
  `pm_marked` tinyint(1) unsigned NOT NULL DEFAULT '0',
  `pm_forwarded` tinyint(1) unsigned NOT NULL DEFAULT '0',
  `folder_id` int(11) NOT NULL DEFAULT '0',
  KEY `msg_id` (`msg_id`),
  KEY `author_id` (`author_id`),
  KEY `usr_flder_id` (`user_id`,`folder_id`)
) ENGINE=MyISAM DEFAULT CHARSET=utf8 COLLATE=utf8_bin;
/*!40101 SET character_set_client = @saved_cs_client */;

--
-- Dumping data for table `phpbb_privmsgs_to`
--

LOCK TABLES `phpbb_privmsgs_to` WRITE;
/*!40000 ALTER TABLE `phpbb_privmsgs_to` DISABLE KEYS */;
INSERT INTO `phpbb_privmsgs_to` VALUES (1,76,54,0,0,0,0,0,0,0),(2,76,54,0,0,0,0,0,0,0),(3,73,2,1,1,1,0,0,0,-3),(4,63,116,0,1,1,0,0,0,-3),(4,116,116,0,0,0,0,0,0,-2),(5,106,116,0,0,0,0,0,0,0),(5,116,116,0,0,0,0,0,0,-1),(6,116,106,0,0,0,1,0,0,0),(6,106,106,0,0,0,0,0,0,-1),(7,106,116,0,0,0,1,0,0,0),(7,116,116,0,0,0,0,0,0,-1),(8,116,106,0,0,0,1,0,0,0),(8,106,106,0,0,0,0,0,0,-1),(9,106,116,0,0,0,1,0,0,0),(9,116,116,0,0,0,0,0,0,-1),(10,116,106,0,1,1,0,0,0,-3),(10,106,106,0,0,0,0,0,0,-2);
/*!40000 ALTER TABLE `phpbb_privmsgs_to` ENABLE KEYS */;
UNLOCK TABLES;

--
-- Table structure for table `phpbb_profile_fields`
--

DROP TABLE IF EXISTS `phpbb_profile_fields`;
/*!40101 SET @saved_cs_client     = @@character_set_client */;
/*!40101 SET character_set_client = utf8 */;
CREATE TABLE `phpbb_profile_fields` (
  `field_id` mediumint(8) unsigned NOT NULL AUTO_INCREMENT,
  `field_name` varchar(255) COLLATE utf8_bin NOT NULL DEFAULT '',
  `field_type` tinyint(4) NOT NULL DEFAULT '0',
  `field_ident` varchar(20) COLLATE utf8_bin NOT NULL DEFAULT '',
  `field_length` varchar(20) COLLATE utf8_bin NOT NULL DEFAULT '',
  `field_minlen` varchar(255) COLLATE utf8_bin NOT NULL DEFAULT '',
  `field_maxlen` varchar(255) COLLATE utf8_bin NOT NULL DEFAULT '',
  `field_novalue` varchar(255) COLLATE utf8_bin NOT NULL DEFAULT '',
  `field_default_value` varchar(255) COLLATE utf8_bin NOT NULL DEFAULT '',
  `field_validation` varchar(20) COLLATE utf8_bin NOT NULL DEFAULT '',
  `field_required` tinyint(1) unsigned NOT NULL DEFAULT '0',
  `field_show_novalue` tinyint(1) unsigned NOT NULL DEFAULT '0',
  `field_show_on_reg` tinyint(1) unsigned NOT NULL DEFAULT '0',
  `field_show_on_vt` tinyint(1) unsigned NOT NULL DEFAULT '0',
  `field_show_profile` tinyint(1) unsigned NOT NULL DEFAULT '0',
  `field_hide` tinyint(1) unsigned NOT NULL DEFAULT '0',
  `field_no_view` tinyint(1) unsigned NOT NULL DEFAULT '0',
  `field_active` tinyint(1) unsigned NOT NULL DEFAULT '0',
  `field_order` mediumint(8) unsigned NOT NULL DEFAULT '0',
  PRIMARY KEY (`field_id`),
  KEY `fld_type` (`field_type`),
  KEY `fld_ordr` (`field_order`)
) ENGINE=MyISAM DEFAULT CHARSET=utf8 COLLATE=utf8_bin;
/*!40101 SET character_set_client = @saved_cs_client */;

--
-- Dumping data for table `phpbb_profile_fields`
--

LOCK TABLES `phpbb_profile_fields` WRITE;
/*!40000 ALTER TABLE `phpbb_profile_fields` DISABLE KEYS */;
/*!40000 ALTER TABLE `phpbb_profile_fields` ENABLE KEYS */;
UNLOCK TABLES;

--
-- Table structure for table `phpbb_profile_fields_data`
--

DROP TABLE IF EXISTS `phpbb_profile_fields_data`;
/*!40101 SET @saved_cs_client     = @@character_set_client */;
/*!40101 SET character_set_client = utf8 */;
CREATE TABLE `phpbb_profile_fields_data` (
  `user_id` mediumint(8) unsigned NOT NULL DEFAULT '0',
  PRIMARY KEY (`user_id`)
) ENGINE=MyISAM DEFAULT CHARSET=utf8 COLLATE=utf8_bin;
/*!40101 SET character_set_client = @saved_cs_client */;

--
-- Dumping data for table `phpbb_profile_fields_data`
--

LOCK TABLES `phpbb_profile_fields_data` WRITE;
/*!40000 ALTER TABLE `phpbb_profile_fields_data` DISABLE KEYS */;
/*!40000 ALTER TABLE `phpbb_profile_fields_data` ENABLE KEYS */;
UNLOCK TABLES;

--
-- Table structure for table `phpbb_profile_fields_lang`
--

DROP TABLE IF EXISTS `phpbb_profile_fields_lang`;
/*!40101 SET @saved_cs_client     = @@character_set_client */;
/*!40101 SET character_set_client = utf8 */;
CREATE TABLE `phpbb_profile_fields_lang` (
  `field_id` mediumint(8) unsigned NOT NULL DEFAULT '0',
  `lang_id` mediumint(8) unsigned NOT NULL DEFAULT '0',
  `option_id` mediumint(8) unsigned NOT NULL DEFAULT '0',
  `field_type` tinyint(4) NOT NULL DEFAULT '0',
  `lang_value` varchar(255) COLLATE utf8_bin NOT NULL DEFAULT '',
  PRIMARY KEY (`field_id`,`lang_id`,`option_id`)
) ENGINE=MyISAM DEFAULT CHARSET=utf8 COLLATE=utf8_bin;
/*!40101 SET character_set_client = @saved_cs_client */;

--
-- Dumping data for table `phpbb_profile_fields_lang`
--

LOCK TABLES `phpbb_profile_fields_lang` WRITE;
/*!40000 ALTER TABLE `phpbb_profile_fields_lang` DISABLE KEYS */;
/*!40000 ALTER TABLE `phpbb_profile_fields_lang` ENABLE KEYS */;
UNLOCK TABLES;

--
-- Table structure for table `phpbb_profile_lang`
--

DROP TABLE IF EXISTS `phpbb_profile_lang`;
/*!40101 SET @saved_cs_client     = @@character_set_client */;
/*!40101 SET character_set_client = utf8 */;
CREATE TABLE `phpbb_profile_lang` (
  `field_id` mediumint(8) unsigned NOT NULL DEFAULT '0',
  `lang_id` mediumint(8) unsigned NOT NULL DEFAULT '0',
  `lang_name` varchar(255) COLLATE utf8_bin NOT NULL DEFAULT '',
  `lang_explain` text COLLATE utf8_bin NOT NULL,
  `lang_default_value` varchar(255) COLLATE utf8_bin NOT NULL DEFAULT '',
  PRIMARY KEY (`field_id`,`lang_id`)
) ENGINE=MyISAM DEFAULT CHARSET=utf8 COLLATE=utf8_bin;
/*!40101 SET character_set_client = @saved_cs_client */;

--
-- Dumping data for table `phpbb_profile_lang`
--

LOCK TABLES `phpbb_profile_lang` WRITE;
/*!40000 ALTER TABLE `phpbb_profile_lang` DISABLE KEYS */;
/*!40000 ALTER TABLE `phpbb_profile_lang` ENABLE KEYS */;
UNLOCK TABLES;

--
-- Table structure for table `phpbb_ranks`
--

DROP TABLE IF EXISTS `phpbb_ranks`;
/*!40101 SET @saved_cs_client     = @@character_set_client */;
/*!40101 SET character_set_client = utf8 */;
CREATE TABLE `phpbb_ranks` (
  `rank_id` mediumint(8) unsigned NOT NULL AUTO_INCREMENT,
  `rank_title` varchar(255) COLLATE utf8_bin NOT NULL DEFAULT '',
  `rank_min` mediumint(8) unsigned NOT NULL DEFAULT '0',
  `rank_special` tinyint(1) unsigned NOT NULL DEFAULT '0',
  `rank_image` varchar(255) COLLATE utf8_bin NOT NULL DEFAULT '',
  PRIMARY KEY (`rank_id`)
) ENGINE=MyISAM AUTO_INCREMENT=2 DEFAULT CHARSET=utf8 COLLATE=utf8_bin;
/*!40101 SET character_set_client = @saved_cs_client */;

--
-- Dumping data for table `phpbb_ranks`
--

LOCK TABLES `phpbb_ranks` WRITE;
/*!40000 ALTER TABLE `phpbb_ranks` DISABLE KEYS */;
INSERT INTO `phpbb_ranks` VALUES (1,'Site Admin',0,1,'');
/*!40000 ALTER TABLE `phpbb_ranks` ENABLE KEYS */;
UNLOCK TABLES;

--
-- Table structure for table `phpbb_reports`
--

DROP TABLE IF EXISTS `phpbb_reports`;
/*!40101 SET @saved_cs_client     = @@character_set_client */;
/*!40101 SET character_set_client = utf8 */;
CREATE TABLE `phpbb_reports` (
  `report_id` mediumint(8) unsigned NOT NULL AUTO_INCREMENT,
  `reason_id` smallint(4) unsigned NOT NULL DEFAULT '0',
  `post_id` mediumint(8) unsigned NOT NULL DEFAULT '0',
  `pm_id` mediumint(8) unsigned NOT NULL DEFAULT '0',
  `user_id` mediumint(8) unsigned NOT NULL DEFAULT '0',
  `user_notify` tinyint(1) unsigned NOT NULL DEFAULT '0',
  `report_closed` tinyint(1) unsigned NOT NULL DEFAULT '0',
  `report_time` int(11) unsigned NOT NULL DEFAULT '0',
  `report_text` mediumtext COLLATE utf8_bin NOT NULL,
  PRIMARY KEY (`report_id`),
  KEY `post_id` (`post_id`),
  KEY `pm_id` (`pm_id`)
) ENGINE=MyISAM DEFAULT CHARSET=utf8 COLLATE=utf8_bin;
/*!40101 SET character_set_client = @saved_cs_client */;

--
-- Dumping data for table `phpbb_reports`
--

LOCK TABLES `phpbb_reports` WRITE;
/*!40000 ALTER TABLE `phpbb_reports` DISABLE KEYS */;
/*!40000 ALTER TABLE `phpbb_reports` ENABLE KEYS */;
UNLOCK TABLES;

--
-- Table structure for table `phpbb_reports_reasons`
--

DROP TABLE IF EXISTS `phpbb_reports_reasons`;
/*!40101 SET @saved_cs_client     = @@character_set_client */;
/*!40101 SET character_set_client = utf8 */;
CREATE TABLE `phpbb_reports_reasons` (
  `reason_id` smallint(4) unsigned NOT NULL AUTO_INCREMENT,
  `reason_title` varchar(255) COLLATE utf8_bin NOT NULL DEFAULT '',
  `reason_description` mediumtext COLLATE utf8_bin NOT NULL,
  `reason_order` smallint(4) unsigned NOT NULL DEFAULT '0',
  PRIMARY KEY (`reason_id`)
) ENGINE=MyISAM AUTO_INCREMENT=5 DEFAULT CHARSET=utf8 COLLATE=utf8_bin;
/*!40101 SET character_set_client = @saved_cs_client */;

--
-- Dumping data for table `phpbb_reports_reasons`
--

LOCK TABLES `phpbb_reports_reasons` WRITE;
/*!40000 ALTER TABLE `phpbb_reports_reasons` DISABLE KEYS */;
INSERT INTO `phpbb_reports_reasons` VALUES (1,'warez','The post contains links to illegal or pirated software.',1),(2,'spam','The reported post has the only purpose to advertise for a website or another product.',2),(3,'off_topic','The reported post is off topic.',3),(4,'other','The reported post does not fit into any other category, please use the further information field.',4);
/*!40000 ALTER TABLE `phpbb_reports_reasons` ENABLE KEYS */;
UNLOCK TABLES;

--
-- Table structure for table `phpbb_search_results`
--

DROP TABLE IF EXISTS `phpbb_search_results`;
/*!40101 SET @saved_cs_client     = @@character_set_client */;
/*!40101 SET character_set_client = utf8 */;
CREATE TABLE `phpbb_search_results` (
  `search_key` varchar(32) COLLATE utf8_bin NOT NULL DEFAULT '',
  `search_time` int(11) unsigned NOT NULL DEFAULT '0',
  `search_keywords` mediumtext COLLATE utf8_bin NOT NULL,
  `search_authors` mediumtext COLLATE utf8_bin NOT NULL,
  PRIMARY KEY (`search_key`)
) ENGINE=MyISAM DEFAULT CHARSET=utf8 COLLATE=utf8_bin;
/*!40101 SET character_set_client = @saved_cs_client */;

--
-- Dumping data for table `phpbb_search_results`
--

LOCK TABLES `phpbb_search_results` WRITE;
/*!40000 ALTER TABLE `phpbb_search_results` DISABLE KEYS */;
/*!40000 ALTER TABLE `phpbb_search_results` ENABLE KEYS */;
UNLOCK TABLES;

--
-- Table structure for table `phpbb_search_wordlist`
--

DROP TABLE IF EXISTS `phpbb_search_wordlist`;
/*!40101 SET @saved_cs_client     = @@character_set_client */;
/*!40101 SET character_set_client = utf8 */;
CREATE TABLE `phpbb_search_wordlist` (
  `word_id` mediumint(8) unsigned NOT NULL AUTO_INCREMENT,
  `word_text` varchar(255) COLLATE utf8_bin NOT NULL DEFAULT '',
  `word_common` tinyint(1) unsigned NOT NULL DEFAULT '0',
  `word_count` mediumint(8) unsigned NOT NULL DEFAULT '0',
  PRIMARY KEY (`word_id`),
  UNIQUE KEY `wrd_txt` (`word_text`),
  KEY `wrd_cnt` (`word_count`)
) ENGINE=MyISAM AUTO_INCREMENT=568 DEFAULT CHARSET=utf8 COLLATE=utf8_bin;
/*!40101 SET character_set_client = @saved_cs_client */;

--
-- Dumping data for table `phpbb_search_wordlist`
--

LOCK TABLES `phpbb_search_wordlist` WRITE;
/*!40000 ALTER TABLE `phpbb_search_wordlist` DISABLE KEYS */;
INSERT INTO `phpbb_search_wordlist` VALUES (1,'this',1,12),(2,'example',0,1),(3,'post',1,13),(4,'your',1,23),(5,'phpbb3',0,0),(6,'installation',0,0),(7,'everything',0,1),(8,'seems',0,0),(9,'working',0,1),(10,'you',1,16),(11,'may',0,1),(12,'delete',0,0),(13,'like',0,0),(14,'and',1,10),(15,'continue',0,0),(16,'set',0,1),(17,'board',0,0),(18,'during',0,0),(19,'the',1,79),(20,'process',0,0),(21,'first',0,1),(22,'category',0,0),(23,'forum',0,0),(24,'are',1,22),(25,'assigned',0,0),(26,'appropriate',0,0),(27,'permissions',0,0),(28,'for',1,26),(29,'predefined',0,0),(30,'usergroups',0,0),(31,'administrators',0,0),(32,'bots',0,0),(33,'global',0,0),(34,'moderators',0,0),(35,'guests',0,0),(36,'registered',0,1),(37,'users',0,1),(38,'coppa',0,0),(39,'also',0,3),(40,'choose',0,0),(41,'not',1,12),(42,'forget',0,0),(43,'assign',0,0),(44,'all',0,7),(45,'these',0,8),(46,'new',0,1),(47,'categories',0,0),(48,'forums',0,2),(49,'create',0,0),(50,'recommended',0,0),(51,'rename',0,0),(52,'copy',0,0),(53,'from',0,2),(54,'while',0,0),(55,'creating',0,0),(56,'have',1,13),(57,'fun',0,0),(58,'welcome',0,2),(82,'test',0,1),(81,'question',1,84),(80,'discussion',1,22),(79,'rnadomd',0,0),(78,'temp',0,0),(77,'started',0,2),(76,'has',0,4),(75,'cache',0,1),(74,'sharky',0,0),(73,'name',0,1),(59,'let',0,1),(60,'hacking',0,0),(61,'begin',0,0),(62,'questions',0,3),(63,'please',1,19),(64,'ask',0,1),(65,'damn',0,0),(66,'straight',0,0),(67,'hints',1,20),(68,'spam',0,0),(69,'such',0,1),(70,'will',0,3),(71,'blocked',0,0),(72,'hack',0,2),(83,'comment',0,0),(84,'topic',0,0),(85,'asdf',0,1),(86,'mar',0,0),(87,'jaa',0,0),(88,'anky',0,0),(89,'event',0,3),(90,'yet',0,1),(91,'plan',0,1),(92,'get',0,6),(93,'live',0,1),(94,'soon',0,1),(95,'test4',0,0),(96,'any',1,15),(97,'relation',0,1),(98,'between',0,1),(99,'iit',0,4),(100,'only',0,7),(101,'general',0,1),(102,'connection',0,2),(103,'coffee',0,1),(104,'once',0,1),(105,'know',0,1),(106,'what',1,24),(107,'hint',1,49),(108,'after',0,4),(109,'how',1,15),(110,'approach',0,2),(111,'necessarily',0,1),(112,'land',0,1),(113,'mass',0,1),(114,'thing',0,5),(115,'image',0,2),(116,'one',0,7),(117,'was',0,2),(118,'destroyed',0,1),(119,'fire',0,2),(120,'year',0,0),(121,'1613',0,0),(122,'start',0,1),(123,'hell',0,1),(124,'with',1,6),(125,'symmetry',0,1),(126,'problem',1,13),(127,'counting',0,2),(128,'triangles',0,3),(129,'other',0,3),(130,'plz',1,17),(131,'zny',0,1),(132,'kind',0,1),(133,'related',0,4),(134,'jee',0,1),(135,'java',0,2),(136,'register',0,1),(137,'http',0,3),(138,'felicity',0,1),(139,'iiit',1,6),(140,'buzz',0,1),(141,'hackin',0,1),(142,'posting',0,0),(143,'answers',0,3),(144,'allowed',0,0),(145,'google',0,2),(146,'riddle',0,1),(147,'that',0,4),(148,'can',1,13),(149,'again',0,4),(150,'solved',0,4),(151,'using',0,2),(152,'some',1,10),(153,'intelligent',0,1),(154,'googling',0,1),(155,'wiki',0,1),(156,'surfing',0,1),(157,'two',0,3),(158,'sides',0,1),(159,'triangle',0,5),(160,'ever',0,1),(161,'parallel',0,3),(162,'three',0,2),(163,'different',0,3),(164,'slopes',0,1),(165,'posted',0,1),(166,'thread',0,1),(167,'been',0,4),(168,'corrected',0,1),(169,'count',0,1),(170,'those',0,1),(171,'vertices',0,1),(172,'grid',0,1),(173,'think',0,6),(174,'getting',0,1),(175,'error',0,0),(176,'look',0,2),(177,'into',0,0),(178,'page4',0,0),(179,'php',0,0),(180,'loading',0,0),(181,'check',0,0),(182,'whether',0,0),(183,'provide',0,2),(184,'direction',0,6),(185,'supposed',0,3),(186,'number',0,4),(187,'due',0,1),(188,'server',0,1),(189,'being',0,2),(190,'down',0,3),(191,'login',0,1),(192,'registrations',0,3),(193,'possoble',0,1),(194,'sometime',0,1),(195,'cooperate',0,1),(196,'announcements',0,3),(197,'deadline',0,1),(198,'extended',0,1),(199,'accordingly',0,1),(200,'doubts',1,13),(201,'here',1,21),(202,'entry',1,7),(203,'castle',1,8),(204,'enter',0,4),(205,'portal',0,1),(206,'provisionally',0,1),(207,'but',0,2),(208,'disabled',0,1),(209,'there',0,8),(210,'family',0,1),(211,'lines',0,2),(212,'hand',0,1),(213,'smart',0,1),(214,'reductions',0,1),(215,'change',0,1),(216,'url',0,1),(217,'answer',1,10),(218,'abcd',0,1),(219,'205',0,1),(220,'8000',0,1),(221,'ctc',0,3),(222,'default',0,1),(223,'html',0,2),(224,'written',0,1),(225,'rules',0,3),(226,'page',0,4),(227,'btw',0,1),(228,'internet',0,2),(229,'registration',0,1),(230,'closed',0,1),(231,'temporarily',0,1),(232,'already',0,3),(233,'carry',0,1),(234,'cheers',0,3),(235,'reg',0,1),(236,'iitian',0,1),(237,'alan',0,1),(238,'turing',0,1),(239,'award',0,1),(240,'noble',0,0),(241,'prize',0,1),(242,'hope',0,5),(243,'helps',0,2),(244,'plzz',0,1),(245,'mention',0,1),(246,'source',0,1),(247,'qstn',0,3),(248,'third',0,1),(249,'point',0,2),(250,'location',0,1),(251,'same',0,1),(252,'becz',0,1),(253,'shows',0,1),(254,'paths',0,1),(255,'loops',0,2),(256,'level',1,27),(257,'yes',0,2),(258,'form',0,1),(259,'which',1,11),(260,'path',0,5),(261,'lead',0,1),(262,'correct',0,2),(263,'another',0,1),(264,'wrong',0,4),(265,'now',0,5),(266,'choice',0,1),(267,'buddy',0,2),(268,'conquer',0,1),(269,'clear',0,2),(270,'hitchhiker',0,1),(271,'guide',0,1),(272,'galaxy',0,1),(273,'relate',0,1),(274,'company',0,1),(275,'created',0,1),(276,'does',0,1),(277,'stand',0,1),(278,'ans',0,1),(279,'digit',0,1),(280,'finding',0,4),(281,'expand',0,2),(282,'letter',0,2),(283,'read',0,1),(284,'before',0,1),(285,'attempting',0,1),(286,'admins',0,4),(287,'something',0,6),(288,'isro',0,1),(289,'big',0,1),(290,'brother',0,1),(291,'mean',0,1),(292,'abbreviation',0,1),(293,'word',0,6),(294,'concentrate',0,1),(295,'map',0,1),(296,'nobel',0,1),(297,'stuck',0,6),(298,'long',0,1),(299,'oops',0,1),(300,'disjoint',0,1),(301,'sets',0,1),(302,'where',0,2),(303,'each',0,1),(304,'side',0,1),(305,'belongs',0,1),(306,'about',0,7),(307,'divine',0,1),(308,'proportion',0,1),(309,'director',0,1),(310,'movie',1,9),(311,'next',0,1),(312,'question12',0,5),(313,'they',1,12),(314,'work',1,11),(315,'decode',0,1),(316,'cryptic',0,1),(317,'text',0,3),(318,'canadian',1,19),(319,'rockstar',1,19),(320,'why',0,2),(321,'could',0,1),(322,'anything',0,4),(323,'vague',0,2),(324,'der',0,2),(325,'hundreds',0,2),(326,'fellow',0,2),(327,'country',0,2),(328,'men',0,3),(329,'done',0,2),(330,'thousands',0,2),(331,'movies',0,2),(332,'talking',0,2),(333,'picture',0,1),(334,'awards',0,1),(335,'plzzz',0,1),(336,'second',0,3),(337,'intstruction',0,1),(338,'atleast',0,4),(339,'give',0,6),(340,'close',0,1),(341,'said',0,1),(342,'instruction',0,2),(343,'video',0,2),(344,'realted',0,1),(345,'firefox',0,1),(346,'see',0,0),(347,'carefully',0,1),(348,'coord',0,1),(349,'hypotenuse',0,1),(350,'length',0,1),(351,'leads',0,1),(352,'invalid',0,1),(353,'request',0,1),(354,'need',0,6),(355,'more',0,8),(356,'none',0,2),(357,'people',0,1),(358,'keys',0,1),(359,'then',0,1),(360,'admis',0,1),(361,'else',0,3),(362,'calculate',0,1),(363,'bahut',0,1),(364,'troll',0,1),(365,'gaya',0,1),(366,'sorry',0,3),(367,'had',0,1),(368,'caught',0,1),(369,'recollect',0,1),(370,'whatever',0,1),(371,'images',0,9),(372,'better',0,3),(373,'srly',0,1),(374,'deserve',0,1),(375,'much',0,2),(376,'hard',0,2),(377,'ranking',0,0),(378,'basis',0,0),(379,'time',0,4),(380,'even',0,0),(381,'finish',0,0),(382,'others',0,0),(383,'our',0,0),(384,'rank',0,0),(385,'below',0,0),(386,'thiers',0,0),(387,'final',0,0),(388,'ranks',0,0),(389,'determined',0,0),(398,'thats',0,1),(390,'cant',0,4),(391,'out',0,1),(392,'way',0,2),(393,'team',0,0),(394,'owner',0,0),(395,'learn',0,1),(396,'might',0,1),(397,'watch',0,1),(399,'doing',0,1),(400,'past',0,1),(401,'hrs',0,1),(402,'clue',0,3),(403,'than',0,2),(404,'tht',0,3),(405,'gone',0,1),(406,'thro',0,1),(407,'try',0,2),(408,'dumb',0,1),(409,'dumber',0,1),(410,'applying',0,1),(411,'thanks',0,2),(412,'don',0,2),(413,'too',0,2),(414,'satisfy',0,1),(415,'given',0,2),(416,'conditions',0,1),(417,'indeed',0,1),(418,'unique',0,1),(419,'title',0,4),(420,'psychological',0,1),(421,'thriller',0,1),(422,'harken',1,19),(423,'download',1,26),(424,'very',0,1),(425,'tough',0,1),(426,'moved',0,1),(427,'suddenly',0,1),(428,'got',0,1),(429,'reverted',0,1),(430,'looking',0,0),(431,'issue',0,0),(432,'fixed',0,2),(433,'man',0,2),(434,'footprints',0,4),(435,'fade',0,1),(436,'obstacles',0,1),(437,'cross',0,1),(438,'didnt',0,1),(439,'contest',0,3),(440,'bug',0,1),(441,'thought',0,2),(442,'expect',0,1),(443,'complete',0,1),(444,'everthing',0,1),(445,'just',0,1),(446,'toes',0,3),(447,'jitters',0,1),(448,'wont',0,1),(449,'happen',0,1),(450,'dude',0,2),(451,'pretty',0,1),(452,'proper',0,1),(453,'really',0,2),(454,'fast',0,0),(455,'early',0,1),(456,'crack',0,0),(457,'password',0,0),(458,'total',0,1),(459,'many',0,1),(460,'provided',0,1),(461,'normal',0,1),(462,'should',0,3),(463,'clean',0,1),(464,'screen',0,1),(465,'say',0,2),(466,'keep',0,2),(467,'trying',0,1),(468,'phrase',0,1),(469,'properly',0,1),(470,'cleaner',0,1),(471,'small',0,1),(472,'its',0,2),(473,'lot',0,1),(474,'tym',0,1),(475,'lowercase',0,1),(476,'letters',0,1),(477,'frequent',0,8),(478,'tried',0,4),(479,'lots',0,1),(480,'options',0,2),(481,'always',0,2),(482,'disposal',0,1),(483,'place',0,1),(484,'person',0,1),(485,'use',0,1),(486,'naive',0,2),(487,'well',0,1),(488,'combinations',0,1),(489,'till',0,1),(490,'unlock',0,1),(491,'file',0,1),(492,'staring',0,1),(493,'background',0,2),(494,'help',0,3),(495,'figured',0,1),(496,'having',0,1),(497,'half',0,1),(498,'lookin',0,1),(499,'binaries',0,1),(500,'unlockin',0,1),(501,'zip',0,1),(502,'reqd',0,1),(503,'enough',0,1),(504,'friends',0,1),(505,'guess',0,3),(506,'missed',0,1),(507,'them',0,1),(508,'anyone',0,1),(509,'tell',0,3),(510,'toh',0,1),(511,'aur',0,1),(512,'kitna',0,1),(513,'lagega',0,1),(514,'sold',0,1),(515,'his',0,1),(516,'ferrari',0,1),(517,'ebay',0,1),(518,'almost',0,1),(519,'day',0,1),(520,'since',0,2),(521,'field',0,1),(522,'logical',0,1),(523,'website',0,1),(524,'ultra',0,1),(525,'slow',0,1),(526,'guessing',0,0),(527,'fingers',0,1),(528,'expected',0,1),(529,'noun',0,1),(530,'lol',0,1),(531,'meant',0,1),(532,'decipher',0,1),(533,'code',0,2),(534,'going',0,2),(535,'forever',0,1),(536,'someone',0,1),(537,'list',0,1),(538,'thts',0,1),(539,'permutations',0,1),(540,'bcoz',0,1),(541,'sure',0,1),(542,'wht',0,1),(543,'cover',0,1),(544,'most',0,1),(545,'things',0,1),(546,'ends',0,2),(547,'dawulf',0,1),(548,'kira',0,1),(549,'reached',0,1),(550,'150',0,1),(551,'points',0,1),(552,'congratzz',0,1),(553,'winner',0,1),(554,'participants',0,1),(555,'participating',0,1),(556,'enjoyed',0,1),(557,'oppurtunistic',0,1),(558,'curious',0,1),(559,'listen',0,1),(560,'wildcard',0,2),(561,'entries',0,2),(562,'make',0,1),(563,'fortune',0,1),(564,'fifth',0,1),(565,'strange',0,1),(566,'frowning',0,1),(567,'story',0,1);
/*!40000 ALTER TABLE `phpbb_search_wordlist` ENABLE KEYS */;
UNLOCK TABLES;

--
-- Table structure for table `phpbb_search_wordmatch`
--

DROP TABLE IF EXISTS `phpbb_search_wordmatch`;
/*!40101 SET @saved_cs_client     = @@character_set_client */;
/*!40101 SET character_set_client = utf8 */;
CREATE TABLE `phpbb_search_wordmatch` (
  `post_id` mediumint(8) unsigned NOT NULL DEFAULT '0',
  `word_id` mediumint(8) unsigned NOT NULL DEFAULT '0',
  `title_match` tinyint(1) unsigned NOT NULL DEFAULT '0',
  UNIQUE KEY `unq_mtch` (`word_id`,`post_id`,`title_match`),
  KEY `word_id` (`word_id`),
  KEY `post_id` (`post_id`)
) ENGINE=MyISAM DEFAULT CHARSET=utf8 COLLATE=utf8_bin;
/*!40101 SET character_set_client = @saved_cs_client */;

--
-- Dumping data for table `phpbb_search_wordmatch`
--

LOCK TABLES `phpbb_search_wordmatch` WRITE;
/*!40000 ALTER TABLE `phpbb_search_wordmatch` DISABLE KEYS */;
INSERT INTO `phpbb_search_wordmatch` VALUES (57,2,0),(210,4,0),(149,7,0),(54,9,0),(209,10,0),(27,11,0),(89,16,0),(209,19,0),(210,19,0),(196,21,0),(209,24,1),(210,28,0),(58,36,0),(58,37,0),(42,39,0),(57,39,0),(96,39,0),(40,44,0),(100,44,0),(122,44,0),(203,44,0),(204,44,0),(205,44,0),(206,44,0),(176,45,1),(177,45,1),(197,45,1),(198,45,1),(199,45,1),(200,45,1),(207,45,1),(209,45,1),(54,46,0),(1,48,1),(35,48,1),(122,53,0),(151,53,0),(1,58,1),(35,58,1),(202,59,0),(25,62,0),(82,62,1),(164,62,0),(186,64,0),(208,67,0),(156,69,0),(49,70,0),(50,70,0),(76,70,0),(1,72,1),(35,72,1),(91,73,0),(58,75,1),(1,76,0),(35,76,0),(42,76,0),(206,76,0),(1,77,0),(35,77,0),(210,81,0),(21,82,1),(21,85,0),(1,89,0),(35,89,0),(58,89,0),(1,90,0),(1,91,0),(1,92,0),(122,92,0),(126,92,0),(152,92,0),(182,92,0),(201,92,0),(1,93,0),(1,94,0),(208,96,0),(25,97,0),(25,98,0),(25,99,0),(27,99,0),(33,99,0),(77,99,0),(25,100,0),(42,100,0),(55,100,0),(100,100,0),(137,100,0),(175,100,0),(203,100,0),(25,101,0),(25,102,0),(33,102,0),(25,103,0),(25,104,0),(25,105,0),(209,106,1),(210,106,0),(25,108,0),(124,108,0),(134,108,0),(185,108,0),(26,110,0),(181,110,0),(27,111,0),(29,112,0),(29,113,0),(30,114,0),(108,114,0),(121,114,0),(146,114,0),(180,114,0),(30,115,0),(121,115,0),(30,116,0),(76,116,0),(88,116,0),(105,116,0),(124,116,0),(137,116,0),(192,116,0),(30,117,0),(132,117,0),(30,118,0),(30,119,0),(121,119,0),(31,122,0),(31,123,0),(31,125,0),(31,127,1),(41,127,1),(31,128,1),(41,128,1),(42,128,0),(32,129,0),(46,129,0),(129,129,0),(33,131,0),(33,132,0),(34,133,0),(61,133,0),(100,133,0),(191,133,0),(34,134,0),(34,135,0),(77,135,0),(35,136,0),(35,137,0),(57,137,0),(110,137,0),(35,138,0),(35,140,0),(35,141,0),(52,143,0),(76,143,0),(203,143,0),(38,145,0),(116,145,0),(39,146,0),(39,147,0),(40,147,0),(171,147,0),(182,147,0),(210,148,0),(132,149,0),(146,149,0),(154,149,0),(156,149,0),(39,150,0),(56,150,0),(152,150,0),(154,150,0),(39,151,0),(56,151,0),(39,153,0),(39,154,0),(39,155,0),(39,156,0),(40,157,0),(63,157,0),(76,157,0),(40,158,0),(40,159,0),(61,159,1),(62,159,1),(89,159,0),(110,159,0),(40,160,0),(40,161,0),(55,161,0),(89,161,0),(40,162,0),(129,162,0),(40,163,0),(89,163,0),(113,163,0),(40,164,0),(41,165,0),(41,166,0),(42,167,0),(88,167,0),(129,167,0),(174,167,0),(42,168,0),(42,169,0),(42,170,0),(42,171,0),(42,172,0),(44,173,0),(46,173,0),(136,173,0),(173,173,0),(177,173,0),(199,173,0),(158,174,0),(154,176,0),(205,176,0),(46,183,0),(190,183,0),(46,184,0),(76,184,0),(117,184,0),(145,184,0),(180,184,0),(199,184,0),(46,185,0),(52,185,0),(110,185,0),(47,186,0),(79,186,0),(101,186,0),(180,186,0),(49,187,0),(49,188,0),(49,189,0),(206,189,0),(49,190,0),(58,190,0),(146,190,0),(49,191,0),(49,192,0),(54,192,0),(58,192,1),(49,193,0),(49,194,0),(49,195,0),(49,196,1),(50,196,1),(54,196,1),(50,197,0),(50,198,0),(50,199,0),(52,204,0),(57,204,0),(110,204,0),(116,204,0),(54,205,0),(54,206,0),(54,207,0),(146,207,0),(54,208,0),(55,209,0),(63,209,0),(76,209,0),(89,209,0),(132,209,0),(137,209,0),(143,209,0),(187,209,0),(55,210,0),(55,211,0),(89,211,0),(56,212,0),(56,213,0),(56,214,0),(57,215,0),(57,216,0),(57,218,0),(57,219,0),(57,220,0),(57,221,0),(61,221,1),(62,221,1),(57,222,0),(57,223,0),(110,223,0),(57,224,0),(57,225,0),(82,225,0),(82,225,1),(57,226,0),(118,226,0),(118,226,1),(129,226,0),(57,227,0),(58,228,0),(179,228,0),(58,229,0),(58,230,0),(58,231,0),(58,232,0),(154,232,0),(186,232,0),(58,233,0),(58,234,0),(60,234,0),(206,234,0),(58,235,1),(59,236,0),(60,237,0),(60,238,0),(60,239,0),(60,241,0),(60,242,0),(76,242,0),(79,242,0),(156,242,0),(206,242,0),(60,243,0),(79,243,0),(61,244,0),(61,245,0),(61,246,0),(61,247,1),(62,247,1),(63,247,0),(62,248,0),(62,249,0),(110,249,0),(62,250,0),(63,251,0),(63,252,0),(63,253,0),(63,254,0),(63,255,1),(76,255,1),(76,257,0),(138,257,0),(76,258,0),(210,259,0),(76,260,0),(80,260,0),(80,260,1),(84,260,1),(85,260,1),(76,261,0),(76,262,0),(154,262,0),(76,263,0),(76,264,0),(118,264,0),(118,264,1),(203,264,0),(76,265,0),(146,265,0),(162,265,0),(174,265,0),(182,265,0),(76,266,0),(76,267,0),(177,267,0),(76,268,0),(76,269,0),(103,269,0),(38,270,0),(38,271,0),(38,272,0),(77,273,0),(77,274,0),(77,275,0),(78,276,0),(78,277,0),(79,278,0),(79,279,0),(80,280,0),(80,280,1),(84,280,1),(85,280,1),(81,281,0),(86,281,0),(81,282,0),(86,282,0),(82,283,1),(82,284,1),(82,285,1),(83,286,0),(117,286,0),(119,286,0),(131,286,0),(85,287,0),(116,287,0),(152,287,0),(170,287,0),(173,287,0),(195,287,0),(85,288,0),(85,289,0),(85,290,0),(86,291,0),(86,292,0),(86,293,0),(159,293,0),(170,293,0),(173,293,0),(175,293,0),(210,293,0),(87,294,0),(87,295,0),(60,296,0),(88,297,0),(96,297,0),(150,297,0),(152,297,0),(190,297,0),(201,297,0),(88,298,0),(89,299,0),(89,300,0),(89,301,0),(89,302,0),(203,302,0),(89,303,0),(89,304,0),(89,305,0),(90,306,0),(99,306,0),(133,306,0),(139,306,0),(140,306,0),(141,306,0),(173,306,0),(90,307,0),(90,308,0),(91,309,0),(91,311,0),(91,312,1),(97,312,1),(104,312,1),(123,312,1),(124,312,1),(93,315,0),(93,316,0),(93,317,0),(128,317,0),(182,317,0),(96,320,0),(146,320,0),(97,321,0),(97,322,0),(181,322,0),(187,322,0),(201,322,0),(98,323,0),(157,323,0),(99,324,0),(133,324,0),(99,325,0),(133,325,0),(99,326,0),(133,326,0),(99,327,0),(133,327,0),(99,328,0),(100,328,0),(133,328,0),(99,329,0),(133,329,0),(99,330,0),(133,330,0),(99,331,0),(133,331,0),(99,332,0),(133,332,0),(100,333,0),(100,334,0),(102,335,0),(103,336,0),(106,336,0),(134,336,0),(103,337,0),(104,338,0),(119,338,0),(174,338,0),(191,338,0),(104,339,0),(123,339,0),(150,339,0),(160,339,0),(173,339,0),(192,339,0),(104,340,0),(106,341,0),(106,342,0),(134,342,0),(106,343,0),(109,343,0),(108,344,0),(108,345,0),(109,347,0),(110,348,0),(110,349,0),(110,350,0),(110,351,0),(110,352,0),(110,353,0),(111,354,0),(128,354,0),(180,354,0),(182,354,0),(185,354,0),(207,354,0),(111,355,0),(161,355,0),(167,355,0),(168,355,0),(186,355,0),(190,355,0),(201,355,0),(207,355,0),(112,356,0),(114,356,0),(113,357,0),(113,358,0),(114,359,0),(115,360,0),(116,361,0),(170,361,0),(202,361,0),(116,362,0),(119,363,0),(119,364,0),(119,365,0),(120,366,0),(132,366,0),(160,366,0),(121,367,0),(121,368,0),(122,369,0),(122,370,0),(122,371,0),(176,371,1),(177,371,1),(197,371,1),(198,371,1),(199,371,1),(200,371,1),(207,371,1),(209,371,1),(123,372,0),(124,372,0),(171,372,0),(124,373,0),(124,374,0),(124,375,0),(182,375,0),(124,376,0),(136,376,0),(161,379,0),(185,379,0),(188,379,0),(192,379,0),(126,390,0),(160,390,0),(172,390,0),(205,390,0),(126,391,0),(126,392,0),(203,392,0),(128,395,0),(128,396,0),(109,397,0),(129,398,0),(129,399,0),(129,400,0),(129,401,0),(129,402,0),(176,402,0),(178,402,0),(129,403,0),(186,403,0),(129,404,0),(185,404,0),(205,404,0),(130,405,0),(130,406,0),(132,407,0),(161,407,0),(133,408,0),(133,409,0),(134,410,0),(135,411,0),(206,411,0),(136,412,0),(151,412,0),(136,413,0),(138,413,0),(137,414,0),(137,415,0),(187,415,0),(137,416,0),(138,417,0),(138,418,0),(139,419,0),(140,419,0),(141,419,0),(210,419,0),(141,420,0),(141,421,0),(145,424,0),(145,425,0),(146,426,0),(146,427,0),(146,428,0),(146,429,0),(149,432,0),(152,432,0),(150,433,0),(190,433,0),(151,434,0),(155,434,0),(195,434,0),(196,434,0),(151,435,0),(151,436,0),(151,437,0),(152,438,0),(152,439,0),(206,439,0),(206,439,1),(152,440,0),(152,441,0),(205,441,0),(153,442,0),(154,443,0),(154,444,0),(154,445,0),(155,446,0),(195,446,0),(196,446,0),(156,447,0),(156,448,0),(156,449,0),(157,450,0),(192,450,0),(157,451,0),(159,452,0),(160,453,0),(171,453,0),(160,455,0),(164,458,0),(164,459,0),(186,460,0),(170,461,0),(171,462,0),(183,462,0),(199,462,0),(171,463,0),(171,464,0),(172,465,0),(205,465,0),(172,466,0),(183,466,0),(172,467,0),(173,468,0),(171,469,0),(171,470,0),(174,471,0),(174,472,0),(190,472,0),(174,473,0),(174,474,0),(175,475,0),(175,476,0),(176,477,1),(177,477,1),(197,477,1),(198,477,1),(199,477,1),(200,477,1),(207,477,1),(209,477,1),(178,478,0),(182,478,0),(204,478,0),(205,478,0),(178,479,0),(178,480,0),(205,480,0),(179,481,0),(186,481,0),(179,482,0),(180,483,0),(180,484,0),(181,485,0),(181,486,0),(182,486,0),(182,487,0),(182,488,0),(182,489,0),(182,490,0),(182,491,0),(183,492,0),(183,493,0),(184,493,0),(183,494,0),(184,494,0),(185,494,0),(185,495,0),(185,496,0),(185,497,0),(185,498,0),(185,499,0),(185,500,0),(185,501,0),(185,502,0),(186,503,0),(186,504,0),(187,505,0),(195,505,0),(201,505,0),(187,506,0),(187,507,0),(187,508,0),(187,509,0),(191,509,0),(203,509,0),(188,510,0),(188,511,0),(188,512,0),(188,513,0),(189,514,0),(189,515,0),(189,516,0),(189,517,0),(190,518,0),(190,519,0),(190,520,0),(206,520,0),(191,521,0),(192,522,0),(193,523,1),(193,524,1),(193,525,1),(196,527,0),(197,528,0),(198,529,0),(199,530,0),(199,531,0),(200,532,0),(200,533,0),(209,533,0),(201,534,0),(203,534,0),(201,535,0),(202,536,0),(203,537,0),(203,538,0),(204,539,0),(205,540,0),(205,541,0),(205,542,0),(205,543,0),(205,544,0),(205,545,0),(206,546,0),(206,546,1),(206,547,0),(206,548,0),(206,549,0),(206,550,0),(206,551,0),(206,552,0),(206,553,0),(206,554,0),(206,555,0),(206,556,0),(208,557,1),(208,558,1),(209,559,0),(210,560,0),(210,560,1),(210,561,0),(210,561,1),(210,562,0),(210,563,0),(210,564,0),(210,565,0),(210,566,0),(210,567,0);
/*!40000 ALTER TABLE `phpbb_search_wordmatch` ENABLE KEYS */;
UNLOCK TABLES;

--
-- Table structure for table `phpbb_sessions`
--

DROP TABLE IF EXISTS `phpbb_sessions`;
/*!40101 SET @saved_cs_client     = @@character_set_client */;
/*!40101 SET character_set_client = utf8 */;
CREATE TABLE `phpbb_sessions` (
  `session_id` char(32) COLLATE utf8_bin NOT NULL DEFAULT '',
  `session_user_id` mediumint(8) unsigned NOT NULL DEFAULT '0',
  `session_forum_id` mediumint(8) unsigned NOT NULL DEFAULT '0',
  `session_last_visit` int(11) unsigned NOT NULL DEFAULT '0',
  `session_start` int(11) unsigned NOT NULL DEFAULT '0',
  `session_time` int(11) unsigned NOT NULL DEFAULT '0',
  `session_ip` varchar(40) COLLATE utf8_bin NOT NULL DEFAULT '',
  `session_browser` varchar(150) COLLATE utf8_bin NOT NULL DEFAULT '',
  `session_forwarded_for` varchar(255) COLLATE utf8_bin NOT NULL DEFAULT '',
  `session_page` varchar(255) COLLATE utf8_bin NOT NULL DEFAULT '',
  `session_viewonline` tinyint(1) unsigned NOT NULL DEFAULT '1',
  `session_autologin` tinyint(1) unsigned NOT NULL DEFAULT '0',
  `session_admin` tinyint(1) unsigned NOT NULL DEFAULT '0',
  PRIMARY KEY (`session_id`),
  KEY `session_time` (`session_time`),
  KEY `session_user_id` (`session_user_id`),
  KEY `session_fid` (`session_forum_id`)
) ENGINE=MyISAM DEFAULT CHARSET=utf8 COLLATE=utf8_bin;
/*!40101 SET character_set_client = @saved_cs_client */;

--
-- Dumping data for table `phpbb_sessions`
--

LOCK TABLES `phpbb_sessions` WRITE;
/*!40000 ALTER TABLE `phpbb_sessions` DISABLE KEYS */;
INSERT INTO `phpbb_sessions` VALUES ('b745134b04632da96a804b6a6857b4ea',116,0,1348988356,1349003231,1349014314,'10.1.40.179','Mozilla/5.0 (Windows NT 6.1; WOW64; rv:15.0) Gecko/20100101 Firefox/15.0.1','','index.php',1,0,0),('41818e9c0ee2daecc6a625a3a085561b',106,5,1348969748,1348993643,1349016495,'10.1.39.205','Mozilla/5.0 (X11; Ubuntu; Linux x86_64; rv:15.0) Gecko/20100101 Firefox/15.0.1','','viewforum.php?f=5',1,1,0),('62f00532cd1ba8d07520c4c3d2cf5e24',1,4,1349011231,1349011231,1349011234,'10.1.34.36','Mozilla/5.0 (X11; Linux i686) AppleWebKit/535.19 (KHTML, like Gecko) Ubuntu/11.04 Chromium/18.0.1025.142 Chrome/18.0.1025.142 Safari/535.19','','viewtopic.php?f=4&t=24',1,0,0),('b197eaafe6de54602219d41e5bb362e1',1,3,1349011266,1349011266,1349011281,'10.1.98.114','Mozilla/5.0 (Windows NT 6.1; WOW64; rv:12.0) Gecko/20100101 Firefox/12.0','','viewtopic.php?f=3&t=57',1,0,0),('cf27f16e49eb8087914aeb89e0de6233',1,5,1349011551,1349011551,1349011985,'10.1.39.197','Mozilla/5.0 (X11; Ubuntu; Linux i686; rv:15.0) Gecko/20100101 Firefox/15.0','','viewtopic.php?f=5&t=58',1,0,0),('d0cdfbda2461daf18ae9537a2a1d9d4e',1,5,1349011608,1349011608,1349011608,'10.1.39.120','Mozilla/5.0 (X11; Ubuntu; Linux i686; rv:15.0) Gecko/20100101 Firefox/15.0.1','','viewforum.php?f=5',1,0,0),('7612d7ae3159e2c5949e82aa086891b3',1,0,1349013215,1349013215,1349013215,'10.1.39.166','Mozilla/5.0 (X11; Ubuntu; Linux x86_64; rv:15.0) Gecko/20100101 Firefox/15.0.1','','ucp.php?mode=logout',1,0,0),('abd691b3ce369d7586c7a18dd1e89c5a',1,2,1349012132,1349012132,1349012144,'10.1.34.63','Mozilla/5.0 (X11; Linux x86_64) AppleWebKit/537.1 (KHTML, like Gecko) Chrome/21.0.1180.89 Safari/537.1','','viewtopic.php?f=2&t=39',1,0,0),('c34c4b94d06f954b5c496b47affe4541',1,5,1349012598,1349012598,1349012649,'10.1.98.195','Mozilla/5.0 (Windows NT 6.1; WOW64) AppleWebKit/537.4 (KHTML, like Gecko) Chrome/22.0.1229.79 Safari/537.4','','viewtopic.php?f=5&t=32',1,0,0),('0816a67b25be80944469ba14a2cf40c1',127,5,1349011632,1349011632,1349016806,'10.1.36.90','Mozilla/5.0 (Windows NT 6.1; WOW64) AppleWebKit/537.4 (KHTML, like Gecko) Chrome/22.0.1229.79 Safari/537.4','','posting.php?mode=reply&f=5&t=62',1,0,0),('dcadf38836373bdb0c5352efe5705e25',1,5,1349014628,1349014628,1349014640,'10.4.2.208','Mozilla/5.0 (Windows NT 6.1; WOW64) AppleWebKit/534.24 (KHTML, like Gecko) Chrome/11.0.696.0 Safari/534.24','','viewtopic.php?f=5&t=56',1,0,0),('538b87bed3fa9050f2c81bcc3b3e885c',1,5,1349017253,1349017253,1349017336,'10.3.11.189','Mozilla/5.0 (X11; U; Linux i686; en-US; rv:1.9.2.10) Gecko/20101005 Fedora/3.6.10-1.fc14 Firefox/3.6.10','','viewforum.php?f=5',1,0,0),('58037fb94989f1e9d9df36277e12d7a7',1,3,1349016047,1349016047,1349016047,'10.1.39.46','Mozilla/5.0 (Windows NT 6.1; WOW64) AppleWebKit/537.4 (KHTML, like Gecko) Chrome/22.0.1229.79 Safari/537.4','','viewforum.php?f=3',1,0,0),('501063cfd83cb08d55e9a4f8fa11af9c',1,5,1349012668,1349012668,1349012923,'10.1.35.199','Mozilla/5.0 (Windows NT 6.1; WOW64) AppleWebKit/537.4 (KHTML, like Gecko) Chrome/22.0.1229.79 Safari/537.4','','viewtopic.php?f=5&t=47',1,0,0),('712d311df18e0ffd960beff8985a45aa',1,0,1349013215,1349013215,1349013218,'10.1.39.166','Mozilla/5.0 (X11; Ubuntu; Linux x86_64; rv:15.0) Gecko/20100101 Firefox/15.0.1','','index.php',1,0,0),('c9be4fe9ad531eb6a5ce204d08be87f6',1,4,1349014247,1349014247,1349014247,'10.1.39.176','Mozilla/5.0 (Windows NT 6.1; WOW64) AppleWebKit/537.4 (KHTML, like Gecko) Chrome/22.0.1229.79 Safari/537.4','','viewforum.php?f=4',1,0,0),('624a915e4336257d209aec88daf8d7a2',57,3,1348975322,1349011129,1349011161,'10.1.40.90','Mozilla/5.0 (Windows NT 6.1; WOW64) AppleWebKit/537.1 (KHTML, like Gecko) Chrome/21.0.1180.89 Safari/537.1','','viewtopic.php?f=3&t=57',1,0,0),('aab25cd8cd451d77b5c54431dbae4140',1,2,1349011230,1349011230,1349011244,'10.1.33.31','Mozilla/5.0 (Windows NT 6.1; WOW64) AppleWebKit/537.4 (KHTML, like Gecko) Chrome/22.0.1229.79 Safari/537.4','','viewtopic.php?f=2&t=1',1,0,0),('0fd457733b7bc5713f08ecf3b03df713',118,3,1348992480,1349010825,1349014199,'10.1.40.171','Mozilla/5.0 (X11; Ubuntu; Linux x86_64; rv:11.0) Gecko/20100101 Firefox/11.0','','viewforum.php?f=3',1,0,0),('63c93203cf2f62f002a5af5c64390a00',1,5,1349009470,1349009470,1349015025,'10.1.39.57','Mozilla/5.0 (X11; Ubuntu; Linux i686; rv:15.0) Gecko/20100101 Firefox/15.0.1','','viewtopic.php?f=5&t=58',1,0,0),('a4788ccb6ed377208f3233e028c2ced0',1,5,1349006446,1349006446,1349013416,'10.1.39.227','Mozilla/5.0 (X11; Ubuntu; Linux i686; rv:15.0) Gecko/20100101 Firefox/15.0.1','','viewtopic.php?f=5&t=46',1,0,0);
/*!40000 ALTER TABLE `phpbb_sessions` ENABLE KEYS */;
UNLOCK TABLES;

--
-- Table structure for table `phpbb_sessions_keys`
--

DROP TABLE IF EXISTS `phpbb_sessions_keys`;
/*!40101 SET @saved_cs_client     = @@character_set_client */;
/*!40101 SET character_set_client = utf8 */;
CREATE TABLE `phpbb_sessions_keys` (
  `key_id` char(32) COLLATE utf8_bin NOT NULL DEFAULT '',
  `user_id` mediumint(8) unsigned NOT NULL DEFAULT '0',
  `last_ip` varchar(40) COLLATE utf8_bin NOT NULL DEFAULT '',
  `last_login` int(11) unsigned NOT NULL DEFAULT '0',
  PRIMARY KEY (`key_id`,`user_id`),
  KEY `last_login` (`last_login`)
) ENGINE=MyISAM DEFAULT CHARSET=utf8 COLLATE=utf8_bin;
/*!40101 SET character_set_client = @saved_cs_client */;

--
-- Dumping data for table `phpbb_sessions_keys`
--

LOCK TABLES `phpbb_sessions_keys` WRITE;
/*!40000 ALTER TABLE `phpbb_sessions_keys` DISABLE KEYS */;
INSERT INTO `phpbb_sessions_keys` VALUES ('ed39e72035a2a1ee0dddd41e699c0a66',62,'10.1.39.240',1349004204),('7b1923e8f2aea1f3d65e1b5a08adea84',77,'10.1.39.126',1348996517),('4fa0b5bd973307a5fe5ce98d26edcb9e',78,'10.1.39.147',1348752271),('dc330c29aaba05ff0f2087182a44f934',67,'10.1.36.72',1348757781),('cf80e12022edb931ab660570cf1e87bd',84,'10.1.34.179',1348797225),('ea1ec2cefdea28e51dea800006cea5ef',90,'10.1.39.207',1348862577),('5c29f953ab1b3f44703b9ffa25f5efea',94,'10.1.40.46',1348987361),('df2bf39cfaf99ad6d990efac51a54e83',98,'10.1.97.238',1348943626),('aa568a31803f45511145288d21c2c865',103,'10.1.98.239',1348850671),('11f35557c7a5d394361d730afc157399',106,'10.1.39.205',1348993643),('441b8f22c3ca2cc600ad9c732bcd386b',120,'10.1.130.129',1348934890);
/*!40000 ALTER TABLE `phpbb_sessions_keys` ENABLE KEYS */;
UNLOCK TABLES;

--
-- Table structure for table `phpbb_sitelist`
--

DROP TABLE IF EXISTS `phpbb_sitelist`;
/*!40101 SET @saved_cs_client     = @@character_set_client */;
/*!40101 SET character_set_client = utf8 */;
CREATE TABLE `phpbb_sitelist` (
  `site_id` mediumint(8) unsigned NOT NULL AUTO_INCREMENT,
  `site_ip` varchar(40) COLLATE utf8_bin NOT NULL DEFAULT '',
  `site_hostname` varchar(255) COLLATE utf8_bin NOT NULL DEFAULT '',
  `ip_exclude` tinyint(1) unsigned NOT NULL DEFAULT '0',
  PRIMARY KEY (`site_id`)
) ENGINE=MyISAM DEFAULT CHARSET=utf8 COLLATE=utf8_bin;
/*!40101 SET character_set_client = @saved_cs_client */;

--
-- Dumping data for table `phpbb_sitelist`
--

LOCK TABLES `phpbb_sitelist` WRITE;
/*!40000 ALTER TABLE `phpbb_sitelist` DISABLE KEYS */;
/*!40000 ALTER TABLE `phpbb_sitelist` ENABLE KEYS */;
UNLOCK TABLES;

--
-- Table structure for table `phpbb_smilies`
--

DROP TABLE IF EXISTS `phpbb_smilies`;
/*!40101 SET @saved_cs_client     = @@character_set_client */;
/*!40101 SET character_set_client = utf8 */;
CREATE TABLE `phpbb_smilies` (
  `smiley_id` mediumint(8) unsigned NOT NULL AUTO_INCREMENT,
  `code` varchar(50) COLLATE utf8_bin NOT NULL DEFAULT '',
  `emotion` varchar(50) COLLATE utf8_bin NOT NULL DEFAULT '',
  `smiley_url` varchar(50) COLLATE utf8_bin NOT NULL DEFAULT '',
  `smiley_width` smallint(4) unsigned NOT NULL DEFAULT '0',
  `smiley_height` smallint(4) unsigned NOT NULL DEFAULT '0',
  `smiley_order` mediumint(8) unsigned NOT NULL DEFAULT '0',
  `display_on_posting` tinyint(1) unsigned NOT NULL DEFAULT '1',
  PRIMARY KEY (`smiley_id`),
  KEY `display_on_post` (`display_on_posting`)
) ENGINE=MyISAM AUTO_INCREMENT=43 DEFAULT CHARSET=utf8 COLLATE=utf8_bin;
/*!40101 SET character_set_client = @saved_cs_client */;

--
-- Dumping data for table `phpbb_smilies`
--

LOCK TABLES `phpbb_smilies` WRITE;
/*!40000 ALTER TABLE `phpbb_smilies` DISABLE KEYS */;
INSERT INTO `phpbb_smilies` VALUES (1,':D','Very Happy','icon_e_biggrin.gif',15,17,1,1),(2,':-D','Very Happy','icon_e_biggrin.gif',15,17,2,1),(3,':grin:','Very Happy','icon_e_biggrin.gif',15,17,3,1),(4,':)','Smile','icon_e_smile.gif',15,17,4,1),(5,':-)','Smile','icon_e_smile.gif',15,17,5,1),(6,':smile:','Smile','icon_e_smile.gif',15,17,6,1),(7,';)','Wink','icon_e_wink.gif',15,17,7,1),(8,';-)','Wink','icon_e_wink.gif',15,17,8,1),(9,':wink:','Wink','icon_e_wink.gif',15,17,9,1),(10,':(','Sad','icon_e_sad.gif',15,17,10,1),(11,':-(','Sad','icon_e_sad.gif',15,17,11,1),(12,':sad:','Sad','icon_e_sad.gif',15,17,12,1),(13,':o','Surprised','icon_e_surprised.gif',15,17,13,1),(14,':-o','Surprised','icon_e_surprised.gif',15,17,14,1),(15,':eek:','Surprised','icon_e_surprised.gif',15,17,15,1),(16,':shock:','Shocked','icon_eek.gif',15,17,16,1),(17,':?','Confused','icon_e_confused.gif',15,17,17,1),(18,':-?','Confused','icon_e_confused.gif',15,17,18,1),(19,':???:','Confused','icon_e_confused.gif',15,17,19,1),(20,'8-)','Cool','icon_cool.gif',15,17,20,1),(21,':cool:','Cool','icon_cool.gif',15,17,21,1),(22,':lol:','Laughing','icon_lol.gif',15,17,22,1),(23,':x','Mad','icon_mad.gif',15,17,23,1),(24,':-x','Mad','icon_mad.gif',15,17,24,1),(25,':mad:','Mad','icon_mad.gif',15,17,25,1),(26,':P','Razz','icon_razz.gif',15,17,26,1),(27,':-P','Razz','icon_razz.gif',15,17,27,1),(28,':razz:','Razz','icon_razz.gif',15,17,28,1),(29,':oops:','Embarrassed','icon_redface.gif',15,17,29,1),(30,':cry:','Crying or Very Sad','icon_cry.gif',15,17,30,1),(31,':evil:','Evil or Very Mad','icon_evil.gif',15,17,31,1),(32,':twisted:','Twisted Evil','icon_twisted.gif',15,17,32,1),(33,':roll:','Rolling Eyes','icon_rolleyes.gif',15,17,33,1),(34,':!:','Exclamation','icon_exclaim.gif',15,17,34,1),(35,':?:','Question','icon_question.gif',15,17,35,1),(36,':idea:','Idea','icon_idea.gif',15,17,36,1),(37,':arrow:','Arrow','icon_arrow.gif',15,17,37,1),(38,':|','Neutral','icon_neutral.gif',15,17,38,1),(39,':-|','Neutral','icon_neutral.gif',15,17,39,1),(40,':mrgreen:','Mr. Green','icon_mrgreen.gif',15,17,40,1),(41,':geek:','Geek','icon_e_geek.gif',17,17,41,1),(42,':ugeek:','Uber Geek','icon_e_ugeek.gif',17,18,42,1);
/*!40000 ALTER TABLE `phpbb_smilies` ENABLE KEYS */;
UNLOCK TABLES;

--
-- Table structure for table `phpbb_styles`
--

DROP TABLE IF EXISTS `phpbb_styles`;
/*!40101 SET @saved_cs_client     = @@character_set_client */;
/*!40101 SET character_set_client = utf8 */;
CREATE TABLE `phpbb_styles` (
  `style_id` mediumint(8) unsigned NOT NULL AUTO_INCREMENT,
  `style_name` varchar(255) COLLATE utf8_bin NOT NULL DEFAULT '',
  `style_copyright` varchar(255) COLLATE utf8_bin NOT NULL DEFAULT '',
  `style_active` tinyint(1) unsigned NOT NULL DEFAULT '1',
  `template_id` mediumint(8) unsigned NOT NULL DEFAULT '0',
  `theme_id` mediumint(8) unsigned NOT NULL DEFAULT '0',
  `imageset_id` mediumint(8) unsigned NOT NULL DEFAULT '0',
  PRIMARY KEY (`style_id`),
  UNIQUE KEY `style_name` (`style_name`),
  KEY `template_id` (`template_id`),
  KEY `theme_id` (`theme_id`),
  KEY `imageset_id` (`imageset_id`)
) ENGINE=MyISAM AUTO_INCREMENT=7 DEFAULT CHARSET=utf8 COLLATE=utf8_bin;
/*!40101 SET character_set_client = @saved_cs_client */;

--
-- Dumping data for table `phpbb_styles`
--

LOCK TABLES `phpbb_styles` WRITE;
/*!40000 ALTER TABLE `phpbb_styles` DISABLE KEYS */;
INSERT INTO `phpbb_styles` VALUES (1,'prosilver',' phpBB Group',0,1,1,1),(6,'LoLDominion',' Matti (MMOstyles.com), 2011',1,6,6,6),(3,'Swirly_Orange','&copy; 2011 QuakeZone',0,3,3,3),(4,'Ruins','&copy; 2011 QuakeZone',0,4,4,4),(5,'hardwood','&copy; molotov, 2011',0,5,5,5);
/*!40000 ALTER TABLE `phpbb_styles` ENABLE KEYS */;
UNLOCK TABLES;

--
-- Table structure for table `phpbb_styles_imageset`
--

DROP TABLE IF EXISTS `phpbb_styles_imageset`;
/*!40101 SET @saved_cs_client     = @@character_set_client */;
/*!40101 SET character_set_client = utf8 */;
CREATE TABLE `phpbb_styles_imageset` (
  `imageset_id` mediumint(8) unsigned NOT NULL AUTO_INCREMENT,
  `imageset_name` varchar(255) COLLATE utf8_bin NOT NULL DEFAULT '',
  `imageset_copyright` varchar(255) COLLATE utf8_bin NOT NULL DEFAULT '',
  `imageset_path` varchar(100) COLLATE utf8_bin NOT NULL DEFAULT '',
  PRIMARY KEY (`imageset_id`),
  UNIQUE KEY `imgset_nm` (`imageset_name`)
) ENGINE=MyISAM AUTO_INCREMENT=7 DEFAULT CHARSET=utf8 COLLATE=utf8_bin;
/*!40101 SET character_set_client = @saved_cs_client */;

--
-- Dumping data for table `phpbb_styles_imageset`
--

LOCK TABLES `phpbb_styles_imageset` WRITE;
/*!40000 ALTER TABLE `phpbb_styles_imageset` DISABLE KEYS */;
INSERT INTO `phpbb_styles_imageset` VALUES (1,'prosilver','&copy; phpBB Group','prosilver'),(6,'LoLDominion','&copy; Matti (MMOstyles.com), 2011','LoLDominion'),(3,'Swirly_Orange','&copy; 2011 QuakeZone','Swirly_Orange'),(4,'Ruins','&copy; QuakeZone, 2011','Ruins'),(5,'hardwood','&copy; molotov, 2011','hardwood');
/*!40000 ALTER TABLE `phpbb_styles_imageset` ENABLE KEYS */;
UNLOCK TABLES;

--
-- Table structure for table `phpbb_styles_imageset_data`
--

DROP TABLE IF EXISTS `phpbb_styles_imageset_data`;
/*!40101 SET @saved_cs_client     = @@character_set_client */;
/*!40101 SET character_set_client = utf8 */;
CREATE TABLE `phpbb_styles_imageset_data` (
  `image_id` mediumint(8) unsigned NOT NULL AUTO_INCREMENT,
  `image_name` varchar(200) COLLATE utf8_bin NOT NULL DEFAULT '',
  `image_filename` varchar(200) COLLATE utf8_bin NOT NULL DEFAULT '',
  `image_lang` varchar(30) COLLATE utf8_bin NOT NULL DEFAULT '',
  `image_height` smallint(4) unsigned NOT NULL DEFAULT '0',
  `image_width` smallint(4) unsigned NOT NULL DEFAULT '0',
  `imageset_id` mediumint(8) unsigned NOT NULL DEFAULT '0',
  PRIMARY KEY (`image_id`),
  KEY `i_d` (`imageset_id`)
) ENGINE=MyISAM AUTO_INCREMENT=494 DEFAULT CHARSET=utf8 COLLATE=utf8_bin;
/*!40101 SET character_set_client = @saved_cs_client */;

--
-- Dumping data for table `phpbb_styles_imageset_data`
--

LOCK TABLES `phpbb_styles_imageset_data` WRITE;
/*!40000 ALTER TABLE `phpbb_styles_imageset_data` DISABLE KEYS */;
INSERT INTO `phpbb_styles_imageset_data` VALUES (1,'site_logo','site_logo.gif','',52,139,1),(2,'forum_link','forum_link.gif','',27,27,1),(3,'forum_read','forum_read.gif','',27,27,1),(4,'forum_read_locked','forum_read_locked.gif','',27,27,1),(5,'forum_read_subforum','forum_read_subforum.gif','',27,27,1),(6,'forum_unread','forum_unread.gif','',27,27,1),(7,'forum_unread_locked','forum_unread_locked.gif','',27,27,1),(8,'forum_unread_subforum','forum_unread_subforum.gif','',27,27,1),(9,'topic_moved','topic_moved.gif','',27,27,1),(10,'topic_read','topic_read.gif','',27,27,1),(11,'topic_read_mine','topic_read_mine.gif','',27,27,1),(12,'topic_read_hot','topic_read_hot.gif','',27,27,1),(13,'topic_read_hot_mine','topic_read_hot_mine.gif','',27,27,1),(14,'topic_read_locked','topic_read_locked.gif','',27,27,1),(15,'topic_read_locked_mine','topic_read_locked_mine.gif','',27,27,1),(16,'topic_unread','topic_unread.gif','',27,27,1),(17,'topic_unread_mine','topic_unread_mine.gif','',27,27,1),(18,'topic_unread_hot','topic_unread_hot.gif','',27,27,1),(19,'topic_unread_hot_mine','topic_unread_hot_mine.gif','',27,27,1),(20,'topic_unread_locked','topic_unread_locked.gif','',27,27,1),(21,'topic_unread_locked_mine','topic_unread_locked_mine.gif','',27,27,1),(22,'sticky_read','sticky_read.gif','',27,27,1),(23,'sticky_read_mine','sticky_read_mine.gif','',27,27,1),(24,'sticky_read_locked','sticky_read_locked.gif','',27,27,1),(25,'sticky_read_locked_mine','sticky_read_locked_mine.gif','',27,27,1),(26,'sticky_unread','sticky_unread.gif','',27,27,1),(27,'sticky_unread_mine','sticky_unread_mine.gif','',27,27,1),(28,'sticky_unread_locked','sticky_unread_locked.gif','',27,27,1),(29,'sticky_unread_locked_mine','sticky_unread_locked_mine.gif','',27,27,1),(30,'announce_read','announce_read.gif','',27,27,1),(31,'announce_read_mine','announce_read_mine.gif','',27,27,1),(32,'announce_read_locked','announce_read_locked.gif','',27,27,1),(33,'announce_read_locked_mine','announce_read_locked_mine.gif','',27,27,1),(34,'announce_unread','announce_unread.gif','',27,27,1),(35,'announce_unread_mine','announce_unread_mine.gif','',27,27,1),(36,'announce_unread_locked','announce_unread_locked.gif','',27,27,1),(37,'announce_unread_locked_mine','announce_unread_locked_mine.gif','',27,27,1),(38,'global_read','announce_read.gif','',27,27,1),(39,'global_read_mine','announce_read_mine.gif','',27,27,1),(40,'global_read_locked','announce_read_locked.gif','',27,27,1),(41,'global_read_locked_mine','announce_read_locked_mine.gif','',27,27,1),(42,'global_unread','announce_unread.gif','',27,27,1),(43,'global_unread_mine','announce_unread_mine.gif','',27,27,1),(44,'global_unread_locked','announce_unread_locked.gif','',27,27,1),(45,'global_unread_locked_mine','announce_unread_locked_mine.gif','',27,27,1),(46,'pm_read','topic_read.gif','',27,27,1),(47,'pm_unread','topic_unread.gif','',27,27,1),(48,'icon_back_top','icon_back_top.gif','',11,11,1),(49,'icon_contact_aim','icon_contact_aim.gif','',20,20,1),(50,'icon_contact_email','icon_contact_email.gif','',20,20,1),(51,'icon_contact_icq','icon_contact_icq.gif','',20,20,1),(52,'icon_contact_jabber','icon_contact_jabber.gif','',20,20,1),(53,'icon_contact_msnm','icon_contact_msnm.gif','',20,20,1),(54,'icon_contact_www','icon_contact_www.gif','',20,20,1),(55,'icon_contact_yahoo','icon_contact_yahoo.gif','',20,20,1),(56,'icon_post_delete','icon_post_delete.gif','',20,20,1),(57,'icon_post_info','icon_post_info.gif','',20,20,1),(58,'icon_post_report','icon_post_report.gif','',20,20,1),(59,'icon_post_target','icon_post_target.gif','',9,11,1),(60,'icon_post_target_unread','icon_post_target_unread.gif','',9,11,1),(61,'icon_topic_attach','icon_topic_attach.gif','',10,7,1),(62,'icon_topic_latest','icon_topic_latest.gif','',9,11,1),(63,'icon_topic_newest','icon_topic_newest.gif','',9,11,1),(64,'icon_topic_reported','icon_topic_reported.gif','',14,16,1),(65,'icon_topic_unapproved','icon_topic_unapproved.gif','',14,16,1),(66,'icon_user_warn','icon_user_warn.gif','',20,20,1),(67,'subforum_read','subforum_read.gif','',9,11,1),(68,'subforum_unread','subforum_unread.gif','',9,11,1),(69,'icon_contact_pm','icon_contact_pm.gif','en',20,28,1),(70,'icon_post_edit','icon_post_edit.gif','en',20,42,1),(71,'icon_post_quote','icon_post_quote.gif','en',20,54,1),(72,'icon_user_online','icon_user_online.gif','en',58,58,1),(73,'button_pm_forward','button_pm_forward.gif','en',25,96,1),(74,'button_pm_new','button_pm_new.gif','en',25,84,1),(75,'button_pm_reply','button_pm_reply.gif','en',25,96,1),(76,'button_topic_locked','button_topic_locked.gif','en',25,88,1),(77,'button_topic_new','button_topic_new.gif','en',25,96,1),(78,'button_topic_reply','button_topic_reply.gif','en',25,96,1),(487,'icon_user_online','icon_user_online.gif','en',58,58,6),(485,'icon_post_edit','icon_post_edit.gif','en',20,42,6),(486,'icon_post_quote','icon_post_quote.gif','en',20,54,6),(484,'icon_contact_pm','icon_contact_pm.gif','en',20,28,6),(483,'icon_user_warn','icon_user_warn.gif','',20,20,6),(482,'icon_topic_unapproved','icon_topic_unapproved.gif','',14,16,6),(481,'icon_topic_reported','icon_topic_reported.gif','',14,16,6),(480,'icon_topic_newest','icon_topic_newest.gif','',9,11,6),(479,'icon_topic_latest','icon_topic_latest.gif','',9,11,6),(478,'icon_topic_attach','icon_topic_attach.gif','',10,7,6),(476,'icon_post_target','icon_post_target.gif','',9,11,6),(477,'icon_post_target_unread','icon_post_target_unread.gif','',9,11,6),(475,'icon_post_report','icon_post_report.gif','',20,20,6),(474,'icon_post_info','icon_post_info.gif','',20,20,6),(473,'icon_post_delete','icon_post_delete.gif','',20,20,6),(472,'icon_contact_yahoo','icon_contact_yahoo.gif','',20,20,6),(471,'icon_contact_www','icon_contact_www.gif','',20,20,6),(470,'icon_contact_msnm','icon_contact_msnm.gif','',20,20,6),(468,'icon_contact_icq','icon_contact_icq.gif','',20,20,6),(469,'icon_contact_jabber','icon_contact_jabber.gif','',20,20,6),(466,'icon_contact_aim','icon_contact_aim.gif','',20,20,6),(467,'icon_contact_email','icon_contact_email.gif','',20,20,6),(465,'icon_back_top','icon_back_top.gif','',11,11,6),(463,'pm_read','topic_read.gif','',27,27,6),(464,'pm_unread','topic_unread.gif','',27,27,6),(462,'subforum_unread','subforum_unread.gif','',9,11,6),(461,'subforum_read','subforum_read.gif','',9,11,6),(460,'global_unread_locked_mine','announce_unread_locked_mine.gif','',27,27,6),(459,'global_unread_locked','announce_unread_locked.gif','',27,27,6),(458,'global_unread_mine','announce_unread_mine.gif','',27,27,6),(456,'global_read_locked_mine','announce_read_locked_mine.gif','',27,27,6),(457,'global_unread','announce_unread.gif','',27,27,6),(455,'global_read_locked','announce_read_locked.gif','',27,27,6),(453,'global_read','announce_read.gif','',27,27,6),(454,'global_read_mine','announce_read_mine.gif','',27,27,6),(452,'announce_unread_locked_mine','announce_unread_locked_mine.gif','',27,27,6),(451,'announce_unread_locked','announce_unread_locked.gif','',27,27,6),(449,'announce_unread','announce_unread.gif','',27,27,6),(450,'announce_unread_mine','announce_unread_mine.gif','',27,27,6),(448,'announce_read_locked_mine','announce_read_locked_mine.gif','',27,27,6),(447,'announce_read_locked','announce_read_locked.gif','',27,27,6),(445,'announce_read','announce_read.gif','',27,27,6),(446,'announce_read_mine','announce_read_mine.gif','',27,27,6),(443,'sticky_unread_locked','sticky_unread_locked.gif','',27,27,6),(444,'sticky_unread_locked_mine','sticky_unread_locked_mine.gif','',27,27,6),(442,'sticky_unread_mine','sticky_unread_mine.gif','',27,27,6),(441,'sticky_unread','sticky_unread.gif','',27,27,6),(440,'sticky_read_locked_mine','sticky_read_locked_mine.gif','',27,27,6),(438,'sticky_read_mine','sticky_read_mine.gif','',27,27,6),(439,'sticky_read_locked','sticky_read_locked.gif','',27,27,6),(437,'sticky_read','sticky_read.gif','',27,27,6),(436,'topic_unread_locked_mine','topic_unread_locked_mine.gif','',27,27,6),(435,'topic_unread_locked','topic_unread_locked.gif','',27,27,6),(434,'topic_unread_hot_mine','topic_unread_hot_mine.gif','',27,27,6),(433,'topic_unread_hot','topic_unread_hot.gif','',27,27,6),(432,'topic_unread_mine','topic_unread_mine.gif','',27,27,6),(157,'icon_contact_aim','icon_contact_aim.png','en',0,0,3),(158,'icon_contact_email','icon_contact_email.png','en',0,0,3),(159,'icon_contact_icq','icon_contact_icq.png','en',0,0,3),(160,'icon_contact_jabber','icon_contact_jabber.png','en',0,0,3),(161,'icon_contact_msnm','icon_contact_msnm.png','en',0,0,3),(162,'icon_contact_pm','icon_contact_pm.png','en',0,0,3),(163,'icon_contact_yahoo','icon_contact_yahoo.png','en',0,0,3),(164,'icon_contact_www','icon_contact_www.png','en',0,0,3),(165,'icon_post_delete','icon_post_delete.png','en',0,0,3),(166,'icon_post_edit','icon_post_edit.png','en',0,0,3),(167,'icon_post_info','icon_post_info.png','en',0,0,3),(168,'icon_post_quote','icon_post_quote.png','en',0,0,3),(169,'icon_post_report','icon_post_report.png','en',0,0,3),(170,'icon_user_online','icon_user_online.png','en',0,0,3),(171,'icon_user_offline','icon_user_offline.png','en',0,0,3),(172,'icon_user_profile','icon_user_profile.png','en',0,0,3),(173,'icon_user_search','icon_user_search.png','en',0,0,3),(174,'icon_user_warn','icon_user_warn.png','en',0,0,3),(175,'button_pm_new','button_pm_new.png','en',0,0,3),(176,'button_pm_reply','button_pm_reply.png','en',0,0,3),(177,'button_topic_locked','buttom_topic_locked.png','en',0,0,3),(178,'button_topic_new','button_topic_new.png','en',0,0,3),(179,'button_topic_reply','button_topic_reply.png','en',0,0,3),(180,'icon_post_target','icon_post_target.gif','',9,12,4),(181,'icon_post_target_unread','icon_post_target_unread.gif','',9,12,4),(182,'icon_topic_attach','icon_topic_attach.png','',0,0,4),(183,'icon_topic_latest','icon_topic_latest.gif','',9,18,4),(184,'icon_topic_newest','icon_topic_newest.gif','',9,18,4),(185,'icon_topic_reported','icon_topic_reported.png','',0,0,4),(186,'icon_topic_unapproved','icon_topic_unapproved.png','',0,0,4),(187,'forum_link','forum_link.png','',0,0,4),(188,'forum_read','forum_read.png','',0,0,4),(189,'forum_read_locked','forum_read_locked.png','',0,0,4),(190,'forum_read_subforum','forum_read_subforum.png','',0,0,4),(191,'forum_unread','forum_unread.png','',0,0,4),(192,'forum_unread_locked','forum_unread_locked.png','',0,0,4),(193,'forum_unread_subforum','forum_unread_subforum.png','',0,0,4),(194,'topic_moved','topic_moved.png','',0,0,4),(195,'topic_read','topic_read.png','',0,0,4),(196,'topic_read_mine','topic_read_mine.png','',0,0,4),(197,'topic_read_hot','topic_read_hot.png','',0,0,4),(198,'topic_read_hot_mine','topic_read_hot_mine.png','',0,0,4),(199,'topic_read_locked','topic_read_locked.png','',0,0,4),(200,'topic_read_locked_mine','topic_read_locked_mine.png','',0,0,4),(201,'topic_unread','topic_unread.png','',0,0,4),(202,'topic_unread_mine','topic_unread_mine.png','',0,0,4),(203,'topic_unread_hot','topic_unread_hot.png','',0,0,4),(204,'topic_unread_hot_mine','topic_unread_hot_mine.png','',0,0,4),(205,'topic_unread_locked','topic_unread_locked.png','',0,0,4),(206,'topic_unread_locked_mine','topic_unread_locked_mine.png','',0,0,4),(207,'sticky_read','sticky_read.png','',0,0,4),(208,'sticky_read_mine','sticky_read_mine.png','',0,0,4),(209,'sticky_read_locked','sticky_read_locked.png','',0,0,4),(210,'sticky_read_locked_mine','sticky_read_locked_mine.png','',0,0,4),(211,'sticky_unread','sticky_unread.gif','',18,19,4),(212,'sticky_unread_mine','sticky_unread_mine.png','',0,0,4),(213,'sticky_unread_locked','sticky_unread_locked.png','',0,0,4),(214,'sticky_unread_locked_mine','sticky_unread_locked_mine.png','',0,0,4),(215,'announce_read','announce_read.png','',0,0,4),(216,'announce_read_mine','announce_read_mine.png','',0,0,4),(217,'announce_read_locked','announce_read_locked.png','',0,0,4),(218,'announce_read_locked_mine','announce_read_locked_mine.png','',0,0,4),(219,'announce_unread','announce_unread.png','',0,0,4),(220,'announce_unread_mine','announce_unread_mine.png','',0,0,4),(221,'announce_unread_locked','announce_unread_locked.png','',0,0,4),(222,'announce_unread_locked_mine','announce_unread_locked_mine.png','',0,0,4),(223,'global_read','announce_read.png','',0,0,4),(224,'global_read_mine','announce_read_mine.png','',0,0,4),(225,'global_read_locked','announce_read_locked.png','',0,0,4),(226,'global_read_locked_mine','announce_read_locked_mine.png','',0,0,4),(227,'global_unread','announce_unread.png','',0,0,4),(228,'global_unread_mine','announce_unread_mine.png','',0,0,4),(229,'global_unread_locked','announce_unread_locked.png','',0,0,4),(230,'global_unread_locked_mine','announce_unread_locked_mine.png','',0,0,4),(231,'pm_read','topic_read.png','',0,0,4),(232,'pm_unread','topic_unread.png','',0,0,4),(233,'poll_left','poll_left.gif','',12,4,4),(234,'poll_center','poll_center.gif','',12,1,4),(235,'poll_right','poll_right.gif','',12,4,4),(236,'upload_bar','upload_bar.gif','',16,280,4),(237,'icon_contact_aim','icon_contact_aim.png','en',0,0,4),(238,'icon_contact_email','icon_contact_email.png','en',0,0,4),(239,'icon_contact_icq','icon_contact_icq.png','en',0,0,4),(240,'icon_contact_jabber','icon_contact_jabber.png','en',0,0,4),(241,'icon_contact_msnm','icon_contact_msnm.png','en',0,0,4),(242,'icon_contact_pm','icon_contact_pm.png','en',0,0,4),(243,'icon_contact_yahoo','icon_contact_yahoo.png','en',0,0,4),(244,'icon_contact_www','icon_contact_www.gif','en',0,0,4),(245,'icon_post_delete','icon_post_delete.png','en',0,0,4),(246,'icon_post_edit','icon_post_edit.gif','en',0,0,4),(247,'icon_post_info','icon_post_info.png','en',0,0,4),(248,'icon_post_quote','icon_post_quote.gif','en',0,0,4),(249,'icon_post_report','icon_post_report.png','en',0,0,4),(250,'icon_user_online','icon_user_online.png','en',0,0,4),(251,'icon_user_offline','icon_user_offline.png','en',0,0,4),(252,'icon_user_profile','icon_user_profile.gif','en',0,0,4),(253,'icon_user_search','icon_user_search.gif','en',0,0,4),(254,'icon_user_warn','icon_user_warn.png','en',0,0,4),(255,'button_pm_new','button_pm_new.gif','en',0,0,4),(256,'button_pm_reply','button_pm_reply.gif','en',0,0,4),(257,'button_topic_locked','button_topic_locked.gif','en',0,0,4),(258,'button_topic_new','button_topic_new.gif','en',0,0,4),(259,'button_topic_reply','button_topic_reply.gif','en',0,0,4),(260,'site_logo','site_logo.png','',130,400,5),(261,'forum_link','forum_link.gif','',27,27,5),(262,'forum_read','forum_read.gif','',27,27,5),(263,'forum_read_locked','forum_read_locked.gif','',27,27,5),(264,'forum_read_subforum','forum_read_subforum.gif','',27,27,5),(265,'forum_unread','forum_unread.gif','',27,27,5),(266,'forum_unread_locked','forum_unread_locked.gif','',27,27,5),(267,'forum_unread_subforum','forum_unread_subforum.gif','',27,27,5),(268,'topic_moved','topic_moved.gif','',27,27,5),(269,'topic_read','topic_read.gif','',27,27,5),(270,'topic_read_mine','topic_read_mine.gif','',27,27,5),(271,'topic_read_hot','topic_read_hot.gif','',27,27,5),(272,'topic_read_hot_mine','topic_read_hot_mine.gif','',27,27,5),(273,'topic_read_locked','topic_read_locked.gif','',27,27,5),(274,'topic_read_locked_mine','topic_read_locked_mine.gif','',27,27,5),(275,'topic_unread','topic_unread.gif','',27,27,5),(276,'topic_unread_mine','topic_unread_mine.gif','',27,27,5),(277,'topic_unread_hot','topic_unread_hot.gif','',27,27,5),(278,'topic_unread_hot_mine','topic_unread_hot_mine.gif','',27,27,5),(279,'topic_unread_locked','topic_unread_locked.gif','',27,27,5),(280,'topic_unread_locked_mine','topic_unread_locked_mine.gif','',27,27,5),(281,'sticky_read','sticky_read.gif','',27,27,5),(282,'sticky_read_mine','sticky_read_mine.gif','',27,27,5),(283,'sticky_read_locked','sticky_read_locked.gif','',27,27,5),(284,'sticky_read_locked_mine','sticky_read_locked_mine.gif','',27,27,5),(285,'sticky_unread','sticky_unread.gif','',27,27,5),(286,'sticky_unread_mine','sticky_unread_mine.gif','',27,27,5),(287,'sticky_unread_locked','sticky_unread_locked.gif','',27,27,5),(288,'sticky_unread_locked_mine','sticky_unread_locked_mine.gif','',27,27,5),(289,'announce_read','announce_read.gif','',27,27,5),(290,'announce_read_mine','announce_read_mine.gif','',27,27,5),(291,'announce_read_locked','announce_read_locked.gif','',27,27,5),(292,'announce_read_locked_mine','announce_read_locked_mine.gif','',27,27,5),(293,'announce_unread','announce_unread.gif','',27,27,5),(294,'announce_unread_mine','announce_unread_mine.gif','',27,27,5),(295,'announce_unread_locked','announce_unread_locked.gif','',27,27,5),(296,'announce_unread_locked_mine','announce_unread_locked_mine.gif','',27,27,5),(297,'global_read','announce_read.gif','',27,27,5),(298,'global_read_mine','announce_read_mine.gif','',27,27,5),(299,'global_read_locked','announce_read_locked.gif','',27,27,5),(300,'global_read_locked_mine','announce_read_locked_mine.gif','',27,27,5),(301,'global_unread','announce_unread.gif','',27,27,5),(302,'global_unread_mine','announce_unread_mine.gif','',27,27,5),(303,'global_unread_locked','announce_unread_locked.gif','',27,27,5),(304,'global_unread_locked_mine','announce_unread_locked_mine.gif','',27,27,5),(305,'subforum_read','subforum_read.gif','',9,11,5),(306,'subforum_unread','subforum_unread.gif','',9,11,5),(307,'pm_read','topic_read.gif','',27,27,5),(308,'pm_unread','topic_unread.gif','',27,27,5),(309,'icon_back_top','icon_back_top.gif','',11,11,5),(310,'icon_contact_aim','icon_contact_aim.gif','',20,20,5),(311,'icon_contact_email','icon_contact_email.gif','',20,20,5),(312,'icon_contact_icq','icon_contact_icq.gif','',20,20,5),(313,'icon_contact_jabber','icon_contact_jabber.gif','',20,20,5),(314,'icon_contact_msnm','icon_contact_msnm.gif','',20,20,5),(315,'icon_contact_www','icon_contact_www.gif','',20,20,5),(316,'icon_contact_yahoo','icon_contact_yahoo.gif','',20,20,5),(317,'icon_post_delete','icon_post_delete.gif','',20,20,5),(318,'icon_post_info','icon_post_info.gif','',20,20,5),(319,'icon_post_report','icon_post_report.gif','',20,20,5),(320,'icon_post_target','icon_post_target.gif','',9,11,5),(321,'icon_post_target_unread','icon_post_target_unread.gif','',9,11,5),(322,'icon_topic_attach','icon_topic_attach.gif','',10,7,5),(323,'icon_topic_latest','icon_topic_latest.gif','',9,11,5),(324,'icon_topic_newest','icon_topic_newest.gif','',9,11,5),(325,'icon_topic_reported','icon_topic_reported.gif','',14,16,5),(326,'icon_topic_unapproved','icon_topic_unapproved.gif','',14,16,5),(327,'icon_user_warn','icon_user_warn.gif','',20,20,5),(328,'icon_contact_pm','icon_contact_pm.gif','en',20,28,5),(329,'icon_post_edit','icon_post_edit.gif','en',20,42,5),(330,'icon_post_quote','icon_post_quote.gif','en',20,54,5),(331,'icon_user_online','icon_user_online.gif','en',58,58,5),(332,'button_pm_forward','button_pm_forward.gif','en',25,96,5),(333,'button_pm_new','button_pm_new.gif','en',25,84,5),(334,'button_pm_reply','button_pm_reply.gif','en',25,96,5),(335,'button_topic_locked','button_topic_locked.gif','en',25,88,5),(336,'button_topic_new','button_topic_new.gif','en',25,96,5),(337,'button_topic_reply','button_topic_reply.gif','en',25,96,5),(488,'button_pm_forward','button_pm_forward.gif','en',25,96,6),(431,'topic_unread','topic_unread.gif','',27,27,6),(430,'topic_read_locked_mine','topic_read_locked_mine.gif','',27,27,6),(429,'topic_read_locked','topic_read_locked.gif','',27,27,6),(428,'topic_read_hot_mine','topic_read_hot_mine.gif','',27,27,6),(427,'topic_read_hot','topic_read_hot.gif','',27,27,6),(426,'topic_read_mine','topic_read_mine.gif','',27,27,6),(425,'topic_read','topic_read.gif','',27,27,6),(424,'topic_moved','topic_moved.gif','',27,27,6),(423,'forum_unread_subforum','forum_unread_subforum.gif','',27,27,6),(422,'forum_unread_locked','forum_unread_locked.gif','',27,27,6),(421,'forum_unread','forum_unread.gif','',27,27,6),(420,'forum_read_subforum','forum_read_subforum.gif','',27,27,6),(419,'forum_read_locked','forum_read_locked.gif','',27,27,6),(418,'forum_read','forum_read.gif','',27,27,6),(417,'forum_link','forum_link.gif','',27,27,6),(416,'site_logo','site_logo.gif','',52,139,6),(489,'button_pm_new','button_pm_new.gif','en',25,84,6),(490,'button_pm_reply','button_pm_reply.gif','en',25,96,6),(491,'button_topic_locked','button_topic_locked.gif','en',25,88,6),(492,'button_topic_new','button_topic_new.gif','en',25,96,6),(493,'button_topic_reply','button_topic_reply.gif','en',25,96,6);
/*!40000 ALTER TABLE `phpbb_styles_imageset_data` ENABLE KEYS */;
UNLOCK TABLES;

--
-- Table structure for table `phpbb_styles_template`
--

DROP TABLE IF EXISTS `phpbb_styles_template`;
/*!40101 SET @saved_cs_client     = @@character_set_client */;
/*!40101 SET character_set_client = utf8 */;
CREATE TABLE `phpbb_styles_template` (
  `template_id` mediumint(8) unsigned NOT NULL AUTO_INCREMENT,
  `template_name` varchar(255) COLLATE utf8_bin NOT NULL DEFAULT '',
  `template_copyright` varchar(255) COLLATE utf8_bin NOT NULL DEFAULT '',
  `template_path` varchar(100) COLLATE utf8_bin NOT NULL DEFAULT '',
  `bbcode_bitfield` varchar(255) COLLATE utf8_bin NOT NULL DEFAULT 'kNg=',
  `template_storedb` tinyint(1) unsigned NOT NULL DEFAULT '0',
  `template_inherits_id` int(4) unsigned NOT NULL DEFAULT '0',
  `template_inherit_path` varchar(255) COLLATE utf8_bin NOT NULL DEFAULT '',
  PRIMARY KEY (`template_id`),
  UNIQUE KEY `tmplte_nm` (`template_name`)
) ENGINE=MyISAM AUTO_INCREMENT=7 DEFAULT CHARSET=utf8 COLLATE=utf8_bin;
/*!40101 SET character_set_client = @saved_cs_client */;

--
-- Dumping data for table `phpbb_styles_template`
--

LOCK TABLES `phpbb_styles_template` WRITE;
/*!40000 ALTER TABLE `phpbb_styles_template` DISABLE KEYS */;
INSERT INTO `phpbb_styles_template` VALUES (1,'prosilver','&copy; phpBB Group','prosilver','lNg=',0,0,''),(6,'LoLDominion','&copy; Matti (MMOstyles.com), 2011','LoLDominion','lNg=',0,0,''),(3,'Swirly_Orange','&copy; 2011 QuakeZone','Swirly_Orange','+Ng=',0,0,''),(4,'Ruins','&copy; QuakeZone, 2011','Ruins','+Ng=',0,0,''),(5,'hardwood','&copy; molotov, 2011','hardwood','lNg=',0,0,'');
/*!40000 ALTER TABLE `phpbb_styles_template` ENABLE KEYS */;
UNLOCK TABLES;

--
-- Table structure for table `phpbb_styles_template_data`
--

DROP TABLE IF EXISTS `phpbb_styles_template_data`;
/*!40101 SET @saved_cs_client     = @@character_set_client */;
/*!40101 SET character_set_client = utf8 */;
CREATE TABLE `phpbb_styles_template_data` (
  `template_id` mediumint(8) unsigned NOT NULL DEFAULT '0',
  `template_filename` varchar(100) COLLATE utf8_bin NOT NULL DEFAULT '',
  `template_included` text COLLATE utf8_bin NOT NULL,
  `template_mtime` int(11) unsigned NOT NULL DEFAULT '0',
  `template_data` mediumtext COLLATE utf8_bin NOT NULL,
  KEY `tid` (`template_id`),
  KEY `tfn` (`template_filename`)
) ENGINE=MyISAM DEFAULT CHARSET=utf8 COLLATE=utf8_bin;
/*!40101 SET character_set_client = @saved_cs_client */;

--
-- Dumping data for table `phpbb_styles_template_data`
--

LOCK TABLES `phpbb_styles_template_data` WRITE;
/*!40000 ALTER TABLE `phpbb_styles_template_data` DISABLE KEYS */;
/*!40000 ALTER TABLE `phpbb_styles_template_data` ENABLE KEYS */;
UNLOCK TABLES;

--
-- Table structure for table `phpbb_styles_theme`
--

DROP TABLE IF EXISTS `phpbb_styles_theme`;
/*!40101 SET @saved_cs_client     = @@character_set_client */;
/*!40101 SET character_set_client = utf8 */;
CREATE TABLE `phpbb_styles_theme` (
  `theme_id` mediumint(8) unsigned NOT NULL AUTO_INCREMENT,
  `theme_name` varchar(255) COLLATE utf8_bin NOT NULL DEFAULT '',
  `theme_copyright` varchar(255) COLLATE utf8_bin NOT NULL DEFAULT '',
  `theme_path` varchar(100) COLLATE utf8_bin NOT NULL DEFAULT '',
  `theme_storedb` tinyint(1) unsigned NOT NULL DEFAULT '0',
  `theme_mtime` int(11) unsigned NOT NULL DEFAULT '0',
  `theme_data` mediumtext COLLATE utf8_bin NOT NULL,
  PRIMARY KEY (`theme_id`),
  UNIQUE KEY `theme_name` (`theme_name`)
) ENGINE=MyISAM AUTO_INCREMENT=7 DEFAULT CHARSET=utf8 COLLATE=utf8_bin;
/*!40101 SET character_set_client = @saved_cs_client */;

--
-- Dumping data for table `phpbb_styles_theme`
--

LOCK TABLES `phpbb_styles_theme` WRITE;
/*!40000 ALTER TABLE `phpbb_styles_theme` DISABLE KEYS */;
INSERT INTO `phpbb_styles_theme` VALUES (1,'prosilver','&copy; phpBB Group','prosilver',1,1348666183,'/*  phpBB3 Style Sheet\n    --------------------------------------------------------------\n	Style name:			prosilver (the default phpBB 3.0.x style)\n	Based on style:		\n	Original author:	Tom Beddard ( http://www.subblue.com/ )\n	Modified by:		phpBB Group ( http://www.phpbb.com/ )\n    --------------------------------------------------------------\n*/\n\n/* General Markup Styles\n---------------------------------------- */\n\n* {\n	/* Reset browsers default margin, padding and font sizes */\n	margin: 0;\n	padding: 0;\n}\n\nhtml {\n	font-size: 100%;\n	/* Always show a scrollbar for short pages - stops the jump when the scrollbar appears. non-IE browsers */\n	height: 101%;\n}\n\nbody {\n	/* Text-Sizing with ems: http://www.clagnut.com/blog/348/ */\n	font-family: Verdana, Helvetica, Arial, sans-serif;\n	color: #828282;\n	background-color: #FFFFFF;\n	/*font-size: 62.5%;			 This sets the default font size to be equivalent to 10px */\n	font-size: 10px;\n	margin: 0;\n	padding: 12px 0;\n}\n\nh1 {\n	/* Forum name */\n	font-family: \"Trebuchet MS\", Arial, Helvetica, sans-serif;\n	margin-right: 200px;\n	color: #FFFFFF;\n	margin-top: 15px;\n	font-weight: bold;\n	font-size: 2em;\n}\n\nh2 {\n	/* Forum header titles */\n	font-family: \"Trebuchet MS\", Arial, Helvetica, sans-serif;\n	font-weight: normal;\n	color: #3f3f3f;\n	font-size: 2em;\n	margin: 0.8em 0 0.2em 0;\n}\n\nh2.solo {\n	margin-bottom: 1em;\n}\n\nh3 {\n	/* Sub-headers (also used as post headers, but defined later) */\n	font-family: Arial, Helvetica, sans-serif;\n	font-weight: bold;\n	text-transform: uppercase;\n	border-bottom: 1px solid #CCCCCC;\n	margin-bottom: 3px;\n	padding-bottom: 2px;\n	font-size: 1.05em;\n	color: #989898;\n	margin-top: 20px;\n}\n\nh4 {\n	/* Forum and topic list titles */\n	font-family: \"Trebuchet MS\", Verdana, Helvetica, Arial, Sans-serif;\n	font-size: 1.3em;\n}\n\np {\n	line-height: 1.3em;\n	font-size: 1.1em;\n	margin-bottom: 1.5em;\n}\n\nimg {\n	border-width: 0;\n}\n\nhr {\n	/* Also see tweaks.css */\n	border: 0 none #FFFFFF;\n	border-top: 1px solid #CCCCCC;\n	height: 1px;\n	margin: 5px 0;\n	display: block;\n	clear: both;\n}\n\nhr.dashed {\n	border-top: 1px dashed #CCCCCC;\n	margin: 10px 0;\n}\n\nhr.divider {\n	display: none;\n}\n\np.right {\n	text-align: right;\n}\n\n/* Main blocks\n---------------------------------------- */\n#wrap {\n	padding: 0 20px;\n	min-width: 650px;\n}\n\n#simple-wrap {\n	padding: 6px 10px;\n}\n\n#page-body {\n	margin: 4px 0;\n	clear: both;\n}\n\n#page-footer {\n	clear: both;\n}\n\n#page-footer h3 {\n	margin-top: 20px;\n}\n\n#logo {\n	float: left;\n	width: auto;\n	padding: 10px 13px 0 10px;\n}\n\na#logo:hover {\n	text-decoration: none;\n}\n\n/* Search box\n--------------------------------------------- */\n#search-box {\n	color: #FFFFFF;\n	position: relative;\n	margin-top: 30px;\n	margin-right: 5px;\n	display: block;\n	float: right;\n	text-align: right;\n	white-space: nowrap; /* For Opera */\n}\n\n#search-box #keywords {\n	width: 95px;\n	background-color: #FFF;\n}\n\n#search-box input {\n	border: 1px solid #b0b0b0;\n}\n\n/* .button1 style defined later, just a few tweaks for the search button version */\n#search-box input.button1 {\n	padding: 1px 5px;\n}\n\n#search-box li {\n	text-align: right;\n	margin-top: 4px;\n}\n\n#search-box img {\n	vertical-align: middle;\n	margin-right: 3px;\n}\n\n/* Site description and logo */\n#site-description {\n	float: left;\n	width: 70%;\n}\n\n#site-description h1 {\n	margin-right: 0;\n}\n\n/* Round cornered boxes and backgrounds\n---------------------------------------- */\n.headerbar {\n	background: #ebebeb none repeat-x 0 0;\n	color: #FFFFFF;\n	margin-bottom: 4px;\n	padding: 0 5px;\n}\n\n.navbar {\n	background-color: #ebebeb;\n	padding: 0 10px;\n}\n\n.forabg {\n	background: #b1b1b1 none repeat-x 0 0;\n	margin-bottom: 4px;\n	padding: 0 5px;\n	clear: both;\n}\n\n.forumbg {\n	background: #ebebeb none repeat-x 0 0;\n	margin-bottom: 4px;\n	padding: 0 5px;\n	clear: both;\n}\n\n.panel {\n	margin-bottom: 4px;\n	padding: 0 10px;\n	background-color: #f3f3f3;\n	color: #3f3f3f;\n}\n\n.post {\n	padding: 0 10px;\n	margin-bottom: 4px;\n	background-repeat: no-repeat;\n	background-position: 100% 0;\n}\n\n.post:target .content {\n	color: #000000;\n}\n\n.post:target h3 a {\n	color: #000000;\n}\n\n.bg1	{ background-color: #f7f7f7;}\n.bg2	{ background-color: #f2f2f2; }\n.bg3	{ background-color: #ebebeb; }\n\n.rowbg {\n	margin: 5px 5px 2px 5px;\n}\n\n.ucprowbg {\n	background-color: #e2e2e2;\n}\n\n.fieldsbg {\n	/*border: 1px #DBDEE2 solid;*/\n	background-color: #eaeaea;\n}\n\nspan.corners-top, span.corners-bottom, span.corners-top span, span.corners-bottom span {\n	font-size: 1px;\n	line-height: 1px;\n	display: block;\n	height: 5px;\n	background-repeat: no-repeat;\n}\n\nspan.corners-top {\n	background-image: none;\n	background-position: 0 0;\n	margin: 0 -5px;\n}\n\nspan.corners-top span {\n	background-image: none;\n	background-position: 100% 0;\n}\n\nspan.corners-bottom {\n	background-image: none;\n	background-position: 0 100%;\n	margin: 0 -5px;\n	clear: both;\n}\n\nspan.corners-bottom span {\n	background-image: none;\n	background-position: 100% 100%;\n}\n\n.headbg span.corners-bottom {\n	margin-bottom: -1px;\n}\n\n.post span.corners-top, .post span.corners-bottom, .panel span.corners-top, .panel span.corners-bottom, .navbar span.corners-top, .navbar span.corners-bottom {\n	margin: 0 -10px;\n}\n\n.rules span.corners-top {\n	margin: 0 -10px 5px -10px;\n}\n\n.rules span.corners-bottom {\n	margin: 5px -10px 0 -10px;\n}\n\n/* Horizontal lists\n----------------------------------------*/\nul.linklist {\n	display: block;\n	margin: 0;\n}\n\nul.linklist li {\n	display: block;\n	list-style-type: none;\n	float: left;\n	width: auto;\n	margin-right: 5px;\n	font-size: 1.1em;\n	line-height: 2.2em;\n}\n\nul.linklist li.rightside, p.rightside {\n	float: right;\n	margin-right: 0;\n	margin-left: 5px;\n	text-align: right;\n}\n\nul.navlinks {\n	padding-bottom: 1px;\n	margin-bottom: 1px;\n	border-bottom: 1px solid #FFFFFF;\n	font-weight: bold;\n}\n\nul.leftside {\n	float: left;\n	margin-left: 0;\n	margin-right: 5px;\n	text-align: left;\n}\n\nul.rightside {\n	float: right;\n	margin-left: 5px;\n	margin-right: -5px;\n	text-align: right;\n}\n\n/* Table styles\n----------------------------------------*/\ntable.table1 {\n	/* See tweaks.css */\n}\n\n#ucp-main table.table1 {\n	padding: 2px;\n}\n\ntable.table1 thead th {\n	font-weight: normal;\n	text-transform: uppercase;\n	color: #FFFFFF;\n	line-height: 1.3em;\n	font-size: 1em;\n	padding: 0 0 4px 3px;\n}\n\ntable.table1 thead th span {\n	padding-left: 7px;\n}\n\ntable.table1 tbody tr {\n	border: 1px solid #cfcfcf;\n}\n\ntable.table1 tbody tr:hover, table.table1 tbody tr.hover {\n	background-color: #f6f6f6;\n	color: #000;\n}\n\ntable.table1 td {\n	color: #6a6a6a;\n	font-size: 1.1em;\n}\n\ntable.table1 tbody td {\n	padding: 5px;\n	border-top: 1px solid #FAFAFA;\n}\n\ntable.table1 tbody th {\n	padding: 5px;\n	border-bottom: 1px solid #000000;\n	text-align: left;\n	color: #333333;\n	background-color: #FFFFFF;\n}\n\n/* Specific column styles */\ntable.table1 .name		{ text-align: left; }\ntable.table1 .posts		{ text-align: center !important; width: 7%; }\ntable.table1 .joined	{ text-align: left; width: 15%; }\ntable.table1 .active	{ text-align: left; width: 15%; }\ntable.table1 .mark		{ text-align: center; width: 7%; }\ntable.table1 .info		{ text-align: left; width: 30%; }\ntable.table1 .info div	{ width: 100%; white-space: normal; overflow: hidden; }\ntable.table1 .autocol	{ line-height: 2em; white-space: nowrap; }\ntable.table1 thead .autocol { padding-left: 1em; }\n\ntable.table1 span.rank-img {\n	float: right;\n	width: auto;\n}\n\ntable.info td {\n	padding: 3px;\n}\n\ntable.info tbody th {\n	padding: 3px;\n	text-align: right;\n	vertical-align: top;\n	color: #000000;\n	font-weight: normal;\n}\n\n.forumbg table.table1 {\n	margin: 0;\n}\n\n.forumbg-table > .inner {\n	margin: 0 -1px;\n}\n\n.forumbg-table > .inner > span.corners-top {\n	margin: 0 -4px -1px -4px;\n}\n\n.forumbg-table > .inner > span.corners-bottom {\n	margin: -1px -4px 0 -4px;\n}\n\n/* Misc layout styles\n---------------------------------------- */\n/* column[1-2] styles are containers for two column layouts \n   Also see tweaks.css */\n.column1 {\n	float: left;\n	clear: left;\n	width: 49%;\n}\n\n.column2 {\n	float: right;\n	clear: right;\n	width: 49%;\n}\n\n/* General classes for placing floating blocks */\n.left-box {\n	float: left;\n	width: auto;\n	text-align: left;\n}\n\n.right-box {\n	float: right;\n	width: auto;\n	text-align: right;\n}\n\ndl.details {\n	/*font-family: \"Lucida Grande\", Verdana, Helvetica, Arial, sans-serif;*/\n	font-size: 1.1em;\n}\n\ndl.details dt {\n	float: left;\n	clear: left;\n	width: 30%;\n	text-align: right;\n	color: #000000;\n	display: block;\n}\n\ndl.details dd {\n	margin-left: 0;\n	padding-left: 5px;\n	margin-bottom: 5px;\n	color: #828282;\n	float: left;\n	width: 65%;\n}\n\n/* Pagination\n---------------------------------------- */\n.pagination {\n	height: 1%; /* IE tweak (holly hack) */\n	width: auto;\n	text-align: right;\n	margin-top: 5px;\n	float: right;\n}\n\n.pagination span.page-sep {\n	display: none;\n}\n\nli.pagination {\n	margin-top: 0;\n}\n\n.pagination strong, .pagination b {\n	font-weight: normal;\n}\n\n.pagination span strong {\n	padding: 0 2px;\n	margin: 0 2px;\n	font-weight: normal;\n	color: #FFFFFF;\n	background-color: #bfbfbf;\n	border: 1px solid #bfbfbf;\n	font-size: 0.9em;\n}\n\n.pagination span a, .pagination span a:link, .pagination span a:visited, .pagination span a:active {\n	font-weight: normal;\n	text-decoration: none;\n	color: #747474;\n	margin: 0 2px;\n	padding: 0 2px;\n	background-color: #eeeeee;\n	border: 1px solid #bababa;\n	font-size: 0.9em;\n	line-height: 1.5em;\n}\n\n.pagination span a:hover {\n	border-color: #d2d2d2;\n	background-color: #d2d2d2;\n	color: #FFF;\n	text-decoration: none;\n}\n\n.pagination img {\n	vertical-align: middle;\n}\n\n/* Pagination in viewforum for multipage topics */\n.row .pagination {\n	display: block;\n	float: right;\n	width: auto;\n	margin-top: 0;\n	padding: 1px 0 1px 15px;\n	font-size: 0.9em;\n	background: none 0 50% no-repeat;\n}\n\n.row .pagination span a, li.pagination span a {\n	background-color: #FFFFFF;\n}\n\n.row .pagination span a:hover, li.pagination span a:hover {\n	background-color: #d2d2d2;\n}\n\n/* Miscellaneous styles\n---------------------------------------- */\n#forum-permissions {\n	float: right;\n	width: auto;\n	padding-left: 5px;\n	margin-left: 5px;\n	margin-top: 10px;\n	text-align: right;\n}\n\n.copyright {\n	padding: 5px;\n	text-align: center;\n	color: #555555;\n}\n\n.small {\n	font-size: 0.9em !important;\n}\n\n.titlespace {\n	margin-bottom: 15px;\n}\n\n.headerspace {\n	margin-top: 20px;\n}\n\n.error {\n	color: #bcbcbc;\n	font-weight: bold;\n	font-size: 1em;\n}\n\n.reported {\n	background-color: #f7f7f7;\n}\n\nli.reported:hover {\n	background-color: #ececec;\n}\n\ndiv.rules {\n	background-color: #ececec;\n	color: #bcbcbc;\n	padding: 0 10px;\n	margin: 10px 0;\n	font-size: 1.1em;\n}\n\ndiv.rules ul, div.rules ol {\n	margin-left: 20px;\n}\n\np.rules {\n	background-color: #ececec;\n	background-image: none;\n	padding: 5px;\n}\n\np.rules img {\n	vertical-align: middle;\n	padding-top: 5px;\n}\n\np.rules a {\n	vertical-align: middle;\n	clear: both;\n}\n\n#top {\n	position: absolute;\n	top: -20px;\n}\n\n.clear {\n	display: block;\n	clear: both;\n	font-size: 1px;\n	line-height: 1px;\n	background: transparent;\n}\n/* Link Styles\n---------------------------------------- */\n\n/* Links adjustment to correctly display an order of rtl/ltr mixed content */\na {\n	direction: ltr;\n	unicode-bidi: embed;\n}\n\na:link	{ color: #898989; text-decoration: none; }\na:visited	{ color: #898989; text-decoration: none; }\na:hover	{ color: #d3d3d3; text-decoration: underline; }\na:active	{ color: #d2d2d2; text-decoration: none; }\n\n/* Coloured usernames */\n.username-coloured {\n	font-weight: bold;\n	display: inline !important;\n	padding: 0 !important;\n}\n\n/* Links on gradient backgrounds */\n#search-box a:link, .navbg a:link, .forumbg .header a:link, .forabg .header a:link, th a:link {\n	color: #FFFFFF;\n	text-decoration: none;\n}\n\n#search-box a:visited, .navbg a:visited, .forumbg .header a:visited, .forabg .header a:visited, th a:visited {\n	color: #FFFFFF;\n	text-decoration: none;\n}\n\n#search-box a:hover, .navbg a:hover, .forumbg .header a:hover, .forabg .header a:hover, th a:hover {\n	color: #ffffff;\n	text-decoration: underline;\n}\n\n#search-box a:active, .navbg a:active, .forumbg .header a:active, .forabg .header a:active, th a:active {\n	color: #ffffff;\n	text-decoration: none;\n}\n\n/* Links for forum/topic lists */\na.forumtitle {\n	font-family: \"Trebuchet MS\", Helvetica, Arial, Sans-serif;\n	font-size: 1.2em;\n	font-weight: bold;\n	color: #898989;\n	text-decoration: none;\n}\n\n/* a.forumtitle:visited { color: #898989; } */\n\na.forumtitle:hover {\n	color: #bcbcbc;\n	text-decoration: underline;\n}\n\na.forumtitle:active {\n	color: #898989;\n}\n\na.topictitle {\n	font-family: \"Trebuchet MS\", Helvetica, Arial, Sans-serif;\n	font-size: 1.2em;\n	font-weight: bold;\n	color: #898989;\n	text-decoration: none;\n}\n\n/* a.topictitle:visited { color: #d2d2d2; } */\n\na.topictitle:hover {\n	color: #bcbcbc;\n	text-decoration: underline;\n}\n\na.topictitle:active {\n	color: #898989;\n}\n\n/* Post body links */\n.postlink {\n	text-decoration: none;\n	color: #d2d2d2;\n	border-bottom: 1px solid #d2d2d2;\n	padding-bottom: 0;\n}\n\n/* .postlink:visited { color: #bdbdbd; } */\n\n.postlink:active {\n	color: #d2d2d2;\n}\n\n.postlink:hover {\n	background-color: #f6f6f6;\n	text-decoration: none;\n	color: #404040;\n}\n\n.signature a, .signature a:visited, .signature a:hover, .signature a:active {\n	border: none;\n	text-decoration: underline;\n	background-color: transparent;\n}\n\n/* Profile links */\n.postprofile a:link, .postprofile a:visited, .postprofile dt.author a {\n	font-weight: bold;\n	color: #898989;\n	text-decoration: none;\n}\n\n.postprofile a:hover, .postprofile dt.author a:hover {\n	text-decoration: underline;\n	color: #d3d3d3;\n}\n\n/* CSS spec requires a:link, a:visited, a:hover and a:active rules to be specified in this order. */\n/* See http://www.phpbb.com/bugs/phpbb3/59685 */\n.postprofile a:active {\n	font-weight: bold;\n	color: #898989;\n	text-decoration: none;\n}\n\n\n/* Profile searchresults */	\n.search .postprofile a {\n	color: #898989;\n	text-decoration: none; \n	font-weight: normal;\n}\n\n.search .postprofile a:hover {\n	color: #d3d3d3;\n	text-decoration: underline; \n}\n\n/* Back to top of page */\n.back2top {\n	clear: both;\n	height: 11px;\n	text-align: right;\n}\n\na.top {\n	background: none no-repeat top left;\n	text-decoration: none;\n	width: {IMG_ICON_BACK_TOP_WIDTH}px;\n	height: {IMG_ICON_BACK_TOP_HEIGHT}px;\n	display: block;\n	float: right;\n	overflow: hidden;\n	letter-spacing: 1000px;\n	text-indent: 11px;\n}\n\na.top2 {\n	background: none no-repeat 0 50%;\n	text-decoration: none;\n	padding-left: 15px;\n}\n\n/* Arrow links  */\na.up		{ background: none no-repeat left center; }\na.down		{ background: none no-repeat right center; }\na.left		{ background: none no-repeat 3px 60%; }\na.right		{ background: none no-repeat 95% 60%; }\n\na.up, a.up:link, a.up:active, a.up:visited {\n	padding-left: 10px;\n	text-decoration: none;\n	border-bottom-width: 0;\n}\n\na.up:hover {\n	background-position: left top;\n	background-color: transparent;\n}\n\na.down, a.down:link, a.down:active, a.down:visited {\n	padding-right: 10px;\n}\n\na.down:hover {\n	background-position: right bottom;\n	text-decoration: none;\n}\n\na.left, a.left:active, a.left:visited {\n	padding-left: 12px;\n}\n\na.left:hover {\n	color: #d2d2d2;\n	text-decoration: none;\n	background-position: 0 60%;\n}\n\na.right, a.right:active, a.right:visited {\n	padding-right: 12px;\n}\n\na.right:hover {\n	color: #d2d2d2;\n	text-decoration: none;\n	background-position: 100% 60%;\n}\n\n/* invisible skip link, used for accessibility  */\n.skiplink {\n	position: absolute;\n	left: -999px;\n	width: 990px;\n}\n\n/* Feed icon in forumlist_body.html */\na.feed-icon-forum {\n	float: right;\n	margin: 3px;\n}\n/* Content Styles\n---------------------------------------- */\n\nul.topiclist {\n	display: block;\n	list-style-type: none;\n	margin: 0;\n}\n\nul.forums {\n	background: #f9f9f9 none repeat-x 0 0;\n}\n\nul.topiclist li {\n	display: block;\n	list-style-type: none;\n	color: #777777;\n	margin: 0;\n}\n\nul.topiclist dl {\n	position: relative;\n}\n\nul.topiclist li.row dl {\n	padding: 2px 0;\n}\n\nul.topiclist dt {\n	display: block;\n	float: left;\n	width: 50%;\n	font-size: 1.1em;\n	padding-left: 5px;\n	padding-right: 5px;\n}\n\nul.topiclist dd {\n	display: block;\n	float: left;\n	border-left: 1px solid #FFFFFF;\n	padding: 4px 0;\n}\n\nul.topiclist dfn {\n	/* Labels for post/view counts */\n	position: absolute;\n	left: -999px;\n	width: 990px;\n}\n\nul.topiclist li.row dt a.subforum {\n	background-image: none;\n	background-position: 0 50%;\n	background-repeat: no-repeat;\n	position: relative;\n	white-space: nowrap;\n	padding: 0 0 0 12px;\n}\n\n.forum-image {\n	float: left;\n	padding-top: 5px;\n	margin-right: 5px;\n}\n\nli.row {\n	border-top: 1px solid #FFFFFF;\n	border-bottom: 1px solid #8f8f8f;\n}\n\nli.row strong {\n	font-weight: normal;\n	color: #000000;\n}\n\nli.row:hover {\n	background-color: #f6f6f6;\n}\n\nli.row:hover dd {\n	border-left-color: #CCCCCC;\n}\n\nli.header dt, li.header dd {\n	line-height: 1em;\n	border-left-width: 0;\n	margin: 2px 0 4px 0;\n	color: #FFFFFF;\n	padding-top: 2px;\n	padding-bottom: 2px;\n	font-size: 1em;\n	font-family: Arial, Helvetica, sans-serif;\n	text-transform: uppercase;\n}\n\nli.header dt {\n	font-weight: bold;\n}\n\nli.header dd {\n	margin-left: 1px;\n}\n\nli.header dl.icon {\n	min-height: 0;\n}\n\nli.header dl.icon dt {\n	/* Tweak for headers alignment when folder icon used */\n	padding-left: 0;\n	padding-right: 50px;\n}\n\n/* Forum list column styles */\ndl.icon {\n	min-height: 35px;\n	background-position: 10px 50%;		/* Position of folder icon */\n	background-repeat: no-repeat;\n}\n\ndl.icon dt {\n	padding-left: 45px;					/* Space for folder icon */\n	background-repeat: no-repeat;\n	background-position: 5px 95%;		/* Position of topic icon */\n}\n\ndd.posts, dd.topics, dd.views {\n	width: 8%;\n	text-align: center;\n	line-height: 2.2em;\n	font-size: 1.2em;\n}\n\n/* List in forum description */\ndl.icon dt ol,\ndl.icon dt ul {\n	list-style-position: inside;\n	margin-left: 1em;\n}\n\ndl.icon dt li {\n	display: list-item;\n	list-style-type: inherit;\n}\n\ndd.lastpost {\n	width: 25%;\n	font-size: 1.1em;\n}\n\ndd.redirect {\n	font-size: 1.1em;\n	line-height: 2.5em;\n}\n\ndd.moderation {\n	font-size: 1.1em;\n}\n\ndd.lastpost span, ul.topiclist dd.searchby span, ul.topiclist dd.info span, ul.topiclist dd.time span, dd.redirect span, dd.moderation span {\n	display: block;\n	padding-left: 5px;\n}\n\ndd.time {\n	width: auto;\n	line-height: 200%;\n	font-size: 1.1em;\n}\n\ndd.extra {\n	width: 12%;\n	line-height: 200%;\n	text-align: center;\n	font-size: 1.1em;\n}\n\ndd.mark {\n	float: right !important;\n	width: 9%;\n	text-align: center;\n	line-height: 200%;\n	font-size: 1.2em;\n}\n\ndd.info {\n	width: 30%;\n}\n\ndd.option {\n	width: 15%;\n	line-height: 200%;\n	text-align: center;\n	font-size: 1.1em;\n}\n\ndd.searchby {\n	width: 47%;\n	font-size: 1.1em;\n	line-height: 1em;\n}\n\nul.topiclist dd.searchextra {\n	margin-left: 5px;\n	padding: 0.2em 0;\n	font-size: 1.1em;\n	color: #333333;\n	border-left: none;\n	clear: both;\n	width: 98%;\n	overflow: hidden;\n}\n\n/* Container for post/reply buttons and pagination */\n.topic-actions {\n	margin-bottom: 3px;\n	font-size: 1.1em;\n	height: 28px;\n	min-height: 28px;\n}\ndiv[class].topic-actions {\n	height: auto;\n}\n\n/* Post body styles\n----------------------------------------*/\n.postbody {\n	padding: 0;\n	line-height: 1.48em;\n	color: #333333;\n	width: 76%;\n	float: left;\n	clear: both;\n}\n\n.postbody .ignore {\n	font-size: 1.1em;\n}\n\n.postbody h3.first {\n	/* The first post on the page uses this */\n	font-size: 1.7em;\n}\n\n.postbody h3 {\n	/* Postbody requires a different h3 format - so change it here */\n	font-size: 1.5em;\n	padding: 2px 0 0 0;\n	margin: 0 0 0.3em 0 !important;\n	text-transform: none;\n	border: none;\n	font-family: \"Trebuchet MS\", Verdana, Helvetica, Arial, sans-serif;\n	line-height: 125%;\n}\n\n.postbody h3 img {\n	/* Also see tweaks.css */\n	vertical-align: bottom;\n}\n\n.postbody .content {\n	font-size: 1.3em;\n}\n\n.search .postbody {\n	width: 68%\n}\n\n/* Topic review panel\n----------------------------------------*/\n#review {\n	margin-top: 2em;\n}\n\n#topicreview {\n	padding-right: 5px;\n	overflow: auto;\n	height: 300px;\n}\n\n#topicreview .postbody {\n	width: auto;\n	float: none;\n	margin: 0;\n	height: auto;\n}\n\n#topicreview .post {\n	height: auto;\n}\n\n#topicreview h2 {\n	border-bottom-width: 0;\n}\n\n.post-ignore .postbody {\n	display: none;\n}\n\n/* MCP Post details\n----------------------------------------*/\n#post_details\n{\n	/* This will only work in IE7+, plus the others */\n	overflow: auto;\n	max-height: 300px;\n}\n\n#expand\n{\n	clear: both;\n}\n\n/* Content container styles\n----------------------------------------*/\n.content {\n	min-height: 3em;\n	overflow: hidden;\n	line-height: 1.4em;\n	font-family: \"Lucida Grande\", \"Trebuchet MS\", Verdana, Helvetica, Arial, sans-serif;\n	font-size: 1em;\n	color: #333333;\n	padding-bottom: 1px;\n}\n\n.content h2, .panel h2 {\n	font-weight: normal;\n	color: #989898;\n	border-bottom: 1px solid #CCCCCC;\n	font-size: 1.6em;\n	margin-top: 0.5em;\n	margin-bottom: 0.5em;\n	padding-bottom: 0.5em;\n}\n\n.panel h3 {\n	margin: 0.5em 0;\n}\n\n.panel p {\n	font-size: 1.2em;\n	margin-bottom: 1em;\n	line-height: 1.4em;\n}\n\n.content p {\n	font-family: \"Lucida Grande\", \"Trebuchet MS\", Verdana, Helvetica, Arial, sans-serif;\n	font-size: 1.2em;\n	margin-bottom: 1em;\n	line-height: 1.4em;\n}\n\ndl.faq {\n	font-family: \"Lucida Grande\", Verdana, Helvetica, Arial, sans-serif;\n	font-size: 1.1em;\n	margin-top: 1em;\n	margin-bottom: 2em;\n	line-height: 1.4em;\n}\n\ndl.faq dt {\n	font-weight: bold;\n	color: #333333;\n}\n\n.content dl.faq {\n	font-size: 1.2em;\n	margin-bottom: 0.5em;\n}\n\n.content li {\n	list-style-type: inherit;\n}\n\n.content ul, .content ol {\n	margin-bottom: 1em;\n	margin-left: 3em;\n}\n\n.posthilit {\n	background-color: #f3f3f3;\n	color: #BCBCBC;\n	padding: 0 2px 1px 2px;\n}\n\n.announce, .unreadpost {\n	/* Highlight the announcements & unread posts box */\n	border-left-color: #BCBCBC;\n	border-right-color: #BCBCBC;\n}\n\n/* Post author */\np.author {\n	margin: 0 15em 0.6em 0;\n	padding: 0 0 5px 0;\n	font-family: Verdana, Helvetica, Arial, sans-serif;\n	font-size: 1em;\n	line-height: 1.2em;\n}\n\n/* Post signature */\n.signature {\n	margin-top: 1.5em;\n	padding-top: 0.2em;\n	font-size: 1.1em;\n	border-top: 1px solid #CCCCCC;\n	clear: left;\n	line-height: 140%;\n	overflow: hidden;\n	width: 100%;\n}\n\ndd .signature {\n	margin: 0;\n	padding: 0;\n	clear: none;\n	border: none;\n}\n\n.signature li {\n	list-style-type: inherit;\n}\n\n.signature ul, .signature ol {\n	margin-bottom: 1em;\n	margin-left: 3em;\n}\n\n/* Post noticies */\n.notice {\n	font-family: \"Lucida Grande\", Verdana, Helvetica, Arial, sans-serif;\n	width: auto;\n	margin-top: 1.5em;\n	padding-top: 0.2em;\n	font-size: 1em;\n	border-top: 1px dashed #CCCCCC;\n	clear: left;\n	line-height: 130%;\n}\n\n/* Jump to post link for now */\nul.searchresults {\n	list-style: none;\n	text-align: right;\n	clear: both;\n}\n\n/* BB Code styles\n----------------------------------------*/\n/* Quote block */\nblockquote {\n	background: #ebebeb none 6px 8px no-repeat;\n	border: 1px solid #dbdbdb;\n	font-size: 0.95em;\n	margin: 0.5em 1px 0 25px;\n	overflow: hidden;\n	padding: 5px;\n}\n\nblockquote blockquote {\n	/* Nested quotes */\n	background-color: #bababa;\n	font-size: 1em;\n	margin: 0.5em 1px 0 15px;	\n}\n\nblockquote blockquote blockquote {\n	/* Nested quotes */\n	background-color: #e4e4e4;\n}\n\nblockquote cite {\n	/* Username/source of quoter */\n	font-style: normal;\n	font-weight: bold;\n	margin-left: 20px;\n	display: block;\n	font-size: 0.9em;\n}\n\nblockquote cite cite {\n	font-size: 1em;\n}\n\nblockquote.uncited {\n	padding-top: 25px;\n}\n\n/* Code block */\ndl.codebox {\n	padding: 3px;\n	background-color: #FFFFFF;\n	border: 1px solid #d8d8d8;\n	font-size: 1em;\n}\n\ndl.codebox dt {\n	text-transform: uppercase;\n	border-bottom: 1px solid #CCCCCC;\n	margin-bottom: 3px;\n	font-size: 0.8em;\n	font-weight: bold;\n	display: block;\n}\n\nblockquote dl.codebox {\n	margin-left: 0;\n}\n\ndl.codebox code {\n	/* Also see tweaks.css */\n	overflow: auto;\n	display: block;\n	height: auto;\n	max-height: 200px;\n	white-space: normal;\n	padding-top: 5px;\n	font: 0.9em Monaco, \"Andale Mono\",\"Courier New\", Courier, mono;\n	line-height: 1.3em;\n	color: #8b8b8b;\n	margin: 2px 0;\n}\n\n.syntaxbg		{ color: #FFFFFF; }\n.syntaxcomment	{ color: #000000; }\n.syntaxdefault	{ color: #bcbcbc; }\n.syntaxhtml		{ color: #000000; }\n.syntaxkeyword	{ color: #585858; }\n.syntaxstring	{ color: #a7a7a7; }\n\n/* Attachments\n----------------------------------------*/\n.attachbox {\n	float: left;\n	width: auto; \n	margin: 5px 5px 5px 0;\n	padding: 6px;\n	background-color: #FFFFFF;\n	border: 1px dashed #d8d8d8;\n	clear: left;\n}\n\n.pm-message .attachbox {\n	background-color: #f3f3f3;\n}\n\n.attachbox dt {\n	font-family: Arial, Helvetica, sans-serif;\n	text-transform: uppercase;\n}\n\n.attachbox dd {\n	margin-top: 4px;\n	padding-top: 4px;\n	clear: left;\n	border-top: 1px solid #d8d8d8;\n}\n\n.attachbox dd dd {\n	border: none;\n}\n\n.attachbox p {\n	line-height: 110%;\n	color: #666666;\n	font-weight: normal;\n	clear: left;\n}\n\n.attachbox p.stats\n{\n	line-height: 110%;\n	color: #666666;\n	font-weight: normal;\n	clear: left;\n}\n\n.attach-image {\n	margin: 3px 0;\n	width: 100%;\n	max-height: 350px;\n	overflow: auto;\n}\n\n.attach-image img {\n	border: 1px solid #999999;\n/*	cursor: move; */\n	cursor: default;\n}\n\n/* Inline image thumbnails */\ndiv.inline-attachment dl.thumbnail, div.inline-attachment dl.file {\n	display: block;\n	margin-bottom: 4px;\n}\n\ndiv.inline-attachment p {\n	font-size: 100%;\n}\n\ndl.file {\n	font-family: Verdana, Arial, Helvetica, sans-serif;\n	display: block;\n}\n\ndl.file dt {\n	text-transform: none;\n	margin: 0;\n	padding: 0;\n	font-weight: bold;\n	font-family: Verdana, Arial, Helvetica, sans-serif;\n}\n\ndl.file dd {\n	color: #666666;\n	margin: 0;\n	padding: 0;	\n}\n\ndl.thumbnail img {\n	padding: 3px;\n	border: 1px solid #666666;\n	background-color: #FFF;\n}\n\ndl.thumbnail dd {\n	color: #666666;\n	font-style: italic;\n	font-family: Verdana, Arial, Helvetica, sans-serif;\n}\n\n.attachbox dl.thumbnail dd {\n	font-size: 100%;\n}\n\ndl.thumbnail dt a:hover {\n	background-color: #EEEEEE;\n}\n\ndl.thumbnail dt a:hover img {\n	border: 1px solid #d2d2d2;\n}\n\n/* Post poll styles\n----------------------------------------*/\nfieldset.polls {\n	font-family: \"Trebuchet MS\", Verdana, Helvetica, Arial, sans-serif;\n}\n\nfieldset.polls dl {\n	margin-top: 5px;\n	border-top: 1px solid #e2e2e2;\n	padding: 5px 0 0 0;\n	line-height: 120%;\n	color: #666666;\n}\n\nfieldset.polls dl.voted {\n	font-weight: bold;\n	color: #000000;\n}\n\nfieldset.polls dt {\n	text-align: left;\n	float: left;\n	display: block;\n	width: 30%;\n	border-right: none;\n	padding: 0;\n	margin: 0;\n	font-size: 1.1em;\n}\n\nfieldset.polls dd {\n	float: left;\n	width: 10%;\n	border-left: none;\n	padding: 0 5px;\n	margin-left: 0;\n	font-size: 1.1em;\n}\n\nfieldset.polls dd.resultbar {\n	width: 50%;\n}\n\nfieldset.polls dd input {\n	margin: 2px 0;\n}\n\nfieldset.polls dd div {\n	text-align: right;\n	font-family: Arial, Helvetica, sans-serif;\n	color: #FFFFFF;\n	font-weight: bold;\n	padding: 0 2px;\n	overflow: visible;\n	min-width: 2%;\n}\n\n.pollbar1 {\n	background-color: #aaaaaa;\n	border-bottom: 1px solid #747474;\n	border-right: 1px solid #747474;\n}\n\n.pollbar2 {\n	background-color: #bebebe;\n	border-bottom: 1px solid #8c8c8c;\n	border-right: 1px solid #8c8c8c;\n}\n\n.pollbar3 {\n	background-color: #D1D1D1;\n	border-bottom: 1px solid #aaaaaa;\n	border-right: 1px solid #aaaaaa;\n}\n\n.pollbar4 {\n	background-color: #e4e4e4;\n	border-bottom: 1px solid #bebebe;\n	border-right: 1px solid #bebebe;\n}\n\n.pollbar5 {\n	background-color: #f8f8f8;\n	border-bottom: 1px solid #D1D1D1;\n	border-right: 1px solid #D1D1D1;\n}\n\n/* Poster profile block\n----------------------------------------*/\n.postprofile {\n	/* Also see tweaks.css */\n	margin: 5px 0 10px 0;\n	min-height: 80px;\n	color: #666666;\n	border-left: 1px solid #FFFFFF;\n	width: 22%;\n	float: right;\n	display: inline;\n}\n.pm .postprofile {\n	border-left: 1px solid #DDDDDD;\n}\n\n.postprofile dd, .postprofile dt {\n	line-height: 1.2em;\n	margin-left: 8px;\n}\n\n.postprofile strong {\n	font-weight: normal;\n	color: #000000;\n}\n\n.avatar {\n	border: none;\n	margin-bottom: 3px;\n}\n\n.online {\n	background-image: none;\n	background-position: 100% 0;\n	background-repeat: no-repeat;\n}\n\n/* Poster profile used by search*/\n.search .postprofile {\n	width: 30%;\n}\n\n/* pm list in compose message if mass pm is enabled */\ndl.pmlist dt {\n	width: 60% !important;\n}\n\ndl.pmlist dt textarea {\n	width: 95%;\n}\n\ndl.pmlist dd {\n	margin-left: 61% !important;\n	margin-bottom: 2px;\n}\n/* Button Styles\n---------------------------------------- */\n\n/* Rollover buttons\n   Based on: http://wellstyled.com/css-nopreload-rollovers.html\n----------------------------------------*/\n.buttons {\n	float: left;\n	width: auto;\n	height: auto;\n}\n\n/* Rollover state */\n.buttons div {\n	float: left;\n	margin: 0 5px 0 0;\n	background-position: 0 100%;\n}\n\n/* Rolloff state */\n.buttons div a {\n	display: block;\n	width: 100%;\n	height: 100%;\n	background-position: 0 0;\n	position: relative;\n	overflow: hidden;\n}\n\n/* Hide <a> text and hide off-state image when rolling over (prevents flicker in IE) */\n/*.buttons div span		{ display: none; }*/\n/*.buttons div a:hover	{ background-image: none; }*/\n.buttons div span			{ position: absolute; width: 100%; height: 100%; cursor: pointer;}\n.buttons div a:hover span	{ background-position: 0 100%; }\n\n/* Big button images */\n.reply-icon span	{ background: transparent none 0 0 no-repeat; }\n.post-icon span		{ background: transparent none 0 0 no-repeat; }\n.locked-icon span	{ background: transparent none 0 0 no-repeat; }\n.pmreply-icon span	{ background: none 0 0 no-repeat; }\n.newpm-icon span 	{ background: none 0 0 no-repeat; }\n.forwardpm-icon span 	{ background: none 0 0 no-repeat; }\n\n/* Set big button dimensions */\n.buttons div.reply-icon		{ width: {IMG_BUTTON_TOPIC_REPLY_WIDTH}px; height: {IMG_BUTTON_TOPIC_REPLY_HEIGHT}px; }\n.buttons div.post-icon		{ width: {IMG_BUTTON_TOPIC_NEW_WIDTH}px; height: {IMG_BUTTON_TOPIC_NEW_HEIGHT}px; }\n.buttons div.locked-icon	{ width: {IMG_BUTTON_TOPIC_LOCKED_WIDTH}px; height: {IMG_BUTTON_TOPIC_LOCKED_HEIGHT}px; }\n.buttons div.pmreply-icon	{ width: {IMG_BUTTON_PM_REPLY_WIDTH}px; height: {IMG_BUTTON_PM_REPLY_HEIGHT}px; }\n.buttons div.newpm-icon		{ width: {IMG_BUTTON_PM_NEW_WIDTH}px; height: {IMG_BUTTON_PM_NEW_HEIGHT}px; }\n.buttons div.forwardpm-icon	{ width: {IMG_BUTTON_PM_FORWARD_WIDTH}px; height: {IMG_BUTTON_PM_FORWARD_HEIGHT}px; }\n\n/* Sub-header (navigation bar)\n--------------------------------------------- */\na.print, a.sendemail, a.fontsize {\n	display: block;\n	overflow: hidden;\n	height: 18px;\n	text-indent: -5000px;\n	text-align: left;\n	background-repeat: no-repeat;\n}\n\na.print {\n	background-image: none;\n	width: 22px;\n}\n\na.sendemail {\n	background-image: none;\n	width: 22px;\n}\n\na.fontsize {\n	background-image: none;\n	background-position: 0 -1px;\n	width: 29px;\n}\n\na.fontsize:hover {\n	background-position: 0 -20px;\n	text-decoration: none;\n}\n\n/* Icon images\n---------------------------------------- */\n.sitehome, .icon-faq, .icon-members, .icon-home, .icon-ucp, .icon-register, .icon-logout,\n.icon-bookmark, .icon-bump, .icon-subscribe, .icon-unsubscribe, .icon-pages, .icon-search {\n	background-position: 0 50%;\n	background-repeat: no-repeat;\n	background-image: none;\n	padding: 1px 0 0 17px;\n}\n\n/* Poster profile icons\n----------------------------------------*/\nul.profile-icons {\n	padding-top: 10px;\n	list-style: none;\n}\n\n/* Rollover state */\nul.profile-icons li {\n	float: left;\n	margin: 0 6px 3px 0;\n	background-position: 0 100%;\n}\n\n/* Rolloff state */\nul.profile-icons li a {\n	display: block;\n	width: 100%;\n	height: 100%;\n	background-position: 0 0;\n}\n\n/* Hide <a> text and hide off-state image when rolling over (prevents flicker in IE) */\nul.profile-icons li span { display:none; }\nul.profile-icons li a:hover { background: none; }\n\n/* Positioning of moderator icons */\n.postbody ul.profile-icons {\n	float: right;\n	width: auto;\n	padding: 0;\n}\n\n.postbody ul.profile-icons li {\n	margin: 0 3px;\n}\n\n/* Profile & navigation icons */\n.email-icon, .email-icon a		{ background: none top left no-repeat; }\n.aim-icon, .aim-icon a			{ background: none top left no-repeat; }\n.yahoo-icon, .yahoo-icon a		{ background: none top left no-repeat; }\n.web-icon, .web-icon a			{ background: none top left no-repeat; }\n.msnm-icon, .msnm-icon a			{ background: none top left no-repeat; }\n.icq-icon, .icq-icon a			{ background: none top left no-repeat; }\n.jabber-icon, .jabber-icon a		{ background: none top left no-repeat; }\n.pm-icon, .pm-icon a				{ background: none top left no-repeat; }\n.quote-icon, .quote-icon a		{ background: none top left no-repeat; }\n\n/* Moderator icons */\n.report-icon, .report-icon a		{ background: none top left no-repeat; }\n.warn-icon, .warn-icon a			{ background: none top left no-repeat; }\n.edit-icon, .edit-icon a			{ background: none top left no-repeat; }\n.delete-icon, .delete-icon a		{ background: none top left no-repeat; }\n.info-icon, .info-icon a			{ background: none top left no-repeat; }\n\n/* Set profile icon dimensions */\nul.profile-icons li.email-icon		{ width: {IMG_ICON_CONTACT_EMAIL_WIDTH}px; height: {IMG_ICON_CONTACT_EMAIL_HEIGHT}px; }\nul.profile-icons li.aim-icon	{ width: {IMG_ICON_CONTACT_AIM_WIDTH}px; height: {IMG_ICON_CONTACT_AIM_HEIGHT}px; }\nul.profile-icons li.yahoo-icon	{ width: {IMG_ICON_CONTACT_YAHOO_WIDTH}px; height: {IMG_ICON_CONTACT_YAHOO_HEIGHT}px; }\nul.profile-icons li.web-icon	{ width: {IMG_ICON_CONTACT_WWW_WIDTH}px; height: {IMG_ICON_CONTACT_WWW_HEIGHT}px; }\nul.profile-icons li.msnm-icon	{ width: {IMG_ICON_CONTACT_MSNM_WIDTH}px; height: {IMG_ICON_CONTACT_MSNM_HEIGHT}px; }\nul.profile-icons li.icq-icon	{ width: {IMG_ICON_CONTACT_ICQ_WIDTH}px; height: {IMG_ICON_CONTACT_ICQ_HEIGHT}px; }\nul.profile-icons li.jabber-icon	{ width: {IMG_ICON_CONTACT_JABBER_WIDTH}px; height: {IMG_ICON_CONTACT_JABBER_HEIGHT}px; }\nul.profile-icons li.pm-icon		{ width: {IMG_ICON_CONTACT_PM_WIDTH}px; height: {IMG_ICON_CONTACT_PM_HEIGHT}px; }\nul.profile-icons li.quote-icon	{ width: {IMG_ICON_POST_QUOTE_WIDTH}px; height: {IMG_ICON_POST_QUOTE_HEIGHT}px; }\nul.profile-icons li.report-icon	{ width: {IMG_ICON_POST_REPORT_WIDTH}px; height: {IMG_ICON_POST_REPORT_HEIGHT}px; }\nul.profile-icons li.edit-icon	{ width: {IMG_ICON_POST_EDIT_WIDTH}px; height: {IMG_ICON_POST_EDIT_HEIGHT}px; }\nul.profile-icons li.delete-icon	{ width: {IMG_ICON_POST_DELETE_WIDTH}px; height: {IMG_ICON_POST_DELETE_HEIGHT}px; }\nul.profile-icons li.info-icon	{ width: {IMG_ICON_POST_INFO_WIDTH}px; height: {IMG_ICON_POST_INFO_HEIGHT}px; }\nul.profile-icons li.warn-icon	{ width: {IMG_ICON_USER_WARN_WIDTH}px; height: {IMG_ICON_USER_WARN_HEIGHT}px; }\n\n/* Fix profile icon default margins */\nul.profile-icons li.edit-icon	{ margin: 0 0 0 3px; }\nul.profile-icons li.quote-icon	{ margin: 0 0 0 10px; }\nul.profile-icons li.info-icon, ul.profile-icons li.report-icon	{ margin: 0 3px 0 0; }\n/* Control Panel Styles\n---------------------------------------- */\n\n\n/* Main CP box\n----------------------------------------*/\n#cp-menu {\n	float:left;\n	width: 19%;\n	margin-top: 1em;\n	margin-bottom: 5px;\n}\n\n#cp-main {\n	float: left;\n	width: 81%;\n}\n\n#cp-main .content {\n	padding: 0;\n}\n\n#cp-main h3, #cp-main hr, #cp-menu hr {\n	border-color: #bfbfbf;\n}\n\n#cp-main .panel p {\n	font-size: 1.1em;\n}\n\n#cp-main .panel ol {\n	margin-left: 2em;\n	font-size: 1.1em;\n}\n\n#cp-main .panel li.row {\n	border-bottom: 1px solid #cbcbcb;\n	border-top: 1px solid #F9F9F9;\n}\n\nul.cplist {\n	margin-bottom: 5px;\n	border-top: 1px solid #cbcbcb;\n}\n\n#cp-main .panel li.header dd, #cp-main .panel li.header dt {\n	color: #000000;\n	margin-bottom: 2px;\n}\n\n#cp-main table.table1 {\n	margin-bottom: 1em;\n}\n\n#cp-main table.table1 thead th {\n	color: #333333;\n	font-weight: bold;\n	border-bottom: 1px solid #333333;\n	padding: 5px;\n}\n\n#cp-main table.table1 tbody th {\n	font-style: italic;\n	background-color: transparent !important;\n	border-bottom: none;\n}\n\n#cp-main .pagination {\n	float: right;\n	width: auto;\n	padding-top: 1px;\n}\n\n#cp-main .postbody p {\n	font-size: 1.1em;\n}\n\n#cp-main .pm-message {\n	border: 1px solid #e2e2e2;\n	margin: 10px 0;\n	background-color: #FFFFFF;\n	width: auto;\n	float: none;\n}\n\n.pm-message h2 {\n	padding-bottom: 5px;\n}\n\n#cp-main .postbody h3, #cp-main .box2 h3 {\n	margin-top: 0;\n}\n\n#cp-main .buttons {\n	margin-left: 0;\n}\n\n#cp-main ul.linklist {\n	margin: 0;\n}\n\n/* MCP Specific tweaks */\n.mcp-main .postbody {\n	width: 100%;\n}\n\n.tabs-container h2 {\n	float: left;\n	margin-bottom: 0px;\n}\n\n.tabs-container #minitabs {\n	float: right;\n	margin-top: 19px;\n}\n\n.tabs-container:after {\n	display: block;\n	clear: both;\n	content: \'\';\n}\n\n/* CP tabbed menu\n----------------------------------------*/\n#tabs {\n	line-height: normal;\n	margin: 20px 0 -1px 7px;\n	min-width: 570px;\n}\n\n#tabs ul {\n	margin:0;\n	padding: 0;\n	list-style: none;\n}\n\n#tabs li {\n	display: inline;\n	margin: 0;\n	padding: 0;\n	font-size: 1em;\n	font-weight: bold;\n}\n\n#tabs a {\n	float: left;\n	background: none no-repeat 0% -35px;\n	margin: 0 1px 0 0;\n	padding: 0 0 0 5px;\n	text-decoration: none;\n	position: relative;\n	cursor: pointer;\n}\n\n#tabs a span {\n	float: left;\n	display: block;\n	background: none no-repeat 100% -35px;\n	padding: 6px 10px 6px 5px;\n	color: #828282;\n	white-space: nowrap;\n}\n\n#tabs a:hover span {\n	color: #bcbcbc;\n}\n\n#tabs .activetab a {\n	background-position: 0 0;\n	border-bottom: 1px solid #ebebeb;\n}\n\n#tabs .activetab a span {\n	background-position: 100% 0;\n	padding-bottom: 7px;\n	color: #333333;\n}\n\n#tabs a:hover {\n	background-position: 0 -70px;\n}\n\n#tabs a:hover span {\n	background-position:100% -70px;\n}\n\n#tabs .activetab a:hover {\n	background-position: 0 0;\n}\n\n#tabs .activetab a:hover span {\n	color: #000000;\n	background-position: 100% 0;\n}\n\n/* Mini tabbed menu used in MCP\n----------------------------------------*/\n#minitabs {\n	line-height: normal;\n	margin: -20px 7px 0 0;\n}\n\n#minitabs ul {\n	margin:0;\n	padding: 0;\n	list-style: none;\n}\n\n#minitabs li {\n	display: block;\n	float: right;\n	padding: 0 10px 4px 10px;\n	font-size: 1em;\n	font-weight: bold;\n	background-color: #f2f2f2;\n	margin-left: 2px;\n}\n\n#minitabs a {\n}\n\n#minitabs a:hover {\n	text-decoration: none;\n}\n\n#minitabs li.activetab {\n	background-color: #F9F9F9;\n}\n\n#minitabs li.activetab a, #minitabs li.activetab a:hover {\n	color: #333333;\n}\n\n/* UCP navigation menu\n----------------------------------------*/\n/* Container for sub-navigation list */\n#navigation {\n	width: 100%;\n	padding-top: 36px;\n}\n\n#navigation ul {\n	list-style:none;\n}\n\n/* Default list state */\n#navigation li {\n	margin: 1px 0;\n	padding: 0;\n	font-weight: bold;\n	display: inline;\n}\n\n/* Link styles for the sub-section links */\n#navigation a {\n	display: block;\n	padding: 5px;\n	margin: 1px 0;\n	text-decoration: none;\n	font-weight: bold;\n	color: #333;\n	background: #cfcfcf none repeat-y 100% 0;\n}\n\n#navigation a:hover {\n	text-decoration: none;\n	background-color: #c6c6c6;\n	color: #bcbcbc;\n	background-image: none;\n}\n\n#navigation #active-subsection a {\n	display: block;\n	color: #d3d3d3;\n	background-color: #F9F9F9;\n	background-image: none;\n}\n\n#navigation #active-subsection a:hover {\n	color: #d3d3d3;\n}\n\n/* Preferences pane layout\n----------------------------------------*/\n#cp-main h2 {\n	border-bottom: none;\n	padding: 0;\n	margin-left: 10px;\n	color: #333333;\n}\n\n#cp-main .panel {\n	background-color: #F9F9F9;\n}\n\n#cp-main .pm {\n	background-color: #FFFFFF;\n}\n\n#cp-main span.corners-top, #cp-menu span.corners-top {\n	background-image: none;\n}\n\n#cp-main span.corners-top span, #cp-menu span.corners-top span {\n	background-image: none;\n}\n\n#cp-main span.corners-bottom, #cp-menu span.corners-bottom {\n	background-image: none;\n}\n\n#cp-main span.corners-bottom span, #cp-menu span.corners-bottom span {\n	background-image: none;\n}\n\n/* Topicreview */\n#cp-main .panel #topicreview span.corners-top, #cp-menu .panel #topicreview span.corners-top {\n	background-image: none;\n}\n\n#cp-main .panel #topicreview span.corners-top span, #cp-menu .panel #topicreview span.corners-top span {\n	background-image: none;\n}\n\n#cp-main .panel #topicreview span.corners-bottom, #cp-menu .panel #topicreview span.corners-bottom {\n	background-image: none;\n}\n\n#cp-main .panel #topicreview span.corners-bottom span, #cp-menu .panel #topicreview span.corners-bottom span {\n	background-image: none;\n}\n\n/* Friends list */\n.cp-mini {\n	background-color: #f9f9f9;\n	padding: 0 5px;\n	margin: 10px 15px 10px 5px;\n}\n\n.cp-mini span.corners-top, .cp-mini span.corners-bottom {\n	margin: 0 -5px;\n}\n\ndl.mini dt {\n	font-weight: bold;\n	color: #676767;\n}\n\ndl.mini dd {\n	padding-top: 4px;\n}\n\n.friend-online {\n	font-weight: bold;\n}\n\n.friend-offline {\n	font-style: italic;\n}\n\n/* PM Styles\n----------------------------------------*/\n#pm-menu {\n	line-height: 2.5em;\n}\n\n/* PM panel adjustments */\n.reply-all a.left {\n	background-position: 3px 60%;\n}\n\n.reply-all a.left:hover {\n	background-position: 0px 60%;\n}\n\n.reply-all {\n	font-size: 11px;\n	padding-top: 5px;\n}\n\n/* PM Message history */\n.current {\n	color: #999999;\n}\n\n/* Defined rules list for PM options */\nol.def-rules {\n	padding-left: 0;\n}\n\nol.def-rules li {\n	line-height: 180%;\n	padding: 1px;\n}\n\n/* PM marking colours */\n.pmlist li.bg1 {\n	padding: 0 3px;\n}\n\n.pmlist li.bg2 {\n	padding: 0 3px;\n}\n\n.pmlist li.pm_message_reported_colour, .pm_message_reported_colour {\n	border-left-color: #bcbcbc;\n	border-right-color: #bcbcbc;\n}\n\n.pmlist li.pm_marked_colour, .pm_marked_colour {\n	padding: 0;\n	border: solid 3px #ffffff;\n	border-width: 0 3px;\n}\n\n.pmlist li.pm_replied_colour, .pm_replied_colour {\n	padding: 0;\n	border: solid 3px #c2c2c2;\n	border-width: 0 3px;\n}\n\n.pmlist li.pm_friend_colour, .pm_friend_colour {\n	padding: 0;\n	border: solid 3px #bdbdbd;\n	border-width: 0 3px;\n}\n\n.pmlist li.pm_foe_colour, .pm_foe_colour {\n	padding: 0;\n	border: solid 3px #000000;\n	border-width: 0 3px;\n}\n\n.pm-legend {\n	border-left-width: 10px;\n	border-left-style: solid;\n	border-right-width: 0;\n	margin-bottom: 3px;\n	padding-left: 3px;\n}\n\n/* Avatar gallery */\n#gallery label {\n	position: relative;\n	float: left;\n	margin: 10px;\n	padding: 5px;\n	width: auto;\n	background: #FFFFFF;\n	border: 1px solid #CCC;\n	text-align: center;\n}\n\n#gallery label:hover {\n	background-color: #EEE;\n}\n/* Form Styles\n---------------------------------------- */\n\n/* General form styles\n----------------------------------------*/\nfieldset {\n	border-width: 0;\n	font-family: Verdana, Helvetica, Arial, sans-serif;\n	font-size: 1.1em;\n}\n\ninput {\n	font-weight: normal;\n	cursor: pointer;\n	vertical-align: middle;\n	padding: 0 3px;\n	font-size: 1em;\n	font-family: Verdana, Helvetica, Arial, sans-serif;\n}\n\nselect {\n	font-family: Verdana, Helvetica, Arial, sans-serif;\n	font-weight: normal;\n	cursor: pointer;\n	vertical-align: middle;\n	border: 1px solid #666666;\n	padding: 1px;\n	background-color: #FAFAFA;\n	font-size: 1em;\n}\n\noption {\n	padding-right: 1em;\n}\n\noption.disabled-option {\n	color: graytext;\n}\n\ntextarea {\n	font-family: \"Lucida Grande\", Verdana, Helvetica, Arial, sans-serif;\n	width: 60%;\n	padding: 2px;\n	font-size: 1em;\n	line-height: 1.4em;\n}\n\nlabel {\n	cursor: default;\n	padding-right: 5px;\n	color: #676767;\n}\n\nlabel input {\n	vertical-align: middle;\n}\n\nlabel img {\n	vertical-align: middle;\n}\n\n/* Definition list layout for forms\n---------------------------------------- */\nfieldset dl {\n	padding: 4px 0;\n}\n\nfieldset dt {\n	float: left;	\n	width: 40%;\n	text-align: left;\n	display: block;\n}\n\nfieldset dd {\n	margin-left: 41%;\n	vertical-align: top;\n	margin-bottom: 3px;\n}\n\n/* Specific layout 1 */\nfieldset.fields1 dt {\n	width: 15em;\n	border-right-width: 0;\n}\n\nfieldset.fields1 dd {\n	margin-left: 15em;\n	border-left-width: 0;\n}\n\nfieldset.fields1 {\n	background-color: transparent;\n}\n\nfieldset.fields1 div {\n	margin-bottom: 3px;\n}\n\n/* Set it back to 0px for the reCaptcha divs: PHPBB3-9587 */\nfieldset.fields1 #recaptcha_widget_div div {\n	margin-bottom: 0;\n}\n\n/* Specific layout 2 */\nfieldset.fields2 dt {\n	width: 15em;\n	border-right-width: 0;\n}\n\nfieldset.fields2 dd {\n	margin-left: 16em;\n	border-left-width: 0;\n}\n\n/* Form elements */\ndt label {\n	font-weight: bold;\n	text-align: left;\n}\n\ndd label {\n	white-space: nowrap;\n	color: #333;\n}\n\ndd input, dd textarea {\n	margin-right: 3px;\n}\n\ndd select {\n	width: auto;\n}\n\ndd textarea {\n	width: 85%;\n}\n\n/* Hover effects */\nfieldset dl:hover dt label {\n	color: #000000;\n}\n\nfieldset.fields2 dl:hover dt label {\n	color: inherit;\n}\n\n#timezone {\n	width: 95%;\n}\n\n* html #timezone {\n	width: 50%;\n}\n\n/* Quick-login on index page */\nfieldset.quick-login {\n	margin-top: 5px;\n}\n\nfieldset.quick-login input {\n	width: auto;\n}\n\nfieldset.quick-login input.inputbox {\n	width: 15%;\n	vertical-align: middle;\n	margin-right: 5px;\n	background-color: #f3f3f3;\n}\n\nfieldset.quick-login label {\n	white-space: nowrap;\n	padding-right: 2px;\n}\n\n/* Display options on viewtopic/viewforum pages  */\nfieldset.display-options {\n	text-align: center;\n	margin: 3px 0 5px 0;\n}\n\nfieldset.display-options label {\n	white-space: nowrap;\n	padding-right: 2px;\n}\n\nfieldset.display-options a {\n	margin-top: 3px;\n}\n\n/* Display actions for ucp and mcp pages */\nfieldset.display-actions {\n	text-align: right;\n	line-height: 2em;\n	white-space: nowrap;\n	padding-right: 1em;\n}\n\nfieldset.display-actions label {\n	white-space: nowrap;\n	padding-right: 2px;\n}\n\nfieldset.sort-options {\n	line-height: 2em;\n}\n\n/* MCP forum selection*/\nfieldset.forum-selection {\n	margin: 5px 0 3px 0;\n	float: right;\n}\n\nfieldset.forum-selection2 {\n	margin: 13px 0 3px 0;\n	float: right;\n}\n\n/* Jumpbox */\nfieldset.jumpbox {\n	text-align: right;\n	margin-top: 15px;\n	height: 2.5em;\n}\n\nfieldset.quickmod {\n	width: 50%;\n	float: right;\n	text-align: right;\n	height: 2.5em;\n}\n\n/* Submit button fieldset */\nfieldset.submit-buttons {\n	text-align: center;\n	vertical-align: middle;\n	margin: 5px 0;\n}\n\nfieldset.submit-buttons input {\n	vertical-align: middle;\n	padding-top: 3px;\n	padding-bottom: 3px;\n}\n\n/* Posting page styles\n----------------------------------------*/\n\n/* Buttons used in the editor */\n#format-buttons {\n	margin: 15px 0 2px 0;\n}\n\n#format-buttons input, #format-buttons select {\n	vertical-align: middle;\n}\n\n/* Main message box */\n#message-box {\n	width: 80%;\n}\n\n#message-box textarea {\n	font-family: \"Trebuchet MS\", Verdana, Helvetica, Arial, sans-serif;\n	width: 450px;\n	height: 270px;\n	min-width: 100%;\n	max-width: 100%;\n	font-size: 1.2em;\n	color: #333333;\n}\n\n/* Emoticons panel */\n#smiley-box {\n	width: 18%;\n	float: right;\n}\n\n#smiley-box img {\n	margin: 3px;\n}\n\n/* Input field styles\n---------------------------------------- */\n.inputbox {\n	background-color: #FFFFFF;\n	border: 1px solid #c0c0c0;\n	color: #333333;\n	padding: 2px;\n	cursor: text;\n}\n\n.inputbox:hover {\n	border: 1px solid #eaeaea;\n}\n\n.inputbox:focus {\n	border: 1px solid #eaeaea;\n	color: #4b4b4b;\n}\n\ninput.inputbox	{ width: 85%; }\ninput.medium	{ width: 50%; }\ninput.narrow	{ width: 25%; }\ninput.tiny		{ width: 125px; }\n\ntextarea.inputbox {\n	width: 85%;\n}\n\n.autowidth {\n	width: auto !important;\n}\n\n/* Form button styles\n---------------------------------------- */\ninput.button1, input.button2 {\n	font-size: 1em;\n}\n\na.button1, input.button1, input.button3, a.button2, input.button2 {\n	width: auto !important;\n	padding-top: 1px;\n	padding-bottom: 1px;\n	font-family: \"Lucida Grande\", Verdana, Helvetica, Arial, sans-serif;\n	color: #000;\n	background: #FAFAFA none repeat-x top left;\n}\n\na.button1, input.button1 {\n	font-weight: bold;\n	border: 1px solid #666666;\n}\n\ninput.button3 {\n	padding: 0;\n	margin: 0;\n	line-height: 5px;\n	height: 12px;\n	background-image: none;\n	font-variant: small-caps;\n}\n\n/* Alternative button */\na.button2, input.button2, input.button3 {\n	border: 1px solid #666666;\n}\n\n/* <a> button in the style of the form buttons */\na.button1, a.button1:link, a.button1:visited, a.button1:active, a.button2, a.button2:link, a.button2:visited, a.button2:active {\n	text-decoration: none;\n	color: #000000;\n	padding: 2px 8px;\n	line-height: 250%;\n	vertical-align: text-bottom;\n	background-position: 0 1px;\n}\n\n/* Hover states */\na.button1:hover, input.button1:hover, a.button2:hover, input.button2:hover, input.button3:hover {\n	border: 1px solid #BCBCBC;\n	background-position: 0 100%;\n	color: #BCBCBC;\n}\n\ninput.disabled {\n	font-weight: normal;\n	color: #666666;\n}\n\n/* Topic and forum Search */\n.search-box {\n	margin-top: 3px;\n	margin-left: 5px;\n	float: left;\n}\n\n.search-box input {\n}\n\ninput.search {\n	background-image: none;\n	background-repeat: no-repeat;\n	background-position: left 1px;\n	padding-left: 17px;\n}\n\n.full { width: 95%; }\n.medium { width: 50%;}\n.narrow { width: 25%;}\n.tiny { width: 10%;}\n/* Style Sheet Tweaks\n\nThese style definitions are mainly IE specific \ntweaks required due to its poor CSS support.\n-------------------------------------------------*/\n\n* html table, * html select, * html input { font-size: 100%; }\n* html hr { margin: 0; }\n* html span.corners-top, * html span.corners-bottom { background-image: url(\"{T_THEME_PATH}/images/corners_left.gif\"); }\n* html span.corners-top span, * html span.corners-bottom span { background-image: url(\"{T_THEME_PATH}/images/corners_right.gif\"); }\n\ntable.table1 {\n	width: 99%;		/* IE < 6 browsers */\n	/* Tantek hack */\n	voice-family: \"\\\"}\\\"\";\n	voice-family: inherit;\n	width: 100%;\n}\nhtml>body table.table1 { width: 100%; }	/* Reset 100% for opera */\n\n* html ul.topiclist li { position: relative; }\n* html .postbody h3 img { vertical-align: middle; }\n\n/* Form styles */\nhtml>body dd label input { vertical-align: text-bottom; }	/* Align checkboxes/radio buttons nicely */\n\n* html input.button1, * html input.button2 {\n	padding-bottom: 0;\n	margin-bottom: 1px;\n}\n\n/* Misc layout styles */\n* html .column1, * html .column2 { width: 45%; }\n\n/* Nice method for clearing floated blocks without having to insert any extra markup (like spacer above)\n   From http://www.positioniseverything.net/easyclearing.html \n#tabs:after, #minitabs:after, .post:after, .navbar:after, fieldset dl:after, ul.topiclist dl:after, ul.linklist:after, dl.polls:after {\n	content: \".\"; \n	display: block; \n	height: 0; \n	clear: both; \n	visibility: hidden;\n}*/\n\n.clearfix, #tabs, #minitabs, fieldset dl, ul.topiclist dl, dl.polls {\n	height: 1%;\n	overflow: hidden;\n}\n\n/* viewtopic fix */\n* html .post {\n	height: 25%;\n	overflow: hidden;\n}\n\n/* navbar fix */\n* html .clearfix, * html .navbar, ul.linklist {\n	height: 4%;\n	overflow: hidden;\n}\n\n/* Simple fix so forum and topic lists always have a min-height set, even in IE6\n	From http://www.dustindiaz.com/min-height-fast-hack */\ndl.icon {\n	min-height: 35px;\n	height: auto !important;\n	height: 35px;\n}\n\n* html li.row dl.icon dt {\n	height: 35px;\n	overflow: visible;\n}\n\n* html #search-box {\n	width: 25%;\n}\n\n/* Correctly clear floating for details on profile view */\n*:first-child+html dl.details dd {\n	margin-left: 30%;\n	float: none;\n}\n\n* html dl.details dd {\n	margin-left: 30%;\n	float: none;\n}\n\n/* Headerbar height fix for IE7 and below */\n* html #site-description p {\n	margin-bottom: 1.0em;\n}\n\n*:first-child+html #site-description p {\n	margin-bottom: 1.0em;\n}\n\n/* #minitabs fix for IE */\n.tabs-container {\n	zoom: 1;\n}\n\n#minitabs {\n	white-space: nowrap;\n	*min-width: 50%;\n}\n/*  	\n--------------------------------------------------------------\nColours and backgrounds for common.css\n-------------------------------------------------------------- */\n\nhtml, body {\n	color: #536482;\n	background-color: #FFFFFF;\n}\n\nh1 {\n	color: #FFFFFF;\n}\n\nh2 {\n	color: #28313F;\n}\n\nh3 {\n	border-bottom-color: #CCCCCC;\n	color: #115098;\n}\n\nhr {\n	border-color: #FFFFFF;\n	border-top-color: #CCCCCC;\n}\n\nhr.dashed {\n	border-top-color: #CCCCCC;\n}\n\n/* Search box\n--------------------------------------------- */\n\n#search-box {\n	color: #FFFFFF;\n}\n\n#search-box #keywords {\n	background-color: #FFF;\n}\n\n#search-box input {\n	border-color: #0075B0;\n}\n\n/* Round cornered boxes and backgrounds\n---------------------------------------- */\n.headerbar {\n	background-color: #12A3EB;\n	background-image: url(\"{T_THEME_PATH}/images/bg_header.gif\");\n	color: #FFFFFF;\n}\n\n.navbar {\n	background-color: #cadceb;\n}\n\n.forabg {\n	background-color: #0076b1;\n	background-image: url(\"{T_THEME_PATH}/images/bg_list.gif\");\n}\n\n.forumbg {\n	background-color: #12A3EB;\n	background-image: url(\"{T_THEME_PATH}/images/bg_header.gif\");\n}\n\n.panel {\n	background-color: #ECF1F3;\n	color: #28313F;\n}\n\n.post:target .content {\n	color: #000000;\n}\n\n.post:target h3 a {\n	color: #000000;\n}\n\n.bg1	{ background-color: #ECF3F7; }\n.bg2	{ background-color: #e1ebf2;  }\n.bg3	{ background-color: #cadceb; }\n\n.ucprowbg {\n	background-color: #DCDEE2;\n}\n\n.fieldsbg {\n	background-color: #E7E8EA;\n}\n\nspan.corners-top {\n	background-image: url(\"{T_THEME_PATH}/images/corners_left.png\");\n}\n\nspan.corners-top span {\n	background-image: url(\"{T_THEME_PATH}/images/corners_right.png\");\n}\n\nspan.corners-bottom {\n	background-image: url(\"{T_THEME_PATH}/images/corners_left.png\");\n}\n\nspan.corners-bottom span {\n	background-image: url(\"{T_THEME_PATH}/images/corners_right.png\");\n}\n\n/* Horizontal lists\n----------------------------------------*/\n\nul.navlinks {\n	border-bottom-color: #FFFFFF;\n}\n\n/* Table styles\n----------------------------------------*/\ntable.table1 thead th {\n	color: #FFFFFF;\n}\n\ntable.table1 tbody tr {\n	border-color: #BFC1CF;\n}\n\ntable.table1 tbody tr:hover, table.table1 tbody tr.hover {\n	background-color: #CFE1F6;\n	color: #000;\n}\n\ntable.table1 td {\n	color: #536482;\n}\n\ntable.table1 tbody td {\n	border-top-color: #FAFAFA;\n}\n\ntable.table1 tbody th {\n	border-bottom-color: #000000;\n	color: #333333;\n	background-color: #FFFFFF;\n}\n\ntable.info tbody th {\n	color: #000000;\n}\n\n/* Misc layout styles\n---------------------------------------- */\ndl.details dt {\n	color: #000000;\n}\n\ndl.details dd {\n	color: #536482;\n}\n\n.sep {\n	color: #1198D9;\n}\n\n/* Pagination\n---------------------------------------- */\n\n.pagination span strong {\n	color: #FFFFFF;\n	background-color: #4692BF;\n	border-color: #4692BF;\n}\n\n.pagination span a, .pagination span a:link, .pagination span a:visited {\n	color: #5C758C;\n	background-color: #ECEDEE;\n	border-color: #B4BAC0;\n}\n\n.pagination span a:hover {\n	border-color: #368AD2;\n	background-color: #368AD2;\n	color: #FFF;\n}\n\n.pagination span a:active {\n	color: #5C758C;\n	background-color: #ECEDEE;\n	border-color: #B4BAC0;\n}\n\n/* Pagination in viewforum for multipage topics */\n.row .pagination {\n	background-image: url(\"{T_THEME_PATH}/images/icon_pages.gif\");\n}\n\n.row .pagination span a, li.pagination span a {\n	background-color: #FFFFFF;\n}\n\n.row .pagination span a:hover, li.pagination span a:hover {\n	background-color: #368AD2;\n}\n\n/* Miscellaneous styles\n---------------------------------------- */\n\n.copyright {\n	color: #555555;\n}\n\n.error {\n	color: #BC2A4D;\n}\n\n.reported {\n	background-color: #F7ECEF;\n}\n\nli.reported:hover {\n	background-color: #ECD5D8 !important;\n}\n.sticky, .announce {\n	/* you can add a background for stickies and announcements*/\n}\n\ndiv.rules {\n	background-color: #ECD5D8;\n	color: #BC2A4D;\n}\n\np.rules {\n	background-color: #ECD5D8;\n	background-image: none;\n}\n\n/*  	\n--------------------------------------------------------------\nColours and backgrounds for links.css\n-------------------------------------------------------------- */\n\na:link	{ color: #105289; }\na:visited	{ color: #105289; }\na:hover	{ color: #D31141; }\na:active	{ color: #368AD2; }\n\n/* Links on gradient backgrounds */\n#search-box a:link, .navbg a:link, .forumbg .header a:link, .forabg .header a:link, th a:link {\n	color: #FFFFFF;\n}\n\n#search-box a:visited, .navbg a:visited, .forumbg .header a:visited, .forabg .header a:visited, th a:visited {\n	color: #FFFFFF;\n}\n\n#search-box a:hover, .navbg a:hover, .forumbg .header a:hover, .forabg .header a:hover, th a:hover {\n	color: #A8D8FF;\n}\n\n#search-box a:active, .navbg a:active, .forumbg .header a:active, .forabg .header a:active, th a:active {\n	color: #C8E6FF;\n}\n\n/* Links for forum/topic lists */\na.forumtitle {\n	color: #105289;\n}\n\n/* a.forumtitle:visited { color: #105289; } */\n\na.forumtitle:hover {\n	color: #BC2A4D;\n}\n\na.forumtitle:active {\n	color: #105289;\n}\n\na.topictitle {\n	color: #105289;\n}\n\n/* a.topictitle:visited { color: #368AD2; } */\n\na.topictitle:hover {\n	color: #BC2A4D;\n}\n\na.topictitle:active {\n	color: #105289;\n}\n\n/* Post body links */\n.postlink {\n	color: #368AD2;\n	border-bottom-color: #368AD2;\n}\n\n.postlink:visited {\n	color: #5D8FBD;\n	border-bottom-color: #5D8FBD;\n}\n\n.postlink:active {\n	color: #368AD2;\n}\n\n.postlink:hover {\n	background-color: #D0E4F6;\n	color: #0D4473;\n}\n\n.signature a, .signature a:visited, .signature a:hover, .signature a:active {\n	background-color: transparent;\n}\n\n/* Profile links */\n.postprofile a:link, .postprofile a:visited, .postprofile dt.author a {\n	color: #105289;\n}\n\n.postprofile a:hover, .postprofile dt.author a:hover {\n	color: #D31141;\n}\n\n.postprofile a:active {\n	color: #105289;\n}\n\n/* Profile searchresults */	\n.search .postprofile a {\n	color: #105289;\n}\n\n.search .postprofile a:hover {\n	color: #D31141;\n}\n\n/* Back to top of page */\na.top {\n	background-image: url(\"{IMG_ICON_BACK_TOP_SRC}\");\n}\n\na.top2 {\n	background-image: url(\"{IMG_ICON_BACK_TOP_SRC}\");\n}\n\n/* Arrow links  */\na.up		{ background-image: url(\"{T_THEME_PATH}/images/arrow_up.gif\") }\na.down		{ background-image: url(\"{T_THEME_PATH}/images/arrow_down.gif\") }\na.left		{ background-image: url(\"{T_THEME_PATH}/images/arrow_left.gif\") }\na.right		{ background-image: url(\"{T_THEME_PATH}/images/arrow_right.gif\") }\n\na.up:hover {\n	background-color: transparent;\n}\n\na.left:hover {\n	color: #368AD2;\n}\n\na.right:hover {\n	color: #368AD2;\n}\n\n\n/*  	\n--------------------------------------------------------------\nColours and backgrounds for content.css\n-------------------------------------------------------------- */\n\nul.forums {\n	background-color: #eef5f9;\n	background-image: url(\"{T_THEME_PATH}/images/gradient.gif\");\n}\n\nul.topiclist li {\n	color: #4C5D77;\n}\n\nul.topiclist dd {\n	border-left-color: #FFFFFF;\n}\n\n.rtl ul.topiclist dd {\n	border-right-color: #fff;\n	border-left-color: transparent;\n}\n\nul.topiclist li.row dt a.subforum.read {\n	background-image: url(\"{IMG_SUBFORUM_READ_SRC}\");\n}\n\nul.topiclist li.row dt a.subforum.unread {\n	background-image: url(\"{IMG_SUBFORUM_UNREAD_SRC}\");\n}\n\nli.row {\n	border-top-color:  #FFFFFF;\n	border-bottom-color: #00608F;\n}\n\nli.row strong {\n	color: #000000;\n}\n\nli.row:hover {\n	background-color: #F6F4D0;\n}\n\nli.row:hover dd {\n	border-left-color: #CCCCCC;\n}\n\n.rtl li.row:hover dd {\n	border-right-color: #CCCCCC;\n	border-left-color: transparent;\n}\n\nli.header dt, li.header dd {\n	color: #FFFFFF;\n}\n\n/* Forum list column styles */\nul.topiclist dd.searchextra {\n	color: #333333;\n}\n\n/* Post body styles\n----------------------------------------*/\n.postbody {\n	color: #333333;\n}\n\n/* Content container styles\n----------------------------------------*/\n.content {\n	color: #333333;\n}\n\n.content h2, .panel h2 {\n	color: #115098;\n	border-bottom-color:  #CCCCCC;\n}\n\ndl.faq dt {\n	color: #333333;\n}\n\n.posthilit {\n	background-color: #F3BFCC;\n	color: #BC2A4D;\n}\n\n/* Post signature */\n.signature {\n	border-top-color: #CCCCCC;\n}\n\n/* Post noticies */\n.notice {\n	border-top-color:  #CCCCCC;\n}\n\n/* BB Code styles\n----------------------------------------*/\n/* Quote block */\nblockquote {\n	background-color: #EBEADD;\n	background-image: url(\"{T_THEME_PATH}/images/quote.gif\");\n	border-color:#DBDBCE;\n}\n\n.rtl blockquote {\n	background-image: url(\"{T_THEME_PATH}/images/quote_rtl.gif\");\n}\n\nblockquote blockquote {\n	/* Nested quotes */\n	background-color:#EFEED9;\n}\n\nblockquote blockquote blockquote {\n	/* Nested quotes */\n	background-color: #EBEADD;\n}\n\n/* Code block */\ndl.codebox {\n	background-color: #FFFFFF;\n	border-color: #C9D2D8;\n}\n\ndl.codebox dt {\n	border-bottom-color:  #CCCCCC;\n}\n\ndl.codebox code {\n	color: #2E8B57;\n}\n\n.syntaxbg		{ color: #FFFFFF; }\n.syntaxcomment	{ color: #FF8000; }\n.syntaxdefault	{ color: #0000BB; }\n.syntaxhtml		{ color: #000000; }\n.syntaxkeyword	{ color: #007700; }\n.syntaxstring	{ color: #DD0000; }\n\n/* Attachments\n----------------------------------------*/\n.attachbox {\n	background-color: #FFFFFF;\n	border-color:  #C9D2D8;\n}\n\n.pm-message .attachbox {\n	background-color: #F2F3F3;\n}\n\n.attachbox dd {\n	border-top-color: #C9D2D8;\n}\n\n.attachbox p {\n	color: #666666;\n}\n\n.attachbox p.stats {\n	color: #666666;\n}\n\n.attach-image img {\n	border-color: #999999;\n}\n\n/* Inline image thumbnails */\n\ndl.file dd {\n	color: #666666;\n}\n\ndl.thumbnail img {\n	border-color: #666666;\n	background-color: #FFFFFF;\n}\n\ndl.thumbnail dd {\n	color: #666666;\n}\n\ndl.thumbnail dt a:hover {\n	background-color: #EEEEEE;\n}\n\ndl.thumbnail dt a:hover img {\n	border-color: #368AD2;\n}\n\n/* Post poll styles\n----------------------------------------*/\n\nfieldset.polls dl {\n	border-top-color: #DCDEE2;\n	color: #666666;\n}\n\nfieldset.polls dl.voted {\n	color: #000000;\n}\n\nfieldset.polls dd div {\n	color: #FFFFFF;\n}\n\n.rtl .pollbar1, .rtl .pollbar2, .rtl .pollbar3, .rtl .pollbar4, .rtl .pollbar5 {\n	border-right-color: transparent;\n}\n\n.pollbar1 {\n	background-color: #AA2346;\n	border-bottom-color: #74162C;\n	border-right-color: #74162C;\n}\n\n.rtl .pollbar1 {\n	border-left-color: #74162C;\n}\n\n.pollbar2 {\n	background-color: #BE1E4A;\n	border-bottom-color: #8C1C38;\n	border-right-color: #8C1C38;\n}\n\n.rtl .pollbar2 {\n	border-left-color: #8C1C38;\n}\n\n.pollbar3 {\n	background-color: #D11A4E;\n	border-bottom-color: #AA2346;\n	border-right-color: #AA2346;\n}\n\n.rtl .pollbar3 {\n	border-left-color: #AA2346;\n}\n\n.pollbar4 {\n	background-color: #E41653;\n	border-bottom-color: #BE1E4A;\n	border-right-color: #BE1E4A;\n}\n\n.rtl .pollbar4 {\n	border-left-color: #BE1E4A;\n}\n\n.pollbar5 {\n	background-color: #F81157;\n	border-bottom-color: #D11A4E;\n	border-right-color: #D11A4E;\n}\n\n.rtl .pollbar5 {\n	border-left-color: #D11A4E;\n}\n\n/* Poster profile block\n----------------------------------------*/\n.postprofile {\n	color: #666666;\n	border-left-color: #FFFFFF;\n}\n\n.rtl .postprofile {\n	border-right-color: #FFFFFF;\n	border-left-color: transparent;\n}\n\n.pm .postprofile {\n	border-left-color: #DDDDDD;\n}\n\n.rtl .pm .postprofile {\n	border-right-color: #DDDDDD;\n	border-left-color: transparent;\n}\n\n.postprofile strong {\n	color: #000000;\n}\n\n.online {\n	background-image: url(\"{IMG_ICON_USER_ONLINE_SRC}\");\n}\n\n/*  	\n--------------------------------------------------------------\nColours and backgrounds for buttons.css\n-------------------------------------------------------------- */\n\n/* Big button images */\n.reply-icon span	{ background-image: url(\"{IMG_BUTTON_TOPIC_REPLY_SRC}\"); }\n.post-icon span		{ background-image: url(\"{IMG_BUTTON_TOPIC_NEW_SRC}\"); }\n.locked-icon span	{ background-image: url(\"{IMG_BUTTON_TOPIC_LOCKED_SRC}\"); }\n.pmreply-icon span	{ background-image: url(\"{IMG_BUTTON_PM_REPLY_SRC}\") ;}\n.newpm-icon span 	{ background-image: url(\"{IMG_BUTTON_PM_NEW_SRC}\") ;}\n.forwardpm-icon span	{ background-image: url(\"{IMG_BUTTON_PM_FORWARD_SRC}\") ;}\n\na.print {\n	background-image: url(\"{T_THEME_PATH}/images/icon_print.gif\");\n}\n\na.sendemail {\n	background-image: url(\"{T_THEME_PATH}/images/icon_sendemail.gif\");\n}\n\na.fontsize {\n	background-image: url(\"{T_THEME_PATH}/images/icon_fontsize.gif\");\n}\n\n/* Icon images\n---------------------------------------- */\n.sitehome						{ background-image: url(\"{T_THEME_PATH}/images/icon_home.gif\"); }\n.icon-faq						{ background-image: url(\"{T_THEME_PATH}/images/icon_faq.gif\"); }\n.icon-members					{ background-image: url(\"{T_THEME_PATH}/images/icon_members.gif\"); }\n.icon-home						{ background-image: url(\"{T_THEME_PATH}/images/icon_home.gif\"); }\n.icon-ucp						{ background-image: url(\"{T_THEME_PATH}/images/icon_ucp.gif\"); }\n.icon-register					{ background-image: url(\"{T_THEME_PATH}/images/icon_register.gif\"); }\n.icon-logout					{ background-image: url(\"{T_THEME_PATH}/images/icon_logout.gif\"); }\n.icon-bookmark					{ background-image: url(\"{T_THEME_PATH}/images/icon_bookmark.gif\"); }\n.icon-bump						{ background-image: url(\"{T_THEME_PATH}/images/icon_bump.gif\"); }\n.icon-subscribe					{ background-image: url(\"{T_THEME_PATH}/images/icon_subscribe.gif\"); }\n.icon-unsubscribe				{ background-image: url(\"{T_THEME_PATH}/images/icon_unsubscribe.gif\"); }\n.icon-pages						{ background-image: url(\"{T_THEME_PATH}/images/icon_pages.gif\"); }\n.icon-search					{ background-image: url(\"{T_THEME_PATH}/images/icon_search.gif\"); }\n\n/* Profile & navigation icons */\n.email-icon, .email-icon a		{ background-image: url(\"{IMG_ICON_CONTACT_EMAIL_SRC}\"); }\n.aim-icon, .aim-icon a			{ background-image: url(\"{IMG_ICON_CONTACT_AIM_SRC}\"); }\n.yahoo-icon, .yahoo-icon a		{ background-image: url(\"{IMG_ICON_CONTACT_YAHOO_SRC}\"); }\n.web-icon, .web-icon a			{ background-image: url(\"{IMG_ICON_CONTACT_WWW_SRC}\"); }\n.msnm-icon, .msnm-icon a			{ background-image: url(\"{IMG_ICON_CONTACT_MSNM_SRC}\"); }\n.icq-icon, .icq-icon a			{ background-image: url(\"{IMG_ICON_CONTACT_ICQ_SRC}\"); }\n.jabber-icon, .jabber-icon a		{ background-image: url(\"{IMG_ICON_CONTACT_JABBER_SRC}\"); }\n.pm-icon, .pm-icon a				{ background-image: url(\"{IMG_ICON_CONTACT_PM_SRC}\"); }\n.quote-icon, .quote-icon a		{ background-image: url(\"{IMG_ICON_POST_QUOTE_SRC}\"); }\n\n/* Moderator icons */\n.report-icon, .report-icon a		{ background-image: url(\"{IMG_ICON_POST_REPORT_SRC}\"); }\n.edit-icon, .edit-icon a			{ background-image: url(\"{IMG_ICON_POST_EDIT_SRC}\"); }\n.delete-icon, .delete-icon a		{ background-image: url(\"{IMG_ICON_POST_DELETE_SRC}\"); }\n.info-icon, .info-icon a			{ background-image: url(\"{IMG_ICON_POST_INFO_SRC}\"); }\n.warn-icon, .warn-icon a			{ background-image: url(\"{IMG_ICON_USER_WARN_SRC}\"); } /* Need updated warn icon */\n\n/*  	\n--------------------------------------------------------------\nColours and backgrounds for cp.css\n-------------------------------------------------------------- */\n\n/* Main CP box\n----------------------------------------*/\n\n#cp-main h3, #cp-main hr, #cp-menu hr {\n	border-color: #A4B3BF;\n}\n\n#cp-main .panel li.row {\n	border-bottom-color: #B5C1CB;\n	border-top-color: #F9F9F9;\n}\n\nul.cplist {\n	border-top-color: #B5C1CB;\n}\n\n#cp-main .panel li.header dd, #cp-main .panel li.header dt {\n	color: #000000;\n}\n\n#cp-main table.table1 thead th {\n	color: #333333;\n	border-bottom-color: #333333;\n}\n\n#cp-main .pm-message {\n	border-color: #DBDEE2;\n	background-color: #FFFFFF;\n}\n\n/* CP tabbed menu\n----------------------------------------*/\n#tabs a {\n	background-image: url(\"{T_THEME_PATH}/images/bg_tabs1.gif\");\n}\n\n#tabs a span {\n	background-image: url(\"{T_THEME_PATH}/images/bg_tabs2.gif\");\n	color: #536482;\n}\n\n#tabs a:hover span {\n	color: #BC2A4D;\n}\n\n#tabs .activetab a {\n	border-bottom-color: #CADCEB;\n}\n\n#tabs .activetab a span {\n	color: #333333;\n}\n\n#tabs .activetab a:hover span {\n	color: #000000;\n}\n\n/* Mini tabbed menu used in MCP\n----------------------------------------*/\n#minitabs li {\n	background-color: #E1EBF2;\n}\n\n#minitabs li.activetab {\n	background-color: #F9F9F9;\n}\n\n#minitabs li.activetab a, #minitabs li.activetab a:hover {\n	color: #333333;\n}\n\n/* UCP navigation menu\n----------------------------------------*/\n\n/* Link styles for the sub-section links */\n#navigation a {\n	color: #333;\n	background-color: #B2C2CF;\n	background-image: url(\"{T_THEME_PATH}/images/bg_menu.gif\");\n}\n\n.rtl #navigation a {\n	background-image: url(\"{T_THEME_PATH}/images/bg_menu_rtl.gif\");\n	background-position: 0 100%;\n}\n\n#navigation a:hover {\n	background-image: none;\n	background-color: #aabac6;\n	color: #BC2A4D;\n}\n\n#navigation #active-subsection a {\n	color: #D31141;\n	background-color: #F9F9F9;\n	background-image: none;\n}\n\n#navigation #active-subsection a:hover {\n	color: #D31141;\n}\n\n/* Preferences pane layout\n----------------------------------------*/\n#cp-main h2 {\n	color: #333333;\n}\n\n#cp-main .panel {\n	background-color: #F9F9F9;\n}\n\n#cp-main .pm {\n	background-color: #FFFFFF;\n}\n\n#cp-main span.corners-top, #cp-menu span.corners-top {\n	background-image: url(\"{T_THEME_PATH}/images/corners_left2.gif\");\n}\n\n#cp-main span.corners-top span, #cp-menu span.corners-top span {\n	background-image: url(\"{T_THEME_PATH}/images/corners_right2.gif\");\n}\n\n#cp-main span.corners-bottom, #cp-menu span.corners-bottom {\n	background-image: url(\"{T_THEME_PATH}/images/corners_left2.gif\");\n}\n\n#cp-main span.corners-bottom span, #cp-menu span.corners-bottom span {\n	background-image: url(\"{T_THEME_PATH}/images/corners_right2.gif\");\n}\n\n/* Topicreview */\n#cp-main .panel #topicreview span.corners-top, #cp-menu .panel #topicreview span.corners-top {\n	background-image: url(\"{T_THEME_PATH}/images/corners_left.gif\");\n}\n\n#cp-main .panel #topicreview span.corners-top span, #cp-menu .panel #topicreview span.corners-top span {\n	background-image: url(\"{T_THEME_PATH}/images/corners_right.gif\");\n}\n\n#cp-main .panel #topicreview span.corners-bottom, #cp-menu .panel #topicreview span.corners-bottom {\n	background-image: url(\"{T_THEME_PATH}/images/corners_left.gif\");\n}\n\n#cp-main .panel #topicreview span.corners-bottom span, #cp-menu .panel #topicreview span.corners-bottom span {\n	background-image: url(\"{T_THEME_PATH}/images/corners_right.gif\");\n}\n\n/* Friends list */\n.cp-mini {\n	background-color: #eef5f9;\n}\n\ndl.mini dt {\n	color: #425067;\n}\n\n/* PM Styles\n----------------------------------------*/\n/* PM Message history */\n.current {\n	color: #000000 !important;\n}\n\n/* PM marking colours */\n.pmlist li.pm_message_reported_colour, .pm_message_reported_colour {\n	border-left-color: #BC2A4D;\n	border-right-color: #BC2A4D;\n}\n\n.pmlist li.pm_marked_colour, .pm_marked_colour {\n	border-color: #FF6600;\n}\n\n.pmlist li.pm_replied_colour, .pm_replied_colour {\n	border-color: #A9B8C2;\n}\n\n.pmlist li.pm_friend_colour, .pm_friend_colour {\n	border-color: #5D8FBD;\n}\n\n.pmlist li.pm_foe_colour, .pm_foe_colour {\n	border-color: #000000;\n}\n\n/* Avatar gallery */\n#gallery label {\n	background-color: #FFFFFF;\n	border-color: #CCC;\n}\n\n#gallery label:hover {\n	background-color: #EEE;\n}\n\n/*  	\n--------------------------------------------------------------\nColours and backgrounds for forms.css\n-------------------------------------------------------------- */\n\n/* General form styles\n----------------------------------------*/\nselect {\n	border-color: #666666;\n	background-color: #FAFAFA;\n	color: #000;\n}\n\nlabel {\n	color: #425067;\n}\n\noption.disabled-option {\n	color: graytext;\n}\n\n/* Definition list layout for forms\n---------------------------------------- */\ndd label {\n	color: #333;\n}\n\n/* Hover effects */\nfieldset dl:hover dt label {\n	color: #000000;\n}\n\nfieldset.fields2 dl:hover dt label {\n	color: inherit;\n}\n\n/* Quick-login on index page */\nfieldset.quick-login input.inputbox {\n	background-color: #F2F3F3;\n}\n\n/* Posting page styles\n----------------------------------------*/\n\n#message-box textarea {\n	color: #333333;\n}\n\n/* Input field styles\n---------------------------------------- */\n.inputbox {\n	background-color: #FFFFFF; \n	border-color: #B4BAC0;\n	color: #333333;\n}\n\n.inputbox:hover {\n	border-color: #11A3EA;\n}\n\n.inputbox:focus {\n	border-color: #11A3EA;\n	color: #0F4987;\n}\n\n/* Form button styles\n---------------------------------------- */\n\na.button1, input.button1, input.button3, a.button2, input.button2 {\n	color: #000;\n	background-color: #FAFAFA;\n	background-image: url(\"{T_THEME_PATH}/images/bg_button.gif\");\n}\n\na.button1, input.button1 {\n	border-color: #666666;\n}\n\ninput.button3 {\n	background-image: none;\n}\n\n/* Alternative button */\na.button2, input.button2, input.button3 {\n	border-color: #666666;\n}\n\n/* <a> button in the style of the form buttons */\na.button1, a.button1:link, a.button1:visited, a.button1:active, a.button2, a.button2:link, a.button2:visited, a.button2:active {\n	color: #000000;\n}\n\n/* Hover states */\na.button1:hover, input.button1:hover, a.button2:hover, input.button2:hover, input.button3:hover {\n	border-color: #BC2A4D;\n	color: #BC2A4D;\n}\n\ninput.search {\n	background-image: url(\"{T_THEME_PATH}/images/icon_textbox_search.gif\");\n}\n\ninput.disabled {\n	color: #666666;\n}\n'),(6,'LoLDominion','&copy; Matti (MMOstyles.com), 2011','LoLDominion',1,1348782781,'/*  phpBB 3.0 Style Sheet\r\n    --------------------------------------------------------------\r\n	Style name:		proSilver\r\n	Based on style:	proSilver (this is the default phpBB 3 style)\r\n	Original author:	subBlue ( http://www.subBlue.com/ )\r\n	Modified by:		\r\n	\r\n	Copyright 2006 phpBB Group ( http://www.phpbb.com/ )\r\n    --------------------------------------------------------------\r\n*/\r\n\r\n/* General proSilver Markup Styles\r\n---------------------------------------- */\r\n\r\n* {\r\n	/* Reset browsers default margin, padding and font sizes */\r\n	margin: 0;\r\n	padding: 0;\r\n}\r\n\r\nhtml {\r\n	font-size: 100%;\r\n	/* Always show a scrollbar for short pages - stops the jump when the scrollbar appears. non-IE browsers */\r\n	height: 101%;\r\n}\r\n\r\nbody {\r\n	/* Text-Sizing with ems: http://www.clagnut.com/blog/348/ */\r\n	font-family: Verdana, Helvetica, Arial, sans-serif;\r\n	color: #828282;\r\n	background-color: #FFFFFF;\r\n	/*font-size: 62.5%;			 This sets the default font size to be equivalent to 10px */\r\n	font-size: 10px;\r\n	margin: 0;\r\n	padding: 0;\r\n}\r\n\r\nh1 {\r\n	/* Forum name */\r\n	font-family: \"Trebuchet MS\", Arial, Helvetica, sans-serif;\r\n	margin-right: 200px;\r\n	color: #FFFFFF;\r\n	margin-top: 15px;\r\n	font-weight: bold;\r\n	font-size: 2em;\r\n}\r\n\r\nh2 {\r\n	/* Forum header titles */\r\n	font-family: \"Trebuchet MS\", Arial, Helvetica, sans-serif;\r\n	font-weight: normal;\r\n	color: #3f3f3f;\r\n	font-size: 2em;\r\n	margin: 0.8em 0 0.2em 0;\r\n}\r\n\r\nh2.solo {\r\n	margin-bottom: 1em;\r\n}\r\n\r\nh3 {\r\n	/* Sub-headers (also used as post headers, but defined later) */\r\n	font-family: Arial, Helvetica, sans-serif;\r\n	font-weight: bold;\r\n	text-transform: uppercase;\r\n	border-bottom: 1px solid #CCCCCC;\r\n	margin-bottom: 3px;\r\n	padding-bottom: 2px;\r\n	font-size: 1.05em;\r\n	color: #989898;\r\n	margin-top: 20px;\r\n}\r\n\r\nh4 {\r\n	/* Forum and topic list titles */\r\n	font-family: \"Trebuchet MS\", Verdana, Helvetica, Arial, Sans-serif;\r\n	font-size: 1.3em;\r\n}\r\n\r\np {\r\n	line-height: 1.3em;\r\n	font-size: 1.1em;\r\n	margin-bottom: 1.5em;\r\n}\r\n\r\nimg {\r\n	border-width: 0;\r\n}\r\n\r\nhr {\r\n	/* Also see tweaks.css */\r\n	border: 0 none #FFFFFF;\r\n	border-top: 1px solid #CCCCCC;\r\n	height: 1px;\r\n	margin: 5px 0;\r\n	display: block;\r\n	clear: both;\r\n}\r\n\r\nhr.dashed {\r\n	border-top: 1px dashed #CCCCCC;\r\n	margin: 10px 0;\r\n}\r\n\r\nhr.divider {\r\n	display: none;\r\n}\r\n\r\np.right {\r\n	text-align: right;\r\n}\r\n\r\n\r\n\r\n#oddzielenie {\r\n	height: 218px;\r\n	background-color: #000;\r\n}\r\n\r\n.srodkowanie {\r\n	width: 1000px;\r\n	margin: 0 auto;\r\n	padding: 0;\r\n}\r\n\r\n#header {\r\n	height: 220px;\r\n	background-image: url({T_THEME_PATH}/images/header.jpg);\r\n}\r\n\r\n\r\n#menux {\r\n	background: url(\'{T_THEME_PATH}/images/toolbar-bg.png\') 0 0 repeat-x;\r\n	height: 60px;\r\n	border-top: 1px solid #262626;\r\n	border-bottom: 1px solid #313131;\r\n}\r\n\r\n#lol {\r\n	float: left;\r\n	height: 60px;\r\n	padding-left: 5px;\r\n	margin: 0px;\r\n	z-index: 100;\r\n}\r\n\r\n#lol ul {\r\n	margin: 0;\r\n	padding: 0;\r\n}\r\n\r\n#lol li {\r\n	float: left;\r\n	margin: 0;\r\n	padding: 0px;\r\n	position: relative;\r\n	padding-right: 1px;\r\n	line-height: 16px;\r\n	list-style-type: none;\r\n}\r\n\r\n#lol li a {\r\n	display: block;\r\n	float: left;\r\n	color: #ccc;\r\n	text-decoration: none;\r\n	padding: 16px 23px 13px;\r\n	font-size: 14px;\r\n	font-weight: bold;\r\n	font-family: Verdana;\r\n}\r\n\r\n#lol li a span {\r\n	color: #666;\r\n	font-size: 11px;\r\n	font-weight: normal;\r\n	font-family: Tahoma;\r\n}\r\n\r\n#lol li a:hover, #topnav li:hover a, #topnav li.sfhover a {\r\n	color: #ddd;\r\n}\r\n\r\n#lol li.chosen a {\r\n	background: url(\'{T_THEME_PATH}/images/topnav-chosen.png\') 50% 0 no-repeat;\r\n	color: #fff;\r\n}\r\n\r\n#lol li.chosen a span {\r\n	color: #aaa;\r\n}\r\n\r\n#lol li:hover span, #topnav li.sfhover span {\r\n	color:#999;\r\n}\r\n\r\n#lol li li {\r\n	width: 170px;\r\n	height: auto;\r\n	padding: 0px;\r\n	margin: 0px;\r\n	border-bottom: 1px solid #313131;\r\n}\r\n\r\n#lol li li a, #lol .chosen li a, #lol li:hover li a, #lol li.sfhover li a {\r\n	background: none;\r\n	display: block;\r\n	height: 30px;\r\n	line-height: 30px;	\r\n	padding: 0 0 0 22px;\r\n	width: 148px;\r\n	float: none;\r\n	color: #999;\r\n	font-size: 13px;\r\n	text-decoration: none;\r\n	font-family: Tahoma;\r\n	font-weight: normal;\r\n}\r\n\r\n#lol li li a:hover, #lol .chosen li a:hover {\r\n	background: #1a1a1a;\r\n	color: #ccc;\r\n	text-decoration: none;\r\n}\r\n\r\n#lol li ul {\r\n	background: #1d1d1d;\r\n	clear: both;\r\n	position: absolute;\r\n	height: auto;\r\n	width: 170px;\r\n	top: 60px;\r\n	left: -999em;\r\n	z-index: 100;\r\n	border-right: 1px solid #313131;\r\n	border-left: 1px solid #313131;\r\n}\r\n\r\n#lol li:hover ul, #lol li.sfhover ul {\r\n	left: auto;\r\n}\r\n\r\n\r\n#searchbar .inputbox {\r\n	background: #151414;\r\n	-webkit-border-radius: 2px;\r\n	-moz-border-radius: 2px;\r\n	border-radius: 2px;\r\n	color: #ddd;\r\n	padding: 3px 3px;\r\n	border: 1px #5e5e5e solid;\r\n	margin: 4px 0 0 35px;\r\n	width: 200px;\r\n	height: 14px;\r\n	font-size: 12px;\r\n	font-family: tahoma, sans-serif;\r\n}\r\n\r\n\r\n/* Main blocks\r\n---------------------------------------- */\r\n#wrap {\r\n	padding: 10px;\r\n	min-width: 650px;\r\n	margin: 0 auto;\r\n	width: 990px;\r\n	border-bottom: 1px solid #3d3d3d;\r\n	border-left: 1px solid #3d3d3d;\r\n	border-right: 1px solid #3d3d3d;\r\n	background-color: #161616;\r\n}\r\n\r\n#simple-wrap {\r\n	padding: 6px 10px;\r\n}\r\n\r\n#page-body {\r\n	margin: 4px 0;\r\n	clear: both;\r\n}\r\n\r\n#page-footer {\r\n	clear: both;\r\n}\r\n\r\n#page-footer h3 {\r\n	margin-top: 20px;\r\n}\r\n\r\n#logo {\r\n	float: left;\r\n	width: auto;\r\n	padding: 10px 13px 0 10px;\r\n}\r\n\r\na#logo:hover {\r\n	text-decoration: none;\r\n}\r\n\r\n/* Search box\r\n--------------------------------------------- */\r\n#search-box {\r\n	color: #FFFFFF;\r\n	position: relative;\r\n	margin-top: 30px;\r\n	margin-right: 5px;\r\n	display: block;\r\n	float: right;\r\n	text-align: right;\r\n	white-space: nowrap; /* For Opera */\r\n}\r\n\r\n#search-box #keywords {\r\n	width: 95px;\r\n	background-color: #FFF;\r\n}\r\n\r\n#search-box input {\r\n	border: 1px solid #b0b0b0;\r\n}\r\n\r\n/* .button1 style defined later, just a few tweaks for the search button version */\r\n#search-box input.button1 {\r\n	padding: 1px 5px;\r\n}\r\n\r\n#search-box li {\r\n	text-align: right;\r\n	margin-top: 4px;\r\n}\r\n\r\n#search-box img {\r\n	vertical-align: middle;\r\n	margin-right: 3px;\r\n}\r\n\r\n\r\n/* Site description and logo */\r\n#site-description {\r\n	float: left;\r\n	width: 70%;\r\n}\r\n\r\n#site-description h1 {\r\n	margin-right: 0;\r\n}\r\n\r\n/* Round cornered boxes and backgrounds\r\n---------------------------------------- */\r\n.headerbar {\r\n	background: #ebebeb none repeat-x 0 0;\r\n	color: #FFFFFF;\r\n	margin-bottom: 4px;\r\n	padding: 0 5px;\r\n}\r\n\r\n.navbar {\r\n	background-color: #ebebeb;\r\n	padding: 0 10px;\r\n}\r\n\r\n.forabg {\r\n	background: #b1b1b1 none repeat-x 0 0;\r\n	margin-bottom: 4px;\r\n	padding: 0 5px;\r\n	clear: both;\r\n}\r\n\r\n.forumbg {\r\n	background: #ebebeb none repeat-x 0 0;\r\n	margin-bottom: 4px;\r\n	padding: 0 5px;\r\n	clear: both;\r\n}\r\n\r\n.panel {\r\n	margin-bottom: 4px;\r\n	padding: 0 10px;\r\n	background-color: #f3f3f3;\r\n	color: #3f3f3f;\r\n}\r\n\r\n.post {\r\n	padding: 0 10px;\r\n	margin-bottom: 4px;\r\n	background-repeat: no-repeat;\r\n	background-position: 100% 0;\r\n}\r\n\r\n.post:target .content {\r\n	color: #000000;\r\n}\r\n\r\n.post:target h3 a {\r\n	color: #000000;\r\n}\r\n\r\n.bg1	{ background-color: #f7f7f7;}\r\n.bg2	{ background-color: #f2f2f2; }\r\n.bg3	{ background-color: #ebebeb; }\r\n\r\n.rowbg {\r\n	margin: 5px 5px 2px 5px;\r\n}\r\n\r\n.ucprowbg {\r\n	background-color: #e2e2e2;\r\n}\r\n\r\n.fieldsbg {\r\n	/*border: 1px #DBDEE2 solid;*/\r\n	background-color: #eaeaea;\r\n}\r\n\r\nspan.corners-top, span.corners-bottom, span.corners-top span, span.corners-bottom span {\r\n	font-size: 1px;\r\n	line-height: 1px;\r\n	display: block;\r\n	height: 5px;\r\n	background-repeat: no-repeat;\r\n}\r\n\r\nspan.corners-top {\r\n	background-image: none;\r\n	background-position: 0 0;\r\n	margin: 0 -5px;\r\n}\r\n\r\nspan.corners-top span {\r\n	background-image: none;\r\n	background-position: 100% 0;\r\n}\r\n\r\nspan.corners-bottom {\r\n	background-image: none;\r\n	background-position: 0 100%;\r\n	margin: 0 -5px;\r\n	clear: both;\r\n}\r\n\r\nspan.corners-bottom span {\r\n	background-image: none;\r\n	background-position: 100% 100%;\r\n}\r\n\r\n.headbg span.corners-bottom {\r\n	margin-bottom: -1px;\r\n}\r\n\r\n.post span.corners-top, .post span.corners-bottom, .panel span.corners-top, .panel span.corners-bottom, .navbar span.corners-top, .navbar span.corners-bottom {\r\n	margin: 0 -10px;\r\n}\r\n\r\n.rules span.corners-top {\r\n	margin: 0 -10px 5px -10px;\r\n}\r\n\r\n.rules span.corners-bottom {\r\n	margin: 5px -10px 0 -10px;\r\n}\r\n\r\n/* Horizontal lists\r\n----------------------------------------*/\r\nul.linklist {\r\n	display: block;\r\n	margin: 0;\r\n}\r\n\r\nul.linklist li {\r\n	display: block;\r\n	list-style-type: none;\r\n	float: left;\r\n	width: auto;\r\n	margin-right: 5px;\r\n	font-size: 1.1em;\r\n	line-height: 2.2em;\r\n}\r\n\r\nul.linklist li.rightside, p.rightside {\r\n	float: right;\r\n	margin-right: 0;\r\n	margin-left: 5px;\r\n	text-align: right;\r\n}\r\n\r\nul.navlinks {\r\n	padding-bottom: 1px;\r\n	margin-bottom: 1px;\r\n	border-bottom: 1px solid #FFFFFF;\r\n	font-weight: bold;\r\n}\r\n\r\nul.leftside {\r\n	float: left;\r\n	margin-left: 0;\r\n	margin-right: 5px;\r\n	text-align: left;\r\n}\r\n\r\nul.rightside {\r\n	float: right;\r\n	margin-left: 5px;\r\n	margin-right: -5px;\r\n	text-align: right;\r\n}\r\n\r\n/* Table styles\r\n----------------------------------------*/\r\ntable.table1 {\r\n	/* See tweaks.css */\r\n}\r\n\r\n#ucp-main table.table1 {\r\n	padding: 2px;\r\n}\r\n\r\ntable.table1 thead th {\r\n	font-weight: normal;\r\n	text-transform: uppercase;\r\n	color: #FFFFFF;\r\n	line-height: 1.3em;\r\n	font-size: 1em;\r\n	padding: 0 0 4px 3px;\r\n}\r\n\r\ntable.table1 thead th span {\r\n	padding-left: 7px;\r\n}\r\n\r\ntable.table1 tbody tr {\r\n	border: 1px solid #cfcfcf;\r\n}\r\n\r\ntable.table1 tbody tr:hover, table.table1 tbody tr.hover {\r\n	background-color: #f6f6f6;\r\n	color: #000;\r\n}\r\n\r\ntable.table1 td {\r\n	color: #6a6a6a;\r\n	font-size: 1.1em;\r\n}\r\n\r\ntable.table1 tbody td {\r\n	padding: 5px;\r\n	border-top: 1px solid #FAFAFA;\r\n}\r\n\r\ntable.table1 tbody th {\r\n	padding: 5px;\r\n	border-bottom: 1px solid #000000;\r\n	text-align: left;\r\n	color: #333333;\r\n	background-color: #FFFFFF;\r\n}\r\n\r\n/* Specific column styles */\r\ntable.table1 .name		{ text-align: left; }\r\ntable.table1 .posts		{ text-align: center !important; width: 7%; }\r\ntable.table1 .joined	{ text-align: left; width: 15%; }\r\ntable.table1 .active	{ text-align: left; width: 15%; }\r\ntable.table1 .mark		{ text-align: center; width: 7%; }\r\ntable.table1 .info		{ text-align: left; width: 30%; }\r\ntable.table1 .info div	{ width: 100%; white-space: normal; overflow: hidden; }\r\ntable.table1 .autocol	{ line-height: 2em; white-space: nowrap; }\r\ntable.table1 thead .autocol { padding-left: 1em; }\r\n\r\ntable.table1 span.rank-img {\r\n	float: right;\r\n	width: auto;\r\n}\r\n\r\ntable.info td {\r\n	padding: 3px;\r\n}\r\n\r\ntable.info tbody th {\r\n	padding: 3px;\r\n	text-align: right;\r\n	vertical-align: top;\r\n	color: #000000;\r\n	font-weight: normal;\r\n}\r\n\r\n.forumbg table.table1 {\r\n	margin: 0 -2px -1px -1px;\r\n}\r\n\r\n/* Misc layout styles\r\n---------------------------------------- */\r\n/* column[1-2] styles are containers for two column layouts \r\n   Also see tweaks.css */\r\n.column1 {\r\n	float: left;\r\n	clear: left;\r\n	width: 49%;\r\n}\r\n\r\n.column2 {\r\n	float: right;\r\n	clear: right;\r\n	width: 49%;\r\n}\r\n\r\n/* General classes for placing floating blocks */\r\n.left-box {\r\n	float: left;\r\n	width: auto;\r\n	text-align: left;\r\n}\r\n\r\n.right-box {\r\n	float: right;\r\n	width: auto;\r\n	text-align: right;\r\n}\r\n\r\ndl.details {\r\n	/*font-family: \"Lucida Grande\", Verdana, Helvetica, Arial, sans-serif;*/\r\n	font-size: 1.1em;\r\n}\r\n\r\ndl.details dt {\r\n	float: left;\r\n	clear: left;\r\n	width: 30%;\r\n	text-align: right;\r\n	color: #000000;\r\n	display: block;\r\n}\r\n\r\ndl.details dd {\r\n	margin-left: 0;\r\n	padding-left: 5px;\r\n	margin-bottom: 5px;\r\n	color: #828282;\r\n	float: left;\r\n	width: 65%;\r\n}\r\n\r\n/* Pagination\r\n---------------------------------------- */\r\n.pagination {\r\n	height: 1%; /* IE tweak (holly hack) */\r\n	width: auto;\r\n	text-align: right;\r\n	margin-top: 5px;\r\n	float: right;\r\n}\r\n\r\n.pagination span.page-sep {\r\n	display: none;\r\n}\r\n\r\nli.pagination {\r\n	margin-top: 0;\r\n}\r\n\r\n.pagination strong, .pagination b {\r\n	font-weight: normal;\r\n}\r\n\r\n.pagination span strong {\r\n	padding: 0 2px;\r\n	margin: 0 2px;\r\n	font-weight: normal;\r\n	color: #FFFFFF;\r\n	background-color: #bfbfbf;\r\n	border: 1px solid #bfbfbf;\r\n	font-size: 0.9em;\r\n}\r\n\r\n.pagination span a, .pagination span a:link, .pagination span a:visited, .pagination span a:active {\r\n	font-weight: normal;\r\n	text-decoration: none;\r\n	color: #747474;\r\n	margin: 0 2px;\r\n	padding: 0 2px;\r\n	background-color: #eeeeee;\r\n	border: 1px solid #bababa;\r\n	font-size: 0.9em;\r\n	line-height: 1.5em;\r\n}\r\n\r\n.pagination span a:hover {\r\n	border-color: #d2d2d2;\r\n	background-color: #d2d2d2;\r\n	color: #FFF;\r\n	text-decoration: none;\r\n}\r\n\r\n.pagination img {\r\n	vertical-align: middle;\r\n}\r\n\r\n/* Pagination in viewforum for multipage topics */\r\n.row .pagination {\r\n	display: block;\r\n	float: right;\r\n	width: auto;\r\n	margin-top: 0;\r\n	padding: 1px 0 1px 15px;\r\n	font-size: 0.9em;\r\n	background: none 0 50% no-repeat;\r\n}\r\n\r\n.row .pagination span a, li.pagination span a {\r\n	background-color: #FFFFFF;\r\n}\r\n\r\n.row .pagination span a:hover, li.pagination span a:hover {\r\n	background-color: #d2d2d2;\r\n}\r\n\r\n/* Miscellaneous styles\r\n---------------------------------------- */\r\n#forum-permissions {\r\n	float: right;\r\n	width: auto;\r\n	padding-left: 5px;\r\n	margin-left: 5px;\r\n	margin-top: 10px;\r\n	text-align: right;\r\n}\r\n\r\n.copyright {\r\n	padding: 5px;\r\n	text-align: center;\r\n	color: #555555;\r\n}\r\n\r\n.small {\r\n	font-size: 0.9em !important;\r\n}\r\n\r\n.titlespace {\r\n	margin-bottom: 15px;\r\n}\r\n\r\n.headerspace {\r\n	margin-top: 20px;\r\n}\r\n\r\n.error {\r\n	color: #bcbcbc;\r\n	font-weight: bold;\r\n	font-size: 1em;\r\n}\r\n\r\n.reported {\r\n	background-color: #f7f7f7;\r\n}\r\n\r\nli.reported:hover {\r\n	background-color: #ececec;\r\n}\r\n\r\ndiv.rules {\r\n	background-color: #ececec;\r\n	color: #bcbcbc;\r\n	padding: 0 10px;\r\n	margin: 10px 0;\r\n	font-size: 1.1em;\r\n}\r\n\r\ndiv.rules ul, div.rules ol {\r\n	margin-left: 20px;\r\n}\r\n\r\np.rules {\r\n	background-color: #ececec;\r\n	background-image: none;\r\n	padding: 5px;\r\n}\r\n\r\np.rules img {\r\n	vertical-align: middle;\r\n	padding-top: 5px;\r\n}\r\n\r\np.rules a {\r\n	vertical-align: middle;\r\n	clear: both;\r\n}\r\n\r\n#top {\r\n	position: absolute;\r\n	top: -20px;\r\n}\r\n\r\n.clear {\r\n	display: block;\r\n	clear: both;\r\n	font-size: 1px;\r\n	line-height: 1px;\r\n	background: transparent;\r\n}\r\n/* proSilver Link Styles\r\n---------------------------------------- */\r\n\r\n/* Links adjustment to correctly display an order of rtl/ltr mixed content */\r\na {\r\n	direction: ltr;\r\n	unicode-bidi: embed;\r\n}\r\n\r\na:link	{ color: #898989; text-decoration: none; }\r\na:visited	{ color: #898989; text-decoration: none; }\r\na:hover	{ color: #d3d3d3; text-decoration: underline; }\r\na:active	{ color: #d2d2d2; text-decoration: none; }\r\n\r\n/* Coloured usernames */\r\n.username-coloured {\r\n	font-weight: bold;\r\n	display: inline !important;\r\n	padding: 0 !important;\r\n}\r\n\r\n/* Links on gradient backgrounds */\r\n#search-box a:link, .navbg a:link, .forumbg .header a:link, .forabg .header a:link, th a:link {\r\n	color: #FFFFFF;\r\n	text-decoration: none;\r\n}\r\n\r\n#search-box a:visited, .navbg a:visited, .forumbg .header a:visited, .forabg .header a:visited, th a:visited {\r\n	color: #FFFFFF;\r\n	text-decoration: none;\r\n}\r\n\r\n#search-box a:hover, .navbg a:hover, .forumbg .header a:hover, .forabg .header a:hover, th a:hover {\r\n	color: #ffffff;\r\n	text-decoration: underline;\r\n}\r\n\r\n#search-box a:active, .navbg a:active, .forumbg .header a:active, .forabg .header a:active, th a:active {\r\n	color: #ffffff;\r\n	text-decoration: none;\r\n}\r\n\r\n/* Links for forum/topic lists */\r\na.forumtitle {\r\n	font-family: \"Trebuchet MS\", Helvetica, Arial, Sans-serif;\r\n	font-size: 1.2em;\r\n	font-weight: bold;\r\n	color: #898989;\r\n	text-decoration: none;\r\n}\r\n\r\n/* a.forumtitle:visited { color: #898989; } */\r\n\r\na.forumtitle:hover {\r\n	color: #bcbcbc;\r\n	text-decoration: underline;\r\n}\r\n\r\na.forumtitle:active {\r\n	color: #898989;\r\n}\r\n\r\na.topictitle {\r\n	font-family: \"Trebuchet MS\", Helvetica, Arial, Sans-serif;\r\n	font-size: 1.2em;\r\n	font-weight: bold;\r\n	color: #898989;\r\n	text-decoration: none;\r\n}\r\n\r\n/* a.topictitle:visited { color: #d2d2d2; } */\r\n\r\na.topictitle:hover {\r\n	color: #bcbcbc;\r\n	text-decoration: underline;\r\n}\r\n\r\na.topictitle:active {\r\n	color: #898989;\r\n}\r\n\r\n/* Post body links */\r\n.postlink {\r\n	text-decoration: none;\r\n	color: #d2d2d2;\r\n	border-bottom: 1px solid #d2d2d2;\r\n	padding-bottom: 0;\r\n}\r\n\r\n/* .postlink:visited { color: #bdbdbd; } */\r\n\r\n.postlink:active {\r\n	color: #d2d2d2;\r\n}\r\n\r\n.postlink:hover {\r\n	background-color: #f6f6f6;\r\n	text-decoration: none;\r\n	color: #404040;\r\n}\r\n\r\n.signature a, .signature a:visited, .signature a:hover, .signature a:active {\r\n	border: none;\r\n	text-decoration: underline;\r\n	background-color: transparent;\r\n}\r\n\r\n/* Profile links */\r\n.postprofile a:link, .postprofile a:visited, .postprofile dt.author a {\r\n	font-weight: bold;\r\n	color: #898989;\r\n	text-decoration: none;\r\n}\r\n\r\n.postprofile a:hover, .postprofile dt.author a:hover {\r\n	text-decoration: underline;\r\n	color: #d3d3d3;\r\n}\r\n\r\n/* CSS spec requires a:link, a:visited, a:hover and a:active rules to be specified in this order. */\r\n/* See http://www.phpbb.com/bugs/phpbb3/59685 */\r\n.postprofile a:active {\r\n	font-weight: bold;\r\n	color: #898989;\r\n	text-decoration: none;\r\n}\r\n\r\n\r\n/* Profile searchresults */	\r\n.search .postprofile a {\r\n	color: #898989;\r\n	text-decoration: none; \r\n	font-weight: normal;\r\n}\r\n\r\n.search .postprofile a:hover {\r\n	color: #d3d3d3;\r\n	text-decoration: underline; \r\n}\r\n\r\n/* Back to top of page */\r\n.back2top {\r\n	clear: both;\r\n	height: 11px;\r\n	text-align: right;\r\n}\r\n\r\na.top {\r\n	background: none no-repeat top left;\r\n	text-decoration: none;\r\n	width: {IMG_ICON_BACK_TOP_WIDTH}px;\r\n	height: {IMG_ICON_BACK_TOP_HEIGHT}px;\r\n	display: block;\r\n	float: right;\r\n	overflow: hidden;\r\n	letter-spacing: 1000px;\r\n	text-indent: 11px;\r\n}\r\n\r\na.top2 {\r\n	background: none no-repeat 0 50%;\r\n	text-decoration: none;\r\n	padding-left: 15px;\r\n}\r\n\r\n/* Arrow links  */\r\na.up		{ background: none no-repeat left center; }\r\na.down		{ background: none no-repeat right center; }\r\na.left		{ background: none no-repeat 3px 60%; }\r\na.right		{ background: none no-repeat 95% 60%; }\r\n\r\na.up, a.up:link, a.up:active, a.up:visited {\r\n	padding-left: 10px;\r\n	text-decoration: none;\r\n	border-bottom-width: 0;\r\n}\r\n\r\na.up:hover {\r\n	background-position: left top;\r\n	background-color: transparent;\r\n}\r\n\r\na.down, a.down:link, a.down:active, a.down:visited {\r\n	padding-right: 10px;\r\n}\r\n\r\na.down:hover {\r\n	background-position: right bottom;\r\n	text-decoration: none;\r\n}\r\n\r\na.left, a.left:active, a.left:visited {\r\n	padding-left: 12px;\r\n}\r\n\r\na.left:hover {\r\n	color: #d2d2d2;\r\n	text-decoration: none;\r\n	background-position: 0 60%;\r\n}\r\n\r\na.right, a.right:active, a.right:visited {\r\n	padding-right: 12px;\r\n}\r\n\r\na.right:hover {\r\n	color: #d2d2d2;\r\n	text-decoration: none;\r\n	background-position: 100% 60%;\r\n}\r\n\r\n/* invisible skip link, used for accessibility  */\r\n.skiplink {\r\n	position: absolute;\r\n	left: -999px;\r\n	width: 990px;\r\n}\r\n\r\n/* Feed icon in forumlist_body.html */\r\na.feed-icon-forum {\r\n	float: right;\r\n	margin: 3px;\r\n}\r\n/* proSilver Content Styles\r\n---------------------------------------- */\r\n\r\nul.topiclist {\r\n	display: block;\r\n	list-style-type: none;\r\n	margin: 0;\r\n}\r\n\r\nul.forums {\r\n	background: #f9f9f9 none repeat-x 0 0;\r\n}\r\n\r\nul.topiclist li {\r\n	display: block;\r\n	list-style-type: none;\r\n	color: #777777;\r\n	margin: 0;\r\n}\r\n\r\nul.topiclist dl {\r\n	position: relative;\r\n}\r\n\r\nul.topiclist li.row dl {\r\n	padding: 2px 0;\r\n}\r\n\r\nul.topiclist dt {\r\n	display: block;\r\n	float: left;\r\n	width: 50%;\r\n	font-size: 1.1em;\r\n	padding-left: 5px;\r\n	padding-right: 5px;\r\n}\r\n\r\nul.topiclist dd {\r\n	display: block;\r\n	float: left;\r\n	border-left: 1px solid #FFFFFF;\r\n	padding: 4px 0;\r\n}\r\n\r\nul.topiclist dfn {\r\n	/* Labels for post/view counts */\r\n	position: absolute;\r\n	left: -999px;\r\n	width: 990px;\r\n}\r\n\r\nul.topiclist li.row dt a.subforum {\r\n	background-image: none;\r\n	background-position: 0 50%;\r\n	background-repeat: no-repeat;\r\n	position: relative;\r\n	white-space: nowrap;\r\n	padding: 0 0 0 12px;\r\n}\r\n\r\n.forum-image {\r\n	float: left;\r\n	padding-top: 5px;\r\n	margin-right: 5px;\r\n}\r\n\r\nli.row {\r\n	border-top: 1px solid #FFFFFF;\r\n	border-bottom: 1px solid #8f8f8f;\r\n}\r\n\r\nli.row strong {\r\n	font-weight: normal;\r\n	color: #000000;\r\n}\r\n\r\nli.row:hover {\r\n	background-color: #f6f6f6;\r\n}\r\n\r\nli.row:hover dd {\r\n	border-left-color: #CCCCCC;\r\n}\r\n\r\nli.header dt, li.header dd {\r\n	line-height: 1em;\r\n	border-left-width: 0;\r\n	margin: 2px 0 4px 0;\r\n	color: #FFFFFF;\r\n	padding-top: 2px;\r\n	padding-bottom: 2px;\r\n	font-size: 1em;\r\n	font-family: Arial, Helvetica, sans-serif;\r\n	text-transform: uppercase;\r\n}\r\n\r\nli.header dt {\r\n	font-weight: bold;\r\n}\r\n\r\nli.header dd {\r\n	margin-left: 1px;\r\n}\r\n\r\nli.header dl.icon {\r\n	min-height: 0;\r\n}\r\n\r\nli.header dl.icon dt {\r\n	/* Tweak for headers alignment when folder icon used */\r\n	padding-left: 0;\r\n	padding-right: 50px;\r\n}\r\n\r\n/* Forum list column styles */\r\ndl.icon {\r\n	min-height: 35px;\r\n	background-position: 10px 50%;		/* Position of folder icon */\r\n	background-repeat: no-repeat;\r\n}\r\n\r\ndl.icon dt {\r\n	padding-left: 45px;					/* Space for folder icon */\r\n	background-repeat: no-repeat;\r\n	background-position: 5px 95%;		/* Position of topic icon */\r\n}\r\n\r\ndd.posts, dd.topics, dd.views {\r\n	width: 8%;\r\n	text-align: center;\r\n	line-height: 2.2em;\r\n	font-size: 1.2em;\r\n}\r\n\r\n/* List in forum description */\r\ndl.icon dt ol,\r\ndl.icon dt ul {\r\n	list-style-position: inside;\r\n	margin-left: 1em;\r\n}\r\n\r\ndl.icon dt li {\r\n	display: list-item;\r\n	list-style-type: inherit;\r\n}\r\n\r\ndd.lastpost {\r\n	width: 25%;\r\n	font-size: 1.1em;\r\n}\r\n\r\ndd.redirect {\r\n	font-size: 1.1em;\r\n	line-height: 2.5em;\r\n}\r\n\r\ndd.moderation {\r\n	font-size: 1.1em;\r\n}\r\n\r\ndd.lastpost span, ul.topiclist dd.searchby span, ul.topiclist dd.info span, ul.topiclist dd.time span, dd.redirect span, dd.moderation span {\r\n	display: block;\r\n	padding-left: 5px;\r\n}\r\n\r\ndd.time {\r\n	width: auto;\r\n	line-height: 200%;\r\n	font-size: 1.1em;\r\n}\r\n\r\ndd.extra {\r\n	width: 12%;\r\n	line-height: 200%;\r\n	text-align: center;\r\n	font-size: 1.1em;\r\n}\r\n\r\ndd.mark {\r\n	float: right !important;\r\n	width: 9%;\r\n	text-align: center;\r\n	line-height: 200%;\r\n	font-size: 1.2em;\r\n}\r\n\r\ndd.info {\r\n	width: 30%;\r\n}\r\n\r\ndd.option {\r\n	width: 15%;\r\n	line-height: 200%;\r\n	text-align: center;\r\n	font-size: 1.1em;\r\n}\r\n\r\ndd.searchby {\r\n	width: 47%;\r\n	font-size: 1.1em;\r\n	line-height: 1em;\r\n}\r\n\r\nul.topiclist dd.searchextra {\r\n	margin-left: 5px;\r\n	padding: 0.2em 0;\r\n	font-size: 1.1em;\r\n	color: #333333;\r\n	border-left: none;\r\n	clear: both;\r\n	width: 98%;\r\n	overflow: hidden;\r\n}\r\n\r\n/* Container for post/reply buttons and pagination */\r\n.topic-actions {\r\n	margin-bottom: 3px;\r\n	font-size: 1.1em;\r\n	height: 28px;\r\n	min-height: 28px;\r\n}\r\ndiv[class].topic-actions {\r\n	height: auto;\r\n}\r\n\r\n/* Post body styles\r\n----------------------------------------*/\r\n.postbody {\r\n	padding: 0;\r\n	line-height: 1.48em;\r\n	color: #333333;\r\n	width: 76%;\r\n	float: left;\r\n	clear: both;\r\n}\r\n\r\n.postbody .ignore {\r\n	font-size: 1.1em;\r\n}\r\n\r\n.postbody h3.first {\r\n	/* The first post on the page uses this */\r\n	font-size: 1.7em;\r\n}\r\n\r\n.postbody h3 {\r\n	/* Postbody requires a different h3 format - so change it here */\r\n	font-size: 1.5em;\r\n	padding: 2px 0 0 0;\r\n	margin: 0 0 0.3em 0 !important;\r\n	text-transform: none;\r\n	border: none;\r\n	font-family: \"Trebuchet MS\", Verdana, Helvetica, Arial, sans-serif;\r\n	line-height: 125%;\r\n}\r\n\r\n.postbody h3 img {\r\n	/* Also see tweaks.css */\r\n	vertical-align: bottom;\r\n}\r\n\r\n.postbody .content {\r\n	font-size: 1.3em;\r\n}\r\n\r\n.search .postbody {\r\n	width: 68%\r\n}\r\n\r\n/* Topic review panel\r\n----------------------------------------*/\r\n#review {\r\n	margin-top: 2em;\r\n}\r\n\r\n#topicreview {\r\n	padding-right: 5px;\r\n	overflow: auto;\r\n	height: 300px;\r\n}\r\n\r\n#topicreview .postbody {\r\n	width: auto;\r\n	float: none;\r\n	margin: 0;\r\n	height: auto;\r\n}\r\n\r\n#topicreview .post {\r\n	height: auto;\r\n}\r\n\r\n#topicreview h2 {\r\n	border-bottom-width: 0;\r\n}\r\n\r\n.post-ignore .postbody {\r\n	display: none;\r\n}\r\n\r\n/* MCP Post details\r\n----------------------------------------*/\r\n#post_details\r\n{\r\n	/* This will only work in IE7+, plus the others */\r\n	overflow: auto;\r\n	max-height: 300px;\r\n}\r\n\r\n#expand\r\n{\r\n	clear: both;\r\n}\r\n\r\n/* Content container styles\r\n----------------------------------------*/\r\n.content {\r\n	min-height: 3em;\r\n	overflow: hidden;\r\n	line-height: 1.4em;\r\n	font-family: \"Lucida Grande\", \"Trebuchet MS\", Verdana, Helvetica, Arial, sans-serif;\r\n	font-size: 1em;\r\n	color: #333333;\r\n	padding-bottom: 1px;\r\n}\r\n\r\n.content h2, .panel h2 {\r\n	font-weight: normal;\r\n	color: #989898;\r\n	border-bottom: 1px solid #CCCCCC;\r\n	font-size: 1.6em;\r\n	margin-top: 0.5em;\r\n	margin-bottom: 0.5em;\r\n	padding-bottom: 0.5em;\r\n}\r\n\r\n.panel h3 {\r\n	margin: 0.5em 0;\r\n}\r\n\r\n.panel p {\r\n	font-size: 1.2em;\r\n	margin-bottom: 1em;\r\n	line-height: 1.4em;\r\n}\r\n\r\n.content p {\r\n	font-family: \"Lucida Grande\", \"Trebuchet MS\", Verdana, Helvetica, Arial, sans-serif;\r\n	font-size: 1.2em;\r\n	margin-bottom: 1em;\r\n	line-height: 1.4em;\r\n}\r\n\r\ndl.faq {\r\n	font-family: \"Lucida Grande\", Verdana, Helvetica, Arial, sans-serif;\r\n	font-size: 1.1em;\r\n	margin-top: 1em;\r\n	margin-bottom: 2em;\r\n	line-height: 1.4em;\r\n}\r\n\r\ndl.faq dt {\r\n	font-weight: bold;\r\n	color: #333333;\r\n}\r\n\r\n.content dl.faq {\r\n	font-size: 1.2em;\r\n	margin-bottom: 0.5em;\r\n}\r\n\r\n.content li {\r\n	list-style-type: inherit;\r\n}\r\n\r\n.content ul, .content ol {\r\n	margin-bottom: 1em;\r\n	margin-left: 3em;\r\n}\r\n\r\n.posthilit {\r\n	background-color: #f3f3f3;\r\n	color: #BCBCBC;\r\n	padding: 0 2px 1px 2px;\r\n}\r\n\r\n.announce, .unreadpost {\r\n	/* Highlight the announcements & unread posts box */\r\n	border-left-color: #BCBCBC;\r\n	border-right-color: #BCBCBC;\r\n}\r\n\r\n/* Post author */\r\np.author {\r\n	margin: 0 15em 0.6em 0;\r\n	padding: 0 0 5px 0;\r\n	font-family: Verdana, Helvetica, Arial, sans-serif;\r\n	font-size: 1em;\r\n	line-height: 1.2em;\r\n}\r\n\r\n/* Post signature */\r\n.signature {\r\n	margin-top: 1.5em;\r\n	padding-top: 0.2em;\r\n	font-size: 1.1em;\r\n	border-top: 1px solid #CCCCCC;\r\n	clear: left;\r\n	line-height: 140%;\r\n	overflow: hidden;\r\n	width: 100%;\r\n}\r\n\r\ndd .signature {\r\n	margin: 0;\r\n	padding: 0;\r\n	clear: none;\r\n	border: none;\r\n}\r\n\r\n.signature li {\r\n	list-style-type: inherit;\r\n}\r\n\r\n.signature ul, .signature ol {\r\n	margin-bottom: 1em;\r\n	margin-left: 3em;\r\n}\r\n\r\n/* Post noticies */\r\n.notice {\r\n	font-family: \"Lucida Grande\", Verdana, Helvetica, Arial, sans-serif;\r\n	width: auto;\r\n	margin-top: 1.5em;\r\n	padding-top: 0.2em;\r\n	font-size: 1em;\r\n	border-top: 1px dashed #CCCCCC;\r\n	clear: left;\r\n	line-height: 130%;\r\n}\r\n\r\n/* Jump to post link for now */\r\nul.searchresults {\r\n	list-style: none;\r\n	text-align: right;\r\n	clear: both;\r\n}\r\n\r\n/* BB Code styles\r\n----------------------------------------*/\r\n/* Quote block */\r\nblockquote {\r\n	background: #ebebeb none 6px 8px no-repeat;\r\n	border: 1px solid #dbdbdb;\r\n	font-size: 0.95em;\r\n	margin: 0.5em 1px 0 25px;\r\n	overflow: hidden;\r\n	padding: 5px;\r\n}\r\n\r\nblockquote blockquote {\r\n	/* Nested quotes */\r\n	background-color: #bababa;\r\n	font-size: 1em;\r\n	margin: 0.5em 1px 0 15px;	\r\n}\r\n\r\nblockquote blockquote blockquote {\r\n	/* Nested quotes */\r\n	background-color: #e4e4e4;\r\n}\r\n\r\nblockquote cite {\r\n	/* Username/source of quoter */\r\n	font-style: normal;\r\n	font-weight: bold;\r\n	margin-left: 20px;\r\n	display: block;\r\n	font-size: 0.9em;\r\n}\r\n\r\nblockquote cite cite {\r\n	font-size: 1em;\r\n}\r\n\r\nblockquote.uncited {\r\n	padding-top: 25px;\r\n}\r\n\r\n/* Code block */\r\ndl.codebox {\r\n	padding: 3px;\r\n	background-color: #FFFFFF;\r\n	border: 1px solid #d8d8d8;\r\n	font-size: 1em;\r\n}\r\n\r\ndl.codebox dt {\r\n	text-transform: uppercase;\r\n	border-bottom: 1px solid #CCCCCC;\r\n	margin-bottom: 3px;\r\n	font-size: 0.8em;\r\n	font-weight: bold;\r\n	display: block;\r\n}\r\n\r\nblockquote dl.codebox {\r\n	margin-left: 0;\r\n}\r\n\r\ndl.codebox code {\r\n	/* Also see tweaks.css */\r\n	overflow: auto;\r\n	display: block;\r\n	height: auto;\r\n	max-height: 200px;\r\n	white-space: normal;\r\n	padding-top: 5px;\r\n	font: 0.9em Monaco, \"Andale Mono\",\"Courier New\", Courier, mono;\r\n	line-height: 1.3em;\r\n	color: #8b8b8b;\r\n	margin: 2px 0;\r\n}\r\n\r\n.syntaxbg		{ color: #FFFFFF; }\r\n.syntaxcomment	{ color: #000000; }\r\n.syntaxdefault	{ color: #bcbcbc; }\r\n.syntaxhtml		{ color: #000000; }\r\n.syntaxkeyword	{ color: #585858; }\r\n.syntaxstring	{ color: #a7a7a7; }\r\n\r\n/* Attachments\r\n----------------------------------------*/\r\n.attachbox {\r\n	float: left;\r\n	width: auto; \r\n	margin: 5px 5px 5px 0;\r\n	padding: 6px;\r\n	background-color: #FFFFFF;\r\n	border: 1px dashed #d8d8d8;\r\n	clear: left;\r\n}\r\n\r\n.pm-message .attachbox {\r\n	background-color: #f3f3f3;\r\n}\r\n\r\n.attachbox dt {\r\n	font-family: Arial, Helvetica, sans-serif;\r\n	text-transform: uppercase;\r\n}\r\n\r\n.attachbox dd {\r\n	margin-top: 4px;\r\n	padding-top: 4px;\r\n	clear: left;\r\n	border-top: 1px solid #d8d8d8;\r\n}\r\n\r\n.attachbox dd dd {\r\n	border: none;\r\n}\r\n\r\n.attachbox p {\r\n	line-height: 110%;\r\n	color: #666666;\r\n	font-weight: normal;\r\n	clear: left;\r\n}\r\n\r\n.attachbox p.stats\r\n{\r\n	line-height: 110%;\r\n	color: #666666;\r\n	font-weight: normal;\r\n	clear: left;\r\n}\r\n\r\n.attach-image {\r\n	margin: 3px 0;\r\n	width: 100%;\r\n	max-height: 350px;\r\n	overflow: auto;\r\n}\r\n\r\n.attach-image img {\r\n	border: 1px solid #999999;\r\n/*	cursor: move; */\r\n	cursor: default;\r\n}\r\n\r\n/* Inline image thumbnails */\r\ndiv.inline-attachment dl.thumbnail, div.inline-attachment dl.file {\r\n	display: block;\r\n	margin-bottom: 4px;\r\n}\r\n\r\ndiv.inline-attachment p {\r\n	font-size: 100%;\r\n}\r\n\r\ndl.file {\r\n	font-family: Verdana, Arial, Helvetica, sans-serif;\r\n	display: block;\r\n}\r\n\r\ndl.file dt {\r\n	text-transform: none;\r\n	margin: 0;\r\n	padding: 0;\r\n	font-weight: bold;\r\n	font-family: Verdana, Arial, Helvetica, sans-serif;\r\n}\r\n\r\ndl.file dd {\r\n	color: #666666;\r\n	margin: 0;\r\n	padding: 0;	\r\n}\r\n\r\ndl.thumbnail img {\r\n	padding: 3px;\r\n	border: 1px solid #666666;\r\n	background-color: #FFF;\r\n}\r\n\r\ndl.thumbnail dd {\r\n	color: #666666;\r\n	font-style: italic;\r\n	font-family: Verdana, Arial, Helvetica, sans-serif;\r\n}\r\n\r\n.attachbox dl.thumbnail dd {\r\n	font-size: 100%;\r\n}\r\n\r\ndl.thumbnail dt a:hover {\r\n	background-color: #EEEEEE;\r\n}\r\n\r\ndl.thumbnail dt a:hover img {\r\n	border: 1px solid #d2d2d2;\r\n}\r\n\r\n/* Post poll styles\r\n----------------------------------------*/\r\nfieldset.polls {\r\n	font-family: \"Trebuchet MS\", Verdana, Helvetica, Arial, sans-serif;\r\n}\r\n\r\nfieldset.polls dl {\r\n	margin-top: 5px;\r\n	border-top: 1px solid #e2e2e2;\r\n	padding: 5px 0 0 0;\r\n	line-height: 120%;\r\n	color: #666666;\r\n}\r\n\r\nfieldset.polls dl.voted {\r\n	font-weight: bold;\r\n	color: #000000;\r\n}\r\n\r\nfieldset.polls dt {\r\n	text-align: left;\r\n	float: left;\r\n	display: block;\r\n	width: 30%;\r\n	border-right: none;\r\n	padding: 0;\r\n	margin: 0;\r\n	font-size: 1.1em;\r\n}\r\n\r\nfieldset.polls dd {\r\n	float: left;\r\n	width: 10%;\r\n	border-left: none;\r\n	padding: 0 5px;\r\n	margin-left: 0;\r\n	font-size: 1.1em;\r\n}\r\n\r\nfieldset.polls dd.resultbar {\r\n	width: 50%;\r\n}\r\n\r\nfieldset.polls dd input {\r\n	margin: 2px 0;\r\n}\r\n\r\nfieldset.polls dd div {\r\n	text-align: right;\r\n	font-family: Arial, Helvetica, sans-serif;\r\n	color: #FFFFFF;\r\n	font-weight: bold;\r\n	padding: 0 2px;\r\n	overflow: visible;\r\n	min-width: 2%;\r\n}\r\n\r\n.pollbar1 {\r\n	background-color: #aaaaaa;\r\n	border-bottom: 1px solid #747474;\r\n	border-right: 1px solid #747474;\r\n}\r\n\r\n.pollbar2 {\r\n	background-color: #bebebe;\r\n	border-bottom: 1px solid #8c8c8c;\r\n	border-right: 1px solid #8c8c8c;\r\n}\r\n\r\n.pollbar3 {\r\n	background-color: #D1D1D1;\r\n	border-bottom: 1px solid #aaaaaa;\r\n	border-right: 1px solid #aaaaaa;\r\n}\r\n\r\n.pollbar4 {\r\n	background-color: #e4e4e4;\r\n	border-bottom: 1px solid #bebebe;\r\n	border-right: 1px solid #bebebe;\r\n}\r\n\r\n.pollbar5 {\r\n	background-color: #f8f8f8;\r\n	border-bottom: 1px solid #D1D1D1;\r\n	border-right: 1px solid #D1D1D1;\r\n}\r\n\r\n/* Poster profile block\r\n----------------------------------------*/\r\n.postprofile {\r\n	/* Also see tweaks.css */\r\n	margin: 5px 0 10px 0;\r\n	min-height: 80px;\r\n	color: #666666;\r\n	border-left: 1px solid #FFFFFF;\r\n	width: 22%;\r\n	float: right;\r\n	display: inline;\r\n}\r\n.pm .postprofile {\r\n	border-left: 1px solid #DDDDDD;\r\n}\r\n\r\n.postprofile dd, .postprofile dt {\r\n	line-height: 1.2em;\r\n	margin-left: 8px;\r\n}\r\n\r\n.postprofile strong {\r\n	font-weight: normal;\r\n	color: #000000;\r\n}\r\n\r\n.avatar {\r\n	border: none;\r\n	margin-bottom: 3px;\r\n}\r\n\r\n.online {\r\n	background-image: none;\r\n	background-position: 100% 0;\r\n	background-repeat: no-repeat;\r\n}\r\n\r\n/* Poster profile used by search*/\r\n.search .postprofile {\r\n	width: 30%;\r\n}\r\n\r\n/* pm list in compose message if mass pm is enabled */\r\ndl.pmlist dt {\r\n	width: 60% !important;\r\n}\r\n\r\ndl.pmlist dt textarea {\r\n	width: 95%;\r\n}\r\n\r\ndl.pmlist dd {\r\n	margin-left: 61% !important;\r\n	margin-bottom: 2px;\r\n}\r\n/* proSilver Button Styles\r\n---------------------------------------- */\r\n\r\n/* Rollover buttons\r\n   Based on: http://wellstyled.com/css-nopreload-rollovers.html\r\n----------------------------------------*/\r\n.buttons {\r\n	float: left;\r\n	width: auto;\r\n	height: auto;\r\n}\r\n\r\n/* Rollover state */\r\n.buttons div {\r\n	float: left;\r\n	margin: 0 5px 0 0;\r\n	background-position: 0 100%;\r\n}\r\n\r\n/* Rolloff state */\r\n.buttons div a {\r\n	display: block;\r\n	width: 100%;\r\n	height: 100%;\r\n	background-position: 0 0;\r\n	position: relative;\r\n	overflow: hidden;\r\n}\r\n\r\n/* Hide <a> text and hide off-state image when rolling over (prevents flicker in IE) */\r\n/*.buttons div span		{ display: none; }*/\r\n/*.buttons div a:hover	{ background-image: none; }*/\r\n.buttons div span			{ position: absolute; width: 100%; height: 100%; cursor: pointer;}\r\n.buttons div a:hover span	{ background-position: 0 100%; }\r\n\r\n/* Big button images */\r\n.reply-icon span	{ background: transparent none 0 0 no-repeat; }\r\n.post-icon span		{ background: transparent none 0 0 no-repeat; }\r\n.locked-icon span	{ background: transparent none 0 0 no-repeat; }\r\n.pmreply-icon span	{ background: none 0 0 no-repeat; }\r\n.newpm-icon span 	{ background: none 0 0 no-repeat; }\r\n.forwardpm-icon span 	{ background: none 0 0 no-repeat; }\r\n\r\n/* Set big button dimensions */\r\n.buttons div.reply-icon		{ width: {IMG_BUTTON_TOPIC_REPLY_WIDTH}px; height: {IMG_BUTTON_TOPIC_REPLY_HEIGHT}px; }\r\n.buttons div.post-icon		{ width: {IMG_BUTTON_TOPIC_NEW_WIDTH}px; height: {IMG_BUTTON_TOPIC_NEW_HEIGHT}px; }\r\n.buttons div.locked-icon	{ width: {IMG_BUTTON_TOPIC_LOCKED_WIDTH}px; height: {IMG_BUTTON_TOPIC_LOCKED_HEIGHT}px; }\r\n.buttons div.pmreply-icon	{ width: {IMG_BUTTON_PM_REPLY_WIDTH}px; height: {IMG_BUTTON_PM_REPLY_HEIGHT}px; }\r\n.buttons div.newpm-icon		{ width: {IMG_BUTTON_PM_NEW_WIDTH}px; height: {IMG_BUTTON_PM_NEW_HEIGHT}px; }\r\n.buttons div.forwardpm-icon	{ width: {IMG_BUTTON_PM_FORWARD_WIDTH}px; height: {IMG_BUTTON_PM_FORWARD_HEIGHT}px; }\r\n\r\n/* Sub-header (navigation bar)\r\n--------------------------------------------- */\r\na.print, a.sendemail, a.fontsize {\r\n	display: block;\r\n	overflow: hidden;\r\n	height: 18px;\r\n	text-indent: -5000px;\r\n	text-align: left;\r\n	background-repeat: no-repeat;\r\n}\r\n\r\na.print {\r\n	background-image: none;\r\n	width: 22px;\r\n}\r\n\r\na.sendemail {\r\n	background-image: none;\r\n	width: 22px;\r\n}\r\n\r\na.fontsize {\r\n	background-image: none;\r\n	background-position: 0 -1px;\r\n	width: 29px;\r\n}\r\n\r\na.fontsize:hover {\r\n	background-position: 0 -20px;\r\n	text-decoration: none;\r\n}\r\n\r\n/* Icon images\r\n---------------------------------------- */\r\n.sitehome, .icon-faq, .icon-members, .icon-home, .icon-ucp, .icon-register, .icon-logout,\r\n.icon-bookmark, .icon-bump, .icon-subscribe, .icon-unsubscribe, .icon-pages, .icon-search {\r\n	background-position: 0 50%;\r\n	background-repeat: no-repeat;\r\n	background-image: none;\r\n	padding: 1px 0 0 17px;\r\n}\r\n\r\n/* Poster profile icons\r\n----------------------------------------*/\r\nul.profile-icons {\r\n	padding-top: 10px;\r\n	list-style: none;\r\n}\r\n\r\n/* Rollover state */\r\nul.profile-icons li {\r\n	float: left;\r\n	margin: 0 6px 3px 0;\r\n	background-position: 0 100%;\r\n}\r\n\r\n/* Rolloff state */\r\nul.profile-icons li a {\r\n	display: block;\r\n	width: 100%;\r\n	height: 100%;\r\n	background-position: 0 0;\r\n}\r\n\r\n/* Hide <a> text and hide off-state image when rolling over (prevents flicker in IE) */\r\nul.profile-icons li span { display:none; }\r\nul.profile-icons li a:hover { background: none; }\r\n\r\n/* Positioning of moderator icons */\r\n.postbody ul.profile-icons {\r\n	float: right;\r\n	width: auto;\r\n	padding: 0;\r\n}\r\n\r\n.postbody ul.profile-icons li {\r\n	margin: 0 3px;\r\n}\r\n\r\n/* Profile & navigation icons */\r\n.email-icon, .email-icon a		{ background: none top left no-repeat; }\r\n.aim-icon, .aim-icon a			{ background: none top left no-repeat; }\r\n.yahoo-icon, .yahoo-icon a		{ background: none top left no-repeat; }\r\n.web-icon, .web-icon a			{ background: none top left no-repeat; }\r\n.msnm-icon, .msnm-icon a			{ background: none top left no-repeat; }\r\n.icq-icon, .icq-icon a			{ background: none top left no-repeat; }\r\n.jabber-icon, .jabber-icon a		{ background: none top left no-repeat; }\r\n.pm-icon, .pm-icon a				{ background: none top left no-repeat; }\r\n.quote-icon, .quote-icon a		{ background: none top left no-repeat; }\r\n\r\n/* Moderator icons */\r\n.report-icon, .report-icon a		{ background: none top left no-repeat; }\r\n.warn-icon, .warn-icon a			{ background: none top left no-repeat; }\r\n.edit-icon, .edit-icon a			{ background: none top left no-repeat; }\r\n.delete-icon, .delete-icon a		{ background: none top left no-repeat; }\r\n.info-icon, .info-icon a			{ background: none top left no-repeat; }\r\n\r\n/* Set profile icon dimensions */\r\nul.profile-icons li.email-icon		{ width: {IMG_ICON_CONTACT_EMAIL_WIDTH}px; height: {IMG_ICON_CONTACT_EMAIL_HEIGHT}px; }\r\nul.profile-icons li.aim-icon	{ width: {IMG_ICON_CONTACT_AIM_WIDTH}px; height: {IMG_ICON_CONTACT_AIM_HEIGHT}px; }\r\nul.profile-icons li.yahoo-icon	{ width: {IMG_ICON_CONTACT_YAHOO_WIDTH}px; height: {IMG_ICON_CONTACT_YAHOO_HEIGHT}px; }\r\nul.profile-icons li.web-icon	{ width: {IMG_ICON_CONTACT_WWW_WIDTH}px; height: {IMG_ICON_CONTACT_WWW_HEIGHT}px; }\r\nul.profile-icons li.msnm-icon	{ width: {IMG_ICON_CONTACT_MSNM_WIDTH}px; height: {IMG_ICON_CONTACT_MSNM_HEIGHT}px; }\r\nul.profile-icons li.icq-icon	{ width: {IMG_ICON_CONTACT_ICQ_WIDTH}px; height: {IMG_ICON_CONTACT_ICQ_HEIGHT}px; }\r\nul.profile-icons li.jabber-icon	{ width: {IMG_ICON_CONTACT_JABBER_WIDTH}px; height: {IMG_ICON_CONTACT_JABBER_HEIGHT}px; }\r\nul.profile-icons li.pm-icon		{ width: {IMG_ICON_CONTACT_PM_WIDTH}px; height: {IMG_ICON_CONTACT_PM_HEIGHT}px; }\r\nul.profile-icons li.quote-icon	{ width: {IMG_ICON_POST_QUOTE_WIDTH}px; height: {IMG_ICON_POST_QUOTE_HEIGHT}px; }\r\nul.profile-icons li.report-icon	{ width: {IMG_ICON_POST_REPORT_WIDTH}px; height: {IMG_ICON_POST_REPORT_HEIGHT}px; }\r\nul.profile-icons li.edit-icon	{ width: {IMG_ICON_POST_EDIT_WIDTH}px; height: {IMG_ICON_POST_EDIT_HEIGHT}px; }\r\nul.profile-icons li.delete-icon	{ width: {IMG_ICON_POST_DELETE_WIDTH}px; height: {IMG_ICON_POST_DELETE_HEIGHT}px; }\r\nul.profile-icons li.info-icon	{ width: {IMG_ICON_POST_INFO_WIDTH}px; height: {IMG_ICON_POST_INFO_HEIGHT}px; }\r\nul.profile-icons li.warn-icon	{ width: {IMG_ICON_USER_WARN_WIDTH}px; height: {IMG_ICON_USER_WARN_HEIGHT}px; }\r\n\r\n/* Fix profile icon default margins */\r\nul.profile-icons li.edit-icon	{ margin: 0 0 0 3px; }\r\nul.profile-icons li.quote-icon	{ margin: 0 0 0 10px; }\r\nul.profile-icons li.info-icon, ul.profile-icons li.report-icon	{ margin: 0 3px 0 0; }\r\n/* proSilver Control Panel Styles\r\n---------------------------------------- */\r\n\r\n\r\n/* Main CP box\r\n----------------------------------------*/\r\n#cp-menu {\r\n	float:left;\r\n	width: 19%;\r\n	margin-top: 1em;\r\n	margin-bottom: 5px;\r\n}\r\n\r\n#cp-main {\r\n	float: left;\r\n	width: 81%;\r\n}\r\n\r\n#cp-main .content {\r\n	padding: 0;\r\n}\r\n\r\n#cp-main h3, #cp-main hr, #cp-menu hr {\r\n	border-color: #bfbfbf;\r\n}\r\n\r\n#cp-main .panel p {\r\n	font-size: 1.1em;\r\n}\r\n\r\n#cp-main .panel ol {\r\n	margin-left: 2em;\r\n	font-size: 1.1em;\r\n}\r\n\r\n#cp-main .panel li.row {\r\n	border-bottom: 1px solid #cbcbcb;\r\n	border-top: 1px solid #F9F9F9;\r\n}\r\n\r\nul.cplist {\r\n	margin-bottom: 5px;\r\n	border-top: 1px solid #cbcbcb;\r\n}\r\n\r\n#cp-main .panel li.header dd, #cp-main .panel li.header dt {\r\n	color: #000000;\r\n	margin-bottom: 2px;\r\n}\r\n\r\n#cp-main table.table1 {\r\n	margin-bottom: 1em;\r\n}\r\n\r\n#cp-main table.table1 thead th {\r\n	color: #333333;\r\n	font-weight: bold;\r\n	border-bottom: 1px solid #333333;\r\n	padding: 5px;\r\n}\r\n\r\n#cp-main table.table1 tbody th {\r\n	font-style: italic;\r\n	background-color: transparent !important;\r\n	border-bottom: none;\r\n}\r\n\r\n#cp-main .pagination {\r\n	float: right;\r\n	width: auto;\r\n	padding-top: 1px;\r\n}\r\n\r\n#cp-main .postbody p {\r\n	font-size: 1.1em;\r\n}\r\n\r\n#cp-main .pm-message {\r\n	border: 1px solid #e2e2e2;\r\n	margin: 10px 0;\r\n	background-color: #FFFFFF;\r\n	width: auto;\r\n	float: none;\r\n}\r\n\r\n.pm-message h2 {\r\n	padding-bottom: 5px;\r\n}\r\n\r\n#cp-main .postbody h3, #cp-main .box2 h3 {\r\n	margin-top: 0;\r\n}\r\n\r\n#cp-main .buttons {\r\n	margin-left: 0;\r\n}\r\n\r\n#cp-main ul.linklist {\r\n	margin: 0;\r\n}\r\n\r\n/* MCP Specific tweaks */\r\n.mcp-main .postbody {\r\n	width: 100%;\r\n}\r\n\r\n/* CP tabbed menu\r\n----------------------------------------*/\r\n#tabs {\r\n	line-height: normal;\r\n	margin: 20px 0 -1px 7px;\r\n	min-width: 570px;\r\n}\r\n\r\n#tabs ul {\r\n	margin:0;\r\n	padding: 0;\r\n	list-style: none;\r\n}\r\n\r\n#tabs li {\r\n	display: inline;\r\n	margin: 0;\r\n	padding: 0;\r\n	font-size: 1em;\r\n	font-weight: bold;\r\n}\r\n\r\n#tabs a {\r\n	float: left;\r\n	background: none no-repeat 0% -35px;\r\n	margin: 0 1px 0 0;\r\n	padding: 0 0 0 5px;\r\n	text-decoration: none;\r\n	position: relative;\r\n	cursor: pointer;\r\n}\r\n\r\n#tabs a span {\r\n	float: left;\r\n	display: block;\r\n	background: none no-repeat 100% -35px;\r\n	padding: 6px 10px 6px 5px;\r\n	color: #828282;\r\n	white-space: nowrap;\r\n}\r\n\r\n#tabs a:hover span {\r\n	color: #bcbcbc;\r\n}\r\n\r\n#tabs .activetab a {\r\n	background-position: 0 0;\r\n	border-bottom: 1px solid #ebebeb;\r\n}\r\n\r\n#tabs .activetab a span {\r\n	background-position: 100% 0;\r\n	padding-bottom: 7px;\r\n	color: #333333;\r\n}\r\n\r\n#tabs a:hover {\r\n	background-position: 0 -70px;\r\n}\r\n\r\n#tabs a:hover span {\r\n	background-position:100% -70px;\r\n}\r\n\r\n#tabs .activetab a:hover {\r\n	background-position: 0 0;\r\n}\r\n\r\n#tabs .activetab a:hover span {\r\n	color: #000000;\r\n	background-position: 100% 0;\r\n}\r\n\r\n/* Mini tabbed menu used in MCP\r\n----------------------------------------*/\r\n#minitabs {\r\n	line-height: normal;\r\n	margin: -20px 7px 0 0;\r\n}\r\n\r\n#minitabs ul {\r\n	margin:0;\r\n	padding: 0;\r\n	list-style: none;\r\n}\r\n\r\n#minitabs li {\r\n	display: block;\r\n	float: right;\r\n	padding: 0 10px 4px 10px;\r\n	font-size: 1em;\r\n	font-weight: bold;\r\n	background-color: #f2f2f2;\r\n	margin-left: 2px;\r\n}\r\n\r\n#minitabs a {\r\n}\r\n\r\n#minitabs a:hover {\r\n	text-decoration: none;\r\n}\r\n\r\n#minitabs li.activetab {\r\n	background-color: #F9F9F9;\r\n}\r\n\r\n#minitabs li.activetab a, #minitabs li.activetab a:hover {\r\n	color: #333333;\r\n}\r\n\r\n/* UCP navigation menu\r\n----------------------------------------*/\r\n/* Container for sub-navigation list */\r\n#navigation {\r\n	width: 100%;\r\n	padding-top: 36px;\r\n}\r\n\r\n#navigation ul {\r\n	list-style:none;\r\n}\r\n\r\n/* Default list state */\r\n#navigation li {\r\n	margin: 1px 0;\r\n	padding: 0;\r\n	font-weight: bold;\r\n	display: inline;\r\n}\r\n\r\n/* Link styles for the sub-section links */\r\n#navigation a {\r\n	display: block;\r\n	padding: 5px;\r\n	margin: 1px 0;\r\n	text-decoration: none;\r\n	font-weight: bold;\r\n	color: #333;\r\n	background: #cfcfcf none repeat-y 100% 0;\r\n}\r\n\r\n#navigation a:hover {\r\n	text-decoration: none;\r\n	background-color: #c6c6c6;\r\n	color: #bcbcbc;\r\n	background-image: none;\r\n}\r\n\r\n#navigation #active-subsection a {\r\n	display: block;\r\n	color: #d3d3d3;\r\n	background-color: #F9F9F9;\r\n	background-image: none;\r\n}\r\n\r\n#navigation #active-subsection a:hover {\r\n	color: #d3d3d3;\r\n}\r\n\r\n/* Preferences pane layout\r\n----------------------------------------*/\r\n#cp-main h2 {\r\n	border-bottom: none;\r\n	padding: 0;\r\n	margin-left: 10px;\r\n	color: #333333;\r\n}\r\n\r\n#cp-main .panel {\r\n	background-color: #F9F9F9;\r\n}\r\n\r\n#cp-main .pm {\r\n	background-color: #FFFFFF;\r\n}\r\n\r\n#cp-main span.corners-top, #cp-menu span.corners-top {\r\n	background-image: none;\r\n}\r\n\r\n#cp-main span.corners-top span, #cp-menu span.corners-top span {\r\n	background-image: none;\r\n}\r\n\r\n#cp-main span.corners-bottom, #cp-menu span.corners-bottom {\r\n	background-image: none;\r\n}\r\n\r\n#cp-main span.corners-bottom span, #cp-menu span.corners-bottom span {\r\n	background-image: none;\r\n}\r\n\r\n/* Topicreview */\r\n#cp-main .panel #topicreview span.corners-top, #cp-menu .panel #topicreview span.corners-top {\r\n	background-image: none;\r\n}\r\n\r\n#cp-main .panel #topicreview span.corners-top span, #cp-menu .panel #topicreview span.corners-top span {\r\n	background-image: none;\r\n}\r\n\r\n#cp-main .panel #topicreview span.corners-bottom, #cp-menu .panel #topicreview span.corners-bottom {\r\n	background-image: none;\r\n}\r\n\r\n#cp-main .panel #topicreview span.corners-bottom span, #cp-menu .panel #topicreview span.corners-bottom span {\r\n	background-image: none;\r\n}\r\n\r\n/* Friends list */\r\n.cp-mini {\r\n	background-color: #f9f9f9;\r\n	padding: 0 5px;\r\n	margin: 10px 15px 10px 5px;\r\n}\r\n\r\n.cp-mini span.corners-top, .cp-mini span.corners-bottom {\r\n	margin: 0 -5px;\r\n}\r\n\r\ndl.mini dt {\r\n	font-weight: bold;\r\n	color: #676767;\r\n}\r\n\r\ndl.mini dd {\r\n	padding-top: 4px;\r\n}\r\n\r\n.friend-online {\r\n	font-weight: bold;\r\n}\r\n\r\n.friend-offline {\r\n	font-style: italic;\r\n}\r\n\r\n/* PM Styles\r\n----------------------------------------*/\r\n#pm-menu {\r\n	line-height: 2.5em;\r\n}\r\n\r\n/* PM panel adjustments */\r\n.pm-panel-header {\r\n	margin: 0; \r\n	padding-bottom: 10px; \r\n	border-bottom: 1px dashed #A4B3BF;\r\n}\r\n\r\n.reply-all {\r\n	display: block; \r\n	padding-top: 4px; \r\n	clear: both;\r\n	float: left;\r\n}\r\n\r\n.pm-panel-message {\r\n	padding-top: 10px;\r\n}\r\n\r\n.pm-return-to {\r\n	padding-top: 23px;\r\n}\r\n\r\n#cp-main .pm-message-nav {\r\n	margin: 0; \r\n	padding: 2px 10px 5px 10px; \r\n	border-bottom: 1px dashed #A4B3BF;\r\n}\r\n\r\n/* PM Message history */\r\n.current {\r\n	color: #999999;\r\n}\r\n\r\n/* Defined rules list for PM options */\r\nol.def-rules {\r\n	padding-left: 0;\r\n}\r\n\r\nol.def-rules li {\r\n	line-height: 180%;\r\n	padding: 1px;\r\n}\r\n\r\n/* PM marking colours */\r\n.pmlist li.bg1 {\r\n	padding: 0 3px;\r\n}\r\n\r\n.pmlist li.bg2 {\r\n	padding: 0 3px;\r\n}\r\n\r\n.pmlist li.pm_message_reported_colour, .pm_message_reported_colour {\r\n	border-left-color: #bcbcbc;\r\n	border-right-color: #bcbcbc;\r\n}\r\n\r\n.pmlist li.pm_marked_colour, .pm_marked_colour {\r\n	padding: 0;\r\n	border: solid 3px #ffffff;\r\n	border-width: 0 3px;\r\n}\r\n\r\n.pmlist li.pm_replied_colour, .pm_replied_colour {\r\n	padding: 0;\r\n	border: solid 3px #c2c2c2;\r\n	border-width: 0 3px;\r\n}\r\n\r\n.pmlist li.pm_friend_colour, .pm_friend_colour {\r\n	padding: 0;\r\n	border: solid 3px #bdbdbd;\r\n	border-width: 0 3px;\r\n}\r\n\r\n.pmlist li.pm_foe_colour, .pm_foe_colour {\r\n	padding: 0;\r\n	border: solid 3px #000000;\r\n	border-width: 0 3px;\r\n}\r\n\r\n.pm-legend {\r\n	border-left-width: 10px;\r\n	border-left-style: solid;\r\n	border-right-width: 0;\r\n	margin-bottom: 3px;\r\n	padding-left: 3px;\r\n}\r\n\r\n/* Avatar gallery */\r\n#gallery label {\r\n	position: relative;\r\n	float: left;\r\n	margin: 10px;\r\n	padding: 5px;\r\n	width: auto;\r\n	background: #FFFFFF;\r\n	border: 1px solid #CCC;\r\n	text-align: center;\r\n}\r\n\r\n#gallery label:hover {\r\n	background-color: #EEE;\r\n}\r\n/* proSilver Form Styles\r\n---------------------------------------- */\r\n\r\n/* General form styles\r\n----------------------------------------*/\r\nfieldset {\r\n	border-width: 0;\r\n	font-family: Verdana, Helvetica, Arial, sans-serif;\r\n	font-size: 1.1em;\r\n}\r\n\r\ninput {\r\n	font-weight: normal;\r\n	cursor: pointer;\r\n	vertical-align: middle;\r\n	padding: 0 3px;\r\n	font-size: 1em;\r\n	font-family: Verdana, Helvetica, Arial, sans-serif;\r\n}\r\n\r\nselect {\r\n	font-family: Verdana, Helvetica, Arial, sans-serif;\r\n	font-weight: normal;\r\n	cursor: pointer;\r\n	vertical-align: middle;\r\n	border: 1px solid #666666;\r\n	padding: 1px;\r\n	background-color: #FAFAFA;\r\n}\r\n\r\noption {\r\n	padding-right: 1em;\r\n}\r\n\r\noption.disabled-option {\r\n	color: graytext;\r\n}\r\n\r\ntextarea {\r\n	font-family: \"Lucida Grande\", Verdana, Helvetica, Arial, sans-serif;\r\n	width: 60%;\r\n	padding: 2px;\r\n	font-size: 1em;\r\n	line-height: 1.4em;\r\n}\r\n\r\nlabel {\r\n	cursor: default;\r\n	padding-right: 5px;\r\n	color: #676767;\r\n}\r\n\r\nlabel input {\r\n	vertical-align: middle;\r\n}\r\n\r\nlabel img {\r\n	vertical-align: middle;\r\n}\r\n\r\n/* Definition list layout for forms\r\n---------------------------------------- */\r\nfieldset dl {\r\n	padding: 4px 0;\r\n}\r\n\r\nfieldset dt {\r\n	float: left;	\r\n	width: 40%;\r\n	text-align: left;\r\n	display: block;\r\n}\r\n\r\nfieldset dd {\r\n	margin-left: 41%;\r\n	vertical-align: top;\r\n	margin-bottom: 3px;\r\n}\r\n\r\n/* Specific layout 1 */\r\nfieldset.fields1 dt {\r\n	width: 15em;\r\n	border-right-width: 0;\r\n}\r\n\r\nfieldset.fields1 dd {\r\n	margin-left: 15em;\r\n	border-left-width: 0;\r\n}\r\n\r\nfieldset.fields1 {\r\n	background-color: transparent;\r\n}\r\n\r\nfieldset.fields1 div {\r\n	margin-bottom: 3px;\r\n}\r\n\r\n/* Set it back to 0px for the reCaptcha divs: PHPBB3-9587 */\r\nfieldset.fields1 #recaptcha_widget_div div {\r\n	margin-bottom: 0;\r\n}\r\n\r\n/* Specific layout 2 */\r\nfieldset.fields2 dt {\r\n	width: 15em;\r\n	border-right-width: 0;\r\n}\r\n\r\nfieldset.fields2 dd {\r\n	margin-left: 16em;\r\n	border-left-width: 0;\r\n}\r\n\r\n/* Form elements */\r\ndt label {\r\n	font-weight: bold;\r\n	text-align: left;\r\n}\r\n\r\ndd label {\r\n	white-space: nowrap;\r\n	color: #333;\r\n}\r\n\r\ndd input, dd textarea {\r\n	margin-right: 3px;\r\n}\r\n\r\ndd select {\r\n	width: auto;\r\n}\r\n\r\ndd textarea {\r\n	width: 85%;\r\n}\r\n\r\n/* Hover effects */\r\nfieldset dl:hover dt label {\r\n	color: #000000;\r\n}\r\n\r\nfieldset.fields2 dl:hover dt label {\r\n	color: inherit;\r\n}\r\n\r\n#timezone {\r\n	width: 95%;\r\n}\r\n\r\n* html #timezone {\r\n	width: 50%;\r\n}\r\n\r\n/* Quick-login on index page */\r\nfieldset.quick-login {\r\n	margin-top: 5px;\r\n}\r\n\r\nfieldset.quick-login input {\r\n	width: auto;\r\n}\r\n\r\nfieldset.quick-login input.inputbox {\r\n	width: 15%;\r\n	vertical-align: middle;\r\n	margin-right: 5px;\r\n	background-color: #f3f3f3;\r\n}\r\n\r\nfieldset.quick-login label {\r\n	white-space: nowrap;\r\n	padding-right: 2px;\r\n}\r\n\r\n/* Display options on viewtopic/viewforum pages  */\r\nfieldset.display-options {\r\n	text-align: center;\r\n	margin: 3px 0 5px 0;\r\n}\r\n\r\nfieldset.display-options label {\r\n	white-space: nowrap;\r\n	padding-right: 2px;\r\n}\r\n\r\nfieldset.display-options a {\r\n	margin-top: 3px;\r\n}\r\n\r\n/* Display actions for ucp and mcp pages */\r\nfieldset.display-actions {\r\n	text-align: right;\r\n	line-height: 2em;\r\n	white-space: nowrap;\r\n	padding-right: 1em;\r\n}\r\n\r\nfieldset.display-actions label {\r\n	white-space: nowrap;\r\n	padding-right: 2px;\r\n}\r\n\r\nfieldset.sort-options {\r\n	line-height: 2em;\r\n}\r\n\r\n/* MCP forum selection*/\r\nfieldset.forum-selection {\r\n	margin: 5px 0 3px 0;\r\n	float: right;\r\n}\r\n\r\nfieldset.forum-selection2 {\r\n	margin: 13px 0 3px 0;\r\n	float: right;\r\n}\r\n\r\n/* Jumpbox */\r\nfieldset.jumpbox {\r\n	text-align: right;\r\n	margin-top: 15px;\r\n	height: 2.5em;\r\n}\r\n\r\nfieldset.quickmod {\r\n	width: 50%;\r\n	float: right;\r\n	text-align: right;\r\n	height: 2.5em;\r\n}\r\n\r\n/* Submit button fieldset */\r\nfieldset.submit-buttons {\r\n	text-align: center;\r\n	vertical-align: middle;\r\n	margin: 5px 0;\r\n}\r\n\r\nfieldset.submit-buttons input {\r\n	vertical-align: middle;\r\n	padding-top: 3px;\r\n	padding-bottom: 3px;\r\n}\r\n\r\n/* Posting page styles\r\n----------------------------------------*/\r\n\r\n/* Buttons used in the editor */\r\n#format-buttons {\r\n	margin: 15px 0 2px 0;\r\n}\r\n\r\n#format-buttons input, #format-buttons select {\r\n	vertical-align: middle;\r\n}\r\n\r\n/* Main message box */\r\n#message-box {\r\n	width: 80%;\r\n}\r\n\r\n#message-box textarea {\r\n	font-family: \"Trebuchet MS\", Verdana, Helvetica, Arial, sans-serif;\r\n	width: 450px;\r\n	height: 270px;\r\n	min-width: 100%;\r\n	max-width: 100%;\r\n	font-size: 1.2em;\r\n	color: #333333;\r\n}\r\n\r\n/* Emoticons panel */\r\n#smiley-box {\r\n	width: 18%;\r\n	float: right;\r\n}\r\n\r\n#smiley-box img {\r\n	margin: 3px;\r\n}\r\n\r\n/* Input field styles\r\n---------------------------------------- */\r\n.inputbox {\r\n	background-color: #FFFFFF;\r\n	border: 1px solid #c0c0c0;\r\n	color: #333333;\r\n	padding: 2px;\r\n	cursor: text;\r\n}\r\n\r\n.inputbox:hover {\r\n	border: 1px solid #eaeaea;\r\n}\r\n\r\n.inputbox:focus {\r\n	border: 1px solid #eaeaea;\r\n	color: #4b4b4b;\r\n}\r\n\r\ninput.inputbox	{ width: 85%; }\r\ninput.medium	{ width: 50%; }\r\ninput.narrow	{ width: 25%; }\r\ninput.tiny		{ width: 125px; }\r\n\r\ntextarea.inputbox {\r\n	width: 85%;\r\n}\r\n\r\n.autowidth {\r\n	width: auto !important;\r\n}\r\n\r\n/* Form button styles\r\n---------------------------------------- */\r\ninput.button1, input.button2 {\r\n	font-size: 1em;\r\n}\r\n\r\na.button1, input.button1, input.button3, a.button2, input.button2 {\r\n	width: auto !important;\r\n	padding-top: 1px;\r\n	padding-bottom: 1px;\r\n	font-family: \"Lucida Grande\", Verdana, Helvetica, Arial, sans-serif;\r\n	color: #000;\r\n	background: #FAFAFA none repeat-x top left;\r\n}\r\n\r\na.button1, input.button1 {\r\n	font-weight: bold;\r\n	border: 1px solid #666666;\r\n}\r\n\r\ninput.button3 {\r\n	padding: 0;\r\n	margin: 0;\r\n	line-height: 5px;\r\n	height: 12px;\r\n	background-image: none;\r\n	font-variant: small-caps;\r\n}\r\n\r\n/* Alternative button */\r\na.button2, input.button2, input.button3 {\r\n	border: 1px solid #666666;\r\n}\r\n\r\n/* <a> button in the style of the form buttons */\r\na.button1, a.button1:link, a.button1:visited, a.button1:active, a.button2, a.button2:link, a.button2:visited, a.button2:active {\r\n	text-decoration: none;\r\n	color: #000000;\r\n	padding: 2px 8px;\r\n	line-height: 250%;\r\n	vertical-align: text-bottom;\r\n	background-position: 0 1px;\r\n}\r\n\r\n/* Hover states */\r\na.button1:hover, input.button1:hover, a.button2:hover, input.button2:hover, input.button3:hover {\r\n	border: 1px solid #BCBCBC;\r\n	background-position: 0 100%;\r\n	color: #BCBCBC;\r\n}\r\n\r\ninput.disabled {\r\n	font-weight: normal;\r\n	color: #666666;\r\n}\r\n\r\n/* Topic and forum Search */\r\n.search-box {\r\n	margin-top: 3px;\r\n	margin-left: 5px;\r\n	float: left;\r\n}\r\n\r\n.search-box input {\r\n}\r\n\r\ninput.search {\r\n	background-image: none;\r\n	background-repeat: no-repeat;\r\n	background-position: left 1px;\r\n	padding-left: 17px;\r\n}\r\n\r\n.full { width: 95%; }\r\n.medium { width: 50%;}\r\n.narrow { width: 25%;}\r\n.tiny { width: 10%;}\r\n/* proSilver Style Sheet Tweaks\r\n\r\nThese style definitions are mainly IE specific \r\ntweaks required due to its poor CSS support.\r\n-------------------------------------------------*/\r\n\r\n* html table, * html select, * html input { font-size: 100%; }\r\n* html hr { margin: 0; }\r\n* html span.corners-top, * html span.corners-bottom { background-image: url(\"{T_THEME_PATH}/images/corners_left.gif\"); }\r\n* html span.corners-top span, * html span.corners-bottom span { background-image: url(\"{T_THEME_PATH}/images/corners_right.gif\"); }\r\n\r\ntable.table1 {\r\n	width: 99%;		/* IE < 6 browsers */\r\n	/* Tantek hack */\r\n	voice-family: \"\\\"}\\\"\";\r\n	voice-family: inherit;\r\n	width: 100%;\r\n}\r\nhtml>body table.table1 { width: 100%; }	/* Reset 100% for opera */\r\n\r\n* html ul.topiclist li { position: relative; }\r\n* html .postbody h3 img { vertical-align: middle; }\r\n\r\n/* Form styles */\r\nhtml>body dd label input { vertical-align: text-bottom; }	/* Align checkboxes/radio buttons nicely */\r\n\r\n* html input.button1, * html input.button2 {\r\n	padding-bottom: 0;\r\n	margin-bottom: 1px;\r\n}\r\n\r\n/* Misc layout styles */\r\n* html .column1, * html .column2 { width: 45%; }\r\n\r\n/* Nice method for clearing floated blocks without having to insert any extra markup (like spacer above)\r\n   From http://www.positioniseverything.net/easyclearing.html \r\n#tabs:after, #minitabs:after, .post:after, .navbar:after, fieldset dl:after, ul.topiclist dl:after, ul.linklist:after, dl.polls:after {\r\n	content: \".\"; \r\n	display: block; \r\n	height: 0; \r\n	clear: both; \r\n	visibility: hidden;\r\n}*/\r\n\r\n.clearfix, #tabs, #minitabs, fieldset dl, ul.topiclist dl, dl.polls {\r\n	height: 1%;\r\n	overflow: hidden;\r\n}\r\n\r\n/* viewtopic fix */\r\n* html .post {\r\n	height: 25%;\r\n	overflow: hidden;\r\n}\r\n\r\n/* navbar fix */\r\n* html .clearfix, * html .navbar, ul.linklist {\r\n	height: 4%;\r\n	overflow: hidden;\r\n}\r\n\r\n/* Simple fix so forum and topic lists always have a min-height set, even in IE6\r\n	From http://www.dustindiaz.com/min-height-fast-hack */\r\ndl.icon {\r\n	min-height: 35px;\r\n	height: auto !important;\r\n	height: 35px;\r\n}\r\n\r\n* html li.row dl.icon dt {\r\n	height: 35px;\r\n	overflow: visible;\r\n}\r\n\r\n* html #search-box {\r\n	width: 25%;\r\n}\r\n\r\n/* Correctly clear floating for details on profile view */\r\n*:first-child+html dl.details dd {\r\n	margin-left: 30%;\r\n	float: none;\r\n}\r\n\r\n* html dl.details dd {\r\n	margin-left: 30%;\r\n	float: none;\r\n}\r\n\r\n* html .forumbg table.table1 {\r\n	margin: 0 -2px 0px -1px;\r\n}\r\n\r\n/* Headerbar height fix for IE7 and below */\r\n* html #site-description p {\r\n	margin-bottom: 1.0em;\r\n}\r\n\r\n*:first-child+html #site-description p {\r\n	margin-bottom: 1.0em;\r\n}\r\n/*  	\r\n--------------------------------------------------------------\r\nColours and backgrounds for common.css\r\n-------------------------------------------------------------- */\r\n\r\nhtml, body {\r\n	color: #536482;\r\n	background-image: url({T_THEME_PATH}/images/footer_bg.jpg);\r\n	background-color: #000;\r\n	background-repeat: repeat-x;\r\n	background-attachment: fixed;\r\n}\r\n\r\nh1 {\r\n	color: #FFFFFF;\r\n}\r\n\r\nh2 {\r\n	color: #9b9ea2;\r\n}\r\n\r\nh3 {\r\n	border-bottom-color: #302e2e;\r\n	color: #934497;\r\n}\r\n\r\nhr {\r\n	border-color: #FFFFFF;\r\n	border-top-color: #302e2e;\r\n}\r\n\r\nhr.dashed {\r\n	border-top-color: #302e2e;\r\n}\r\n\r\n/* Search box\r\n--------------------------------------------- */\r\n\r\n#search-box {\r\n	color: #FFFFFF;\r\n}\r\n\r\n#search-box #keywords {\r\n	background-color: #FFF;\r\n}\r\n\r\n#search-box input {\r\n	border-color: #0075B0;\r\n}\r\n\r\n/* Round cornered boxes and backgrounds\r\n---------------------------------------- */\r\n.headerbar {\r\n	background-color: #12A3EB;\r\n	background-image: url(\"{T_THEME_PATH}/images/bg_header.gif\");\r\n	color: #FFFFFF;\r\n}\r\n\r\n.navbar {\r\n	background-color: #1b1a1a;\r\n}\r\n\r\n.forabg {\r\n	background-color: #1a1a1a;\r\n	border: 1px solid #313131;\r\n}\r\n\r\n.forumbg {\r\n	background-color: #1a1a1a;\r\n	border: 1px solid #313131;\r\n}\r\n\r\n.panel {\r\n	background-color: #202020;\r\n	color: #9b9ea2;\r\n}\r\n\r\n.post:target .content {\r\n	color: #fff;\r\n}\r\n\r\n.post:target h3 a {\r\n	color: #fff;\r\n}\r\n\r\n.bg1	{ background-color: #191818; }\r\n.bg2	{ background-color: #1d1c1c;  }\r\n.bg3	{ background-color: #1b1a1a; }\r\n\r\n.ucprowbg {\r\n	background-color: #DCDEE2;\r\n}\r\n\r\n.fieldsbg {\r\n	background-color: #E7E8EA;\r\n}\r\n\r\nspan.corners-top {\r\n	background-image: url(\"{T_THEME_PATH}/images/corners_left.png\");\r\n}\r\n\r\nspan.corners-top span {\r\n	background-image: url(\"{T_THEME_PATH}/images/corners_right.png\");\r\n}\r\n\r\nspan.corners-bottom {\r\n	background-image: url(\"{T_THEME_PATH}/images/corners_left.png\");\r\n}\r\n\r\nspan.corners-bottom span {\r\n	background-image: url(\"{T_THEME_PATH}/images/corners_right.png\");\r\n}\r\n\r\n/* Horizontal lists\r\n----------------------------------------*/\r\n\r\nul.navlinks {\r\n	border-bottom-color: #FFFFFF;\r\n}\r\n\r\n/* Table styles\r\n----------------------------------------*/\r\ntable.table1 thead th {\r\n	color: #FFFFFF;\r\n}\r\n\r\ntable.table1 tbody tr {\r\n	border-color: #BFC1CF;\r\n}\r\n\r\ntable.table1 tbody tr:hover, table.table1 tbody tr.hover {\r\n	background-color: #CFE1F6;\r\n	color: #fff;\r\n}\r\n\r\ntable.table1 td {\r\n	color: #536482;\r\n}\r\n\r\ntable.table1 tbody td {\r\n	border-top-color: #FAFAFA;\r\n}\r\n\r\ntable.table1 tbody th {\r\n	border-bottom-color: #000000;\r\n	color: #d9d9d9;\r\n	background-color: #FFFFFF;\r\n}\r\n\r\ntable.info tbody th {\r\n	color: #fff;\r\n}\r\n\r\n/* Misc layout styles\r\n---------------------------------------- */\r\ndl.details dt {\r\n	color: #fff;\r\n}\r\n\r\ndl.details dd {\r\n	color: #536482;\r\n}\r\n\r\n.sep {\r\n	color: #1198D9;\r\n}\r\n\r\n/* Pagination\r\n---------------------------------------- */\r\n\r\n.pagination span strong {\r\n	color: #FFFFFF;\r\n	background-color: #4692BF;\r\n	border-color: #4692BF;\r\n}\r\n\r\n.pagination span a, .pagination span a:link, .pagination span a:visited {\r\n	color: #5C758C;\r\n	background-color: #ECEDEE;\r\n	border-color: #B4BAC0;\r\n}\r\n\r\n.pagination span a:hover {\r\n	border-color: #368AD2;\r\n	background-color: #368AD2;\r\n	color: #FFF;\r\n}\r\n\r\n.pagination span a:active {\r\n	color: #5C758C;\r\n	background-color: #ECEDEE;\r\n	border-color: #B4BAC0;\r\n}\r\n\r\n/* Pagination in viewforum for multipage topics */\r\n.row .pagination {\r\n	background-image: url(\"{T_THEME_PATH}/images/icon_pages.gif\");\r\n}\r\n\r\n.row .pagination span a, li.pagination span a {\r\n	background-color: #FFFFFF;\r\n}\r\n\r\n.row .pagination span a:hover, li.pagination span a:hover {\r\n	background-color: #368AD2;\r\n}\r\n\r\n/* Miscellaneous styles\r\n---------------------------------------- */\r\n\r\n.copyright {\r\n	color: #555555;\r\n}\r\n\r\n.error {\r\n	color: #af00ba;\r\n}\r\n\r\n.reported {\r\n	background-color: #F7ECEF;\r\n}\r\n\r\nli.reported:hover {\r\n	background-color: #212020 !important;\r\n}\r\n.sticky, .announce {\r\n	/* you can add a background for stickies and announcements*/\r\n}\r\n\r\ndiv.rules {\r\n	background-color: #212020;\r\n	color: #af00ba;\r\n}\r\n\r\np.rules {\r\n	background-color: #212020;\r\n	background-image: none;\r\n}\r\n\r\n/*  	\r\n--------------------------------------------------------------\r\nColours and backgrounds for links.css\r\n-------------------------------------------------------------- */\r\n\r\na:link	{ color: #d9d9d9; }\r\na:visited	{ color: #d9d9d9; }\r\na:hover	{ color: #730b60; }\r\na:active	{ color: #368AD2; }\r\n\r\n/* Links on gradient backgrounds */\r\n#search-box a:link, .navbg a:link, .forumbg .header a:link, .forabg .header a:link, th a:link {\r\n	color: #FFFFFF;\r\n}\r\n\r\n#search-box a:visited, .navbg a:visited, .forumbg .header a:visited, .forabg .header a:visited, th a:visited {\r\n	color: #FFFFFF;\r\n}\r\n\r\n#search-box a:hover, .navbg a:hover, .forumbg .header a:hover, .forabg .header a:hover, th a:hover {\r\n	color: #A8D8FF;\r\n}\r\n\r\n#search-box a:active, .navbg a:active, .forumbg .header a:active, .forabg .header a:active, th a:active {\r\n	color: #C8E6FF;\r\n}\r\n\r\n/* Links for forum/topic lists */\r\na.forumtitle {\r\n	color: #d9d9d9;\r\n}\r\n\r\n/* a.forumtitle:visited { color: #d9d9d9; } */\r\n\r\na.forumtitle:hover {\r\n	color: #af00ba;\r\n}\r\n\r\na.forumtitle:active {\r\n	color: #d9d9d9;\r\n}\r\n\r\na.topictitle {\r\n	color: #d9d9d9;\r\n}\r\n\r\n/* a.topictitle:visited { color: #368AD2; } */\r\n\r\na.topictitle:hover {\r\n	color: #af00ba;\r\n}\r\n\r\na.topictitle:active {\r\n	color: #d9d9d9;\r\n}\r\n\r\n/* Post body links */\r\n.postlink {\r\n	color: #368AD2;\r\n	border-bottom-color: #368AD2;\r\n}\r\n\r\n.postlink:visited {\r\n	color: #5D8FBD;\r\n	border-bottom-color: #5D8FBD;\r\n}\r\n\r\n.postlink:active {\r\n	color: #368AD2;\r\n}\r\n\r\n.postlink:hover {\r\n	background-color: #D0E4F6;\r\n	color: #0D4473;\r\n}\r\n\r\n.signature a, .signature a:visited, .signature a:hover, .signature a:active {\r\n	background-color: transparent;\r\n}\r\n\r\n/* Profile links */\r\n.postprofile a:link, .postprofile a:visited, .postprofile dt.author a {\r\n	color: #d9d9d9;\r\n}\r\n\r\n.postprofile a:hover, .postprofile dt.author a:hover {\r\n	color: #730b60;\r\n}\r\n\r\n.postprofile a:active {\r\n	color: #d9d9d9;\r\n}\r\n\r\n/* Profile searchresults */	\r\n.search .postprofile a {\r\n	color: #d9d9d9;\r\n}\r\n\r\n.search .postprofile a:hover {\r\n	color: #730b60;\r\n}\r\n\r\n/* Back to top of page */\r\na.top {\r\n	background-image: url(\"{IMG_ICON_BACK_TOP_SRC}\");\r\n}\r\n\r\na.top2 {\r\n	background-image: url(\"{IMG_ICON_BACK_TOP_SRC}\");\r\n}\r\n\r\n/* Arrow links  */\r\na.up		{ background-image: url(\"{T_THEME_PATH}/images/arrow_up.gif\") }\r\na.down		{ background-image: url(\"{T_THEME_PATH}/images/arrow_down.gif\") }\r\na.left		{ background-image: url(\"{T_THEME_PATH}/images/arrow_left.gif\") }\r\na.right		{ background-image: url(\"{T_THEME_PATH}/images/arrow_right.gif\") }\r\n\r\na.up:hover {\r\n	background-color: transparent;\r\n}\r\n\r\na.left:hover {\r\n	color: #368AD2;\r\n}\r\n\r\na.right:hover {\r\n	color: #368AD2;\r\n}\r\n\r\n\r\n/*  	\r\n--------------------------------------------------------------\r\nColours and backgrounds for content.css\r\n-------------------------------------------------------------- */\r\n\r\nul.forums {\r\n	background-color: #1e1e1e;\r\n	background-image: url(\"{T_THEME_PATH}/images/gradient.gif\");\r\n}\r\n\r\nul.topiclist li {\r\n	color: #4C5D77;\r\n}\r\n\r\nul.topiclist dd {\r\n	border-left-color: #3e3e3e;\r\n}\r\n\r\n.rtl ul.topiclist dd {\r\n	border-right-color: #6e0750;\r\n	border-left-color: transparent;\r\n}\r\n\r\nul.topiclist li.row dt a.subforum.read {\r\n	background-image: url(\"{IMG_SUBFORUM_READ_SRC}\");\r\n}\r\n\r\nul.topiclist li.row dt a.subforum.unread {\r\n	background-image: url(\"{IMG_SUBFORUM_UNREAD_SRC}\");\r\n}\r\n\r\nli.row {\r\n	border-top-color:  #313131;\r\n	border-bottom-color: #161616;\r\n}\r\n\r\nli.row strong {\r\n	color: #fff;\r\n}\r\n\r\nli.row:hover {\r\n	background-color: #171717;\r\n}\r\n\r\nli.row:hover dd {\r\n	border-left-color: #72074d;\r\n}\r\n\r\n.rtl li.row:hover dd {\r\n	border-right-color: #72074d;\r\n	border-left-color: transparent;\r\n}\r\n\r\nli.header dt, li.header dd {\r\n	color: #FFFFFF;\r\n}\r\n\r\n/* Forum list column styles */\r\nul.topiclist dd.searchextra {\r\n	color: #d9d9d9;\r\n}\r\n\r\n/* Post body styles\r\n----------------------------------------*/\r\n.postbody {\r\n	color: #d9d9d9;\r\n}\r\n\r\n/* Content container styles\r\n----------------------------------------*/\r\n.content {\r\n	color: #d9d9d9;\r\n}\r\n\r\n.content h2, .panel h2 {\r\n	color: #934497;\r\n	border-bottom-color:  #302e2e;\r\n}\r\n\r\ndl.faq dt {\r\n	color: #d9d9d9;\r\n}\r\n\r\n.posthilit {\r\n	background-color: #F3BFCC;\r\n	color: #af00ba;\r\n}\r\n\r\n/* Post signature */\r\n.signature {\r\n	border-top-color: #302e2e;\r\n}\r\n\r\n/* Post noticies */\r\n.notice {\r\n	border-top-color:  #302e2e;\r\n}\r\n\r\n/* BB Code styles\r\n----------------------------------------*/\r\n/* Quote block */\r\nblockquote {\r\n	background-color: #EBEADD;\r\n	background-image: url(\"{T_THEME_PATH}/images/quote.gif\");\r\n	border-color:#DBDBCE;\r\n}\r\n\r\n.rtl blockquote {\r\n	background-image: url(\"{T_THEME_PATH}/images/quote_rtl.gif\");\r\n}\r\n\r\nblockquote blockquote {\r\n	/* Nested quotes */\r\n	background-color:#EFEED9;\r\n}\r\n\r\nblockquote blockquote blockquote {\r\n	/* Nested quotes */\r\n	background-color: #EBEADD;\r\n}\r\n\r\n/* Code block */\r\ndl.codebox {\r\n	background-color: #FFFFFF;\r\n	border-color: #C9D2D8;\r\n}\r\n\r\ndl.codebox dt {\r\n	border-bottom-color:  #302e2e;\r\n}\r\n\r\ndl.codebox code {\r\n	color: #2E8B57;\r\n}\r\n\r\n.syntaxbg		{ color: #FFFFFF; }\r\n.syntaxcomment	{ color: #FF8000; }\r\n.syntaxdefault	{ color: #0000BB; }\r\n.syntaxhtml		{ color: #000000; }\r\n.syntaxkeyword	{ color: #007700; }\r\n.syntaxstring	{ color: #DD0000; }\r\n\r\n/* Attachments\r\n----------------------------------------*/\r\n.attachbox {\r\n	background-color: #FFFFFF;\r\n	border-color:  #C9D2D8;\r\n}\r\n\r\n.pm-message .attachbox {\r\n	background-color: #F2F3F3;\r\n}\r\n\r\n.attachbox dd {\r\n	border-top-color: #C9D2D8;\r\n}\r\n\r\n.attachbox p {\r\n	color: #666666;\r\n}\r\n\r\n.attachbox p.stats {\r\n	color: #666666;\r\n}\r\n\r\n.attach-image img {\r\n	border-color: #999999;\r\n}\r\n\r\n/* Inline image thumbnails */\r\n\r\ndl.file dd {\r\n	color: #666666;\r\n}\r\n\r\ndl.thumbnail img {\r\n	border-color: #666666;\r\n	background-color: #FFFFFF;\r\n}\r\n\r\ndl.thumbnail dd {\r\n	color: #666666;\r\n}\r\n\r\ndl.thumbnail dt a:hover {\r\n	background-color: #EEEEEE;\r\n}\r\n\r\ndl.thumbnail dt a:hover img {\r\n	border-color: #368AD2;\r\n}\r\n\r\n/* Post poll styles\r\n----------------------------------------*/\r\n\r\nfieldset.polls dl {\r\n	border-top-color: #DCDEE2;\r\n	color: #666666;\r\n}\r\n\r\nfieldset.polls dl.voted {\r\n	color: #fff;\r\n}\r\n\r\nfieldset.polls dd div {\r\n	color: #FFFFFF;\r\n}\r\n\r\n.rtl .pollbar1, .rtl .pollbar2, .rtl .pollbar3, .rtl .pollbar4, .rtl .pollbar5 {\r\n	border-right-color: transparent;\r\n}\r\n\r\n.pollbar1 {\r\n	background-color: #AA2346;\r\n	border-bottom-color: #74162C;\r\n	border-right-color: #74162C;\r\n}\r\n\r\n.rtl .pollbar1 {\r\n	border-left-color: #74162C;\r\n}\r\n\r\n.pollbar2 {\r\n	background-color: #BE1E4A;\r\n	border-bottom-color: #8C1C38;\r\n	border-right-color: #8C1C38;\r\n}\r\n\r\n.rtl .pollbar2 {\r\n	border-left-color: #8C1C38;\r\n}\r\n\r\n.pollbar3 {\r\n	background-color: #D11A4E;\r\n	border-bottom-color: #AA2346;\r\n	border-right-color: #AA2346;\r\n}\r\n\r\n.rtl .pollbar3 {\r\n	border-left-color: #AA2346;\r\n}\r\n\r\n.pollbar4 {\r\n	background-color: #E41653;\r\n	border-bottom-color: #BE1E4A;\r\n	border-right-color: #BE1E4A;\r\n}\r\n\r\n.rtl .pollbar4 {\r\n	border-left-color: #BE1E4A;\r\n}\r\n\r\n.pollbar5 {\r\n	background-color: #F81157;\r\n	border-bottom-color: #D11A4E;\r\n	border-right-color: #D11A4E;\r\n}\r\n\r\n.rtl .pollbar5 {\r\n	border-left-color: #D11A4E;\r\n}\r\n\r\n/* Poster profile block\r\n----------------------------------------*/\r\n.postprofile {\r\n	color: #666666;\r\n	border-left-color: #262626;\r\n}\r\n\r\n.rtl .postprofile {\r\n	border-right-color: #131313;\r\n	border-left-color: transparent;\r\n}\r\n\r\n.pm .postprofile {\r\n	border-left-color: #DDDDDD;\r\n}\r\n\r\n.rtl .pm .postprofile {\r\n	border-right-color: #DDDDDD;\r\n	border-left-color: transparent;\r\n}\r\n\r\n.postprofile strong {\r\n	color: #fff;\r\n}\r\n\r\n.online {\r\n	background-image: url(\"{IMG_ICON_USER_ONLINE_SRC}\");\r\n}\r\n\r\n/*  	\r\n--------------------------------------------------------------\r\nColours and backgrounds for buttons.css\r\n-------------------------------------------------------------- */\r\n\r\n/* Big button images */\r\n.reply-icon span	{ background-image: url(\"{IMG_BUTTON_TOPIC_REPLY_SRC}\"); }\r\n.post-icon span		{ background-image: url(\"{IMG_BUTTON_TOPIC_NEW_SRC}\"); }\r\n.locked-icon span	{ background-image: url(\"{IMG_BUTTON_TOPIC_LOCKED_SRC}\"); }\r\n.pmreply-icon span	{ background-image: url(\"{IMG_BUTTON_PM_REPLY_SRC}\") ;}\r\n.newpm-icon span 	{ background-image: url(\"{IMG_BUTTON_PM_NEW_SRC}\") ;}\r\n.forwardpm-icon span	{ background-image: url(\"{IMG_BUTTON_PM_FORWARD_SRC}\") ;}\r\n\r\na.print {\r\n	background-image: url(\"{T_THEME_PATH}/images/icon_print.gif\");\r\n}\r\n\r\na.sendemail {\r\n	background-image: url(\"{T_THEME_PATH}/images/icon_sendemail.gif\");\r\n}\r\n\r\na.fontsize {\r\n	background-image: url(\"{T_THEME_PATH}/images/icon_fontsize.gif\");\r\n}\r\n\r\n/* Icon images\r\n---------------------------------------- */\r\n.sitehome						{ background-image: url(\"{T_THEME_PATH}/images/icon_home.gif\"); }\r\n.icon-faq						{ background-image: url(\"{T_THEME_PATH}/images/icon_faq.gif\"); }\r\n.icon-members					{ background-image: url(\"{T_THEME_PATH}/images/icon_members.gif\"); }\r\n.icon-home						{ background-image: url(\"{T_THEME_PATH}/images/icon_home.gif\"); }\r\n.icon-ucp						{ background-image: url(\"{T_THEME_PATH}/images/icon_ucp.gif\"); }\r\n.icon-register					{ background-image: url(\"{T_THEME_PATH}/images/icon_register.gif\"); }\r\n.icon-logout					{ background-image: url(\"{T_THEME_PATH}/images/icon_logout.gif\"); }\r\n.icon-bookmark					{ background-image: url(\"{T_THEME_PATH}/images/icon_bookmark.gif\"); }\r\n.icon-bump						{ background-image: url(\"{T_THEME_PATH}/images/icon_bump.gif\"); }\r\n.icon-subscribe					{ background-image: url(\"{T_THEME_PATH}/images/icon_subscribe.gif\"); }\r\n.icon-unsubscribe				{ background-image: url(\"{T_THEME_PATH}/images/icon_unsubscribe.gif\"); }\r\n.icon-pages						{ background-image: url(\"{T_THEME_PATH}/images/icon_pages.gif\"); }\r\n.icon-search					{ background-image: url(\"{T_THEME_PATH}/images/icon_search.gif\"); }\r\n\r\n/* Profile & navigation icons */\r\n.email-icon, .email-icon a		{ background-image: url(\"{IMG_ICON_CONTACT_EMAIL_SRC}\"); }\r\n.aim-icon, .aim-icon a			{ background-image: url(\"{IMG_ICON_CONTACT_AIM_SRC}\"); }\r\n.yahoo-icon, .yahoo-icon a		{ background-image: url(\"{IMG_ICON_CONTACT_YAHOO_SRC}\"); }\r\n.web-icon, .web-icon a			{ background-image: url(\"{IMG_ICON_CONTACT_WWW_SRC}\"); }\r\n.msnm-icon, .msnm-icon a			{ background-image: url(\"{IMG_ICON_CONTACT_MSNM_SRC}\"); }\r\n.icq-icon, .icq-icon a			{ background-image: url(\"{IMG_ICON_CONTACT_ICQ_SRC}\"); }\r\n.jabber-icon, .jabber-icon a		{ background-image: url(\"{IMG_ICON_CONTACT_JABBER_SRC}\"); }\r\n.pm-icon, .pm-icon a				{ background-image: url(\"{IMG_ICON_CONTACT_PM_SRC}\"); }\r\n.quote-icon, .quote-icon a		{ background-image: url(\"{IMG_ICON_POST_QUOTE_SRC}\"); }\r\n\r\n/* Moderator icons */\r\n.report-icon, .report-icon a		{ background-image: url(\"{IMG_ICON_POST_REPORT_SRC}\"); }\r\n.edit-icon, .edit-icon a			{ background-image: url(\"{IMG_ICON_POST_EDIT_SRC}\"); }\r\n.delete-icon, .delete-icon a		{ background-image: url(\"{IMG_ICON_POST_DELETE_SRC}\"); }\r\n.info-icon, .info-icon a			{ background-image: url(\"{IMG_ICON_POST_INFO_SRC}\"); }\r\n.warn-icon, .warn-icon a			{ background-image: url(\"{IMG_ICON_USER_WARN_SRC}\"); } /* Need updated warn icon */\r\n\r\n/*  	\r\n--------------------------------------------------------------\r\nColours and backgrounds for cp.css\r\n-------------------------------------------------------------- */\r\n\r\n/* Main CP box\r\n----------------------------------------*/\r\n\r\n#cp-main h3, #cp-main hr, #cp-menu hr {\r\n	border-color: #A4B3BF;\r\n}\r\n\r\n#cp-main .panel li.row {\r\n	border-bottom-color: #B5C1CB;\r\n	border-top-color: #161616;\r\n}\r\n\r\nul.cplist {\r\n	border-top-color: #B5C1CB;\r\n}\r\n\r\n#cp-main .panel li.header dd, #cp-main .panel li.header dt {\r\n	color: #fff;\r\n}\r\n\r\n#cp-main table.table1 thead th {\r\n	color: #d9d9d9;\r\n	border-bottom-color: #333333;\r\n}\r\n\r\n#cp-main .pm-message {\r\n	border-color: #DBDEE2;\r\n	background-color: #FFFFFF;\r\n}\r\n\r\n/* CP tabbed menu\r\n----------------------------------------*/\r\n#tabs a {\r\n	background-image: url(\"{T_THEME_PATH}/images/bg_tabs1.gif\");\r\n}\r\n\r\n#tabs a span {\r\n	background-image: url(\"{T_THEME_PATH}/images/bg_tabs2.gif\");\r\n	color: #536482;\r\n}\r\n\r\n#tabs a:hover span {\r\n	color: #af00ba;\r\n}\r\n\r\n#tabs .activetab a {\r\n	border-bottom-color: #1b1a1a;\r\n}\r\n\r\n#tabs .activetab a span {\r\n	color: #d9d9d9;\r\n}\r\n\r\n#tabs .activetab a:hover span {\r\n	color: #fff;\r\n}\r\n\r\n/* Mini tabbed menu used in MCP\r\n----------------------------------------*/\r\n#minitabs li {\r\n	background-color: #1d1c1c;\r\n}\r\n\r\n#minitabs li.activetab {\r\n	background-color: #161616;\r\n}\r\n\r\n#minitabs li.activetab a, #minitabs li.activetab a:hover {\r\n	color: #d9d9d9;\r\n}\r\n\r\n/* UCP navigation menu\r\n----------------------------------------*/\r\n\r\n/* Link styles for the sub-section links */\r\n#navigation a {\r\n	color: #fff;\r\n	background-color: #252525;\r\n	background-image: url(\"{T_THEME_PATH}/images/bg_menu.gif\");\r\n}\r\n\r\n.rtl #navigation a {\r\n	background-image: url(\"{T_THEME_PATH}/images/bg_menu_rtl.gif\");\r\n	background-position: 0 100%;\r\n}\r\n\r\n#navigation a:hover {\r\n	background-image: none;\r\n	background-color: #252525;\r\n	color: #fff;\r\n}\r\n\r\n#navigation #active-subsection a {\r\n	color: #fff;\r\n	background-color: #161616;\r\n	background-image: none;\r\n}\r\n\r\n#navigation #active-subsection a:hover {\r\n	color: #fff;\r\n}\r\n\r\n/* Preferences pane layout\r\n----------------------------------------*/\r\n#cp-main h2 {\r\n	color: #d9d9d9;\r\n}\r\n\r\n#cp-main .panel {\r\n	background-color: #161616;\r\n}\r\n\r\n#cp-main .pm {\r\n	background-color: #FFFFFF;\r\n}\r\n\r\n#cp-main span.corners-top, #cp-menu span.corners-top {\r\n	background-image: url(\"{T_THEME_PATH}/images/corners_left2.gif\");\r\n}\r\n\r\n#cp-main span.corners-top span, #cp-menu span.corners-top span {\r\n	background-image: url(\"{T_THEME_PATH}/images/corners_right2.gif\");\r\n}\r\n\r\n#cp-main span.corners-bottom, #cp-menu span.corners-bottom {\r\n	background-image: url(\"{T_THEME_PATH}/images/corners_left2.gif\");\r\n}\r\n\r\n#cp-main span.corners-bottom span, #cp-menu span.corners-bottom span {\r\n	background-image: url(\"{T_THEME_PATH}/images/corners_right2.gif\");\r\n}\r\n\r\n/* Topicreview */\r\n#cp-main .panel #topicreview span.corners-top, #cp-menu .panel #topicreview span.corners-top {\r\n	background-image: url(\"{T_THEME_PATH}/images/corners_left.gif\");\r\n}\r\n\r\n#cp-main .panel #topicreview span.corners-top span, #cp-menu .panel #topicreview span.corners-top span {\r\n	background-image: url(\"{T_THEME_PATH}/images/corners_right.gif\");\r\n}\r\n\r\n#cp-main .panel #topicreview span.corners-bottom, #cp-menu .panel #topicreview span.corners-bottom {\r\n	background-image: url(\"{T_THEME_PATH}/images/corners_left.gif\");\r\n}\r\n\r\n#cp-main .panel #topicreview span.corners-bottom span, #cp-menu .panel #topicreview span.corners-bottom span {\r\n	background-image: url(\"{T_THEME_PATH}/images/corners_right.gif\");\r\n}\r\n\r\n/* Friends list */\r\n.cp-mini {\r\n	background-color: #1e1e1e;\r\n}\r\n\r\ndl.mini dt {\r\n	color: #425067;\r\n}\r\n\r\n/* PM Styles\r\n----------------------------------------*/\r\n/* PM Message history */\r\n.current {\r\n	color: #fff !important;\r\n}\r\n\r\n/* PM panel adjustments */\r\n.pm-panel-header,\r\n#cp-main .pm-message-nav {\r\n	border-bottom-color: #A4B3BF;\r\n}\r\n\r\n/* PM marking colours */\r\n.pmlist li.pm_message_reported_colour, .pm_message_reported_colour {\r\n	border-left-color: #af00ba;\r\n	border-right-color: #af00ba;\r\n}\r\n\r\n.pmlist li.pm_marked_colour, .pm_marked_colour {\r\n	border-color: #FF6600;\r\n}\r\n\r\n.pmlist li.pm_replied_colour, .pm_replied_colour {\r\n	border-color: #A9B8C2;\r\n}\r\n\r\n.pmlist li.pm_friend_colour, .pm_friend_colour {\r\n	border-color: #5D8FBD;\r\n}\r\n\r\n.pmlist li.pm_foe_colour, .pm_foe_colour {\r\n	border-color: #000000;\r\n}\r\n\r\n/* Avatar gallery */\r\n#gallery label {\r\n	background-color: #FFFFFF;\r\n	border-color: #CCC;\r\n}\r\n\r\n#gallery label:hover {\r\n	background-color: #EEE;\r\n}\r\n\r\n/*  	\r\n--------------------------------------------------------------\r\nColours and backgrounds for forms.css\r\n-------------------------------------------------------------- */\r\n\r\n/* General form styles\r\n----------------------------------------*/\r\nselect {\r\n	border-color: #666666;\r\n	background-color: #1d1c1c;\r\n	color: #fff;\r\n}\r\n\r\nlabel {\r\n	color: #425067;\r\n}\r\n\r\noption.disabled-option {\r\n	color: graytext;\r\n}\r\n\r\n/* Definition list layout for forms\r\n---------------------------------------- */\r\ndd label {\r\n	color: #dcd2d2;\r\n}\r\n\r\n/* Hover effects */\r\nfieldset dl:hover dt label {\r\n	color: #FAFAFA;\r\n}\r\n\r\nfieldset.fields2 dl:hover dt label {\r\n	color: inherit;\r\n}\r\n\r\n/* Quick-login on index page */\r\nfieldset.quick-login input.inputbox {\r\n	background-color: #151414;\r\n}\r\n\r\n/* Posting page styles\r\n----------------------------------------*/\r\n\r\n#message-box textarea {\r\n	color: #cbc3c3;\r\n}\r\n\r\n/* Input field styles\r\n---------------------------------------- */\r\n.inputbox {\r\n	background-color: #211f1f; \r\n	border-color: #5c5959;\r\n	color: #FAFAFA;\r\n}\r\n\r\n.inputbox:hover {\r\n	border-color: #5c5959;\r\n}\r\n\r\n.inputbox:focus {\r\n	border-color: #5c5959;\r\n	color: #FAFAFA;\r\n}\r\n\r\n\r\n/* Form button styles\r\n---------------------------------------- */\r\n\r\na.button1, input.button1, input.button3, a.button2, input.button2 {\r\n	color: #FAFAFA;\r\n	background-color: #000;\r\n	background-image: url(\"{T_THEME_PATH}/images/bg_button.gif\");\r\n}\r\n\r\na.button1, input.button1 {\r\n	border-color: #5c5959;\r\n}\r\n\r\ninput.button3 {\r\n	background-image: none;\r\n}\r\n\r\n/* Alternative button */\r\na.button2, input.button2, input.button3 {\r\n	border-color: #5c5959;\r\n}\r\n\r\n/* <a> button in the style of the form buttons */\r\na.button1, a.button1:link, a.button1:visited, a.button1:active, a.button2, a.button2:link, a.button2:visited, a.button2:active {\r\n	color: #FAFAFA;\r\n}\r\n\r\n/* Hover states */\r\na.button1:hover, input.button1:hover, a.button2:hover, input.button2:hover, input.button3:hover {\r\n	border-color: #6d0d55;\r\n	color: #FAFAFA;\r\n}\r\n\r\ninput.search {\r\n	background-image: url(\"{T_THEME_PATH}/images/icon_textbox_search.gif\");\r\n}\r\n\r\ninput.disabled {\r\n	color: #bfbfb2;\r\n}\r\n'),(3,'Swirly_Orange','&copy; 2011 QuakeZone','Swirly_Orange',0,1348779191,''),(4,'Ruins','&copy; QuakeZone, 2011','Ruins',0,1348779805,''),(5,'hardwood','&copy; molotov, 2011','hardwood',1,1348779952,'/*  phpBB 3.0 Style Sheet\n    --------------------------------------------------------------\n	Style name:		proSilver\n	Based on style:	proSilver (this is the default phpBB 3 style)\n	Original author:	subBlue ( http://www.subBlue.com/ )\n	Modified by:		\n	\n	Copyright 2006 phpBB Group ( http://www.phpbb.com/ )\n    --------------------------------------------------------------\n*/\n\n/* General proSilver Markup Styles\n---------------------------------------- */\n\n* {\n	/* Reset browsers default margin, padding and font sizes */\n	margin: 0;\n	padding: 0;\n}\n\nhtml {\n	font-size: 100%;\n	/* Always show a scrollbar for short pages - stops the jump when the scrollbar appears. non-IE browsers */\n	height: 101%;\n}\n\nbody {\n	/* Text-Sizing with ems: http://www.clagnut.com/blog/348/ */\n	font-family: Verdana, Helvetica, Arial, sans-serif;\n	color: #828282;\n	background-color: #FFFFFF;\n	/*font-size: 62.5%;			 This sets the default font size to be equivalent to 10px */\n	font-size: 10px;\n	margin: 0;\n	padding: 12px 0;\n}\n\nh1 {\n	/* Forum name */\n	font-family: \"Trebuchet MS\", Arial, Helvetica, sans-serif;\n	margin-right: 200px;\n	color: #FFFFFF;\n	margin-top: 15px;\n	font-weight: bold;\n	font-size: 2em;\n}\n\nh2 {\n	/* Forum header titles */\n	font-family: \"Trebuchet MS\", Arial, Helvetica, sans-serif;\n	font-weight: normal;\n	color: #3f3f3f;\n	font-size: 2em;\n	margin: 0.8em 0 0.2em 0;\n}\n\nh2.solo {\n	margin-bottom: 1em;\n}\n\nh3 {\n	/* Sub-headers (also used as post headers, but defined later) */\n	font-family: Arial, Helvetica, sans-serif;\n	font-weight: bold;\n	text-transform: uppercase;\n	border-bottom: 1px solid #CCCCCC;\n	margin-bottom: 3px;\n	padding-bottom: 2px;\n	font-size: 1.05em;\n	color: #989898;\n	margin-top: 20px;\n}\n\nh4 {\n	/* Forum and topic list titles */\n	font-family: \"Trebuchet MS\", Verdana, Helvetica, Arial, Sans-serif;\n	font-size: 1.3em;\n}\n\np {\n	line-height: 1.3em;\n	font-size: 1.1em;\n	margin-bottom: 1.5em;\n}\n\nimg {\n	border-width: 0;\n}\n\nhr {\n	/* Also see tweaks.css */\n	border: 0 none #FFFFFF;\n	border-top: 1px solid #CCCCCC;\n	height: 1px;\n	margin: 5px 0;\n	display: block;\n	clear: both;\n}\n\nhr.dashed {\n	border-top: 1px dashed #CCCCCC;\n	margin: 10px 0;\n}\n\nhr.divider {\n	display: none;\n}\n\np.right {\n	text-align: right;\n}\n\n/* Main blocks\n---------------------------------------- */\n#wrap {\n	padding: 0 20px;\n	min-width: 650px;\n	width: 980px;\n    margin: 0 auto;\n}\n\n#simple-wrap {\n	padding: 6px 10px;\n}\n\n#page-body {\n	margin: 4px 0;\n	clear: both;\n}\n\n#page-footer {\n	clear: both;\n}\n\n#page-footer h3 {\n	margin-top: 20px;\n}\n\n#logo {\n	float: left;\n	width: auto;\n	padding: 10px 13px 0 10px;\n}\n\na#logo:hover {\n	text-decoration: none;\n}\n\n/* Search box\n--------------------------------------------- */\n#search-box {\n	color: #FFFFFF;\n	position: relative;\n	margin-top: 30px;\n	margin-right: 5px;\n	display: block;\n	float: right;\n	text-align: right;\n	white-space: nowrap; /* For Opera */\n}\n\n#search-box #keywords {\n	width: 95px;\n	background-color: #FFF;\n}\n\n#search-box input {\n	border: 1px solid #b0b0b0;\n}\n\n/* .button1 style defined later, just a few tweaks for the search button version */\n#search-box input.button1 {\n	padding: 1px 5px;\n}\n\n#search-box li {\n	text-align: right;\n	margin-top: 4px;\n}\n\n#search-box img {\n	vertical-align: middle;\n	margin-right: 3px;\n}\n\n/* Site description and logo */\n#site-description {\n	float: left;\n	width: 70%;\n}\n\n#site-description h1 {\n	margin-right: 0;\n}\n\n/* Round cornered boxes and backgrounds\n---------------------------------------- */\n.headerbar {\n	background: #ebebeb none repeat-x 0 0;\n	color: #FFFFFF;\n	margin-bottom: 4px;\n	padding: 0 5px;\n}\n\n.navbar {\n	background-color: #ebebeb;\n	padding: 0 10px;\n}\n\n.forabg {\n	background: #b1b1b1 none repeat-x 0 0;\n	margin-bottom: 4px;\n	padding: 0 5px;\n	clear: both;\n}\n\n.forumbg {\n	background: #ebebeb none repeat-x 0 0;\n	margin-bottom: 4px;\n	padding: 0 5px;\n	clear: both;\n}\n\n.panel {\n	margin-bottom: 4px;\n	padding: 0 10px;\n	background-color: #f3f3f3;\n	color: #3f3f3f;\n}\n\n.post {\n	padding: 0 10px;\n	margin-bottom: 4px;\n	background-repeat: no-repeat;\n	background-position: 100% 0;\n}\n\n.post:target .content {\n	color: #000000;\n}\n\n.post:target h3 a {\n	color: #000000;\n}\n\n.bg1	{ background-color: #f7f7f7;}\n.bg2	{ background-color: #f2f2f2; }\n.bg3	{ background-color: #ebebeb; }\n\n.rowbg {\n	margin: 5px 5px 2px 5px;\n}\n\n.ucprowbg {\n	background-color: #e2e2e2;\n}\n\n.fieldsbg {\n	/*border: 1px #DBDEE2 solid;*/\n	background-color: #eaeaea;\n}\n\nspan.corners-top, span.corners-bottom, span.corners-top span, span.corners-bottom span {\n	font-size: 1px;\n	line-height: 1px;\n	display: block;\n	height: 5px;\n	background-repeat: no-repeat;\n}\n\nspan.corners-top {\n	background-image: none;\n	background-position: 0 0;\n	margin: 0 -5px;\n}\n\nspan.corners-top span {\n	background-image: none;\n	background-position: 100% 0;\n}\n\nspan.corners-bottom {\n	background-image: none;\n	background-position: 0 100%;\n	margin: 0 -5px;\n	clear: both;\n}\n\nspan.corners-bottom span {\n	background-image: none;\n	background-position: 100% 100%;\n}\n\n.headbg span.corners-bottom {\n	margin-bottom: -1px;\n}\n\n.post span.corners-top, .post span.corners-bottom, .panel span.corners-top, .panel span.corners-bottom, .navbar span.corners-top, .navbar span.corners-bottom {\n	margin: 0 -10px;\n}\n\n.rules span.corners-top {\n	margin: 0 -10px 5px -10px;\n}\n\n.rules span.corners-bottom {\n	margin: 5px -10px 0 -10px;\n}\n\n/* Horizontal lists\n----------------------------------------*/\nul.linklist {\n	display: block;\n	margin: 0;\n}\n\nul.linklist li {\n	display: block;\n	list-style-type: none;\n	float: left;\n	width: auto;\n	margin-right: 5px;\n	font-size: 1.1em;\n	line-height: 2.2em;\n}\n\nul.linklist li.rightside, p.rightside {\n	float: right;\n	margin-right: 0;\n	margin-left: 5px;\n	text-align: right;\n}\n\nul.navlinks {\n	padding-bottom: 1px;\n	margin-bottom: 1px;\n	border-bottom: 1px solid #FFFFFF;\n	font-weight: bold;\n}\n\nul.leftside {\n	float: left;\n	margin-left: 0;\n	margin-right: 5px;\n	text-align: left;\n}\n\nul.rightside {\n	float: right;\n	margin-left: 5px;\n	margin-right: -5px;\n	text-align: right;\n}\n\n/* Table styles\n----------------------------------------*/\ntable.table1 {\n	/* See tweaks.css */\n}\n\n#ucp-main table.table1 {\n	padding: 2px;\n}\n\ntable.table1 thead th {\n	font-weight: normal;\n	text-transform: uppercase;\n	color: #FFFFFF;\n	line-height: 1.3em;\n	font-size: 1em;\n	padding: 0 0 4px 3px;\n}\n\ntable.table1 thead th span {\n	padding-left: 7px;\n}\n\ntable.table1 tbody tr {\n	border: 1px solid #cfcfcf;\n}\n\ntable.table1 tbody tr:hover, table.table1 tbody tr.hover {\n	background-color: #f6f6f6;\n	color: #000;\n}\n\ntable.table1 td {\n	color: #6a6a6a;\n	font-size: 1.1em;\n}\n\ntable.table1 tbody td {\n	padding: 5px;\n	border-top: 1px solid #FAFAFA;\n}\n\ntable.table1 tbody th {\n	padding: 5px;\n	border-bottom: 1px solid #000000;\n	text-align: left;\n	color: #333333;\n	background-color: #FFFFFF;\n}\n\n/* Specific column styles */\ntable.table1 .name		{ text-align: left; }\ntable.table1 .posts		{ text-align: center !important; width: 7%; }\ntable.table1 .joined	{ text-align: left; width: 15%; }\ntable.table1 .active	{ text-align: left; width: 15%; }\ntable.table1 .mark		{ text-align: center; width: 7%; }\ntable.table1 .info		{ text-align: left; width: 30%; }\ntable.table1 .info div	{ width: 100%; white-space: normal; overflow: hidden; }\ntable.table1 .autocol	{ line-height: 2em; white-space: nowrap; }\ntable.table1 thead .autocol { padding-left: 1em; }\n\ntable.table1 span.rank-img {\n	float: right;\n	width: auto;\n}\n\ntable.info td {\n	padding: 3px;\n}\n\ntable.info tbody th {\n	padding: 3px;\n	text-align: right;\n	vertical-align: top;\n	color: #000000;\n	font-weight: normal;\n}\n\n.forumbg table.table1 {\n	margin: 0 -2px -1px -1px;\n}\n\n/* Misc layout styles\n---------------------------------------- */\n/* column[1-2] styles are containers for two column layouts \n   Also see tweaks.css */\n.column1 {\n	float: left;\n	clear: left;\n	width: 49%;\n}\n\n.column2 {\n	float: right;\n	clear: right;\n	width: 49%;\n}\n\n/* General classes for placing floating blocks */\n.left-box {\n	float: left;\n	width: auto;\n	text-align: left;\n}\n\n.right-box {\n	float: right;\n	width: auto;\n	text-align: right;\n}\n\ndl.details {\n	/*font-family: \"Lucida Grande\", Verdana, Helvetica, Arial, sans-serif;*/\n	font-size: 1.1em;\n}\n\ndl.details dt {\n	float: left;\n	clear: left;\n	width: 30%;\n	text-align: right;\n	color: #000000;\n	display: block;\n}\n\ndl.details dd {\n	margin-left: 0;\n	padding-left: 5px;\n	margin-bottom: 5px;\n	color: #828282;\n	float: left;\n	width: 65%;\n}\n\n/* Pagination\n---------------------------------------- */\n.pagination {\n	height: 1%; /* IE tweak (holly hack) */\n	width: auto;\n	text-align: right;\n	margin-top: 5px;\n	float: right;\n}\n\n.pagination span.page-sep {\n	display: none;\n}\n\nli.pagination {\n	margin-top: 0;\n}\n\n.pagination strong, .pagination b {\n	font-weight: normal;\n}\n\n.pagination span strong {\n	padding: 0 2px;\n	margin: 0 2px;\n	font-weight: normal;\n	color: #FFFFFF;\n	background-color: #bfbfbf;\n	border: 1px solid #bfbfbf;\n	font-size: 0.9em;\n}\n\n.pagination span a, .pagination span a:link, .pagination span a:visited, .pagination span a:active {\n	font-weight: normal;\n	text-decoration: none;\n	color: #747474;\n	margin: 0 2px;\n	padding: 0 2px;\n	background-color: #eeeeee;\n	border: 1px solid #bababa;\n	font-size: 0.9em;\n	line-height: 1.5em;\n}\n\n.pagination span a:hover {\n	border-color: #d2d2d2;\n	background-color: #d2d2d2;\n	color: #FFF;\n	text-decoration: none;\n}\n\n.pagination img {\n	vertical-align: middle;\n}\n\n/* Pagination in viewforum for multipage topics */\n.row .pagination {\n	display: block;\n	float: right;\n	width: auto;\n	margin-top: 0;\n	padding: 1px 0 1px 15px;\n	font-size: 0.9em;\n	background: none 0 50% no-repeat;\n}\n\n.row .pagination span a, li.pagination span a {\n	background-color: #FFFFFF;\n}\n\n.row .pagination span a:hover, li.pagination span a:hover {\n	background-color: #d2d2d2;\n}\n\n/* Miscellaneous styles\n---------------------------------------- */\n#forum-permissions {\n	float: right;\n	width: auto;\n	padding-left: 5px;\n	margin-left: 5px;\n	margin-top: 10px;\n	text-align: right;\n}\n\n.copyright {\n	padding: 5px;\n	text-align: center;\n	color: #555555;\n}\n\n.small {\n	font-size: 0.9em !important;\n}\n\n.titlespace {\n	margin-bottom: 15px;\n}\n\n.headerspace {\n	margin-top: 20px;\n}\n\n.error {\n	color: #bcbcbc;\n	font-weight: bold;\n	font-size: 1em;\n}\n\n.reported {\n	background-color: #f7f7f7;\n}\n\nli.reported:hover {\n	background-color: #ececec;\n}\n\ndiv.rules {\n	background-color: #ececec;\n	color: #bcbcbc;\n	padding: 0 10px;\n	margin: 10px 0;\n	font-size: 1.1em;\n}\n\ndiv.rules ul, div.rules ol {\n	margin-left: 20px;\n}\n\np.rules {\n	background-color: #ececec;\n	background-image: none;\n	padding: 5px;\n}\n\np.rules img {\n	vertical-align: middle;\n	padding-top: 5px;\n}\n\np.rules a {\n	vertical-align: middle;\n	clear: both;\n}\n\n#top {\n	position: absolute;\n	top: -20px;\n}\n\n.clear {\n	display: block;\n	clear: both;\n	font-size: 1px;\n	line-height: 1px;\n	background: transparent;\n}\n/* proSilver Link Styles\n---------------------------------------- */\n\n/* Links adjustment to correctly display an order of rtl/ltr mixed content */\na {\n	direction: ltr;\n	unicode-bidi: embed;\n}\n\na:link	{ color: #898989; text-decoration: none; }\na:visited	{ color: #898989; text-decoration: none; }\na:hover	{ color: #d3d3d3; text-decoration: underline; }\na:active	{ color: #d2d2d2; text-decoration: none; }\n\n/* Coloured usernames */\n.username-coloured {\n	font-weight: bold;\n	display: inline !important;\n	padding: 0 !important;\n}\n\n/* Links on gradient backgrounds */\n#search-box a:link, .navbg a:link, .forumbg .header a:link, .forabg .header a:link, th a:link {\n	color: #FFFFFF;\n	text-decoration: none;\n}\n\n#search-box a:visited, .navbg a:visited, .forumbg .header a:visited, .forabg .header a:visited, th a:visited {\n	color: #FFFFFF;\n	text-decoration: none;\n}\n\n#search-box a:hover, .navbg a:hover, .forumbg .header a:hover, .forabg .header a:hover, th a:hover {\n	color: #ffffff;\n	text-decoration: underline;\n}\n\n#search-box a:active, .navbg a:active, .forumbg .header a:active, .forabg .header a:active, th a:active {\n	color: #ffffff;\n	text-decoration: none;\n}\n\n/* Links for forum/topic lists */\na.forumtitle {\n	font-family: \"Trebuchet MS\", Helvetica, Arial, Sans-serif;\n	font-size: 1.2em;\n	font-weight: bold;\n	color: #898989;\n	text-decoration: none;\n}\n\n/* a.forumtitle:visited { color: #898989; } */\n\na.forumtitle:hover {\n	color: #bcbcbc;\n	text-decoration: underline;\n}\n\na.forumtitle:active {\n	color: #898989;\n}\n\na.topictitle {\n	font-family: \"Trebuchet MS\", Helvetica, Arial, Sans-serif;\n	font-size: 1.2em;\n	font-weight: bold;\n	color: #898989;\n	text-decoration: none;\n}\n\n/* a.topictitle:visited { color: #d2d2d2; } */\n\na.topictitle:hover {\n	color: #bcbcbc;\n	text-decoration: underline;\n}\n\na.topictitle:active {\n	color: #898989;\n}\n\n/* Post body links */\n.postlink {\n	text-decoration: none;\n	color: #d2d2d2;\n	border-bottom: 1px solid #d2d2d2;\n	padding-bottom: 0;\n}\n\n.postlink:visited {\n	color: #bdbdbd;\n	border-bottom-style: dotted;\n	border-bottom-color: #666666;\n}\n\n.postlink:active {\n	color: #d2d2d2;\n}\n\n.postlink:hover {\n	background-color: #f6f6f6;\n	text-decoration: none;\n	color: #404040;\n}\n\n.signature a, .signature a:visited, .signature a:active, .signature a:hover {\n	border: none;\n	text-decoration: underline;\n	background-color: transparent;\n}\n\n/* Profile links */\n.postprofile a:link, .postprofile a:active, .postprofile a:visited, .postprofile dt.author a {\n	font-weight: bold;\n	color: #898989;\n	text-decoration: none;\n}\n\n.postprofile a:hover, .postprofile dt.author a:hover {\n	text-decoration: underline;\n	color: #d3d3d3;\n}\n\n\n/* Profile searchresults */	\n.search .postprofile a {\n	color: #898989;\n	text-decoration: none; \n	font-weight: normal;\n}\n\n.search .postprofile a:hover {\n	color: #d3d3d3;\n	text-decoration: underline; \n}\n\n/* Back to top of page */\n.back2top {\n	clear: both;\n	height: 11px;\n	text-align: right;\n}\n\na.top {\n	background: none no-repeat top left;\n	text-decoration: none;\n	width: {IMG_ICON_BACK_TOP_WIDTH}px;\n	height: {IMG_ICON_BACK_TOP_HEIGHT}px;\n	display: block;\n	float: right;\n	overflow: hidden;\n	letter-spacing: 1000px;\n	text-indent: 11px;\n}\n\na.top2 {\n	background: none no-repeat 0 50%;\n	text-decoration: none;\n	padding-left: 15px;\n}\n\n/* Arrow links  */\na.up		{ background: none no-repeat left center; }\na.down		{ background: none no-repeat right center; }\na.left		{ background: none no-repeat 3px 60%; }\na.right		{ background: none no-repeat 95% 60%; }\n\na.up, a.up:link, a.up:active, a.up:visited {\n	padding-left: 10px;\n	text-decoration: none;\n	border-bottom-width: 0;\n}\n\na.up:hover {\n	background-position: left top;\n	background-color: transparent;\n}\n\na.down, a.down:link, a.down:active, a.down:visited {\n	padding-right: 10px;\n}\n\na.down:hover {\n	background-position: right bottom;\n	text-decoration: none;\n}\n\na.left, a.left:active, a.left:visited {\n	padding-left: 12px;\n}\n\na.left:hover {\n	color: #d2d2d2;\n	text-decoration: none;\n	background-position: 0 60%;\n}\n\na.right, a.right:active, a.right:visited {\n	padding-right: 12px;\n}\n\na.right:hover {\n	color: #d2d2d2;\n	text-decoration: none;\n	background-position: 100% 60%;\n}\n\n/* invisible skip link, used for accessibility  */\n.skiplink {\n	position: absolute;\n	left: -999px;\n	width: 990px;\n}\n\n/* Feed icon in forumlist_body.html */\na.feed-icon-forum {\n	float: right;\n	margin: 3px;\n}\n/* proSilver Content Styles\n---------------------------------------- */\n\nul.topiclist {\n	display: block;\n	list-style-type: none;\n	margin: 0;\n}\n\nul.forums {\n	background: #f9f9f9 none repeat-x 0 0;\n}\n\nul.topiclist li {\n	display: block;\n	list-style-type: none;\n	color: #777777;\n	margin: 0;\n}\n\nul.topiclist dl {\n	position: relative;\n}\n\nul.topiclist li.row dl {\n	padding: 2px 0;\n}\n\nul.topiclist dt {\n	display: block;\n	float: left;\n	width: 50%;\n	font-size: 1.1em;\n	padding-left: 5px;\n	padding-right: 5px;\n}\n\nul.topiclist dd {\n	display: block;\n	float: left;\n	border-left: 1px solid #FFFFFF;\n	padding: 4px 0;\n}\n\nul.topiclist dfn {\n	/* Labels for post/view counts */\n	position: absolute;\n	left: -999px;\n	width: 990px;\n}\n\nul.topiclist li.row dt a.subforum {\n	background-image: none;\n	background-position: 0 50%;\n	background-repeat: no-repeat;\n	position: relative;\n	white-space: nowrap;\n	padding: 0 0 0 12px;\n}\n\n.forum-image {\n	float: left;\n	padding-top: 5px;\n	margin-right: 5px;\n}\n\nli.row {\n	border-top: 1px solid #FFFFFF;\n	border-bottom: 1px solid #8f8f8f;\n}\n\nli.row strong {\n	font-weight: normal;\n	color: #000000;\n}\n\nli.row:hover {\n	background-color: #f6f6f6;\n}\n\nli.row:hover dd {\n	border-left-color: #CCCCCC;\n}\n\nli.header dt, li.header dd {\n	line-height: 1em;\n	border-left-width: 0;\n	margin: 2px 0 4px 0;\n	color: #FFFFFF;\n	padding-top: 2px;\n	padding-bottom: 2px;\n	font-size: 1em;\n	font-family: Arial, Helvetica, sans-serif;\n	text-transform: uppercase;\n}\n\nli.header dt {\n	font-weight: bold;\n}\n\nli.header dd {\n	margin-left: 1px;\n}\n\nli.header dl.icon {\n	min-height: 0;\n}\n\nli.header dl.icon dt {\n	/* Tweak for headers alignment when folder icon used */\n	padding-left: 0;\n	padding-right: 50px;\n}\n\n/* Forum list column styles */\ndl.icon {\n	min-height: 35px;\n	background-position: 10px 50%;		/* Position of folder icon */\n	background-repeat: no-repeat;\n}\n\ndl.icon dt {\n	padding-left: 45px;					/* Space for folder icon */\n	background-repeat: no-repeat;\n	background-position: 5px 95%;		/* Position of topic icon */\n}\n\ndd.posts, dd.topics, dd.views {\n	width: 8%;\n	text-align: center;\n	line-height: 2.2em;\n	font-size: 1.2em;\n}\n\n/* List in forum description */\ndl.icon dt ol,\ndl.icon dt ul {\n	list-style-position: inside;\n	margin-left: 1em;\n}\n\ndl.icon dt li {\n	display: list-item;\n	list-style-type: inherit;\n}\n\ndd.lastpost {\n	width: 25%;\n	font-size: 1.1em;\n}\n\ndd.redirect {\n	font-size: 1.1em;\n	line-height: 2.5em;\n}\n\ndd.moderation {\n	font-size: 1.1em;\n}\n\ndd.lastpost span, ul.topiclist dd.searchby span, ul.topiclist dd.info span, ul.topiclist dd.time span, dd.redirect span, dd.moderation span {\n	display: block;\n	padding-left: 5px;\n}\n\ndd.time {\n	width: auto;\n	line-height: 200%;\n	font-size: 1.1em;\n}\n\ndd.extra {\n	width: 12%;\n	line-height: 200%;\n	text-align: center;\n	font-size: 1.1em;\n}\n\ndd.mark {\n	float: right !important;\n	width: 9%;\n	text-align: center;\n	line-height: 200%;\n	font-size: 1.2em;\n}\n\ndd.info {\n	width: 30%;\n}\n\ndd.option {\n	width: 15%;\n	line-height: 200%;\n	text-align: center;\n	font-size: 1.1em;\n}\n\ndd.searchby {\n	width: 47%;\n	font-size: 1.1em;\n	line-height: 1em;\n}\n\nul.topiclist dd.searchextra {\n	margin-left: 5px;\n	padding: 0.2em 0;\n	font-size: 1.1em;\n	color: #333333;\n	border-left: none;\n	clear: both;\n	width: 98%;\n	overflow: hidden;\n}\n\n/* Container for post/reply buttons and pagination */\n.topic-actions {\n	margin-bottom: 3px;\n	font-size: 1.1em;\n	height: 28px;\n	min-height: 28px;\n}\ndiv[class].topic-actions {\n	height: auto;\n}\n\n/* Post body styles\n----------------------------------------*/\n.postbody {\n	padding: 0;\n	line-height: 1.48em;\n	color: #333333;\n	width: 76%;\n	float: left;\n	clear: both;\n}\n\n.postbody .ignore {\n	font-size: 1.1em;\n}\n\n.postbody h3.first {\n	/* The first post on the page uses this */\n	font-size: 1.7em;\n}\n\n.postbody h3 {\n	/* Postbody requires a different h3 format - so change it here */\n	font-size: 1.5em;\n	padding: 2px 0 0 0;\n	margin: 0 0 0.3em 0 !important;\n	text-transform: none;\n	border: none;\n	font-family: \"Trebuchet MS\", Verdana, Helvetica, Arial, sans-serif;\n	line-height: 125%;\n}\n\n.postbody h3 img {\n	/* Also see tweaks.css */\n	vertical-align: bottom;\n}\n\n.postbody .content {\n	font-size: 1.3em;\n}\n\n.search .postbody {\n	width: 68%\n}\n\n/* Topic review panel\n----------------------------------------*/\n#review {\n	margin-top: 2em;\n}\n\n#topicreview {\n	padding-right: 5px;\n	overflow: auto;\n	height: 300px;\n}\n\n#topicreview .postbody {\n	width: auto;\n	float: none;\n	margin: 0;\n	height: auto;\n}\n\n#topicreview .post {\n	height: auto;\n}\n\n#topicreview h2 {\n	border-bottom-width: 0;\n}\n\n.post-ignore .postbody {\n	display: none;\n}\n\n/* MCP Post details\n----------------------------------------*/\n#post_details\n{\n	/* This will only work in IE7+, plus the others */\n	overflow: auto;\n	max-height: 300px;\n}\n\n#expand\n{\n	clear: both;\n}\n\n/* Content container styles\n----------------------------------------*/\n.content {\n	min-height: 3em;\n	overflow: hidden;\n	line-height: 1.4em;\n	font-family: \"Lucida Grande\", \"Trebuchet MS\", Verdana, Helvetica, Arial, sans-serif;\n	font-size: 1em;\n	color: #333333;\n	padding-bottom: 1px;\n}\n\n.content h2, .panel h2 {\n	font-weight: normal;\n	color: #989898;\n	border-bottom: 1px solid #CCCCCC;\n	font-size: 1.6em;\n	margin-top: 0.5em;\n	margin-bottom: 0.5em;\n	padding-bottom: 0.5em;\n}\n\n.panel h3 {\n	margin: 0.5em 0;\n}\n\n.panel p {\n	font-size: 1.2em;\n	margin-bottom: 1em;\n	line-height: 1.4em;\n}\n\n.content p {\n	font-family: \"Lucida Grande\", \"Trebuchet MS\", Verdana, Helvetica, Arial, sans-serif;\n	font-size: 1.2em;\n	margin-bottom: 1em;\n	line-height: 1.4em;\n}\n\ndl.faq {\n	font-family: \"Lucida Grande\", Verdana, Helvetica, Arial, sans-serif;\n	font-size: 1.1em;\n	margin-top: 1em;\n	margin-bottom: 2em;\n	line-height: 1.4em;\n}\n\ndl.faq dt {\n	font-weight: bold;\n	color: #333333;\n}\n\n.content dl.faq {\n	font-size: 1.2em;\n	margin-bottom: 0.5em;\n}\n\n.content li {\n	list-style-type: inherit;\n}\n\n.content ul, .content ol {\n	margin-bottom: 1em;\n	margin-left: 3em;\n}\n\n.posthilit {\n	background-color: #f3f3f3;\n	color: #BCBCBC;\n	padding: 0 2px 1px 2px;\n}\n\n.announce, .unreadpost {\n	/* Highlight the announcements & unread posts box */\n	border-left-color: #BCBCBC;\n	border-right-color: #BCBCBC;\n}\n\n/* Post author */\np.author {\n	margin: 0 15em 0.6em 0;\n	padding: 0 0 5px 0;\n	font-family: Verdana, Helvetica, Arial, sans-serif;\n	font-size: 1em;\n	line-height: 1.2em;\n}\n\n/* Post signature */\n.signature {\n	margin-top: 1.5em;\n	padding-top: 0.2em;\n	font-size: 1.1em;\n	border-top: 1px solid #CCCCCC;\n	clear: left;\n	line-height: 140%;\n	overflow: hidden;\n	width: 100%;\n}\n\ndd .signature {\n	margin: 0;\n	padding: 0;\n	clear: none;\n	border: none;\n}\n\n.signature li {\n	list-style-type: inherit;\n}\n\n.signature ul, .signature ol {\n	margin-bottom: 1em;\n	margin-left: 3em;\n}\n\n/* Post noticies */\n.notice {\n	font-family: \"Lucida Grande\", Verdana, Helvetica, Arial, sans-serif;\n	width: auto;\n	margin-top: 1.5em;\n	padding-top: 0.2em;\n	font-size: 1em;\n	border-top: 1px dashed #CCCCCC;\n	clear: left;\n	line-height: 130%;\n}\n\n/* Jump to post link for now */\nul.searchresults {\n	list-style: none;\n	text-align: right;\n	clear: both;\n}\n\n/* BB Code styles\n----------------------------------------*/\n/* Quote block */\nblockquote {\n	background: #ebebeb none 6px 8px no-repeat;\n	border: 1px solid #dbdbdb;\n	font-size: 0.95em;\n	margin: 0.5em 1px 0 25px;\n	overflow: hidden;\n	padding: 5px;\n}\n\nblockquote blockquote {\n	/* Nested quotes */\n	background-color: #bababa;\n	font-size: 1em;\n	margin: 0.5em 1px 0 15px;	\n}\n\nblockquote blockquote blockquote {\n	/* Nested quotes */\n	background-color: #e4e4e4;\n}\n\nblockquote cite {\n	/* Username/source of quoter */\n	font-style: normal;\n	font-weight: bold;\n	margin-left: 20px;\n	display: block;\n	font-size: 0.9em;\n}\n\nblockquote cite cite {\n	font-size: 1em;\n}\n\nblockquote.uncited {\n	padding-top: 25px;\n}\n\n/* Code block */\ndl.codebox {\n	padding: 3px;\n	background-color: #FFFFFF;\n	border: 1px solid #d8d8d8;\n	font-size: 1em;\n}\n\ndl.codebox dt {\n	text-transform: uppercase;\n	border-bottom: 1px solid #CCCCCC;\n	margin-bottom: 3px;\n	font-size: 0.8em;\n	font-weight: bold;\n	display: block;\n}\n\nblockquote dl.codebox {\n	margin-left: 0;\n}\n\ndl.codebox code {\n	/* Also see tweaks.css */\n	overflow: auto;\n	display: block;\n	height: auto;\n	max-height: 200px;\n	white-space: normal;\n	padding-top: 5px;\n	font: 0.9em Monaco, \"Andale Mono\",\"Courier New\", Courier, mono;\n	line-height: 1.3em;\n	color: #8b8b8b;\n	margin: 2px 0;\n}\n\n.syntaxbg		{ color: #FFFFFF; }\n.syntaxcomment	{ color: #000000; }\n.syntaxdefault	{ color: #bcbcbc; }\n.syntaxhtml		{ color: #000000; }\n.syntaxkeyword	{ color: #585858; }\n.syntaxstring	{ color: #a7a7a7; }\n\n/* Attachments\n----------------------------------------*/\n.attachbox {\n	float: left;\n	width: auto; \n	margin: 5px 5px 5px 0;\n	padding: 6px;\n	background-color: #FFFFFF;\n	border: 1px dashed #d8d8d8;\n	clear: left;\n}\n\n.pm-message .attachbox {\n	background-color: #f3f3f3;\n}\n\n.attachbox dt {\n	font-family: Arial, Helvetica, sans-serif;\n	text-transform: uppercase;\n}\n\n.attachbox dd {\n	margin-top: 4px;\n	padding-top: 4px;\n	clear: left;\n	border-top: 1px solid #d8d8d8;\n}\n\n.attachbox dd dd {\n	border: none;\n}\n\n.attachbox p {\n	line-height: 110%;\n	color: #666666;\n	font-weight: normal;\n	clear: left;\n}\n\n.attachbox p.stats\n{\n	line-height: 110%;\n	color: #666666;\n	font-weight: normal;\n	clear: left;\n}\n\n.attach-image {\n	margin: 3px 0;\n	width: 100%;\n	max-height: 350px;\n	overflow: auto;\n}\n\n.attach-image img {\n	border: 1px solid #999999;\n/*	cursor: move; */\n	cursor: default;\n}\n\n/* Inline image thumbnails */\ndiv.inline-attachment dl.thumbnail, div.inline-attachment dl.file {\n	display: block;\n	margin-bottom: 4px;\n}\n\ndiv.inline-attachment p {\n	font-size: 100%;\n}\n\ndl.file {\n	font-family: Verdana, Arial, Helvetica, sans-serif;\n	display: block;\n}\n\ndl.file dt {\n	text-transform: none;\n	margin: 0;\n	padding: 0;\n	font-weight: bold;\n	font-family: Verdana, Arial, Helvetica, sans-serif;\n}\n\ndl.file dd {\n	color: #666666;\n	margin: 0;\n	padding: 0;	\n}\n\ndl.thumbnail img {\n	padding: 3px;\n	border: 1px solid #666666;\n	background-color: #FFF;\n}\n\ndl.thumbnail dd {\n	color: #666666;\n	font-style: italic;\n	font-family: Verdana, Arial, Helvetica, sans-serif;\n}\n\n.attachbox dl.thumbnail dd {\n	font-size: 100%;\n}\n\ndl.thumbnail dt a:hover {\n	background-color: #EEEEEE;\n}\n\ndl.thumbnail dt a:hover img {\n	border: 1px solid #d2d2d2;\n}\n\n/* Post poll styles\n----------------------------------------*/\nfieldset.polls {\n	font-family: \"Trebuchet MS\", Verdana, Helvetica, Arial, sans-serif;\n}\n\nfieldset.polls dl {\n	margin-top: 5px;\n	border-top: 1px solid #e2e2e2;\n	padding: 5px 0 0 0;\n	line-height: 120%;\n	color: #666666;\n}\n\nfieldset.polls dl.voted {\n	font-weight: bold;\n	color: #000000;\n}\n\nfieldset.polls dt {\n	text-align: left;\n	float: left;\n	display: block;\n	width: 30%;\n	border-right: none;\n	padding: 0;\n	margin: 0;\n	font-size: 1.1em;\n}\n\nfieldset.polls dd {\n	float: left;\n	width: 10%;\n	border-left: none;\n	padding: 0 5px;\n	margin-left: 0;\n	font-size: 1.1em;\n}\n\nfieldset.polls dd.resultbar {\n	width: 50%;\n}\n\nfieldset.polls dd input {\n	margin: 2px 0;\n}\n\nfieldset.polls dd div {\n	text-align: right;\n	font-family: Arial, Helvetica, sans-serif;\n	color: #FFFFFF;\n	font-weight: bold;\n	padding: 0 2px;\n	overflow: visible;\n	min-width: 2%;\n}\n\n.pollbar1 {\n	background-color: #aaaaaa;\n	border-bottom: 1px solid #747474;\n	border-right: 1px solid #747474;\n}\n\n.pollbar2 {\n	background-color: #bebebe;\n	border-bottom: 1px solid #8c8c8c;\n	border-right: 1px solid #8c8c8c;\n}\n\n.pollbar3 {\n	background-color: #D1D1D1;\n	border-bottom: 1px solid #aaaaaa;\n	border-right: 1px solid #aaaaaa;\n}\n\n.pollbar4 {\n	background-color: #e4e4e4;\n	border-bottom: 1px solid #bebebe;\n	border-right: 1px solid #bebebe;\n}\n\n.pollbar5 {\n	background-color: #f8f8f8;\n	border-bottom: 1px solid #D1D1D1;\n	border-right: 1px solid #D1D1D1;\n}\n\n/* Poster profile block\n----------------------------------------*/\n.postprofile {\n	/* Also see tweaks.css */\n	margin: 5px 0 10px 0;\n	min-height: 80px;\n	color: #666666;\n	border-left: 1px solid #FFFFFF;\n	width: 22%;\n	float: right;\n	display: inline;\n}\n.pm .postprofile {\n	border-left: 1px solid #DDDDDD;\n}\n\n.postprofile dd, .postprofile dt {\n	line-height: 1.2em;\n	margin-left: 8px;\n}\n\n.postprofile strong {\n	font-weight: normal;\n	color: #000000;\n}\n\n.avatar {\n	border: none;\n	margin-bottom: 3px;\n}\n\n.online {\n	background-image: none;\n	background-position: 100% 0;\n	background-repeat: no-repeat;\n}\n\n/* Poster profile used by search*/\n.search .postprofile {\n	width: 30%;\n}\n\n/* pm list in compose message if mass pm is enabled */\ndl.pmlist dt {\n	width: 60% !important;\n}\n\ndl.pmlist dt textarea {\n	width: 95%;\n}\n\ndl.pmlist dd {\n	margin-left: 61% !important;\n	margin-bottom: 2px;\n}\n/* proSilver Button Styles\n---------------------------------------- */\n\n/* Rollover buttons\n   Based on: http://wellstyled.com/css-nopreload-rollovers.html\n----------------------------------------*/\n.buttons {\n	float: left;\n	width: auto;\n	height: auto;\n}\n\n/* Rollover state */\n.buttons div {\n	float: left;\n	margin: 0 5px 0 0;\n	background-position: 0 100%;\n}\n\n/* Rolloff state */\n.buttons div a {\n	display: block;\n	width: 100%;\n	height: 100%;\n	background-position: 0 0;\n	position: relative;\n	overflow: hidden;\n}\n\n/* Hide <a> text and hide off-state image when rolling over (prevents flicker in IE) */\n/*.buttons div span		{ display: none; }*/\n/*.buttons div a:hover	{ background-image: none; }*/\n.buttons div span			{ position: absolute; width: 100%; height: 100%; cursor: pointer;}\n.buttons div a:hover span	{ background-position: 0 100%; }\n\n/* Big button images */\n.reply-icon span	{ background: transparent none 0 0 no-repeat; }\n.post-icon span		{ background: transparent none 0 0 no-repeat; }\n.locked-icon span	{ background: transparent none 0 0 no-repeat; }\n.pmreply-icon span	{ background: none 0 0 no-repeat; }\n.newpm-icon span 	{ background: none 0 0 no-repeat; }\n.forwardpm-icon span 	{ background: none 0 0 no-repeat; }\n\n/* Set big button dimensions */\n.buttons div.reply-icon		{ width: {IMG_BUTTON_TOPIC_REPLY_WIDTH}px; height: {IMG_BUTTON_TOPIC_REPLY_HEIGHT}px; }\n.buttons div.post-icon		{ width: {IMG_BUTTON_TOPIC_NEW_WIDTH}px; height: {IMG_BUTTON_TOPIC_NEW_HEIGHT}px; }\n.buttons div.locked-icon	{ width: {IMG_BUTTON_TOPIC_LOCKED_WIDTH}px; height: {IMG_BUTTON_TOPIC_LOCKED_HEIGHT}px; }\n.buttons div.pmreply-icon	{ width: {IMG_BUTTON_PM_REPLY_WIDTH}px; height: {IMG_BUTTON_PM_REPLY_HEIGHT}px; }\n.buttons div.newpm-icon		{ width: {IMG_BUTTON_PM_NEW_WIDTH}px; height: {IMG_BUTTON_PM_NEW_HEIGHT}px; }\n.buttons div.forwardpm-icon	{ width: {IMG_BUTTON_PM_FORWARD_WIDTH}px; height: {IMG_BUTTON_PM_FORWARD_HEIGHT}px; }\n\n/* Sub-header (navigation bar)\n--------------------------------------------- */\na.print, a.sendemail, a.fontsize {\n	display: block;\n	overflow: hidden;\n	height: 18px;\n	text-indent: -5000px;\n	text-align: left;\n	background-repeat: no-repeat;\n}\n\na.print {\n	background-image: none;\n	width: 22px;\n}\n\na.sendemail {\n	background-image: none;\n	width: 22px;\n}\n\na.fontsize {\n	background-image: none;\n	background-position: 0 -1px;\n	width: 29px;\n}\n\na.fontsize:hover {\n	background-position: 0 -20px;\n	text-decoration: none;\n}\n\n/* Icon images\n---------------------------------------- */\n.sitehome, .icon-faq, .icon-members, .icon-home, .icon-ucp, .icon-register, .icon-logout,\n.icon-bookmark, .icon-bump, .icon-subscribe, .icon-unsubscribe, .icon-pages, .icon-search {\n	background-position: 0 50%;\n	background-repeat: no-repeat;\n	background-image: none;\n	padding: 1px 0 0 17px;\n}\n\n/* Poster profile icons\n----------------------------------------*/\nul.profile-icons {\n	padding-top: 10px;\n	list-style: none;\n}\n\n/* Rollover state */\nul.profile-icons li {\n	float: left;\n	margin: 0 6px 3px 0;\n	background-position: 0 100%;\n}\n\n/* Rolloff state */\nul.profile-icons li a {\n	display: block;\n	width: 100%;\n	height: 100%;\n	background-position: 0 0;\n}\n\n/* Hide <a> text and hide off-state image when rolling over (prevents flicker in IE) */\nul.profile-icons li span { display:none; }\nul.profile-icons li a:hover { background: none; }\n\n/* Positioning of moderator icons */\n.postbody ul.profile-icons {\n	float: right;\n	width: auto;\n	padding: 0;\n}\n\n.postbody ul.profile-icons li {\n	margin: 0 3px;\n}\n\n/* Profile & navigation icons */\n.email-icon, .email-icon a		{ background: none top left no-repeat; }\n.aim-icon, .aim-icon a			{ background: none top left no-repeat; }\n.yahoo-icon, .yahoo-icon a		{ background: none top left no-repeat; }\n.web-icon, .web-icon a			{ background: none top left no-repeat; }\n.msnm-icon, .msnm-icon a			{ background: none top left no-repeat; }\n.icq-icon, .icq-icon a			{ background: none top left no-repeat; }\n.jabber-icon, .jabber-icon a		{ background: none top left no-repeat; }\n.pm-icon, .pm-icon a				{ background: none top left no-repeat; }\n.quote-icon, .quote-icon a		{ background: none top left no-repeat; }\n\n/* Moderator icons */\n.report-icon, .report-icon a		{ background: none top left no-repeat; }\n.warn-icon, .warn-icon a			{ background: none top left no-repeat; }\n.edit-icon, .edit-icon a			{ background: none top left no-repeat; }\n.delete-icon, .delete-icon a		{ background: none top left no-repeat; }\n.info-icon, .info-icon a			{ background: none top left no-repeat; }\n\n/* Set profile icon dimensions */\nul.profile-icons li.email-icon		{ width: {IMG_ICON_CONTACT_EMAIL_WIDTH}px; height: {IMG_ICON_CONTACT_EMAIL_HEIGHT}px; }\nul.profile-icons li.aim-icon	{ width: {IMG_ICON_CONTACT_AIM_WIDTH}px; height: {IMG_ICON_CONTACT_AIM_HEIGHT}px; }\nul.profile-icons li.yahoo-icon	{ width: {IMG_ICON_CONTACT_YAHOO_WIDTH}px; height: {IMG_ICON_CONTACT_YAHOO_HEIGHT}px; }\nul.profile-icons li.web-icon	{ width: {IMG_ICON_CONTACT_WWW_WIDTH}px; height: {IMG_ICON_CONTACT_WWW_HEIGHT}px; }\nul.profile-icons li.msnm-icon	{ width: {IMG_ICON_CONTACT_MSNM_WIDTH}px; height: {IMG_ICON_CONTACT_MSNM_HEIGHT}px; }\nul.profile-icons li.icq-icon	{ width: {IMG_ICON_CONTACT_ICQ_WIDTH}px; height: {IMG_ICON_CONTACT_ICQ_HEIGHT}px; }\nul.profile-icons li.jabber-icon	{ width: {IMG_ICON_CONTACT_JABBER_WIDTH}px; height: {IMG_ICON_CONTACT_JABBER_HEIGHT}px; }\nul.profile-icons li.pm-icon		{ width: {IMG_ICON_CONTACT_PM_WIDTH}px; height: {IMG_ICON_CONTACT_PM_HEIGHT}px; }\nul.profile-icons li.quote-icon	{ width: {IMG_ICON_POST_QUOTE_WIDTH}px; height: {IMG_ICON_POST_QUOTE_HEIGHT}px; }\nul.profile-icons li.report-icon	{ width: {IMG_ICON_POST_REPORT_WIDTH}px; height: {IMG_ICON_POST_REPORT_HEIGHT}px; }\nul.profile-icons li.edit-icon	{ width: {IMG_ICON_POST_EDIT_WIDTH}px; height: {IMG_ICON_POST_EDIT_HEIGHT}px; }\nul.profile-icons li.delete-icon	{ width: {IMG_ICON_POST_DELETE_WIDTH}px; height: {IMG_ICON_POST_DELETE_HEIGHT}px; }\nul.profile-icons li.info-icon	{ width: {IMG_ICON_POST_INFO_WIDTH}px; height: {IMG_ICON_POST_INFO_HEIGHT}px; }\nul.profile-icons li.warn-icon	{ width: {IMG_ICON_USER_WARN_WIDTH}px; height: {IMG_ICON_USER_WARN_HEIGHT}px; }\n\n/* Fix profile icon default margins */\nul.profile-icons li.edit-icon	{ margin: 0 0 0 3px; }\nul.profile-icons li.quote-icon	{ margin: 0 0 0 10px; }\nul.profile-icons li.info-icon, ul.profile-icons li.report-icon	{ margin: 0 3px 0 0; }\n/* proSilver Control Panel Styles\n---------------------------------------- */\n\n\n/* Main CP box\n----------------------------------------*/\n#cp-menu {\n	float:left;\n	width: 19%;\n	margin-top: 1em;\n	margin-bottom: 5px;\n}\n\n#cp-main {\n	float: left;\n	width: 81%;\n}\n\n#cp-main .content {\n	padding: 0;\n}\n\n#cp-main h3, #cp-main hr, #cp-menu hr {\n	border-color: #bfbfbf;\n}\n\n#cp-main .panel p {\n	font-size: 1.1em;\n}\n\n#cp-main .panel ol {\n	margin-left: 2em;\n	font-size: 1.1em;\n}\n\n#cp-main .panel li.row {\n	border-bottom: 1px solid #cbcbcb;\n	border-top: 1px solid #F9F9F9;\n}\n\nul.cplist {\n	margin-bottom: 5px;\n	border-top: 1px solid #cbcbcb;\n}\n\n#cp-main .panel li.header dd, #cp-main .panel li.header dt {\n	color: #000000;\n	margin-bottom: 2px;\n}\n\n#cp-main table.table1 {\n	margin-bottom: 1em;\n}\n\n#cp-main table.table1 thead th {\n	color: #333333;\n	font-weight: bold;\n	border-bottom: 1px solid #333333;\n	padding: 5px;\n}\n\n#cp-main table.table1 tbody th {\n	font-style: italic;\n	background-color: transparent !important;\n	border-bottom: none;\n}\n\n#cp-main .pagination {\n	float: right;\n	width: auto;\n	padding-top: 1px;\n}\n\n#cp-main .postbody p {\n	font-size: 1.1em;\n}\n\n#cp-main .pm-message {\n	border: 1px solid #e2e2e2;\n	margin: 10px 0;\n	background-color: #FFFFFF;\n	width: auto;\n	float: none;\n}\n\n.pm-message h2 {\n	padding-bottom: 5px;\n}\n\n#cp-main .postbody h3, #cp-main .box2 h3 {\n	margin-top: 0;\n}\n\n#cp-main .buttons {\n	margin-left: 0;\n}\n\n#cp-main ul.linklist {\n	margin: 0;\n}\n\n/* MCP Specific tweaks */\n.mcp-main .postbody {\n	width: 100%;\n}\n\n/* CP tabbed menu\n----------------------------------------*/\n#tabs {\n	line-height: normal;\n	margin: 20px 0 -1px 7px;\n	min-width: 570px;\n}\n\n#tabs ul {\n	margin:0;\n	padding: 0;\n	list-style: none;\n}\n\n#tabs li {\n	display: inline;\n	margin: 0;\n	padding: 0;\n	font-size: 1em;\n	font-weight: bold;\n}\n\n#tabs a {\n	float: left;\n	background: none no-repeat 0% -35px;\n	margin: 0 1px 0 0;\n	padding: 0 0 0 5px;\n	text-decoration: none;\n	position: relative;\n	cursor: pointer;\n}\n\n#tabs a span {\n	float: left;\n	display: block;\n	background: none no-repeat 100% -35px;\n	padding: 6px 10px 6px 5px;\n	color: #828282;\n	white-space: nowrap;\n}\n\n#tabs a:hover span {\n	color: #bcbcbc;\n}\n\n#tabs .activetab a {\n	background-position: 0 0;\n	border-bottom: 1px solid #ebebeb;\n}\n\n#tabs .activetab a span {\n	background-position: 100% 0;\n	padding-bottom: 7px;\n	color: #333333;\n}\n\n#tabs a:hover {\n	background-position: 0 -70px;\n}\n\n#tabs a:hover span {\n	background-position:100% -70px;\n}\n\n#tabs .activetab a:hover {\n	background-position: 0 0;\n}\n\n#tabs .activetab a:hover span {\n	color: #000000;\n	background-position: 100% 0;\n}\n\n/* Mini tabbed menu used in MCP\n----------------------------------------*/\n#minitabs {\n	line-height: normal;\n	margin: -20px 7px 0 0;\n}\n\n#minitabs ul {\n	margin:0;\n	padding: 0;\n	list-style: none;\n}\n\n#minitabs li {\n	display: block;\n	float: right;\n	padding: 0 10px 4px 10px;\n	font-size: 1em;\n	font-weight: bold;\n	background-color: #f2f2f2;\n	margin-left: 2px;\n}\n\n#minitabs a {\n}\n\n#minitabs a:hover {\n	text-decoration: none;\n}\n\n#minitabs li.activetab {\n	background-color: #F9F9F9;\n}\n\n#minitabs li.activetab a, #minitabs li.activetab a:hover {\n	color: #333333;\n}\n\n/* UCP navigation menu\n----------------------------------------*/\n/* Container for sub-navigation list */\n#navigation {\n	width: 100%;\n	padding-top: 36px;\n}\n\n#navigation ul {\n	list-style:none;\n}\n\n/* Default list state */\n#navigation li {\n	margin: 1px 0;\n	padding: 0;\n	font-weight: bold;\n	display: inline;\n}\n\n/* Link styles for the sub-section links */\n#navigation a {\n	display: block;\n	padding: 5px;\n	margin: 1px 0;\n	text-decoration: none;\n	font-weight: bold;\n	color: #333;\n	background: #cfcfcf none repeat-y 100% 0;\n}\n\n#navigation a:hover {\n	text-decoration: none;\n	background-color: #c6c6c6;\n	color: #bcbcbc;\n	background-image: none;\n}\n\n#navigation #active-subsection a {\n	display: block;\n	color: #d3d3d3;\n	background-color: #F9F9F9;\n	background-image: none;\n}\n\n#navigation #active-subsection a:hover {\n	color: #d3d3d3;\n}\n\n/* Preferences pane layout\n----------------------------------------*/\n#cp-main h2 {\n	border-bottom: none;\n	padding: 0;\n	margin-left: 10px;\n	color: #333333;\n}\n\n#cp-main .panel {\n	background-color: #F9F9F9;\n}\n\n#cp-main .pm {\n	background-color: #FFFFFF;\n}\n\n#cp-main span.corners-top, #cp-menu span.corners-top {\n	background-image: none;\n}\n\n#cp-main span.corners-top span, #cp-menu span.corners-top span {\n	background-image: none;\n}\n\n#cp-main span.corners-bottom, #cp-menu span.corners-bottom {\n	background-image: none;\n}\n\n#cp-main span.corners-bottom span, #cp-menu span.corners-bottom span {\n	background-image: none;\n}\n\n/* Topicreview */\n#cp-main .panel #topicreview span.corners-top, #cp-menu .panel #topicreview span.corners-top {\n	background-image: none;\n}\n\n#cp-main .panel #topicreview span.corners-top span, #cp-menu .panel #topicreview span.corners-top span {\n	background-image: none;\n}\n\n#cp-main .panel #topicreview span.corners-bottom, #cp-menu .panel #topicreview span.corners-bottom {\n	background-image: none;\n}\n\n#cp-main .panel #topicreview span.corners-bottom span, #cp-menu .panel #topicreview span.corners-bottom span {\n	background-image: none;\n}\n\n/* Friends list */\n.cp-mini {\n	background-color: #f9f9f9;\n	padding: 0 5px;\n	margin: 10px 15px 10px 5px;\n}\n\n.cp-mini span.corners-top, .cp-mini span.corners-bottom {\n	margin: 0 -5px;\n}\n\ndl.mini dt {\n	font-weight: bold;\n	color: #676767;\n}\n\ndl.mini dd {\n	padding-top: 4px;\n}\n\n.friend-online {\n	font-weight: bold;\n}\n\n.friend-offline {\n	font-style: italic;\n}\n\n/* PM Styles\n----------------------------------------*/\n#pm-menu {\n	line-height: 2.5em;\n}\n\n/* PM panel adjustments */\n.pm-panel-header {\n	margin: 0; \n	padding-bottom: 10px; \n	border-bottom: 1px dashed #A4B3BF;\n}\n\n.reply-all {\n	display: block; \n	padding-top: 4px; \n	clear: both;\n	float: left;\n}\n\n.pm-panel-message {\n	padding-top: 10px;\n}\n\n.pm-return-to {\n	padding-top: 23px;\n}\n\n#cp-main .pm-message-nav {\n	margin: 0; \n	padding: 2px 10px 5px 10px; \n	border-bottom: 1px dashed #A4B3BF;\n}\n\n/* PM Message history */\n.current {\n	color: #999999;\n}\n\n/* Defined rules list for PM options */\nol.def-rules {\n	padding-left: 0;\n}\n\nol.def-rules li {\n	line-height: 180%;\n	padding: 1px;\n}\n\n/* PM marking colours */\n.pmlist li.bg1 {\n	border: solid 3px transparent;\n	border-width: 0 3px;\n}\n\n.pmlist li.bg2 {\n	border: solid 3px transparent;\n	border-width: 0 3px;\n}\n\n.pmlist li.pm_message_reported_colour, .pm_message_reported_colour {\n	border-left-color: #bcbcbc;\n	border-right-color: #bcbcbc;\n}\n\n.pmlist li.pm_marked_colour, .pm_marked_colour {\n	border: solid 3px #ffffff;\n	border-width: 0 3px;\n}\n\n.pmlist li.pm_replied_colour, .pm_replied_colour {\n	border: solid 3px #c2c2c2;\n	border-width: 0 3px;	\n}\n\n.pmlist li.pm_friend_colour, .pm_friend_colour {\n	border: solid 3px #bdbdbd;\n	border-width: 0 3px;\n}\n\n.pmlist li.pm_foe_colour, .pm_foe_colour {\n	border: solid 3px #000000;\n	border-width: 0 3px;\n}\n\n.pm-legend {\n	border-left-width: 10px;\n	border-left-style: solid;\n	border-right-width: 0;\n	margin-bottom: 3px;\n	padding-left: 3px;\n}\n\n/* Avatar gallery */\n#gallery label {\n	position: relative;\n	float: left;\n	margin: 10px;\n	padding: 5px;\n	width: auto;\n	background: #FFFFFF;\n	border: 1px solid #CCC;\n	text-align: center;\n}\n\n#gallery label:hover {\n	background-color: #EEE;\n}\n/* proSilver Form Styles\n---------------------------------------- */\n\n/* General form styles\n----------------------------------------*/\nfieldset {\n	border-width: 0;\n	font-family: Verdana, Helvetica, Arial, sans-serif;\n	font-size: 1.1em;\n}\n\ninput {\n	font-weight: normal;\n	cursor: pointer;\n	vertical-align: middle;\n	padding: 0 3px;\n	font-size: 1em;\n	font-family: Verdana, Helvetica, Arial, sans-serif;\n}\n\nselect {\n	font-family: Verdana, Helvetica, Arial, sans-serif;\n	font-weight: normal;\n	cursor: pointer;\n	vertical-align: middle;\n	border: 1px solid #666666;\n	padding: 1px;\n	background-color: #FAFAFA;\n}\n\noption {\n	padding-right: 1em;\n}\n\noption.disabled-option {\n	color: graytext;\n}\n\ntextarea {\n	font-family: \"Lucida Grande\", Verdana, Helvetica, Arial, sans-serif;\n	width: 60%;\n	padding: 2px;\n	font-size: 1em;\n	line-height: 1.4em;\n}\n\nlabel {\n	cursor: default;\n	padding-right: 5px;\n	color: #676767;\n}\n\nlabel input {\n	vertical-align: middle;\n}\n\nlabel img {\n	vertical-align: middle;\n}\n\n/* Definition list layout for forms\n---------------------------------------- */\nfieldset dl {\n	padding: 4px 0;\n}\n\nfieldset dt {\n	float: left;	\n	width: 40%;\n	text-align: left;\n	display: block;\n}\n\nfieldset dd {\n	margin-left: 41%;\n	vertical-align: top;\n	margin-bottom: 3px;\n}\n\n/* Specific layout 1 */\nfieldset.fields1 dt {\n	width: 15em;\n	border-right-width: 0;\n}\n\nfieldset.fields1 dd {\n	margin-left: 15em;\n	border-left-width: 0;\n}\n\nfieldset.fields1 {\n	background-color: transparent;\n}\n\nfieldset.fields1 div {\n	margin-bottom: 3px;\n}\n\n/* Set it back to 0px for the reCaptcha divs: PHPBB3-9587 */\nfieldset.fields1 #recaptcha_widget_div div {\n	margin-bottom: 0;\n}\n\n/* Specific layout 2 */\nfieldset.fields2 dt {\n	width: 15em;\n	border-right-width: 0;\n}\n\nfieldset.fields2 dd {\n	margin-left: 16em;\n	border-left-width: 0;\n}\n\n/* Form elements */\ndt label {\n	font-weight: bold;\n	text-align: left;\n}\n\ndd label {\n	white-space: nowrap;\n	color: #333;\n}\n\ndd input, dd textarea {\n	margin-right: 3px;\n}\n\ndd select {\n	width: auto;\n}\n\ndd textarea {\n	width: 85%;\n}\n\n/* Hover effects */\nfieldset dl:hover dt label {\n	color: #000000;\n}\n\nfieldset.fields2 dl:hover dt label {\n	color: inherit;\n}\n\n#timezone {\n	width: 95%;\n}\n\n* html #timezone {\n	width: 50%;\n}\n\n/* Quick-login on index page */\nfieldset.quick-login {\n	margin-top: 5px;\n}\n\nfieldset.quick-login input {\n	width: auto;\n}\n\nfieldset.quick-login input.inputbox {\n	width: 15%;\n	vertical-align: middle;\n	margin-right: 5px;\n	background-color: #f3f3f3;\n}\n\nfieldset.quick-login label {\n	white-space: nowrap;\n	padding-right: 2px;\n}\n\n/* Display options on viewtopic/viewforum pages  */\nfieldset.display-options {\n	text-align: center;\n	margin: 3px 0 5px 0;\n}\n\nfieldset.display-options label {\n	white-space: nowrap;\n	padding-right: 2px;\n}\n\nfieldset.display-options a {\n	margin-top: 3px;\n}\n\n/* Display actions for ucp and mcp pages */\nfieldset.display-actions {\n	text-align: right;\n	line-height: 2em;\n	white-space: nowrap;\n	padding-right: 1em;\n}\n\nfieldset.display-actions label {\n	white-space: nowrap;\n	padding-right: 2px;\n}\n\nfieldset.sort-options {\n	line-height: 2em;\n}\n\n/* MCP forum selection*/\nfieldset.forum-selection {\n	margin: 5px 0 3px 0;\n	float: right;\n}\n\nfieldset.forum-selection2 {\n	margin: 13px 0 3px 0;\n	float: right;\n}\n\n/* Jumpbox */\nfieldset.jumpbox {\n	text-align: right;\n	margin-top: 15px;\n	height: 2.5em;\n}\n\nfieldset.quickmod {\n	width: 50%;\n	float: right;\n	text-align: right;\n	height: 2.5em;\n}\n\n/* Submit button fieldset */\nfieldset.submit-buttons {\n	text-align: center;\n	vertical-align: middle;\n	margin: 5px 0;\n}\n\nfieldset.submit-buttons input {\n	vertical-align: middle;\n	padding-top: 3px;\n	padding-bottom: 3px;\n}\n\n/* Posting page styles\n----------------------------------------*/\n\n/* Buttons used in the editor */\n#format-buttons {\n	margin: 15px 0 2px 0;\n}\n\n#format-buttons input, #format-buttons select {\n	vertical-align: middle;\n}\n\n/* Main message box */\n#message-box {\n	width: 80%;\n}\n\n#message-box textarea {\n	font-family: \"Trebuchet MS\", Verdana, Helvetica, Arial, sans-serif;\n	width: 100%;\n	font-size: 1.2em;\n	color: #333333;\n}\n\n/* Emoticons panel */\n#smiley-box {\n	width: 18%;\n	float: right;\n}\n\n#smiley-box img {\n	margin: 3px;\n}\n\n/* Input field styles\n---------------------------------------- */\n.inputbox {\n	background-color: #FFFFFF;\n	border: 1px solid #c0c0c0;\n	color: #333333;\n	padding: 2px;\n	cursor: text;\n}\n\n.inputbox:hover {\n	border: 1px solid #eaeaea;\n}\n\n.inputbox:focus {\n	border: 1px solid #eaeaea;\n	color: #4b4b4b;\n}\n\ninput.inputbox	{ width: 85%; }\ninput.medium	{ width: 50%; }\ninput.narrow	{ width: 25%; }\ninput.tiny		{ width: 125px; }\n\ntextarea.inputbox {\n	width: 85%;\n}\n\n.autowidth {\n	width: auto !important;\n}\n\n/* Form button styles\n---------------------------------------- */\ninput.button1, input.button2 {\n	font-size: 1em;\n}\n\na.button1, input.button1, input.button3, a.button2, input.button2 {\n	width: auto !important;\n	padding-top: 1px;\n	padding-bottom: 1px;\n	font-family: \"Lucida Grande\", Verdana, Helvetica, Arial, sans-serif;\n	color: #000;\n	background: #FAFAFA none repeat-x top left;\n}\n\na.button1, input.button1 {\n	font-weight: bold;\n	border: 1px solid #666666;\n}\n\ninput.button3 {\n	padding: 0;\n	margin: 0;\n	line-height: 5px;\n	height: 12px;\n	background-image: none;\n	font-variant: small-caps;\n}\n\n/* Alternative button */\na.button2, input.button2, input.button3 {\n	border: 1px solid #666666;\n}\n\n/* <a> button in the style of the form buttons */\na.button1, a.button1:link, a.button1:visited, a.button1:active, a.button2, a.button2:link, a.button2:visited, a.button2:active {\n	text-decoration: none;\n	color: #000000;\n	padding: 2px 8px;\n	line-height: 250%;\n	vertical-align: text-bottom;\n	background-position: 0 1px;\n}\n\n/* Hover states */\na.button1:hover, input.button1:hover, a.button2:hover, input.button2:hover, input.button3:hover {\n	border: 1px solid #BCBCBC;\n	background-position: 0 100%;\n	color: #BCBCBC;\n}\n\ninput.disabled {\n	font-weight: normal;\n	color: #666666;\n}\n\n/* Topic and forum Search */\n.search-box {\n	margin-top: 3px;\n	margin-left: 5px;\n	float: left;\n}\n\n.search-box input {\n}\n\ninput.search {\n	background-image: none;\n	background-repeat: no-repeat;\n	background-position: left 1px;\n	padding-left: 17px;\n}\n\n.full { width: 95%; }\n.medium { width: 50%;}\n.narrow { width: 25%;}\n.tiny { width: 10%;}\n/* proSilver Style Sheet Tweaks\n\nThese style definitions are mainly IE specific \ntweaks required due to its poor CSS support.\n-------------------------------------------------*/\n\n* html table, * html select, * html input { font-size: 100%; }\n* html hr { margin: 0; }\n* html span.corners-top, * html span.corners-bottom { background-image: url(\"{T_THEME_PATH}/images/corners_left.gif\"); }\n* html span.corners-top span, * html span.corners-bottom span { background-image: url(\"{T_THEME_PATH}/images/corners_right.gif\"); }\n\ntable.table1 {\n	width: 99%;		/* IE < 6 browsers */\n	/* Tantek hack */\n	voice-family: \"\\\"}\\\"\";\n	voice-family: inherit;\n	width: 100%;\n}\nhtml>body table.table1 { width: 100%; }	/* Reset 100% for opera */\n\n* html ul.topiclist li { position: relative; }\n* html .postbody h3 img { vertical-align: middle; }\n\n/* Form styles */\nhtml>body dd label input { vertical-align: text-bottom; }	/* Align checkboxes/radio buttons nicely */\n\n* html input.button1, * html input.button2 {\n	padding-bottom: 0;\n	margin-bottom: 1px;\n}\n\n/* Misc layout styles */\n* html .column1, * html .column2 { width: 45%; }\n\n/* Nice method for clearing floated blocks without having to insert any extra markup (like spacer above)\n   From http://www.positioniseverything.net/easyclearing.html \n#tabs:after, #minitabs:after, .post:after, .navbar:after, fieldset dl:after, ul.topiclist dl:after, ul.linklist:after, dl.polls:after {\n	content: \".\"; \n	display: block; \n	height: 0; \n	clear: both; \n	visibility: hidden;\n}*/\n\n.clearfix, #tabs, #minitabs, fieldset dl, ul.topiclist dl, dl.polls {\n	height: 1%;\n	overflow: hidden;\n}\n\n/* viewtopic fix */\n* html .post {\n	height: 25%;\n	overflow: hidden;\n}\n\n/* navbar fix */\n* html .clearfix, * html .navbar, ul.linklist {\n	height: 4%;\n	overflow: hidden;\n}\n\n/* Simple fix so forum and topic lists always have a min-height set, even in IE6\n	From http://www.dustindiaz.com/min-height-fast-hack */\ndl.icon {\n	min-height: 35px;\n	height: auto !important;\n	height: 35px;\n}\n\n* html li.row dl.icon dt {\n	height: 35px;\n	overflow: visible;\n}\n\n* html #search-box {\n	width: 25%;\n}\n\n/* Correctly clear floating for details on profile view */\n*:first-child+html dl.details dd {\n	margin-left: 30%;\n	float: none;\n}\n\n* html dl.details dd {\n	margin-left: 30%;\n	float: none;\n}\n\n* html .forumbg table.table1 {\n	margin: 0 -2px 0px -1px;\n}\n/*  	\n--------------------------------------------------------------\nColours and backgrounds for common.css\n-------------------------------------------------------------- */\n\nhtml, body {\n	color: #ffffff;\n	background-image: url(\"{T_THEME_PATH}/images/Dusty_Wood.jpg\");\n	background-color: #BE9B7D;\n	background-attachment: fixed;\n	background-position: center;\n	background-repeat: repeat;\n}\n\nh1 {\n	color: #FFFFFF;\n}\n\nh2 {\n	color: #ffffff;\n}\n\nh3 {\n	border-bottom-color: #ffffff;\n	color: #ffffff;\n}\n\nhr {\n	border-color: #ffffff;\n	border-top-color: #ffffff;\n}\n\nhr.dashed {\n	border-top-color: #ffffff;\n}\n\n/* Search box\n--------------------------------------------- */\n\n#search-box {\n	color: #FFFFFF;\n}\n\n#search-box #keywords {\n	background-color: #FFF;\n}\n\n#search-box input {\n	border-color: #b19053;\n}\n\n/* Round cornered boxes and backgrounds\n---------------------------------------- */\n.navbar {\n	background-color: #b19053;\n	background-image: url(\"{T_THEME_PATH}/images/bgOFF.gif\");\n	color: #fff;\n}\n\n.forabg {\n	background-color: #b19053;\n	background-image: url(\"{T_THEME_PATH}/images/bgOFF.gif\");\n	background-repeat:repeat-y;\n}\n\n.forumbg {\n	background-color: #b19053;\n	background-image: url(\"{T_THEME_PATH}/images/bgOFF.gif\");\n}\n\n.panel {\n	background-color: #7b5a47;\n	background-image: url(\"{T_THEME_PATH}/images/bg_row.gif\");\n	color: #724c21;\n\n}\n\n.post:target .content {\n	color: #000000;\n}\n\n.post:target h3 a {\n	color: #000000;\n}\n\n.bg1, .bg2, .bg3 { \n	background-color: #7b5a47;\n	background-image: url(\"{T_THEME_PATH}/images/bg_row.gif\");\n	background-repeat: repeat;\n}\n\n.ucprowbg {\n	background-color: #ffffff;\n}\n\n.fieldsbg {\n	background-color: #ffffff;\n}\n\n/* Horizontal lists\n----------------------------------------*/\n\nul.navlinks {\n	border-bottom-color: #ffffff;\n}\n\n/* Table styles\n----------------------------------------*/\ntable.table1 thead th {\n	color: #ffffff;\n}\n\ntable.table1 tbody tr {\n	border-color: #ffffff;\n}\n\ntable.table1 tbody tr:hover, table.table1 tbody tr.hover {\n	background-color: #ffffff;\n	color: #000;\n}\n\ntable.table1 td {\n	color: #ffffff;\n}\n\ntable.table1 tbody td {\n	border-top-color: #ffffff;\n}\n\ntable.table1 tbody th {\n	border-bottom-color: #000000;\n	color: #333333;\n	background-color: #FFFFFF;\n}\n\ntable.info tbody th {\n	color: #000000;\n}\n\n/* Misc layout styles\n---------------------------------------- */\ndl.details dt {\n	color: #000000;\n}\n\ndl.details dd {\n	color: #ffffff;\n}\n\n.sep {\n	color: #ffffff;\n}\n\n/* Pagination\n---------------------------------------- */\n\n.pagination span strong {\n	color: #000000;\n	background-color: #ffffff;\n	border-color: #ffffff;\n}\n\n.pagination span a, .pagination span a:link, .pagination span a:visited, .pagination span a:active {\n	color: #ffffff;\n	background-color: #ffffff;\n	border-color: #ffffff;\n}\n\n.pagination span a:hover {\n	border-color: #ffffff;\n	background-color: #ffffff;\n	color: #000000;\n}\n\n/* Pagination in viewforum for multipage topics */\n.row .pagination {\n	background-image: url(\"{T_THEME_PATH}/images/icon_pages.gif\");\n}\n\n.row .pagination span a, li.pagination span a {\n	background-color: #FFFFFF;\n}\n\n.row .pagination span a:hover, li.pagination span a:hover {\n	background-color: #ffffff;\n}\n\n/* Miscellaneous styles\n---------------------------------------- */\n\n.copyright {\n	color: #ffffff;\n}\n\n.error {\n	color: #ffffff;\n}\n\n.reported {\n	background-color: #ffffff;\n}\n\nli.reported:hover {\n	background-color: #000000 !important;\n}\n.sticky, .announce {\n	/* you can add a background for stickies and announcements*/\n}\n\ndiv.rules {\n	background-color: #000000;\n	color: #ffffff;\n}\n\np.rules {\n	background-color: #000000;\n	background-image: none;\n}\n\n/*  	\n--------------------------------------------------------------\nColours and backgrounds for links.css\n-------------------------------------------------------------- */\n\na:link	{ color: #ffffff; }\na:visited	{ color: #ffffff; }\na:hover	{ color: #ffffff; }\na:active	{ color: #ffffff; }\n\n/* Links on gradient backgrounds */\n#search-box a:link, .navbg a:link, .forumbg .header a:link, .forabg .header a:link, th a:link {\n	color: #ffffff;\n}\n\n#search-box a:visited, .navbg a:visited, .forumbg .header a:visited, .forabg .header a:visited, th a:visited {\n	color: #ffffff;\n}\n\n#search-box a:hover, .navbg a:hover, .forumbg .header a:hover, .forabg .header a:hover, th a:hover {\n	color: #ffffff;\n}\n\n#search-box a:active, .navbg a:active, .forumbg .header a:active, .forabg .header a:active, th a:active {\n	color: #ffffff;\n}\n\n/* Links for forum/topic lists */\na.forumtitle {\n	color: #ffffff;\n}\n\n/* a.forumtitle:visited { color: #ffffff; } */\n\na.forumtitle:hover {\n	color: #ffffff;\n}\n\na.forumtitle:active {\n	color: #ffffff;\n}\n\na.topictitle {\n	color: #ffffff;\n}\n\n/* a.topictitle:visited { color: #ffffff; } */\n\na.topictitle:hover {\n	color: #ffffff;\n}\n\na.topictitle:active {\n	color: #ffffff;\n}\n\n/* Post body links */\n.postlink {\n	color: #ffffff;\n	text-decoration: underline;\n}\n\n.postlink:visited {\n	color: #ffffff;\n}\n\n.postlink:active {\n	color: #ffffff;\n}\n\n.postlink:hover {\n	color: #ffffff;\n	text-decoration: underline;\n}\n\n.signature a, .signature a:visited, .signature a:active, .signature a:hover {\n	background-color: transparent;\n}\n\n/* Profile links */\n.postprofile a:link, .postprofile a:active, .postprofile a:visited, .postprofile dt.author a {\n	color: #ffffff;\n}\n\n.postprofile a:hover, .postprofile dt.author a:hover {\n	color: #ffffff;\n}\n\n/* Profile searchresults */	\n.search .postprofile a {\n	color: #000000;\n}\n\n.search .postprofile a:hover {\n	color: #ffffff;\n}\n\n/* Back to top of page */\na.top {\n	background-image: url(\"{IMG_ICON_BACK_TOP_SRC}\");\n}\n\na.top2 {\n	background-image: url(\"{IMG_ICON_BACK_TOP_SRC}\");\n}\n\n/* Arrow links  */\na.up		{ background-image: url(\"{T_THEME_PATH}/images/arrow_up.gif\") }\na.down		{ background-image: url(\"{T_THEME_PATH}/images/arrow_down.gif\") }\na.left		{ background-image: url(\"{T_THEME_PATH}/images/arrow_left.gif\") }\na.right		{ background-image: url(\"{T_THEME_PATH}/images/arrow_right.gif\") }\n\na.up:hover {\n	background-color: transparent;\n}\n\na.left:hover {\n	color: #ffffff;\n}\n\na.right:hover {\n	color: #ffffff;\n}\n\n\n/*  	\n--------------------------------------------------------------\nColours and backgrounds for content.css\n-------------------------------------------------------------- */\n\nul.forums {\n    background-color: #7b5a47;\n	background-image: url(\"{T_THEME_PATH}/images/bg_row.gif\");\n	background-repeat:repeat;\n}\n\nul.topiclist li {\n	color: #ffffff;\n}\n\nul.topiclist dd {\n	border-left-color: #c9b185;\n}\n\n.rtl ul.topiclist dd {\n	border-right-color: #fff;\n	border-left-color: transparent;\n}\n\nul.topiclist li.row dt a.subforum.read {\n	background-image: url(\"{IMG_SUBFORUM_READ_SRC}\");\n}\n\nul.topiclist li.row dt a.subforum.unread {\n	background-image: url(\"{IMG_SUBFORUM_UNREAD_SRC}\");\n}\n\nli.row {\n	border-top-color:  #FFFFFF;\n	border-bottom-color: #c9b185;\n}\n\nli.row strong {\n	color: #000000;\n}\n\nli.row:hover {\n	background-color: #FFF;\n	background-image: url(\"{T_THEME_PATH}/images/bgOFF.gif\"); \n	background-repeat: repeat;\n}\n\nli.row:hover dd {\n	border-left-color: #ffffff;\n}\n\n.rtl li.row:hover dd {\n	border-right-color: #ffffff;\n	border-left-color: transparent;\n}\n\nli.header dt, li.header dd {\n	color: #FFFFFF;\n}\n\n/* Forum list column styles */\nul.topiclist dd.searchextra {\n	color: #333333;\n}\n\n/* Post body styles\n----------------------------------------*/\n.postbody {\n	color: #333333;\n}\n\n/* Content container styles\n----------------------------------------*/\n.content {\n	color: #333333;\n}\n\n.content h2, .panel h2 {\n	color: #ffffff;\n	border-bottom-color:  #ffffff;\n}\n\ndl.faq dt {\n	color: #333333;\n}\n\n.posthilit {\n	background-color: #F3BFCC;\n	color: #ffffff;\n}\n\n/* Post signature */\n.signature {\n	border-top-color: #ffffff;\n}\n\n/* Post noticies */\n.notice {\n	border-top-color:  #ffffff;\n}\n\n/* BB Code styles\n----------------------------------------*/\n/* Quote block */\nblockquote {\n	background-color: #b37b53;\n	background-image: url(\"{T_THEME_PATH}/images/quote.gif\");\n	border-color:#b37b53;\n}\n\n.rtl blockquote {\n	background-image: url(\"{T_THEME_PATH}/images/quote_rtl.gif\");\n}\n\nblockquote blockquote {\n	/* Nested quotes */\n	background-color:#b37b53;\n}\n\nblockquote blockquote blockquote {\n	/* Nested quotes */\n	background-color: #b37b53;\n}\n\n/* Code block */\ndl.codebox {\n	background-color: #b37b53;\n	border-color: #b37b53;\n}\n\ndl.codebox dt {\n	border-bottom-color:  #ffffff;\n}\n\ndl.codebox code {\n	color: #ffffff;\n}\n\n.syntaxbg		{ color: #FFFFFF; }\n.syntaxcomment	{ color: #FF8000; }\n.syntaxdefault	{ color: #0000BB; }\n.syntaxhtml		{ color: #000000; }\n.syntaxkeyword	{ color: #007700; }\n.syntaxstring	{ color: #DD0000; }\n\n/* Attachments\n----------------------------------------*/\n.attachbox {\n	background-color: #FFFFFF;\n	border-color:  #C9D2D8;\n}\n\n.pm-message .attachbox {\n	background-color: #F2F3F3;\n}\n\n.attachbox dd {\n	border-top-color: #C9D2D8;\n}\n\n.attachbox p {\n	color: #ffffff;\n}\n\n.attachbox p.stats {\n	color: #ffffff;\n}\n\n.attach-image img {\n	border-color: #999999;\n}\n\n/* Inline image thumbnails */\n\ndl.file dd {\n	color: #ffffff;\n}\n\ndl.thumbnail img {\n	border-color: #ffffff;\n	background-color: #FFFFFF;\n}\n\ndl.thumbnail dd {\n	color: #ffffff;\n}\n\ndl.thumbnail dt a:hover {\n	background-color: #EEEEEE;\n}\n\ndl.thumbnail dt a:hover img {\n	border-color: #ffffff;\n}\n\n/* Post poll styles\n----------------------------------------*/\n\nfieldset.polls dl {\n	border-top-color: #5b3715;\n	color: #ffffff;\n}\n\nfieldset.polls dl.voted {\n	color: #000000;\n}\n\nfieldset.polls dd div {\n	color: #FFFFFF;\n}\n\n.rtl .pollbar1, .rtl .pollbar2, .rtl .pollbar3, .rtl .pollbar4, .rtl .pollbar5 {\n	border-right-color: transparent;\n}\n\n.pollbar1 {\n	background-color: #ffffff;\n}\n\n.rtl .pollbar1 {\n	border-left-color: #74162C;\n}\n\n.pollbar2 {\n	background-color: #ffffff;\n}\n\n.rtl .pollbar2 {\n	border-left-color: #8C1C38;\n}\n\n.pollbar3 {\n	background-color: #ffffff;\n}\n\n.rtl .pollbar3 {\n	border-left-color: #5b3715;\n}\n\n.pollbar4 {\n	background-color: #ffffff;\n}\n\n.rtl .pollbar4 {\n	border-left-color: #5b3715;\n}\n\n.pollbar5 {\n	background-color: #ffffff;\n}\n\n.rtl .pollbar5 {\n	border-left-color: #5b3715;\n}\n\n/* Poster profile block\n----------------------------------------*/\n.postprofile {\n	color: #ffffff;\n	border-left-color: #FFFFFF;\n}\n\n.rtl .postprofile {\n	border-right-color: #FFFFFF;\n	border-left-color: transparent;\n}\n\n.pm .postprofile {\n	border-left-color: #ffffff;\n}\n\n.rtl .pm .postprofile {\n	border-right-color: #ffffff;\n	border-left-color: transparent;\n}\n\n.postprofile strong {\n	color: #ffffff;\n}\n\n/*  	\n--------------------------------------------------------------\nColours and backgrounds for buttons.css\n-------------------------------------------------------------- */\n\n/* Big button images */\n.reply-icon span	{ background-image: url(\"{IMG_BUTTON_TOPIC_REPLY_SRC}\"); }\n.post-icon span		{ background-image: url(\"{IMG_BUTTON_TOPIC_NEW_SRC}\"); }\n.locked-icon span	{ background-image: url(\"{IMG_BUTTON_TOPIC_LOCKED_SRC}\"); }\n.pmreply-icon span	{ background-image: url(\"{IMG_BUTTON_PM_REPLY_SRC}\") ;}\n.newpm-icon span 	{ background-image: url(\"{IMG_BUTTON_PM_NEW_SRC}\") ;}\n.forwardpm-icon span	{ background-image: url(\"{IMG_BUTTON_PM_FORWARD_SRC}\") ;}\n\na.print {\n	background-image: url(\"{T_THEME_PATH}/images/icon_print.gif\");\n}\n\na.sendemail {\n	background-image: url(\"{T_THEME_PATH}/images/icon_sendemail.gif\");\n}\n\na.fontsize {\n	background-image: url(\"{T_THEME_PATH}/images/icon_fontsize.gif\");\n}\n\n/* Icon images\n---------------------------------------- */\n.sitehome						{ background-image: url(\"{T_THEME_PATH}/images/icon_home.gif\"); }\n.icon-faq						{ background-image: url(\"{T_THEME_PATH}/images/icon_faq.gif\"); }\n.icon-members					{ background-image: url(\"{T_THEME_PATH}/images/icon_members.gif\"); }\n.icon-home						{ background-image: url(\"{T_THEME_PATH}/images/icon_home.gif\"); }\n.icon-ucp						{ background-image: url(\"{T_THEME_PATH}/images/icon_ucp.gif\"); }\n.icon-register					{ background-image: url(\"{T_THEME_PATH}/images/icon_register.gif\"); }\n.icon-logout					{ background-image: url(\"{T_THEME_PATH}/images/icon_logout.gif\"); }\n.icon-bookmark					{ background-image: url(\"{T_THEME_PATH}/images/icon_bookmark.gif\"); }\n.icon-bump						{ background-image: url(\"{T_THEME_PATH}/images/icon_bump.gif\"); }\n.icon-subscribe					{ background-image: url(\"{T_THEME_PATH}/images/icon_subscribe.gif\"); }\n.icon-unsubscribe				{ background-image: url(\"{T_THEME_PATH}/images/icon_unsubscribe.gif\"); }\n.icon-pages						{ background-image: url(\"{T_THEME_PATH}/images/icon_pages.gif\"); }\n.icon-search					{ background-image: url(\"{T_THEME_PATH}/images/icon_search.gif\"); }\n\n/* Profile & navigation icons */\n.email-icon, .email-icon a		{ background-image: url(\"{IMG_ICON_CONTACT_EMAIL_SRC}\"); }\n.aim-icon, .aim-icon a			{ background-image: url(\"{IMG_ICON_CONTACT_AIM_SRC}\"); }\n.yahoo-icon, .yahoo-icon a		{ background-image: url(\"{IMG_ICON_CONTACT_YAHOO_SRC}\"); }\n.web-icon, .web-icon a			{ background-image: url(\"{IMG_ICON_CONTACT_WWW_SRC}\"); }\n.msnm-icon, .msnm-icon a			{ background-image: url(\"{IMG_ICON_CONTACT_MSNM_SRC}\"); }\n.icq-icon, .icq-icon a			{ background-image: url(\"{IMG_ICON_CONTACT_ICQ_SRC}\"); }\n.jabber-icon, .jabber-icon a		{ background-image: url(\"{IMG_ICON_CONTACT_JABBER_SRC}\"); }\n.pm-icon, .pm-icon a				{ background-image: url(\"{IMG_ICON_CONTACT_PM_SRC}\"); }\n.quote-icon, .quote-icon a		{ background-image: url(\"{IMG_ICON_POST_QUOTE_SRC}\"); }\n\n/* Moderator icons */\n.report-icon, .report-icon a		{ background-image: url(\"{IMG_ICON_POST_REPORT_SRC}\"); }\n.edit-icon, .edit-icon a			{ background-image: url(\"{IMG_ICON_POST_EDIT_SRC}\"); }\n.delete-icon, .delete-icon a		{ background-image: url(\"{IMG_ICON_POST_DELETE_SRC}\"); }\n.info-icon, .info-icon a			{ background-image: url(\"{IMG_ICON_POST_INFO_SRC}\"); }\n.warn-icon, .warn-icon a			{ background-image: url(\"{IMG_ICON_USER_WARN_SRC}\"); } /* Need updated warn icon */\n\n/*  	\n--------------------------------------------------------------\nColours and backgrounds for cp.css\n-------------------------------------------------------------- */\n\n/* Main CP box\n----------------------------------------*/\n\n#cp-main h3, #cp-main hr, #cp-menu hr {\n	border-color: #ffffff;\n}\n\n#cp-main .panel li.row {\n	border-bottom-color: #ffffff;\n	border-top-color: #000000;\n}\n\nul.cplist {\n	border-top-color: #ffffff;\n}\n\n#cp-main .panel li.header dd, #cp-main .panel li.header dt {\n	color: #ffffff;\n}\n\n#cp-main table.table1 thead th {\n	color: #ffffff;\n	border-bottom-color: #000000;\n}\n\n#cp-main .pm-message {\n	border-color: #000000;\n	background-color: #FFFFFF;\n}\n\n/* CP tabbed menu\n----------------------------------------*/\n#tabs a {\n	background-image: url(\"{T_THEME_PATH}/images/bg_tabs1.gif\");\n}\n\n#tabs a span {\n	background-image: url(\"{T_THEME_PATH}/images/bg_tabs2.gif\");\n	color: #ffffff;\n}\n\n#tabs a:hover span {\n	color: #000000;\n}\n\n#tabs .activetab a {\n	border-bottom-color: #ffffff;\n}\n\n#tabs .activetab a span {\n	color: #000000;\n}\n\n#tabs .activetab a:hover span {\n	color: #000000;\n}\n\n/* Mini tabbed menu used in MCP\n----------------------------------------*/\n#minitabs li {\n	background-color: #b27b54;\n}\n\n#minitabs li.activetab {\n	background-color: #ffffff;\n}\n\n#minitabs li.activetab a, #minitabs li.activetab a:hover {\n	color: #000000;\n}\n\n/* UCP navigation menu\n----------------------------------------*/\n\n/* Link styles for the sub-section links */\n#navigation a {\n	color: #ffffff;\n	background-color: #b27b54;\n	background-image: url(\"{T_THEME_PATH}/images/bg_menu.gif\");\n}\n\n.rtl #navigation a {\n	background-image: url(\"{T_THEME_PATH}/images/bg_menu_rtl.gif\");\n	background-position: 0 100%;\n}\n\n#navigation a:hover {\n	background-image: none;\n	background-color: #5b3715;\n	color: #000000;\n}\n\n#navigation #active-subsection a {\n	color: #ffffff;\n	background-color: #5b3715;\n	background-image: none;\n}\n\n#navigation #active-subsection a:hover {\n	color: #000000;\n}\n\n/* Preferences pane layout\n----------------------------------------*/\n#cp-main h2 {\n	color: #ffffff;\n}\n\n#cp-main .panel {\n	background-color: #ffffff;\n}\n\n#cp-main .pm {\n	background-color: #FFFFFF;\n}\n\n#cp-main span.corners-top, #cp-menu span.corners-top {\n	background-image: url(\"{T_THEME_PATH}/images/corners_left2.gif\");\n}\n\n#cp-main span.corners-top span, #cp-menu span.corners-top span {\n	background-image: url(\"{T_THEME_PATH}/images/corners_right2.gif\");\n}\n\n#cp-main span.corners-bottom, #cp-menu span.corners-bottom {\n	background-image: url(\"{T_THEME_PATH}/images/corners_left2.gif\");\n}\n\n#cp-main span.corners-bottom span, #cp-menu span.corners-bottom span {\n	background-image: url(\"{T_THEME_PATH}/images/corners_right2.gif\");\n}\n\n/* Topicreview */\n#cp-main .panel #topicreview span.corners-top, #cp-menu .panel #topicreview span.corners-top {\n	background-image: url(\"{T_THEME_PATH}/images/corners_left.gif\");\n}\n\n#cp-main .panel #topicreview span.corners-top span, #cp-menu .panel #topicreview span.corners-top span {\n	background-image: url(\"{T_THEME_PATH}/images/corners_right.gif\");\n}\n\n#cp-main .panel #topicreview span.corners-bottom, #cp-menu .panel #topicreview span.corners-bottom {\n	background-image: url(\"{T_THEME_PATH}/images/corners_left.gif\");\n}\n\n#cp-main .panel #topicreview span.corners-bottom span, #cp-menu .panel #topicreview span.corners-bottom span {\n	background-image: url(\"{T_THEME_PATH}/images/corners_right.gif\");\n}\n\n/* Friends list */\n.cp-mini {\n	background-color: #ffffff;\n}\n\ndl.mini dt {\n	color: #ffffff;\n}\n\n/* PM Styles\n----------------------------------------*/\n/* PM Message history */\n.current {\n	color: #000000 !important;\n}\n\n/* PM panel adjustments */\n.pm-panel-header,\n#cp-main .pm-message-nav {\n	border-bottom-color: #A4B3BF;\n}\n\n/* PM marking colours */\n.pmlist li.pm_message_reported_colour, .pm_message_reported_colour {\n	border-left-color: #BC2A4D;\n	border-right-color: #BC2A4D;\n}\n\n.pmlist li.pm_marked_colour, .pm_marked_colour {\n	border-color: #FF6600;\n}\n\n.pmlist li.pm_replied_colour, .pm_replied_colour {\n	border-color: #A9B8C2;\n}\n\n.pmlist li.pm_friend_colour, .pm_friend_colour {\n	border-color: #5D8FBD;\n}\n\n.pmlist li.pm_foe_colour, .pm_foe_colour {\n	border-color: #000000;\n}\n\n/* Avatar gallery */\n#gallery label {\n	background-color: #FFFFFF;\n	border-color: #CCC;\n}\n\n#gallery label:hover {\n	background-color: #EEE;\n}\n\n/*  	\n--------------------------------------------------------------\nColours and backgrounds for forms.css\n-------------------------------------------------------------- */\n\n/* General form styles\n----------------------------------------*/\nselect {\n	border-color: #b27b54;\n	background-color: #ffffff;\n	color: #000;\n}\n\nlabel {\n	color: #ffffff;\n}\n\noption.disabled-option {\n	color: graytext;\n}\n\n/* Definition list layout for forms\n---------------------------------------- */\ndd label {\n	color: #333;\n}\n\n/* Hover effects */\nfieldset dl:hover dt label {\n	color: #000000;\n}\n\nfieldset.fields2 dl:hover dt label {\n	color: inherit;\n}\n\n/* Quick-login on index page */\nfieldset.quick-login input.inputbox {\n	background-color: #FFFFFF;\n}\n\n/* Posting page styles\n----------------------------------------*/\n\n#message-box textarea {\n	color: #333333;\n}\n\n/* Input field styles\n---------------------------------------- */\n.inputbox {\n	background-color: #FFFFFF; \n	border-color: #000000;\n	color: #333333;\n}\n\n.inputbox:hover {\n	border-color: #000000;\n}\n\n.inputbox:focus {\n	border-color: #333333;\n	color: #FFFFFF;\n}\n\n/* Form button styles\n---------------------------------------- */\n\na.button1, input.button1, input.button3, a.button2, input.button2 {\n	color: #000;\n	background-color: #b27b54;\n	background-image: url(\"{T_THEME_PATH}/images/bg_button.gif\");\n}\n\na.button1, input.button1 {\n	border-color: #b27b54;\n}\n\ninput.button3 {\n	background-image: none;\n}\n\n/* Alternative button */\na.button2, input.button2, input.button3 {\n	border-color: #b27b54;\n}\n\n/* <a> button in the style of the form buttons */\na.button1, a.button1:link, a.button1:visited, a.button1:active, a.button2, a.button2:link, a.button2:visited, a.button2:active {\n	color: #000000;\n}\n\n/* Hover states */\na.button1:hover, input.button1:hover, a.button2:hover, input.button2:hover, input.button3:hover {\n	border-color: #000000;\n	color: #ffffff;\n}\n\ninput.search {\n	background-image: url(\"{T_THEME_PATH}/images/icon_textbox_search.gif\");\n}\n\ninput.disabled {\n	color: #ffffff;\n}\n/*  phpBB 3.0 Style Sheet - Colours & Backgrounds for common.css\r\n        --------------------------------------------------------------\r\n		Style name:         timber_2\r\n		Based on style:     proSilver (this is the default phpBB 3 style)\r\n		Original author:	subBlue ( http://www.subBlue.com/ )\r\n		Copyright 2006 phpBB Group ( http://www.phpbb.com/ )\r\n		\r\n		Style Author:		molotov \r\n		Copyright 2008-2009 molotov\r\n        ---------------------------------------------------------------\r\n		\r\n		=================================================================== */\r\n\r\nh1 {\r\n	font-family:Constantina,Georgia,\'Nimbus Roman No9 L\',serif;\r\n	font-size:18px;\r\n	font-weight:bold;\r\n	margin:0;\r\n	padding:0;\r\n	}\r\n\r\nhr {\r\n	border:none;\r\n	border-top:1px solid #CCCCCC;\r\n	height:1px;\r\n	margin-bottom:25px;\r\n	}\r\n\r\nul#saturday{\r\n	margin:0;\r\n	padding:0;\r\n	list-style-type:none;\r\n	width:auto;\r\n	position:relative;\r\n	display:block;\r\n	height:78px;\r\n	text-transform:uppercase;\r\n	font-size:18px;\r\n	font-weight:bold;\r\n	background:transparent url(\"{T_THEME_PATH}/images/bgOFF.gif\") no-repeat top left;\r\n	font-family:Constantina,Georgia,\'Nimbus Roman No9 L\',serif;\r\n	}\r\n\r\nul#saturday li{\r\n	display:block;\r\n	float:left;\r\n	margin:0;\r\n	padding:0;\r\n	}\r\n\r\nul#saturday li a{\r\n	display:block;\r\n	float:left;\r\n	color:#000000;\r\n	text-decoration:none;\r\n	padding:12px 20px 0 20px;\r\n	height:24px;\r\n	background:transparent url(\"{T_THEME_PATH}/images/bgDIVIDER.png\") no-repeat top right;\r\n	}	\r\n	\r\nul#saturday li a:hover	{ color: #724c21; }\r\n           li a:active { color: #000000; }\n');
/*!40000 ALTER TABLE `phpbb_styles_theme` ENABLE KEYS */;
UNLOCK TABLES;

--
-- Table structure for table `phpbb_topics`
--

DROP TABLE IF EXISTS `phpbb_topics`;
/*!40101 SET @saved_cs_client     = @@character_set_client */;
/*!40101 SET character_set_client = utf8 */;
CREATE TABLE `phpbb_topics` (
  `topic_id` mediumint(8) unsigned NOT NULL AUTO_INCREMENT,
  `forum_id` mediumint(8) unsigned NOT NULL DEFAULT '0',
  `icon_id` mediumint(8) unsigned NOT NULL DEFAULT '0',
  `topic_attachment` tinyint(1) unsigned NOT NULL DEFAULT '0',
  `topic_approved` tinyint(1) unsigned NOT NULL DEFAULT '1',
  `topic_reported` tinyint(1) unsigned NOT NULL DEFAULT '0',
  `topic_title` varchar(255) CHARACTER SET utf8 COLLATE utf8_unicode_ci NOT NULL DEFAULT '',
  `topic_poster` mediumint(8) unsigned NOT NULL DEFAULT '0',
  `topic_time` int(11) unsigned NOT NULL DEFAULT '0',
  `topic_time_limit` int(11) unsigned NOT NULL DEFAULT '0',
  `topic_views` mediumint(8) unsigned NOT NULL DEFAULT '0',
  `topic_replies` mediumint(8) unsigned NOT NULL DEFAULT '0',
  `topic_replies_real` mediumint(8) unsigned NOT NULL DEFAULT '0',
  `topic_status` tinyint(3) NOT NULL DEFAULT '0',
  `topic_type` tinyint(3) NOT NULL DEFAULT '0',
  `topic_first_post_id` mediumint(8) unsigned NOT NULL DEFAULT '0',
  `topic_first_poster_name` varchar(255) COLLATE utf8_bin NOT NULL DEFAULT '',
  `topic_first_poster_colour` varchar(6) COLLATE utf8_bin NOT NULL DEFAULT '',
  `topic_last_post_id` mediumint(8) unsigned NOT NULL DEFAULT '0',
  `topic_last_poster_id` mediumint(8) unsigned NOT NULL DEFAULT '0',
  `topic_last_poster_name` varchar(255) COLLATE utf8_bin NOT NULL DEFAULT '',
  `topic_last_poster_colour` varchar(6) COLLATE utf8_bin NOT NULL DEFAULT '',
  `topic_last_post_subject` varchar(255) COLLATE utf8_bin NOT NULL DEFAULT '',
  `topic_last_post_time` int(11) unsigned NOT NULL DEFAULT '0',
  `topic_last_view_time` int(11) unsigned NOT NULL DEFAULT '0',
  `topic_moved_id` mediumint(8) unsigned NOT NULL DEFAULT '0',
  `topic_bumped` tinyint(1) unsigned NOT NULL DEFAULT '0',
  `topic_bumper` mediumint(8) unsigned NOT NULL DEFAULT '0',
  `poll_title` varchar(255) COLLATE utf8_bin NOT NULL DEFAULT '',
  `poll_start` int(11) unsigned NOT NULL DEFAULT '0',
  `poll_length` int(11) unsigned NOT NULL DEFAULT '0',
  `poll_max_options` tinyint(4) NOT NULL DEFAULT '1',
  `poll_last_vote` int(11) unsigned NOT NULL DEFAULT '0',
  `poll_vote_change` tinyint(1) unsigned NOT NULL DEFAULT '0',
  PRIMARY KEY (`topic_id`),
  KEY `forum_id` (`forum_id`),
  KEY `forum_id_type` (`forum_id`,`topic_type`),
  KEY `last_post_time` (`topic_last_post_time`),
  KEY `topic_approved` (`topic_approved`),
  KEY `forum_appr_last` (`forum_id`,`topic_approved`,`topic_last_post_id`),
  KEY `fid_time_moved` (`forum_id`,`topic_last_post_time`,`topic_moved_id`)
) ENGINE=MyISAM AUTO_INCREMENT=63 DEFAULT CHARSET=utf8 COLLATE=utf8_bin;
/*!40101 SET character_set_client = @saved_cs_client */;

--
-- Dumping data for table `phpbb_topics`
--

LOCK TABLES `phpbb_topics` WRITE;
/*!40000 ALTER TABLE `phpbb_topics` DISABLE KEYS */;
INSERT INTO `phpbb_topics` VALUES (1,2,3,0,1,0,'Welcome to Hack - In Forums',2,1348665736,0,161,1,1,0,0,1,'sharky_admin','AA0000',35,2,'sharky_admin','AA0000','Re: Welcome to Hack - In Forums',1348790984,1349011244,0,0,0,'',0,0,0,0,0),(5,3,0,0,1,0,'Question 1',57,1348749164,0,95,0,0,0,0,5,'Anuraag','',5,57,'Anuraag','','Question 1',1348749164,1348988281,0,0,0,'',0,0,1,0,0),(6,3,0,0,1,0,'Question 2',57,1348749193,0,71,0,0,0,0,6,'Anuraag','',6,57,'Anuraag','','Question 2',1348749193,1348976167,0,0,0,'',0,0,1,0,0),(7,3,0,0,1,0,'Question 3',57,1348749354,0,109,3,3,0,0,7,'Anuraag','',29,57,'Anuraag','','Re: Question 3',1348773826,1348943639,0,0,0,'',0,0,1,0,0),(9,3,0,0,1,0,'Question 4',57,1348749393,0,30,0,0,0,0,9,'Anuraag','',9,57,'Anuraag','','Question 4',1348749393,1348937430,0,0,0,'',0,0,1,0,0),(10,3,0,0,1,0,'Question 5',57,1348749419,0,25,0,0,0,0,10,'Anuraag','',10,57,'Anuraag','','Question 5',1348749419,1348946094,0,0,0,'',0,0,1,0,0),(11,3,0,0,1,0,'Question 6',57,1348749439,0,26,0,0,0,0,12,'Anuraag','',12,57,'Anuraag','','Question 6',1348749439,1349000902,0,0,0,'',0,0,1,0,0),(12,3,0,0,1,0,'Question 7',57,1348749467,0,152,8,8,0,0,13,'Anuraag','',77,57,'Anuraag','','Re: Question 7',1348891462,1348944016,0,0,0,'',0,0,1,0,0),(19,4,0,0,1,0,'problem 14 (counting triangles)',64,1348777621,0,66,1,1,0,0,31,'SAM','',41,73,'particle.mania','','Re: problem 14 (counting triangles)',1348804453,1349005803,0,0,0,'',0,0,1,0,0),(18,3,0,0,1,0,'Question 9',83,1348770177,0,130,6,6,0,0,26,'DAWULF','',122,83,'DAWULF','','Re: Question 9',1348918369,1348998369,0,0,0,'',0,0,1,0,0),(16,3,0,0,1,0,'Test 3',77,1348750148,0,56,0,0,0,0,21,'lordinvader','',21,77,'lordinvader','','Test 3',1348750148,1348946109,0,0,0,'',0,0,1,0,0),(24,4,0,0,1,0,'Problem 14',73,1348803969,0,71,3,3,0,0,40,'particle.mania','',89,73,'particle.mania','','Re: Problem 14',1348907506,1349014169,0,0,0,'',0,0,1,0,0),(23,4,0,0,1,0,'Problem 1',73,1348803908,0,53,1,1,0,0,39,'particle.mania','',90,73,'particle.mania','','Re: Problem 1',1348907536,1349004882,0,0,0,'',0,0,1,0,0),(22,4,0,0,1,0,'Problem 0',73,1348803877,0,29,0,0,0,0,38,'particle.mania','',38,73,'particle.mania','','Problem 0',1348803877,1348932153,0,0,0,'',0,0,0,0,0),(25,3,0,0,1,0,'question 11',93,1348828247,0,99,5,5,0,0,43,'student','',100,62,'kindergartencop','','Re: question 11',1348911197,1348988035,0,0,0,'',0,0,1,0,0),(28,5,0,0,1,0,'Entry to the castle',1,1348861262,0,160,6,6,0,0,51,'ctc_admin','',116,106,'gangwar','','Re: Entry to the castle',1348915001,1349007615,0,0,0,'',0,0,1,0,0),(30,3,0,0,1,0,'Reg: Registrations for cache in',58,1348866358,0,21,0,0,0,0,58,'Sriharsha V','',58,58,'Sriharsha V','','Reg: Registrations for cache in',1348866358,1348946116,0,0,0,'',0,0,1,0,0),(27,4,0,0,1,0,'Announcements',73,1348859095,0,30,2,2,0,0,49,'particle.mania','',54,73,'particle.mania','','Re: Announcements',1348864549,1349005778,0,0,0,'',0,0,1,0,0),(29,4,0,0,1,0,'Problem 4',73,1348864771,0,17,0,0,0,0,56,'particle.mania','',56,73,'particle.mania','','Problem 4',1348864771,1349005786,0,0,0,'',0,0,1,0,0),(31,5,0,0,1,0,'Ctc triangle Qstn',109,1348869262,0,163,1,1,0,0,61,'realsteel','',62,1,'ctc_admin','','Re: Ctc triangle Qstn',1348870097,1349012904,0,0,0,'',0,0,1,0,0),(32,5,0,0,1,0,'loops ??',109,1348870430,0,85,1,1,0,0,63,'realsteel','',76,88,'CRON','','Re: loops ??',1348888905,1349012649,0,0,0,'',0,0,1,0,0),(33,2,0,0,1,0,'Level 1 discussion',77,1348871299,0,16,0,0,0,0,64,'lordinvader','',64,77,'lordinvader','','Level 1 discussion',1348871299,1348943781,0,0,0,'',0,0,1,0,0),(34,2,0,0,1,0,'Level 2 discussion',77,1348871326,0,14,0,0,0,0,65,'lordinvader','',65,77,'lordinvader','','Level 2 discussion',1348871326,1348991292,0,0,0,'',0,0,1,0,0),(35,2,0,0,1,0,'Level 3 discussion',77,1348871348,0,15,0,0,0,0,66,'lordinvader','',66,77,'lordinvader','','Level 3 discussion',1348871348,1348943824,0,0,0,'',0,0,1,0,0),(36,2,0,0,1,0,'Level 4 discussion',77,1348871367,0,9,0,0,0,0,67,'lordinvader','',67,77,'lordinvader','','Level 4 discussion',1348871367,1348941093,0,0,0,'',0,0,1,0,0),(37,2,0,0,1,0,'Level 5 discussion',77,1348871390,0,1,0,0,0,0,68,'lordinvader','',68,77,'lordinvader','','Level 5 discussion',1348871390,1348912677,0,0,0,'',0,0,1,0,0),(38,2,0,0,1,0,'Level 6 discussion',77,1348871410,0,5,0,0,0,0,69,'lordinvader','',69,77,'lordinvader','','Level 6 discussion',1348871410,1349001014,0,0,0,'',0,0,1,0,0),(39,2,0,0,1,0,'Level 7 discussion',77,1348871425,0,24,2,2,0,0,70,'lordinvader','',171,77,'lordinvader','','Re: Level 7 discussion',1348937570,1349012144,0,0,0,'',0,0,1,0,0),(40,2,0,0,1,0,'Level 8 discussion',77,1348871441,0,2,0,0,0,0,71,'lordinvader','',71,77,'lordinvader','','Level 8 discussion',1348871441,1348922940,0,0,0,'',0,0,1,0,0),(41,2,0,0,1,0,'Level 9 discussion',77,1348871458,0,3,0,0,0,0,72,'lordinvader','',72,77,'lordinvader','','Level 9 discussion',1348871458,1348908448,0,0,0,'',0,0,1,0,0),(42,2,0,0,1,0,'Level 10 discussion',77,1348871482,0,1,0,0,0,0,73,'lordinvader','',73,77,'lordinvader','','Level 10 discussion',1348871482,1348908441,0,0,0,'',0,0,1,0,0),(43,2,0,0,1,0,'Level 11 discussion',77,1348871510,0,6,0,0,0,0,74,'lordinvader','',74,77,'lordinvader','','Level 11 discussion',1348871510,1349012136,0,0,0,'',0,0,1,0,0),(44,2,0,0,1,0,'Level 12 discussion',77,1348871533,0,8,0,0,0,0,75,'lordinvader','',75,77,'lordinvader','','Level 12 discussion',1348871533,1349011235,0,0,0,'',0,0,1,0,0),(45,5,0,0,1,0,'iiit-h question',63,1348902200,0,82,3,3,0,0,78,'blacksmith','',87,106,'gangwar','','Re: iiit-h question',1348906776,1349006458,0,0,0,'',0,0,1,0,0),(46,5,0,0,1,0,'Hint for Path Finding .... question',112,1348905511,0,58,2,2,0,0,80,'Orion','',85,106,'gangwar','','Re: Hint for Path Finding .... question',1348906566,1349013416,0,0,0,'',0,0,1,0,0),(47,5,0,0,1,0,'READ THE RULES BEFORE ATTEMPTING THE QUESTIONS',106,1348905852,0,42,0,0,0,0,82,'gangwar','',82,106,'gangwar','','READ THE RULES BEFORE ATTEMPTING THE QUESTIONS',1348905852,1349012923,0,0,0,'',0,0,1,0,0),(48,3,0,0,1,0,'Question 8',61,1348906283,0,20,2,2,0,0,83,'participant','',102,61,'participant','','Re: Question 8',1348912583,1348940382,0,0,0,'',0,0,1,0,0),(49,3,0,0,1,0,'question12',93,1348908448,0,59,4,4,0,0,91,'student','',124,61,'participant','','Re: question12',1348919637,1348988047,0,0,0,'',0,0,1,0,0),(50,5,0,0,1,0,'how they work?',63,1348908685,0,77,7,7,0,0,92,'blacksmith','',130,116,'psr','','Re: how they work?',1348923844,1349007630,0,0,0,'',0,0,1,0,0),(54,3,0,0,1,0,'Question 13',61,1348923031,0,37,3,3,0,0,127,'participant','',135,61,'participant','','Re: Question 13',1348925902,1348998101,0,0,0,'',0,0,1,0,0),(51,5,0,0,1,0,'Canadian rockstar.....',112,1348909616,0,72,17,17,0,0,94,'Orion','',141,106,'gangwar','','Re: Canadian rockstar.....',1348927024,1349010203,0,0,0,'',0,0,1,0,0),(52,3,0,0,1,0,'Question 10',61,1348914707,0,56,4,4,0,0,115,'participant','',169,68,'kuchiku','','Re: Question 10',1348933726,1348984728,0,0,0,'',0,0,1,0,0),(53,5,0,0,1,0,'WRONG ANSWER PAGE - NOT A QUESTION',106,1348915102,0,29,0,0,0,0,118,'gangwar','',118,106,'gangwar','','WRONG ANSWER PAGE - NOT A QUESTION',1348915102,1349007608,0,0,0,'',0,0,1,0,0),(55,5,0,0,1,0,'Harken the .....',119,1348927483,0,95,16,16,0,0,142,'term','',196,106,'gangwar','','Re: Harken the .....',1348994609,1349010240,0,0,0,'',0,0,1,0,0),(56,5,0,0,1,0,'Download ??',116,1348928063,0,105,25,25,0,0,143,'psr','',205,116,'psr','','Re: Download ??',1349005579,1349014640,0,0,0,'',0,0,1,0,0),(57,3,0,0,1,0,'Question 15',61,1348928323,0,83,7,7,0,0,145,'participant','',189,57,'Anuraag','','Re: Question 15',1348973644,1349012603,0,0,0,'',0,0,1,0,0),(58,5,0,0,1,0,'what these frequent images are?',93,1348946209,0,60,7,7,0,0,176,'student','',209,106,'gangwar','','Re: what these frequent images are?',1349015806,1349016139,0,0,0,'',0,0,1,0,0),(59,5,0,0,1,0,'Website is ultra slow...',112,1348990660,0,10,0,0,0,0,193,'Orion','',193,112,'Orion','','Website is ultra slow...',1348990660,1349009590,0,0,0,'',0,0,1,0,0),(60,3,0,0,1,0,'Contest ENDS...',118,1349010919,0,6,0,0,0,0,206,'jayeshlahori','',206,118,'jayeshlahori','','Contest ENDS...',1349010919,1349013009,0,0,0,'',0,0,1,0,0),(61,5,0,0,1,0,'Oppurtunistic curious............',128,1349011981,0,5,0,0,0,0,208,'dhoom','',208,128,'dhoom','','Oppurtunistic curious............',1349011981,1349015016,0,0,0,'',0,0,1,0,0),(62,5,0,0,1,0,'WILDCARD ENTRIES',106,1349016305,0,2,0,0,0,0,210,'gangwar','',210,106,'gangwar','','WILDCARD ENTRIES',1349016305,1349016801,0,0,0,'',0,0,1,0,0);
/*!40000 ALTER TABLE `phpbb_topics` ENABLE KEYS */;
UNLOCK TABLES;

--
-- Table structure for table `phpbb_topics_posted`
--

DROP TABLE IF EXISTS `phpbb_topics_posted`;
/*!40101 SET @saved_cs_client     = @@character_set_client */;
/*!40101 SET character_set_client = utf8 */;
CREATE TABLE `phpbb_topics_posted` (
  `user_id` mediumint(8) unsigned NOT NULL DEFAULT '0',
  `topic_id` mediumint(8) unsigned NOT NULL DEFAULT '0',
  `topic_posted` tinyint(1) unsigned NOT NULL DEFAULT '0',
  PRIMARY KEY (`user_id`,`topic_id`)
) ENGINE=MyISAM DEFAULT CHARSET=utf8 COLLATE=utf8_bin;
/*!40101 SET character_set_client = @saved_cs_client */;

--
-- Dumping data for table `phpbb_topics_posted`
--

LOCK TABLES `phpbb_topics_posted` WRITE;
/*!40000 ALTER TABLE `phpbb_topics_posted` DISABLE KEYS */;
INSERT INTO `phpbb_topics_posted` VALUES (2,1,1),(57,5,1),(57,6,1),(57,7,1),(80,7,1),(57,9,1),(57,10,1),(62,12,1),(57,11,1),(57,12,1),(83,18,1),(88,32,1),(77,16,1),(84,7,1),(57,18,1),(64,19,1),(61,12,1),(73,23,1),(73,22,1),(73,24,1),(73,19,1),(93,25,1),(95,25,1),(68,18,1),(57,25,1),(101,18,1),(73,27,1),(63,50,1),(61,28,1),(73,29,1),(58,30,1),(58,12,1),(58,25,1),(109,31,1),(93,49,1),(109,32,1),(77,33,1),(77,34,1),(77,35,1),(77,36,1),(77,37,1),(77,38,1),(77,39,1),(77,40,1),(77,41,1),(77,42,1),(77,43,1),(77,44,1),(63,45,1),(112,46,1),(106,45,1),(106,47,1),(61,48,1),(106,46,1),(113,45,1),(106,50,1),(112,51,1),(106,51,1),(114,51,1),(57,49,1),(62,25,1),(115,39,1),(61,18,1),(92,28,1),(116,50,1),(106,28,1),(61,52,1),(106,53,1),(83,52,1),(83,49,1),(61,49,1),(57,54,1),(61,54,1),(63,51,1),(119,55,1),(116,56,1),(61,57,1),(112,55,1),(106,56,1),(106,55,1),(114,55,1),(57,57,1),(68,52,1),(122,57,1),(93,58,1),(106,58,1),(112,59,1),(63,58,1),(118,60,1),(127,58,1),(128,61,1),(106,62,1);
/*!40000 ALTER TABLE `phpbb_topics_posted` ENABLE KEYS */;
UNLOCK TABLES;

--
-- Table structure for table `phpbb_topics_track`
--

DROP TABLE IF EXISTS `phpbb_topics_track`;
/*!40101 SET @saved_cs_client     = @@character_set_client */;
/*!40101 SET character_set_client = utf8 */;
CREATE TABLE `phpbb_topics_track` (
  `user_id` mediumint(8) unsigned NOT NULL DEFAULT '0',
  `topic_id` mediumint(8) unsigned NOT NULL DEFAULT '0',
  `forum_id` mediumint(8) unsigned NOT NULL DEFAULT '0',
  `mark_time` int(11) unsigned NOT NULL DEFAULT '0',
  PRIMARY KEY (`user_id`,`topic_id`),
  KEY `topic_id` (`topic_id`),
  KEY `forum_id` (`forum_id`)
) ENGINE=MyISAM DEFAULT CHARSET=utf8 COLLATE=utf8_bin;
/*!40101 SET character_set_client = @saved_cs_client */;

--
-- Dumping data for table `phpbb_topics_track`
--

LOCK TABLES `phpbb_topics_track` WRITE;
/*!40000 ALTER TABLE `phpbb_topics_track` DISABLE KEYS */;
INSERT INTO `phpbb_topics_track` VALUES (2,25,3,1348829314),(58,6,3,1348749193),(55,6,3,1348749193),(61,18,3,1348918369),(67,6,3,1348749193),(76,12,3,1348749737),(54,12,3,1348749737),(67,5,3,1348749164),(67,16,3,1348750148),(58,7,3,1348749354),(62,12,3,1348767880),(62,7,3,1348754728),(62,16,3,1348750148),(57,12,3,1348891462),(57,7,3,1348773826),(57,18,3,1348831870),(84,7,3,1348773826),(61,12,3,1348863829),(62,25,3,1348911197),(68,18,3,1348918369),(2,12,3,1348866405),(57,25,3,1348903930),(67,22,4,1348803877),(67,25,3,1348841153),(67,19,4,1348804453),(2,30,3,1348866358),(67,24,4,1348827347),(94,31,5,1348870097),(77,19,4,1348804453),(77,24,4,1348827347),(61,1,2,1348790984),(58,30,3,1348866358),(58,12,3,1348866405),(58,25,3,1348906993),(2,22,4,1348889378),(94,28,5,1348865702),(57,31,5,1348870097),(63,45,5,1348906776),(63,32,5,1348888905),(63,46,5,1348906566),(61,48,3,1348912583),(63,47,5,1348905852),(57,51,5,1348910131),(61,45,5,1348906776),(93,49,3,1348913251),(63,50,5,1348908985),(57,49,3,1348919637),(57,28,5,1348865702),(57,33,2,1348871299),(57,34,2,1348871326),(57,35,2,1348871348),(57,36,2,1348871367),(57,1,2,1348790984),(73,51,5,1348910131),(73,50,5,1348908985),(92,28,5,1348914461),(62,49,3,1348919637),(61,52,3,1348933726),(93,24,4,1348907506),(93,52,3,1348914707),(61,25,3,1348911197),(77,32,5,1348888905),(106,23,4,1348907536),(83,18,3,1348918369),(83,52,3,1348918137),(83,49,3,1348919637),(83,25,3,1348911197),(83,48,3,1348912583),(61,49,3,1348919637),(83,12,3,1348891462),(83,7,3,1348773826),(61,30,3,1348920845),(61,54,3,1348925902),(57,54,3,1348925902),(62,50,5,1348923067),(57,52,3,1348918137),(63,51,5,1348927024),(83,54,3,1348925902),(77,45,5,1348906776),(93,58,5,1348946209),(98,12,3,1348891462),(63,55,5,1348929524),(61,57,3,1348956724),(63,56,5,1348928352),(77,55,5,1348994609),(77,28,5,1348915001),(77,56,5,1348953289),(58,57,3,1348928323),(58,54,3,1348925902),(114,55,5,1348930040),(58,18,3,1348918369),(114,56,5,1348929942),(57,57,3,1348973645),(92,39,2,1348913679),(92,36,2,1348871367),(68,52,3,1348933726),(106,49,3,1348919637),(116,54,3,1348925902),(125,55,5,1348989478),(77,39,2,1348939625),(106,54,3,1348925902),(63,58,5,1349002774),(57,60,3,1349010919),(118,60,3,1349010919),(127,62,5,1349016305),(127,58,5,1349015806);
/*!40000 ALTER TABLE `phpbb_topics_track` ENABLE KEYS */;
UNLOCK TABLES;

--
-- Table structure for table `phpbb_topics_watch`
--

DROP TABLE IF EXISTS `phpbb_topics_watch`;
/*!40101 SET @saved_cs_client     = @@character_set_client */;
/*!40101 SET character_set_client = utf8 */;
CREATE TABLE `phpbb_topics_watch` (
  `topic_id` mediumint(8) unsigned NOT NULL DEFAULT '0',
  `user_id` mediumint(8) unsigned NOT NULL DEFAULT '0',
  `notify_status` tinyint(1) unsigned NOT NULL DEFAULT '0',
  KEY `topic_id` (`topic_id`),
  KEY `user_id` (`user_id`),
  KEY `notify_stat` (`notify_status`)
) ENGINE=MyISAM DEFAULT CHARSET=utf8 COLLATE=utf8_bin;
/*!40101 SET character_set_client = @saved_cs_client */;

--
-- Dumping data for table `phpbb_topics_watch`
--

LOCK TABLES `phpbb_topics_watch` WRITE;
/*!40000 ALTER TABLE `phpbb_topics_watch` DISABLE KEYS */;
/*!40000 ALTER TABLE `phpbb_topics_watch` ENABLE KEYS */;
UNLOCK TABLES;

--
-- Table structure for table `phpbb_user_group`
--

DROP TABLE IF EXISTS `phpbb_user_group`;
/*!40101 SET @saved_cs_client     = @@character_set_client */;
/*!40101 SET character_set_client = utf8 */;
CREATE TABLE `phpbb_user_group` (
  `group_id` mediumint(8) unsigned NOT NULL DEFAULT '0',
  `user_id` mediumint(8) unsigned NOT NULL DEFAULT '0',
  `group_leader` tinyint(1) unsigned NOT NULL DEFAULT '0',
  `user_pending` tinyint(1) unsigned NOT NULL DEFAULT '1',
  KEY `group_id` (`group_id`),
  KEY `user_id` (`user_id`),
  KEY `group_leader` (`group_leader`)
) ENGINE=MyISAM DEFAULT CHARSET=utf8 COLLATE=utf8_bin;
/*!40101 SET character_set_client = @saved_cs_client */;

--
-- Dumping data for table `phpbb_user_group`
--

LOCK TABLES `phpbb_user_group` WRITE;
/*!40000 ALTER TABLE `phpbb_user_group` DISABLE KEYS */;
INSERT INTO `phpbb_user_group` VALUES (1,1,0,0),(2,2,0,0),(4,2,0,0),(5,2,1,0),(6,3,0,0),(6,4,0,0),(6,5,0,0),(6,6,0,0),(6,7,0,0),(6,8,0,0),(6,9,0,0),(6,10,0,0),(6,11,0,0),(6,12,0,0),(6,13,0,0),(6,14,0,0),(6,15,0,0),(6,16,0,0),(6,17,0,0),(6,18,0,0),(6,19,0,0),(6,20,0,0),(6,21,0,0),(6,22,0,0),(6,23,0,0),(6,24,0,0),(6,25,0,0),(6,26,0,0),(6,27,0,0),(6,28,0,0),(6,29,0,0),(6,30,0,0),(6,31,0,0),(6,32,0,0),(6,33,0,0),(6,34,0,0),(6,35,0,0),(6,36,0,0),(6,37,0,0),(6,38,0,0),(6,39,0,0),(6,40,0,0),(6,41,0,0),(6,42,0,0),(6,43,0,0),(6,44,0,0),(6,45,0,0),(6,46,0,0),(6,47,0,0),(6,48,0,0),(6,49,0,0),(6,50,0,0),(6,51,0,0),(6,52,0,0),(6,53,0,0),(2,54,0,0),(7,86,0,0),(2,85,0,0),(8,2,1,0),(2,55,0,0),(7,55,0,0),(2,109,0,0),(2,58,0,0),(2,57,0,0),(2,110,0,0),(2,59,0,0),(7,59,0,0),(2,60,0,0),(7,60,0,0),(2,61,0,0),(5,54,1,0),(2,62,0,0),(7,62,0,0),(2,63,0,0),(2,119,0,0),(2,64,0,0),(7,64,0,0),(2,65,0,0),(7,65,0,0),(2,66,0,0),(7,66,0,0),(2,67,0,0),(7,67,0,0),(2,68,0,0),(7,68,0,0),(2,69,0,0),(7,69,0,0),(2,70,0,0),(7,70,0,0),(2,71,0,0),(7,71,0,0),(2,72,0,0),(7,72,0,0),(2,73,0,0),(2,86,0,0),(2,74,0,0),(7,74,0,0),(2,75,0,0),(7,75,0,0),(2,76,0,0),(2,77,0,0),(2,78,0,0),(7,78,0,0),(4,54,1,0),(2,79,0,0),(7,79,0,0),(2,80,0,0),(7,80,0,0),(2,81,0,0),(7,81,0,0),(2,82,0,0),(7,82,0,0),(2,83,0,0),(2,117,0,0),(2,84,0,0),(7,84,0,0),(7,85,0,0),(2,87,0,0),(7,87,0,0),(2,88,0,0),(7,88,0,0),(2,89,0,0),(7,89,0,0),(2,90,0,0),(7,90,0,0),(2,91,0,0),(7,91,0,0),(2,92,0,0),(7,92,0,0),(2,93,0,0),(2,115,0,0),(2,94,0,0),(7,94,0,0),(2,95,0,0),(7,95,0,0),(2,96,0,0),(7,96,0,0),(2,97,0,0),(7,97,0,0),(2,98,0,0),(7,98,0,0),(2,99,0,0),(7,99,0,0),(2,100,0,0),(7,100,0,0),(2,101,0,0),(7,101,0,0),(2,102,0,0),(7,102,0,0),(2,103,0,0),(7,103,0,0),(2,104,0,0),(7,104,0,0),(2,120,0,0),(7,110,0,0),(2,106,0,0),(7,115,0,0),(2,107,0,0),(7,107,0,0),(2,108,0,0),(7,108,0,0),(7,109,0,0),(2,111,0,0),(7,111,0,0),(2,112,0,0),(2,114,0,0),(2,113,0,0),(7,113,0,0),(2,116,0,0),(2,118,0,0),(7,117,0,0),(7,118,0,0),(7,119,0,0),(7,120,0,0),(2,121,0,0),(7,121,0,0),(2,122,0,0),(7,122,0,0),(2,123,0,0),(7,123,0,0),(2,124,0,0),(7,124,0,0),(2,125,0,0),(7,125,0,0),(2,126,0,0),(7,126,0,0),(2,127,0,0),(7,127,0,0),(2,128,0,0),(7,128,0,0);
/*!40000 ALTER TABLE `phpbb_user_group` ENABLE KEYS */;
UNLOCK TABLES;

--
-- Table structure for table `phpbb_users`
--

DROP TABLE IF EXISTS `phpbb_users`;
/*!40101 SET @saved_cs_client     = @@character_set_client */;
/*!40101 SET character_set_client = utf8 */;
CREATE TABLE `phpbb_users` (
  `user_id` mediumint(8) unsigned NOT NULL AUTO_INCREMENT,
  `user_type` tinyint(2) NOT NULL DEFAULT '0',
  `group_id` mediumint(8) unsigned NOT NULL DEFAULT '3',
  `user_permissions` mediumtext COLLATE utf8_bin NOT NULL,
  `user_perm_from` mediumint(8) unsigned NOT NULL DEFAULT '0',
  `user_ip` varchar(40) COLLATE utf8_bin NOT NULL DEFAULT '',
  `user_regdate` int(11) unsigned NOT NULL DEFAULT '0',
  `username` varchar(255) COLLATE utf8_bin NOT NULL DEFAULT '',
  `username_clean` varchar(255) COLLATE utf8_bin NOT NULL DEFAULT '',
  `user_password` varchar(40) COLLATE utf8_bin NOT NULL DEFAULT '',
  `user_passchg` int(11) unsigned NOT NULL DEFAULT '0',
  `user_pass_convert` tinyint(1) unsigned NOT NULL DEFAULT '0',
  `user_email` varchar(100) COLLATE utf8_bin NOT NULL DEFAULT '',
  `user_email_hash` bigint(20) NOT NULL DEFAULT '0',
  `user_birthday` varchar(10) COLLATE utf8_bin NOT NULL DEFAULT '',
  `user_lastvisit` int(11) unsigned NOT NULL DEFAULT '0',
  `user_lastmark` int(11) unsigned NOT NULL DEFAULT '0',
  `user_lastpost_time` int(11) unsigned NOT NULL DEFAULT '0',
  `user_lastpage` varchar(200) COLLATE utf8_bin NOT NULL DEFAULT '',
  `user_last_confirm_key` varchar(10) COLLATE utf8_bin NOT NULL DEFAULT '',
  `user_last_search` int(11) unsigned NOT NULL DEFAULT '0',
  `user_warnings` tinyint(4) NOT NULL DEFAULT '0',
  `user_last_warning` int(11) unsigned NOT NULL DEFAULT '0',
  `user_login_attempts` tinyint(4) NOT NULL DEFAULT '0',
  `user_inactive_reason` tinyint(2) NOT NULL DEFAULT '0',
  `user_inactive_time` int(11) unsigned NOT NULL DEFAULT '0',
  `user_posts` mediumint(8) unsigned NOT NULL DEFAULT '0',
  `user_lang` varchar(30) COLLATE utf8_bin NOT NULL DEFAULT '',
  `user_timezone` decimal(5,2) NOT NULL DEFAULT '0.00',
  `user_dst` tinyint(1) unsigned NOT NULL DEFAULT '0',
  `user_dateformat` varchar(30) COLLATE utf8_bin NOT NULL DEFAULT 'd M Y H:i',
  `user_style` mediumint(8) unsigned NOT NULL DEFAULT '0',
  `user_rank` mediumint(8) unsigned NOT NULL DEFAULT '0',
  `user_colour` varchar(6) COLLATE utf8_bin NOT NULL DEFAULT '',
  `user_new_privmsg` int(4) NOT NULL DEFAULT '0',
  `user_unread_privmsg` int(4) NOT NULL DEFAULT '0',
  `user_last_privmsg` int(11) unsigned NOT NULL DEFAULT '0',
  `user_message_rules` tinyint(1) unsigned NOT NULL DEFAULT '0',
  `user_full_folder` int(11) NOT NULL DEFAULT '-3',
  `user_emailtime` int(11) unsigned NOT NULL DEFAULT '0',
  `user_topic_show_days` smallint(4) unsigned NOT NULL DEFAULT '0',
  `user_topic_sortby_type` varchar(1) COLLATE utf8_bin NOT NULL DEFAULT 't',
  `user_topic_sortby_dir` varchar(1) COLLATE utf8_bin NOT NULL DEFAULT 'd',
  `user_post_show_days` smallint(4) unsigned NOT NULL DEFAULT '0',
  `user_post_sortby_type` varchar(1) COLLATE utf8_bin NOT NULL DEFAULT 't',
  `user_post_sortby_dir` varchar(1) COLLATE utf8_bin NOT NULL DEFAULT 'a',
  `user_notify` tinyint(1) unsigned NOT NULL DEFAULT '0',
  `user_notify_pm` tinyint(1) unsigned NOT NULL DEFAULT '1',
  `user_notify_type` tinyint(4) NOT NULL DEFAULT '0',
  `user_allow_pm` tinyint(1) unsigned NOT NULL DEFAULT '1',
  `user_allow_viewonline` tinyint(1) unsigned NOT NULL DEFAULT '1',
  `user_allow_viewemail` tinyint(1) unsigned NOT NULL DEFAULT '1',
  `user_allow_massemail` tinyint(1) unsigned NOT NULL DEFAULT '1',
  `user_options` int(11) unsigned NOT NULL DEFAULT '230271',
  `user_avatar` varchar(255) COLLATE utf8_bin NOT NULL DEFAULT '',
  `user_avatar_type` tinyint(2) NOT NULL DEFAULT '0',
  `user_avatar_width` smallint(4) unsigned NOT NULL DEFAULT '0',
  `user_avatar_height` smallint(4) unsigned NOT NULL DEFAULT '0',
  `user_sig` mediumtext COLLATE utf8_bin NOT NULL,
  `user_sig_bbcode_uid` varchar(8) COLLATE utf8_bin NOT NULL DEFAULT '',
  `user_sig_bbcode_bitfield` varchar(255) COLLATE utf8_bin NOT NULL DEFAULT '',
  `user_from` varchar(100) COLLATE utf8_bin NOT NULL DEFAULT '',
  `user_icq` varchar(15) COLLATE utf8_bin NOT NULL DEFAULT '',
  `user_aim` varchar(255) COLLATE utf8_bin NOT NULL DEFAULT '',
  `user_yim` varchar(255) COLLATE utf8_bin NOT NULL DEFAULT '',
  `user_msnm` varchar(255) COLLATE utf8_bin NOT NULL DEFAULT '',
  `user_jabber` varchar(255) COLLATE utf8_bin NOT NULL DEFAULT '',
  `user_website` varchar(200) COLLATE utf8_bin NOT NULL DEFAULT '',
  `user_occ` text COLLATE utf8_bin NOT NULL,
  `user_interests` text COLLATE utf8_bin NOT NULL,
  `user_actkey` varchar(32) COLLATE utf8_bin NOT NULL DEFAULT '',
  `user_newpasswd` varchar(40) COLLATE utf8_bin NOT NULL DEFAULT '',
  `user_form_salt` varchar(32) COLLATE utf8_bin NOT NULL DEFAULT '',
  `user_new` tinyint(1) unsigned NOT NULL DEFAULT '1',
  `user_reminded` tinyint(4) NOT NULL DEFAULT '0',
  `user_reminded_time` int(11) unsigned NOT NULL DEFAULT '0',
  PRIMARY KEY (`user_id`),
  UNIQUE KEY `username_clean` (`username_clean`),
  KEY `user_birthday` (`user_birthday`),
  KEY `user_email_hash` (`user_email_hash`),
  KEY `user_type` (`user_type`)
) ENGINE=MyISAM AUTO_INCREMENT=129 DEFAULT CHARSET=utf8 COLLATE=utf8_bin;
/*!40101 SET character_set_client = @saved_cs_client */;

--
-- Dumping data for table `phpbb_users`
--

LOCK TABLES `phpbb_users` WRITE;
/*!40000 ALTER TABLE `phpbb_users` DISABLE KEYS */;
INSERT INTO `phpbb_users` VALUES (1,2,1,'00000000003khra3nk\ni1cjyo000000\ni1cjyo000000\ni1cjyo000000\ni1cjyo000000\ni1cjyo000000',0,'',1348665736,'Anonymous','anonymous','',0,0,'',0,'',0,0,0,'','236W2SB418',1348980072,0,0,0,0,0,3,'en','0.00',0,'d M Y H:i',1,0,'',0,0,0,0,-3,0,0,'t','d',0,'t','a',0,1,0,1,1,1,0,230271,'',0,0,0,'','','','','','','','','','','','','','','ebadc3121b0a87d2',1,0,0),(2,3,5,'zik0zjzik0zjzik0xs\ni1cjyo000000\nzik0zjzhb2tc\nzik0zjzhb2tc\nzik0zjzhb2tc\nzik0zjzhb2tc',0,'10.3.11.219',1348665736,'sharky_admin','sharky_admin','$H$9o.hO1sNEJYuDMlFus33db57EyQ1PO0',1348777582,0,'admin@felicitybuzz.com',24678198422,'',1348909288,0,1348829340,'index.php','',1348833250,0,0,0,0,0,2,'en','5.50',0,'D M d, Y g:i a',6,1,'AA0000',0,0,0,0,-3,0,0,'t','d',0,'t','a',0,1,0,1,1,1,1,230271,'',0,0,0,'','','','','','','','','','','','','','','7abfd4577f2f20b2',1,0,0),(3,2,6,'',0,'',1348665741,'AdsBot [Google]','adsbot [google]','',1348665741,0,'',0,'',0,1348665741,0,'','',0,0,0,0,0,0,0,'en','0.00',0,'D M d, Y g:i a',1,0,'9E8DA7',0,0,0,0,-3,0,0,'t','d',0,'t','a',0,1,0,1,1,1,0,230271,'',0,0,0,'','','','','','','','','','','','','','','e439a68b350558b1',0,0,0),(4,2,6,'',0,'',1348665741,'Alexa [Bot]','alexa [bot]','',1348665741,0,'',0,'',0,1348665741,0,'','',0,0,0,0,0,0,0,'en','0.00',0,'D M d, Y g:i a',1,0,'9E8DA7',0,0,0,0,-3,0,0,'t','d',0,'t','a',0,1,0,1,1,1,0,230271,'',0,0,0,'','','','','','','','','','','','','','','8e51f4073ff20a0e',0,0,0),(5,2,6,'',0,'',1348665741,'Alta Vista [Bot]','alta vista [bot]','',1348665741,0,'',0,'',0,1348665741,0,'','',0,0,0,0,0,0,0,'en','0.00',0,'D M d, Y g:i a',1,0,'9E8DA7',0,0,0,0,-3,0,0,'t','d',0,'t','a',0,1,0,1,1,1,0,230271,'',0,0,0,'','','','','','','','','','','','','','','41691088bb194717',0,0,0),(6,2,6,'',0,'',1348665741,'Ask Jeeves [Bot]','ask jeeves [bot]','',1348665741,0,'',0,'',0,1348665741,0,'','',0,0,0,0,0,0,0,'en','0.00',0,'D M d, Y g:i a',1,0,'9E8DA7',0,0,0,0,-3,0,0,'t','d',0,'t','a',0,1,0,1,1,1,0,230271,'',0,0,0,'','','','','','','','','','','','','','','40595e24b7b82d35',0,0,0),(7,2,6,'',0,'',1348665741,'Baidu [Spider]','baidu [spider]','',1348665741,0,'',0,'',0,1348665741,0,'','',0,0,0,0,0,0,0,'en','0.00',0,'D M d, Y g:i a',1,0,'9E8DA7',0,0,0,0,-3,0,0,'t','d',0,'t','a',0,1,0,1,1,1,0,230271,'',0,0,0,'','','','','','','','','','','','','','','ff4f3552adc5ecdc',0,0,0),(8,2,6,'',0,'',1348665741,'Bing [Bot]','bing [bot]','',1348665741,0,'',0,'',0,1348665741,0,'','',0,0,0,0,0,0,0,'en','0.00',0,'D M d, Y g:i a',1,0,'9E8DA7',0,0,0,0,-3,0,0,'t','d',0,'t','a',0,1,0,1,1,1,0,230271,'',0,0,0,'','','','','','','','','','','','','','','16cbc1354dae8034',0,0,0),(9,2,6,'',0,'',1348665741,'Exabot [Bot]','exabot [bot]','',1348665741,0,'',0,'',0,1348665741,0,'','',0,0,0,0,0,0,0,'en','0.00',0,'D M d, Y g:i a',1,0,'9E8DA7',0,0,0,0,-3,0,0,'t','d',0,'t','a',0,1,0,1,1,1,0,230271,'',0,0,0,'','','','','','','','','','','','','','','a918961aec9bf4cf',0,0,0),(10,2,6,'',0,'',1348665741,'FAST Enterprise [Crawler]','fast enterprise [crawler]','',1348665741,0,'',0,'',0,1348665741,0,'','',0,0,0,0,0,0,0,'en','0.00',0,'D M d, Y g:i a',1,0,'9E8DA7',0,0,0,0,-3,0,0,'t','d',0,'t','a',0,1,0,1,1,1,0,230271,'',0,0,0,'','','','','','','','','','','','','','','d523bfc07fc83592',0,0,0),(11,2,6,'',0,'',1348665741,'FAST WebCrawler [Crawler]','fast webcrawler [crawler]','',1348665741,0,'',0,'',0,1348665741,0,'','',0,0,0,0,0,0,0,'en','0.00',0,'D M d, Y g:i a',1,0,'9E8DA7',0,0,0,0,-3,0,0,'t','d',0,'t','a',0,1,0,1,1,1,0,230271,'',0,0,0,'','','','','','','','','','','','','','','f904a5853103f353',0,0,0),(12,2,6,'',0,'',1348665741,'Francis [Bot]','francis [bot]','',1348665741,0,'',0,'',0,1348665741,0,'','',0,0,0,0,0,0,0,'en','0.00',0,'D M d, Y g:i a',1,0,'9E8DA7',0,0,0,0,-3,0,0,'t','d',0,'t','a',0,1,0,1,1,1,0,230271,'',0,0,0,'','','','','','','','','','','','','','','def1a8bead3eba62',0,0,0),(13,2,6,'',0,'',1348665741,'Gigabot [Bot]','gigabot [bot]','',1348665741,0,'',0,'',0,1348665741,0,'','',0,0,0,0,0,0,0,'en','0.00',0,'D M d, Y g:i a',1,0,'9E8DA7',0,0,0,0,-3,0,0,'t','d',0,'t','a',0,1,0,1,1,1,0,230271,'',0,0,0,'','','','','','','','','','','','','','','b727e46bb5843d64',0,0,0),(14,2,6,'',0,'',1348665741,'Google Adsense [Bot]','google adsense [bot]','',1348665741,0,'',0,'',0,1348665741,0,'','',0,0,0,0,0,0,0,'en','0.00',0,'D M d, Y g:i a',1,0,'9E8DA7',0,0,0,0,-3,0,0,'t','d',0,'t','a',0,1,0,1,1,1,0,230271,'',0,0,0,'','','','','','','','','','','','','','','d287693336d8b876',0,0,0),(15,2,6,'',0,'',1348665741,'Google Desktop','google desktop','',1348665741,0,'',0,'',0,1348665741,0,'','',0,0,0,0,0,0,0,'en','0.00',0,'D M d, Y g:i a',1,0,'9E8DA7',0,0,0,0,-3,0,0,'t','d',0,'t','a',0,1,0,1,1,1,0,230271,'',0,0,0,'','','','','','','','','','','','','','','9d60f72f5587cf71',0,0,0),(16,2,6,'',0,'',1348665741,'Google Feedfetcher','google feedfetcher','',1348665741,0,'',0,'',0,1348665741,0,'','',0,0,0,0,0,0,0,'en','0.00',0,'D M d, Y g:i a',1,0,'9E8DA7',0,0,0,0,-3,0,0,'t','d',0,'t','a',0,1,0,1,1,1,0,230271,'',0,0,0,'','','','','','','','','','','','','','','c4051f2b74c97f97',0,0,0),(17,2,6,'\ni1cjyo000000\ni1cjyo000000\ni1cjyo000000\ni1cjyo000000\ni1cjyo000000',0,'',1348665741,'Google [Bot]','google [bot]','',1348665741,0,'',0,'',1348995165,1348665741,0,'index.php','',0,0,0,0,0,0,0,'en','0.00',0,'D M d, Y g:i a',1,0,'9E8DA7',0,0,0,0,-3,0,0,'t','d',0,'t','a',0,1,0,1,1,1,0,230271,'',0,0,0,'','','','','','','','','','','','','','','5f9c428bac3188e1',0,0,0),(18,2,6,'',0,'',1348665741,'Heise IT-Markt [Crawler]','heise it-markt [crawler]','',1348665741,0,'',0,'',0,1348665741,0,'','',0,0,0,0,0,0,0,'en','0.00',0,'D M d, Y g:i a',1,0,'9E8DA7',0,0,0,0,-3,0,0,'t','d',0,'t','a',0,1,0,1,1,1,0,230271,'',0,0,0,'','','','','','','','','','','','','','','5b7ffeef035063d4',0,0,0),(19,2,6,'',0,'',1348665741,'Heritrix [Crawler]','heritrix [crawler]','',1348665741,0,'',0,'',0,1348665741,0,'','',0,0,0,0,0,0,0,'en','0.00',0,'D M d, Y g:i a',1,0,'9E8DA7',0,0,0,0,-3,0,0,'t','d',0,'t','a',0,1,0,1,1,1,0,230271,'',0,0,0,'','','','','','','','','','','','','','','56aa0bfd55e48c58',0,0,0),(20,2,6,'',0,'',1348665741,'IBM Research [Bot]','ibm research [bot]','',1348665741,0,'',0,'',0,1348665741,0,'','',0,0,0,0,0,0,0,'en','0.00',0,'D M d, Y g:i a',1,0,'9E8DA7',0,0,0,0,-3,0,0,'t','d',0,'t','a',0,1,0,1,1,1,0,230271,'',0,0,0,'','','','','','','','','','','','','','','6d3786f77c4d7f08',0,0,0),(21,2,6,'',0,'',1348665741,'ICCrawler - ICjobs','iccrawler - icjobs','',1348665741,0,'',0,'',0,1348665741,0,'','',0,0,0,0,0,0,0,'en','0.00',0,'D M d, Y g:i a',1,0,'9E8DA7',0,0,0,0,-3,0,0,'t','d',0,'t','a',0,1,0,1,1,1,0,230271,'',0,0,0,'','','','','','','','','','','','','','','694e6235f97c3669',0,0,0),(22,2,6,'',0,'',1348665741,'ichiro [Crawler]','ichiro [crawler]','',1348665741,0,'',0,'',0,1348665741,0,'','',0,0,0,0,0,0,0,'en','0.00',0,'D M d, Y g:i a',1,0,'9E8DA7',0,0,0,0,-3,0,0,'t','d',0,'t','a',0,1,0,1,1,1,0,230271,'',0,0,0,'','','','','','','','','','','','','','','30e0cacc8a627015',0,0,0),(23,2,6,'',0,'',1348665741,'Majestic-12 [Bot]','majestic-12 [bot]','',1348665741,0,'',0,'',0,1348665741,0,'','',0,0,0,0,0,0,0,'en','0.00',0,'D M d, Y g:i a',1,0,'9E8DA7',0,0,0,0,-3,0,0,'t','d',0,'t','a',0,1,0,1,1,1,0,230271,'',0,0,0,'','','','','','','','','','','','','','','c5d9f2d6fecb263a',0,0,0),(24,2,6,'',0,'',1348665741,'Metager [Bot]','metager [bot]','',1348665741,0,'',0,'',0,1348665741,0,'','',0,0,0,0,0,0,0,'en','0.00',0,'D M d, Y g:i a',1,0,'9E8DA7',0,0,0,0,-3,0,0,'t','d',0,'t','a',0,1,0,1,1,1,0,230271,'',0,0,0,'','','','','','','','','','','','','','','90b7e14ccf7dd28a',0,0,0),(25,2,6,'',0,'',1348665741,'MSN NewsBlogs','msn newsblogs','',1348665741,0,'',0,'',0,1348665741,0,'','',0,0,0,0,0,0,0,'en','0.00',0,'D M d, Y g:i a',1,0,'9E8DA7',0,0,0,0,-3,0,0,'t','d',0,'t','a',0,1,0,1,1,1,0,230271,'',0,0,0,'','','','','','','','','','','','','','','8f88f3a62aa577ee',0,0,0),(26,2,6,'',0,'',1348665741,'MSN [Bot]','msn [bot]','',1348665741,0,'',0,'',0,1348665741,0,'','',0,0,0,0,0,0,0,'en','0.00',0,'D M d, Y g:i a',1,0,'9E8DA7',0,0,0,0,-3,0,0,'t','d',0,'t','a',0,1,0,1,1,1,0,230271,'',0,0,0,'','','','','','','','','','','','','','','413914d1afa75f44',0,0,0),(27,2,6,'',0,'',1348665741,'MSNbot Media','msnbot media','',1348665741,0,'',0,'',0,1348665741,0,'','',0,0,0,0,0,0,0,'en','0.00',0,'D M d, Y g:i a',1,0,'9E8DA7',0,0,0,0,-3,0,0,'t','d',0,'t','a',0,1,0,1,1,1,0,230271,'',0,0,0,'','','','','','','','','','','','','','','592055e7405c9122',0,0,0),(28,2,6,'',0,'',1348665741,'NG-Search [Bot]','ng-search [bot]','',1348665741,0,'',0,'',0,1348665741,0,'','',0,0,0,0,0,0,0,'en','0.00',0,'D M d, Y g:i a',1,0,'9E8DA7',0,0,0,0,-3,0,0,'t','d',0,'t','a',0,1,0,1,1,1,0,230271,'',0,0,0,'','','','','','','','','','','','','','','20e1550ff59e08a7',0,0,0),(29,2,6,'',0,'',1348665741,'Nutch [Bot]','nutch [bot]','',1348665741,0,'',0,'',0,1348665741,0,'','',0,0,0,0,0,0,0,'en','0.00',0,'D M d, Y g:i a',1,0,'9E8DA7',0,0,0,0,-3,0,0,'t','d',0,'t','a',0,1,0,1,1,1,0,230271,'',0,0,0,'','','','','','','','','','','','','','','70a01c7cd363359b',0,0,0),(30,2,6,'',0,'',1348665741,'Nutch/CVS [Bot]','nutch/cvs [bot]','',1348665741,0,'',0,'',0,1348665741,0,'','',0,0,0,0,0,0,0,'en','0.00',0,'D M d, Y g:i a',1,0,'9E8DA7',0,0,0,0,-3,0,0,'t','d',0,'t','a',0,1,0,1,1,1,0,230271,'',0,0,0,'','','','','','','','','','','','','','','477cb513485fd255',0,0,0),(31,2,6,'',0,'',1348665741,'OmniExplorer [Bot]','omniexplorer [bot]','',1348665741,0,'',0,'',0,1348665741,0,'','',0,0,0,0,0,0,0,'en','0.00',0,'D M d, Y g:i a',1,0,'9E8DA7',0,0,0,0,-3,0,0,'t','d',0,'t','a',0,1,0,1,1,1,0,230271,'',0,0,0,'','','','','','','','','','','','','','','d44a3b6bfe72032e',0,0,0),(32,2,6,'',0,'',1348665741,'Online link [Validator]','online link [validator]','',1348665741,0,'',0,'',0,1348665741,0,'','',0,0,0,0,0,0,0,'en','0.00',0,'D M d, Y g:i a',1,0,'9E8DA7',0,0,0,0,-3,0,0,'t','d',0,'t','a',0,1,0,1,1,1,0,230271,'',0,0,0,'','','','','','','','','','','','','','','e13273b226f61cf5',0,0,0),(33,2,6,'',0,'',1348665741,'psbot [Picsearch]','psbot [picsearch]','',1348665741,0,'',0,'',0,1348665741,0,'','',0,0,0,0,0,0,0,'en','0.00',0,'D M d, Y g:i a',1,0,'9E8DA7',0,0,0,0,-3,0,0,'t','d',0,'t','a',0,1,0,1,1,1,0,230271,'',0,0,0,'','','','','','','','','','','','','','','b596c6ece1c05392',0,0,0),(34,2,6,'',0,'',1348665741,'Seekport [Bot]','seekport [bot]','',1348665741,0,'',0,'',0,1348665741,0,'','',0,0,0,0,0,0,0,'en','0.00',0,'D M d, Y g:i a',1,0,'9E8DA7',0,0,0,0,-3,0,0,'t','d',0,'t','a',0,1,0,1,1,1,0,230271,'',0,0,0,'','','','','','','','','','','','','','','37ca86e345837520',0,0,0),(35,2,6,'',0,'',1348665741,'Sensis [Crawler]','sensis [crawler]','',1348665741,0,'',0,'',0,1348665741,0,'','',0,0,0,0,0,0,0,'en','0.00',0,'D M d, Y g:i a',1,0,'9E8DA7',0,0,0,0,-3,0,0,'t','d',0,'t','a',0,1,0,1,1,1,0,230271,'',0,0,0,'','','','','','','','','','','','','','','958c2f88dcbf12a0',0,0,0),(36,2,6,'',0,'',1348665741,'SEO Crawler','seo crawler','',1348665741,0,'',0,'',0,1348665741,0,'','',0,0,0,0,0,0,0,'en','0.00',0,'D M d, Y g:i a',1,0,'9E8DA7',0,0,0,0,-3,0,0,'t','d',0,'t','a',0,1,0,1,1,1,0,230271,'',0,0,0,'','','','','','','','','','','','','','','9b629365b92812c1',0,0,0),(37,2,6,'',0,'',1348665741,'Seoma [Crawler]','seoma [crawler]','',1348665741,0,'',0,'',0,1348665741,0,'','',0,0,0,0,0,0,0,'en','0.00',0,'D M d, Y g:i a',1,0,'9E8DA7',0,0,0,0,-3,0,0,'t','d',0,'t','a',0,1,0,1,1,1,0,230271,'',0,0,0,'','','','','','','','','','','','','','','df00b92732118566',0,0,0),(38,2,6,'',0,'',1348665741,'SEOSearch [Crawler]','seosearch [crawler]','',1348665741,0,'',0,'',0,1348665741,0,'','',0,0,0,0,0,0,0,'en','0.00',0,'D M d, Y g:i a',1,0,'9E8DA7',0,0,0,0,-3,0,0,'t','d',0,'t','a',0,1,0,1,1,1,0,230271,'',0,0,0,'','','','','','','','','','','','','','','17eff7eb3691388b',0,0,0),(39,2,6,'',0,'',1348665741,'Snappy [Bot]','snappy [bot]','',1348665741,0,'',0,'',0,1348665741,0,'','',0,0,0,0,0,0,0,'en','0.00',0,'D M d, Y g:i a',1,0,'9E8DA7',0,0,0,0,-3,0,0,'t','d',0,'t','a',0,1,0,1,1,1,0,230271,'',0,0,0,'','','','','','','','','','','','','','','0d128fa9e666e21a',0,0,0),(40,2,6,'',0,'',1348665741,'Steeler [Crawler]','steeler [crawler]','',1348665741,0,'',0,'',0,1348665741,0,'','',0,0,0,0,0,0,0,'en','0.00',0,'D M d, Y g:i a',1,0,'9E8DA7',0,0,0,0,-3,0,0,'t','d',0,'t','a',0,1,0,1,1,1,0,230271,'',0,0,0,'','','','','','','','','','','','','','','667f6373b1c31e4d',0,0,0),(41,2,6,'',0,'',1348665741,'Synoo [Bot]','synoo [bot]','',1348665741,0,'',0,'',0,1348665741,0,'','',0,0,0,0,0,0,0,'en','0.00',0,'D M d, Y g:i a',1,0,'9E8DA7',0,0,0,0,-3,0,0,'t','d',0,'t','a',0,1,0,1,1,1,0,230271,'',0,0,0,'','','','','','','','','','','','','','','9f4a80ec5296d569',0,0,0),(42,2,6,'',0,'',1348665741,'Telekom [Bot]','telekom [bot]','',1348665741,0,'',0,'',0,1348665741,0,'','',0,0,0,0,0,0,0,'en','0.00',0,'D M d, Y g:i a',1,0,'9E8DA7',0,0,0,0,-3,0,0,'t','d',0,'t','a',0,1,0,1,1,1,0,230271,'',0,0,0,'','','','','','','','','','','','','','','d9361055e462a7bb',0,0,0),(43,2,6,'',0,'',1348665741,'TurnitinBot [Bot]','turnitinbot [bot]','',1348665741,0,'',0,'',0,1348665741,0,'','',0,0,0,0,0,0,0,'en','0.00',0,'D M d, Y g:i a',1,0,'9E8DA7',0,0,0,0,-3,0,0,'t','d',0,'t','a',0,1,0,1,1,1,0,230271,'',0,0,0,'','','','','','','','','','','','','','','f241caed34a3c973',0,0,0),(44,2,6,'',0,'',1348665741,'Voyager [Bot]','voyager [bot]','',1348665741,0,'',0,'',0,1348665741,0,'','',0,0,0,0,0,0,0,'en','0.00',0,'D M d, Y g:i a',1,0,'9E8DA7',0,0,0,0,-3,0,0,'t','d',0,'t','a',0,1,0,1,1,1,0,230271,'',0,0,0,'','','','','','','','','','','','','','','f2c0ab71c06d7085',0,0,0),(45,2,6,'',0,'',1348665741,'W3 [Sitesearch]','w3 [sitesearch]','',1348665741,0,'',0,'',0,1348665741,0,'','',0,0,0,0,0,0,0,'en','0.00',0,'D M d, Y g:i a',1,0,'9E8DA7',0,0,0,0,-3,0,0,'t','d',0,'t','a',0,1,0,1,1,1,0,230271,'',0,0,0,'','','','','','','','','','','','','','','3d92e9d7b9ce4878',0,0,0),(46,2,6,'',0,'',1348665741,'W3C [Linkcheck]','w3c [linkcheck]','',1348665741,0,'',0,'',0,1348665741,0,'','',0,0,0,0,0,0,0,'en','0.00',0,'D M d, Y g:i a',1,0,'9E8DA7',0,0,0,0,-3,0,0,'t','d',0,'t','a',0,1,0,1,1,1,0,230271,'',0,0,0,'','','','','','','','','','','','','','','a6a750dcce26dfb6',0,0,0),(47,2,6,'',0,'',1348665741,'W3C [Validator]','w3c [validator]','',1348665741,0,'',0,'',0,1348665741,0,'','',0,0,0,0,0,0,0,'en','0.00',0,'D M d, Y g:i a',1,0,'9E8DA7',0,0,0,0,-3,0,0,'t','d',0,'t','a',0,1,0,1,1,1,0,230271,'',0,0,0,'','','','','','','','','','','','','','','779af8ea376e17cd',0,0,0),(48,2,6,'',0,'',1348665741,'WiseNut [Bot]','wisenut [bot]','',1348665741,0,'',0,'',0,1348665741,0,'','',0,0,0,0,0,0,0,'en','0.00',0,'D M d, Y g:i a',1,0,'9E8DA7',0,0,0,0,-3,0,0,'t','d',0,'t','a',0,1,0,1,1,1,0,230271,'',0,0,0,'','','','','','','','','','','','','','','32f8a003e1284fe8',0,0,0),(49,2,6,'',0,'',1348665741,'YaCy [Bot]','yacy [bot]','',1348665741,0,'',0,'',0,1348665741,0,'','',0,0,0,0,0,0,0,'en','0.00',0,'D M d, Y g:i a',1,0,'9E8DA7',0,0,0,0,-3,0,0,'t','d',0,'t','a',0,1,0,1,1,1,0,230271,'',0,0,0,'','','','','','','','','','','','','','','a6e62540590c6caf',0,0,0),(50,2,6,'',0,'',1348665741,'Yahoo MMCrawler [Bot]','yahoo mmcrawler [bot]','',1348665741,0,'',0,'',0,1348665741,0,'','',0,0,0,0,0,0,0,'en','0.00',0,'D M d, Y g:i a',1,0,'9E8DA7',0,0,0,0,-3,0,0,'t','d',0,'t','a',0,1,0,1,1,1,0,230271,'',0,0,0,'','','','','','','','','','','','','','','2e9fdbc65254f5fe',0,0,0),(51,2,6,'',0,'',1348665741,'Yahoo Slurp [Bot]','yahoo slurp [bot]','',1348665741,0,'',0,'',0,1348665741,0,'','',0,0,0,0,0,0,0,'en','0.00',0,'D M d, Y g:i a',1,0,'9E8DA7',0,0,0,0,-3,0,0,'t','d',0,'t','a',0,1,0,1,1,1,0,230271,'',0,0,0,'','','','','','','','','','','','','','','f1e8fab89ddc2354',0,0,0),(52,2,6,'',0,'',1348665741,'Yahoo [Bot]','yahoo [bot]','',1348665741,0,'',0,'',0,1348665741,0,'','',0,0,0,0,0,0,0,'en','0.00',0,'D M d, Y g:i a',1,0,'9E8DA7',0,0,0,0,-3,0,0,'t','d',0,'t','a',0,1,0,1,1,1,0,230271,'',0,0,0,'','','','','','','','','','','','','','','092d9a94f68e759b',0,0,0),(53,2,6,'',0,'',1348665741,'YahooSeeker [Bot]','yahooseeker [bot]','',1348665741,0,'',0,'',0,1348665741,0,'','',0,0,0,0,0,0,0,'en','0.00',0,'D M d, Y g:i a',1,0,'9E8DA7',0,0,0,0,-3,0,0,'t','d',0,'t','a',0,1,0,1,1,1,0,230271,'',0,0,0,'','','','','','','','','','','','','','','0a3067cb2cf56463',0,0,0),(76,0,2,'',0,'10.1.39.83',1348749309,'anubhav.gupta','anubhav.gupta','$H$9qKadAhKnv6gmXXW3DeLU0PQkfZv6A0',1348749309,0,'anubhav.gupta@students.iiit.ac.in',329793124233,'',1348752739,1348749309,1348750468,'ucp.php?i=pm&mode=view&f=0&p=1','',0,2,1348751252,0,0,0,0,'en','5.50',0,'D M d, Y g:i a',1,0,'',0,0,1348749340,0,-3,0,0,'t','d',0,'t','a',0,1,0,1,1,1,1,230271,'',0,0,0,'','','','','','','','','','','','','','','6f983b4ea1e3d815',0,0,0),(54,0,2,'',0,'10.3.11.219',1348666715,'sharky','sharky','$H$9r.tg5A0Ue42Bfv5LMtqz.6Rih5TVo/',1348786624,0,'sharkyraj123@gmail.com',166959040822,'',1348789371,1348672962,1348751252,'ucp.php?i=profile&mode=reg_details','',0,0,0,0,0,0,0,'en','5.50',0,'D M d, Y g:i a',6,0,'',0,0,0,0,-3,0,0,'t','d',0,'t','a',0,1,0,1,1,1,1,230271,'',0,0,0,'','','','','','','','','','','','','','','cbe05f6100a7dda8',1,0,0),(78,0,2,'',0,'10.1.39.147',1348752254,'ZeForce','zeforce','$H$97SRJNEH7wE/733XIPANRTc4cpxekF0',1348752254,0,'nishantr.krishan@students.iiit.ac.in',239597700636,'',1348752412,1348752254,1348752293,'index.php','',0,0,0,0,0,0,0,'en','5.50',0,'D M d, Y g:i a',1,0,'',0,0,0,0,-3,0,0,'t','d',0,'t','a',0,1,0,1,1,1,1,230271,'',0,0,0,'','','','','','','','','','','','','','','2095a36897953af0',1,0,0),(55,0,2,'',0,'10.3.11.219',1348673408,'freakin','freakin','$H$9tHy7nMbVe5Cu/fAaecS2Mx6oqLznU/',1348673408,0,'rishabhr123@gmail.com',118086137721,'',1348778102,1348673408,1348673615,'','',0,0,0,0,0,0,0,'en','5.50',0,'D M d, Y g:i a',1,0,'',0,0,0,0,-3,0,0,'t','d',0,'t','a',0,1,0,1,1,1,1,230271,'',0,0,0,'','','','','','','','','','','','','','','2d38b847866acac7',1,0,0),(77,0,2,'00000000006xv29nwg\ni1cjyo000000\nqlc4pjzhb2tc\nqlc4pi000000\nqlc4pi000000\nqlc4pi000000',0,'10.1.39.126',1348750028,'lordinvader','lordinvader','$H$9qxpogitNK7s.tN/GpKAPEankQ62Fi.',1348750028,0,'ankush.jain@students.iiit.ac.in',345764761431,'',1348996842,1348750028,1348937570,'viewtopic.php?f=5&t=56&start=20','',1348858705,0,0,0,0,0,14,'en','5.50',0,'D M d, Y g:i a',1,0,'',0,0,0,0,-3,0,0,'t','d',0,'t','a',0,1,0,1,1,1,1,230271,'',0,0,0,'','','','','','','','','','','','','','','e17200d76d8ce9cc',0,0,0),(58,0,2,'00000000006xv29nwg\ni1cjyo000000\nqlc4pi000000\nqlc4pi000000\nqlc4pi000000\nqlc4pi000000',0,'10.1.40.186',1348733566,'Sriharsha V','sriharsha v','$H$9gMhGWEQMz5BE3XMsviIc1YeH/H3qX0',1348733566,0,'vogetisri.harsha@students.iiit.ac.in',408215662836,'',1348929678,1348733566,1348866646,'viewtopic.php?f=3&t=18','',0,0,0,0,0,0,3,'en','5.50',0,'D M d, Y g:i a',1,0,'',0,0,0,0,-3,0,0,'t','d',0,'t','a',0,1,0,1,1,1,1,230271,'',0,0,0,'','','','','','','','','','','','','','','3345dcf326005d17',0,0,0),(57,0,2,'00000000006xv2fa68\ni1cjyo000000\nqlc4pi000000\nzik0zjzhb2tc\nqlc4pi000000\nqlc4pi000000',0,'10.1.39.140',1348722387,'Anuraag','anuraag','$H$9SslFc7JAGante8OtpyzkG.ektmgUR1',1348722387,0,'anuraag.a@students.iiit.ac.in',36361532429,'',1348975322,1348722387,1348973644,'viewtopic.php?f=5&t=31','',1348777264,0,0,0,0,0,19,'en','5.50',0,'D M d, Y g:i a',1,0,'',0,0,0,0,-3,0,0,'t','d',0,'t','a',0,1,0,1,1,1,1,230271,'',0,0,0,'','','','','','','','','','','','','','','e2124043936c78fe',0,0,0),(79,0,2,'',0,'10.3.10.195',1348752784,'shipra.bangaf','shipra.bangaf','$H$9SHIfSPuB7siFAlrGXtWo4LI7qB31C/',1348752784,0,'shipra.banga@students.iiit.ac.in',25463743432,'',1348752810,1348752784,0,'','',0,0,0,0,0,0,0,'en','5.50',0,'D M d, Y g:i a',1,0,'',0,0,0,0,-3,0,0,'t','d',0,'t','a',0,1,0,1,1,1,1,230271,'',0,0,0,'','','','','','','','','','','','','','','e95c65c9763c16a5',1,0,0),(59,0,2,'',0,'10.1.98.212',1348734613,'MASTH','masth','$H$93zIDBaJacJai64kcYYeGbbeW.BlxP.',1348734613,0,'prathyusha.k@students.iiit.ac.in',27839835232,'',1348744757,1348734613,0,'memberlist.php?mode=viewprofile&u=2','',0,0,0,0,0,0,0,'en','5.50',0,'D M d, Y g:i a',1,0,'',0,0,0,0,-3,0,0,'t','d',0,'t','a',0,1,0,1,1,1,1,230271,'',0,0,0,'','','','','','','','','','','','','','','7d84695cbc1a84a6',1,0,0),(60,0,2,'',0,'10.1.98.212',1348734694,'TRASH','trash','$H$9FiaNtwVtcrMashwjfpps8.nxOmaO./',1348734694,0,'mounika.banda@students.iiit.ac.in',280794587933,'',0,1348734694,0,'','',0,0,0,0,0,0,0,'en','5.50',0,'D M d, Y g:i a',1,0,'',0,0,0,0,-3,0,0,'t','d',0,'t','a',0,1,0,1,1,1,1,230271,'',0,0,0,'','','','','','','','','','','','','','','d97de17f521ad14a',1,0,0),(61,0,2,'00000000006xv29nwg\ni1cjyo000000\nqlc4pi000000\nqlc4pi000000\nqlc4pi000000\nqlc4pi000000',0,'10.1.98.114',1348735150,'participant','participant','$H$98T6z5WBL2sSLgv.ryhDdW6PPz2w5g0',1348735150,0,'simpik@gmail.com',1997233616,'',1348958964,1348735150,1348956724,'viewtopic.php?f=3&t=57','',0,0,0,0,0,0,19,'en','5.50',0,'D M d, Y g:i a',1,0,'',0,0,0,0,-3,0,0,'t','d',0,'t','a',0,1,0,1,1,1,1,230271,'',0,0,0,'','','','','','','','','','','','','','','c7181890d63027ee',0,0,0),(62,0,2,'00000000006xrqeiww\ni1cjyo000000\nqlc4pi000000\nqlc4pi000000\nqlc4pi000000\nqlc4pi000000',0,'10.4.2.208',1348735198,'kindergartencop','kindergartencop','$H$9IJ5g6kiHJc0LO6a3/BQVv1yt445TI/',1348735198,0,'akshatk7@gmail.com',230362531418,'',1349004248,1348735198,1348911197,'viewforum.php?f=5','',0,0,0,0,0,0,2,'en','5.50',0,'D M d, Y g:i a',1,0,'',0,0,0,0,-3,0,0,'t','d',0,'t','a',0,1,0,1,1,1,1,230271,'',0,0,0,'','','','','','','','','','','','','','','2c4e8f8bd83e5477',1,0,0),(63,0,2,'00000000006xv29nwg\ni1cjyo000000\nqlc4pi000000\nqlc4pi000000\nqlc4pi000000\nqlc4pi000000',0,'10.1.36.73',1348735313,'blacksmith','blacksmith','$H$9k0D8MunBWLIOyTawj.P0DLtunTywF/',1348735313,0,'gtg.bansal@gmail.com',317932641020,'',1349003176,1348735313,1349002717,'viewtopic.php?f=5&t=58','',0,0,0,0,0,0,6,'en','5.50',0,'D M d, Y g:i a',1,0,'',1,1,1349003299,0,-3,0,0,'t','d',0,'t','a',0,1,0,1,1,1,1,230271,'',0,0,0,'','','','','','','','','','','','','','','da889b8e00fc7ad2',0,0,0),(80,0,2,'',0,'10.1.33.143',1348752791,'Shaggy','shaggy','$H$95jjzm8EGVcSmxjsvsKqAKCQ5qJ9QS0',1348752791,0,'crazyboy2608@gmail.com',3506161622,'',1348754731,1348752791,1348754728,'viewtopic.php?f=3&t=7&p=24','',0,0,0,0,0,0,1,'en','5.50',0,'D M d, Y g:i a',1,0,'',0,0,0,0,-3,0,0,'t','d',0,'t','a',0,1,0,1,1,1,1,230271,'',0,0,0,'','','','','','','','','','','','','','','c4ce71cb94fd482b',1,0,0),(64,0,2,'',0,'10.1.39.164',1348737702,'SAM','sam','$H$9yitHdNXE6yt9WDn2FsqLGYn9ILNia1',1348737702,0,'saksham.maheshwari@students.iiit.ac.in',235917854538,'',1348779385,1348737702,1348777621,'viewtopic.php?f=4&t=19','',1348777680,0,0,2,0,0,1,'en','5.50',0,'D M d, Y g:i a',1,0,'',0,0,0,0,-3,0,0,'t','d',0,'t','a',0,1,0,1,1,1,1,230271,'',0,0,0,'','','','','','','','','','','','','','','423b76c4fd6a4637',1,0,0),(65,0,2,'',0,'10.4.2.208',1348739965,'ayush1794','ayush1794','$H$9NwXoYx0AIl5IwZToLN7eXKqVDc.GB0',1348739965,0,'ayush.garg@students.iiit.ac.in',330831304230,'',1348740182,1348739965,0,'','',0,0,0,0,0,0,0,'en','5.50',0,'D M d, Y g:i a',1,0,'',0,0,0,0,-3,0,0,'t','d',0,'t','a',0,1,0,1,1,1,1,230271,'',0,0,0,'','','','','','','','','','','','','','','1cc5ccabe0fcf642',1,0,0),(66,0,2,'',0,'10.1.34.27',1348740366,'JackSparrow','jacksparrow','$H$9zxMPAKwK3/F3MopfOjqZGuOA42u7Z/',1348740366,0,'anubhav.chaturvedi@students.iiit.ac.in',105864713738,'',1348740898,1348740366,0,'viewforum.php?f=3','',0,0,0,0,0,0,0,'en','5.50',0,'D M d, Y g:i a',1,0,'',0,0,0,0,-3,0,0,'t','d',0,'t','a',0,1,0,1,1,1,1,230271,'',0,0,0,'','','','','','','','','','','','','','','fbfbb24b6080bf8c',1,0,0),(67,0,2,'',0,'10.1.33.112',1348742388,'bhargav22','bhargav22','$H$9T4keMF3CjPNZssGTv1tJway1Y/6e6.',1348742388,0,'yimmidisetti.bhargav@students.iiit.ac.in',183810819240,'',1348846068,1348742388,0,'viewtopic.php?f=4&t=24','',0,0,0,0,0,0,0,'en','5.50',0,'D M d, Y g:i a',1,0,'',0,0,0,0,-3,0,0,'t','d',0,'t','a',0,1,0,1,1,1,1,230271,'',0,0,0,'','','','','','','','','','','','','','','c31c6c9d10c94aa8',1,0,0),(68,0,2,'00000000006xrqeiww\ni1cjyo000000\nqlc4pi000000\nqlc4pi000000\nqlc4pi000000\nqlc4pi000000',0,'10.1.98.128',1348742669,'kuchiku','kuchiku','$H$9g8owNtGG0OdpDUC86cO3Wfg9bwI1C.',1348742669,0,'k.sravya@students.iiit.ac.in',325451052728,'',1348933737,1348742669,1348933726,'viewtopic.php?f=3&t=18','',0,0,0,0,0,0,2,'en','5.50',0,'D M d, Y g:i a',1,0,'',0,0,0,0,-3,0,0,'t','d',0,'t','a',0,1,0,1,1,1,1,230271,'',0,0,0,'','','','','','','','','','','','','','','55ce9ec175845e77',1,0,0),(69,0,2,'',0,'10.1.36.85',1348742995,'alexander','alexander','$H$9C5y7tqotp70njMXKdEUdgi04/tuVm1',1348742995,0,'thelostworld7832@gmail.com',36809569326,'',1348743041,1348742995,0,'viewtopic.php?f=2&t=1','',0,0,0,0,0,0,0,'en','5.50',0,'D M d, Y g:i a',1,0,'',0,0,0,0,-3,0,0,'t','d',0,'t','a',0,1,0,1,1,1,1,230271,'',0,0,0,'','','','','','','','','','','','','','','aebb508a776a3a9f',1,0,0),(70,0,2,'',0,'10.1.36.93',1348743186,'billy','billy','$H$9Z2bI62KRb5pwuZITrBPGVwYOqE7lM0',1348743186,0,'billyjohn143@gmail.com',194372392722,'',1348743208,1348743186,0,'','',0,0,0,0,0,0,0,'en','5.50',0,'D M d, Y g:i a',1,0,'',0,0,0,0,-3,0,0,'t','d',0,'t','a',0,1,0,1,1,1,1,230271,'',0,0,0,'','','','','','','','','','','','','','','e25846bb7386ac41',1,0,0),(71,0,2,'',0,'10.3.10.9',1348745186,'karanaggarwal','karanaggarwal','$H$9WCq1FbSq4lDT5sD9O7AP4EiarOGT6/',1348745186,0,'karan.aggarwal@students.iiit.ac.in',382616734534,'',1348745239,1348745186,0,'','',0,0,0,0,0,0,0,'en','5.50',0,'D M d, Y g:i a',1,0,'',0,0,0,0,-3,0,0,'t','d',0,'t','a',0,1,0,1,1,1,1,230271,'',0,0,0,'','','','','','','','','','','','','','','b9e13a5e3e4cc754',1,0,0),(72,0,2,'',0,'10.1.39.154',1348745190,'worldwide','worldwide','$H$9K6M63ORx0I7RFhvQPRyDnLju72CY7/',1348745190,0,'saksham.garg@students.iiit.ac.in',91955524432,'',1348745501,1348745190,0,'viewforum.php?f=3','',0,0,0,0,0,0,0,'en','5.50',0,'D M d, Y g:i a',1,0,'',0,0,0,0,-3,0,0,'t','d',0,'t','a',0,1,0,1,1,1,1,230271,'',0,0,0,'','','','','','','','','','','','','','','b07c78eeb05ce107',1,0,0),(73,0,2,'00000000006xv29nwg\ni1cjyo000000\nqlc4pi000000\nqlc4pi000000\nqlc4pjzhb2tc\nqlc4pi000000',0,'10.1.39.115',1348746310,'particle.mania','particle.mania','$H$9ON6uix.VDi7BBPGd/6MQFMAUkyByF0',1348746310,0,'particle.mania@gmail.com',62036749724,'',1348910589,1348746310,1348907536,'viewtopic.php?f=5&t=50','',0,0,0,0,0,0,12,'en','5.50',0,'D M d, Y g:i a',1,0,'',1,1,1348827350,0,-3,0,0,'t','d',0,'t','a',0,1,0,1,1,1,1,230271,'',0,0,0,'','','','','','','','','','','','','','','b6db0afcc81747e1',0,0,0),(74,0,2,'',0,'10.2.12.92',1348746635,'euler_dif','euler_dif','$H$9wQWxW6UiHXhbHgerygw7J5lKYqdaa/',1348746635,0,'maharshi91@gmail.com',160867349420,'',0,1348746635,0,'','',0,0,0,0,0,0,0,'en','5.50',0,'D M d, Y g:i a',1,0,'',0,0,0,0,-3,0,0,'t','d',0,'t','a',0,1,0,1,1,1,1,230271,'',0,0,0,'','','','','','','','','','','','','','','24e3d748cf5aa59d',1,0,0),(75,0,2,'',0,'10.1.40.158',1348748773,'normaluser','normaluser','$H$9.8Sq5Jre9bGdny4J6dlHkNYl6Jp6A1',1348748773,0,'random@gmail.com',187105992216,'',1348748822,1348748773,0,'','',0,0,0,0,0,0,0,'en','5.50',0,'D M d, Y g:i a',1,0,'',0,0,0,0,-3,0,0,'t','d',0,'t','a',0,1,0,1,1,1,1,230271,'',0,0,0,'','','','','','','','','','','','','','','3f55c53e718e6048',1,0,0),(110,0,2,'',0,'10.1.36.72',1348898754,'jvashrith','jvashrith','$H$9OFjsBQkAWg5jlXC1ze44WExPWV2Xb/',1348898754,0,'jvashrith@gmail.com',274038843319,'',0,1348898754,0,'','',0,0,0,0,0,0,0,'en','5.50',0,'D M d, Y g:i a',6,0,'',0,0,0,0,-3,0,0,'t','d',0,'t','a',0,1,0,1,1,1,1,230271,'',0,0,0,'','','','','','','','','','','','','','','07cb9a743344acaa',1,0,0),(109,0,2,'',0,'10.1.39.14',1348869179,'realsteel','realsteel','$H$9R5tRTni4fSsPsnMB.P2cUKdG1EtyT1',1348869179,0,'bharat.jain@students.iiit.ac.in',184785556131,'',1348874057,1348869179,1348870430,'viewforum.php?f=5','',1348870157,0,0,0,0,0,2,'en','5.50',0,'D M d, Y g:i a',6,0,'',0,0,0,0,-3,0,0,'t','d',0,'t','a',0,1,0,1,1,1,1,230271,'',0,0,0,'','','','','','','','','','','','','','','2dd8e787bed0ee59',1,0,0),(81,0,2,'',0,'10.1.39.78',1348757184,'neel','neel','$H$9Mvk1qv2XxefhNepENHw6A4jiRAnRp1',1348757184,0,'neel.bommisetty@students.iiit.ac.in',320913089635,'',1348757661,1348757184,0,'viewforum.php?f=3','35KMYMD5CE',0,0,0,0,0,0,0,'en','5.50',0,'D M d, Y g:i a',1,0,'',0,0,0,0,-3,0,0,'t','d',0,'t','a',0,1,0,1,1,1,1,230271,'',0,0,0,'','','','','','','','','','','','','','','f084d7da5acaefbf',1,0,0),(82,0,2,'',0,'10.1.97.123',1348768569,'rocks','rocks','$H$9x8G1syhzeYfDYpPuPbKcdtrhfIa4s/',1348768569,0,'arpitaraj.gupta@students.iiit.ac.in',316491470235,'',1348768611,1348768569,0,'viewtopic.php?f=3&t=5','',0,0,0,1,0,0,0,'en','5.50',0,'D M d, Y g:i a',1,0,'',0,0,0,0,-3,0,0,'t','d',0,'t','a',0,1,0,1,1,1,1,230271,'',0,0,0,'','','','','','','','','','','','','','','373b000a4d092b64',1,0,0),(83,0,2,'00000000006xv29nwg\ni1cjyo000000\nqlc4pi000000\nqlc4pi000000\nqlc4pi000000\nqlc4pi000000',0,'10.1.40.206',1348770086,'DAWULF','dawulf','$H$9MYhYoEzEY41HMgzP0WusjoLNrHxec.',1348770086,0,'darshitsingh.sarna@students.iiit.ac.in',383528974738,'',1348927157,1348770086,1348918496,'viewtopic.php?f=3&t=54','',1348771142,0,0,0,0,0,5,'en','5.50',0,'D M d, Y g:i a',1,0,'',0,0,0,0,-3,0,0,'t','d',0,'t','a',0,1,0,1,1,1,1,230271,'',0,0,0,'','','','','','','','','','','','','','','0c2fc193ff71e6a0',0,0,0),(86,0,2,'',0,'10.1.33.223',1348813253,'full_tandoori','full_tandoori','$H$93jalJbkttCURPOP.FmOBzOa1u83rB.',1348813253,0,'anujbal.gadhave@students.iiit.ac.in',254402919535,'',0,1348813253,0,'','',0,0,0,0,0,0,0,'en','5.50',0,'D M d, Y g:i a',6,0,'',0,0,0,0,-3,0,0,'t','d',0,'t','a',0,1,0,1,1,1,1,230271,'',0,0,0,'','','','','','','','','','','','','','','b7c99ee6e43bde2c',1,0,0),(84,0,2,'',0,'10.1.34.179',1348771752,'bhant','bhant','$H$9yP/SpnCXwahFUZIyI6BGBGyp5j4rT1',1348771752,0,'kaveeshd_rokz@yahoo.com',162107012823,'',1348797244,1348771752,1348771777,'viewtopic.php?f=2&t=15','',0,0,0,0,0,0,1,'en','5.50',0,'D M d, Y g:i a',1,0,'',0,0,0,0,-3,0,0,'t','d',0,'t','a',0,1,0,1,1,1,1,230271,'',0,0,0,'','','','','','','','','','','','','','','f102bc2dc29013ef',1,0,0),(85,0,2,'',0,'10.1.39.142',1348788921,'hellboy2k8','hellboy2k8','$H$9uOKoPLU.CPatHrNCL5n3NHB8Jbmmn1',1348788921,0,'shailrishabh@gmail.com',136803830122,'',1348791518,1348788921,0,'index.php','',0,0,0,0,0,0,0,'en','5.50',0,'D M d, Y g:i a',6,0,'',0,0,0,0,-3,0,0,'t','d',0,'t','a',0,1,0,1,1,1,1,230271,'',0,0,0,'','','','','','','','','','','','','','','2446ea575d02e892',1,0,0),(87,0,2,'',0,'10.1.36.72',1348818820,'Umang','umang','$H$9DK59XAXjqUjfpchsR8dtTxwTeUAVY1',1348818820,0,'umange@gmail.com',12675050416,'',1348818847,1348818820,0,'index.php','',0,0,0,0,0,0,0,'en','5.50',0,'D M d, Y g:i a',6,0,'',0,0,0,0,-3,0,0,'t','d',0,'t','a',0,1,0,1,1,1,1,230271,'',0,0,0,'','','','','','','','','','','','','','','c165816a43822099',1,0,0),(88,0,2,'00000000006xrqeiww\ni1cjyo000000\nqlc4pi000000\nqlc4pi000000\nqlc4pi000000\nqlc4pi000000',0,'10.1.39.223',1348820420,'CRON','cron','$H$91DTeVqFWDcjQH8kg7lwiDM5Inwf6L0',1348820420,0,'sharadgpt01@gmail.com',36162464721,'',1348891142,1348820420,1348888905,'viewforum.php?f=5','',0,0,0,0,0,0,1,'en','5.50',0,'D M d, Y g:i a',6,0,'',0,0,0,0,-3,0,0,'t','d',0,'t','a',0,1,0,1,1,1,1,230271,'',0,0,0,'','','','','','','','','','','','','','','3f4a1db3faaec43f',1,0,0),(89,0,2,'00000000006xrqeiww\ni1cjyo000000\nqlc4pi000000\nqlc4pi000000\nqlc4pi000000\nqlc4pi000000',0,'10.1.40.26',1348820561,'ran','ran','$H$9fqTktddKUNdY/AwdDpK9nfE4mZSdS0',1348820561,0,'nssranganath.vidyamsetti@students.iiit.ac.in',66383743244,'',1348907530,1348820561,0,'','',0,0,0,0,0,0,0,'en','5.50',0,'D M d, Y g:i a',6,0,'',0,0,0,0,-3,0,0,'t','d',0,'t','a',0,1,0,1,1,1,1,230271,'',0,0,0,'','','','','','','','','','','','','','','54208054032b1f79',1,0,0),(90,0,2,'',0,'10.1.39.207',1348820571,'wrumf','wrumf','$H$97Hji6H.Eo3iW7nHcf22et21eVsVO4/',1348820571,0,'mayankrocks.1993@gmail.com',264797732526,'',1348862634,1348820571,0,'viewtopic.php?f=5&t=28','',0,0,0,0,0,0,0,'en','5.50',0,'D M d, Y g:i a',6,0,'',0,0,0,0,-3,0,0,'t','d',0,'t','a',0,1,0,1,1,1,1,230271,'',0,0,0,'','','','','','','','','','','','','','','177616005d84818e',1,0,0),(91,0,2,'',0,'10.1.98.204',1348821858,'sam1','sam1','$H$9ae0UATw/p.Y8fIqCFyadEZLb3744e0',1348821858,0,'rishikareddyar4@gmail.com',247070691325,'',1348821986,1348821858,0,'viewforum.php','',0,0,0,0,0,0,0,'en','5.50',0,'D M d, Y g:i a',6,0,'',0,0,0,0,-3,0,0,'t','d',0,'t','a',0,1,0,1,1,1,1,230271,'',0,0,0,'','','','','','','','','','','','','','','58cd28c01a75aa39',1,0,0),(92,0,2,'00000000006xrqeiww\ni1cjyo000000\nqlc4pi000000\nqlc4pi000000\nqlc4pi000000\nqlc4pi000000',0,'10.1.40.132',1348824777,'rocko','rocko','$H$9CTtrHvYGHb0Z9BHBW7rWk92B.QB5e0',1348824777,0,'aman.j@students.iiit.ac.in',62021579526,'',1348932851,1348824777,1348914461,'viewtopic.php?f=2&t=36','',1348824932,0,0,0,0,0,2,'en','5.50',0,'D M d, Y g:i a',6,0,'',0,0,0,0,-3,0,0,'t','d',0,'t','a',0,1,0,1,1,1,1,230271,'',0,0,0,'','','','','','','','','','','','','','','b569e85de4fbe09e',1,0,0),(93,0,2,'00000000006xv29nwg\ni1cjyo000000\nqlc4pi000000\nqlc4pi000000\nqlc4pi000000\nqlc4pi000000',0,'10.1.39.109',1348828179,'student','student','$H$9q/dcVo5c.OoYQCzoUI5pHoJABL8GB/',1348828179,0,'siddharth.sinha@students.iiit.ac.in',330726445735,'',1348946225,1348828179,1348946209,'viewtopic.php?f=5&t=58','',0,0,0,0,0,0,4,'en','5.50',0,'D M d, Y g:i a',6,0,'',0,0,0,0,-3,0,0,'t','d',0,'t','a',0,1,0,1,1,1,1,230271,'',0,0,0,'','','','','','','','','','','','','','','023b64af15846dd3',0,0,0),(94,0,2,'00000000006xrqeiww\ni1cjyo000000\nqlc4pi000000\nqlc4pi000000\nqlc4pi000000\nqlc4pi000000',0,'10.1.40.46',1348828370,'_|_ar','__ar','$H$9qZYIGPgon1rcw0GBO6uzyoJorVY5g.',1348828370,0,'shantanu.patil@students.iiit.ac.in',47353480734,'',1348987361,1348828370,0,'viewforum.php?f=4','',0,0,0,0,0,0,0,'en','5.50',0,'D M d, Y g:i a',6,0,'',0,0,0,0,-3,0,0,'t','d',0,'t','a',0,1,0,1,1,1,1,230271,'',0,0,0,'','','','','','','','','','','','','','','e1ffb09c45dd5bcd',1,0,0),(95,0,2,'',0,'10.1.40.171',1348829257,'lahori','lahori','$H$9tGKagWLfPKbFSykzBb5s1b3hHa/IU.',1348829257,0,'jayesh.lahori@students.iiit.ac.in',82727008433,'',1348829336,1348829257,1348829314,'','',0,0,0,4,0,0,1,'en','5.50',0,'D M d, Y g:i a',6,0,'',0,0,0,0,-3,0,0,'t','d',0,'t','a',0,1,0,1,1,1,1,230271,'',0,0,0,'','','','','','','','','','','','','','','2a57befe7ae26e77',1,0,0),(107,0,2,'',0,'10.1.35.70',1348864254,'VanHohenheim','vanhohenheim','$H$9p/s7G5tq1kkgLCJ9jKR5moEx1DvnR/',1348864254,0,'philosophersstone@mailinator.com',384090267532,'',1348864448,1348864254,0,'viewtopic.php?f=4&t=23','',1348864416,0,0,0,0,0,0,'en','5.50',0,'D M d, Y g:i a',6,0,'',0,0,0,0,-3,0,0,'t','d',0,'t','a',0,1,0,1,1,1,1,230271,'',0,0,0,'','','','','','','','','','','','','','','307eb1be51068508',1,0,0),(96,0,2,'',0,'10.1.39.188',1348831455,'dreamrulez07','dreamrulez07','$H$9LCD/daxqCTZxCFHaQG5UHUWHr6OaC.',1348831455,0,'dreamrulez.07@gmail.com',414578487623,'',1348831696,1348831455,1348831561,'viewforum.php?f=2','',0,0,0,0,0,0,0,'en','5.50',0,'D M d, Y g:i a',6,0,'',0,0,0,0,-3,0,0,'t','d',0,'t','a',0,1,0,1,1,1,1,230271,'',0,0,0,'','','','','','','','','','','','','','','9b69391b0b3fb74a',1,0,0),(111,0,2,'',0,'10.1.36.177',1348905278,'leo','leo','$H$9VRqGpXanLaYQ91rRYFaqw/AgIa5pC0',1348905278,0,'rohg26@gmail.com',105212450916,'',0,1348905278,0,'','',0,0,0,1,0,0,0,'en','5.50',0,'D M d, Y g:i a',6,0,'',0,0,0,0,-3,0,0,'t','d',0,'t','a',0,1,0,1,1,1,1,230271,'',0,0,0,'','','','','','','','','','','','','','','a2932defb15c8e9d',1,0,0),(97,0,2,'',0,'10.1.36.68',1348834188,'mohanty','mohanty','$H$9JDHQsGjWbPq9FKP3ivfCPk0hu0dI.1',1348834188,0,'spmohanty91@gmail.com',422612610021,'',1348834203,1348834188,0,'posting.php?mode=reply&f=2&t=1','',0,0,0,1,0,0,0,'en','5.50',0,'D M d, Y g:i a',6,0,'',0,0,0,0,-3,0,0,'t','d',0,'t','a',0,1,0,1,1,1,1,230271,'',0,0,0,'','','','','','','','','','','','','','','75b2966c8047efb1',1,0,0),(98,0,2,'00000000006xrqeiww\ni1cjyo000000\nqlc4pi000000\nqlc4pi000000\nqlc4pi000000\nqlc4pi000000',0,'10.1.97.238',1348836179,'nityatiwari','nityatiwari','$H$9/KDi6zQTnBLMclAIQPrK7aidlaLIa1',1348836179,0,'nitya.tiwari.18@gmail.com',214304523325,'',1348944279,1348836179,0,'viewforum.php?f=3','',0,0,0,0,0,0,0,'en','5.50',0,'D M d, Y g:i a',6,0,'',0,0,0,0,-3,0,0,'t','d',0,'t','a',0,1,0,1,1,1,1,230271,'',0,0,0,'','','','','','','','','','','','','','','bb785a8d94b44112',1,0,0),(99,0,2,'',0,'10.1.34.43',1348840321,'phinfinity','phinfinity','$H$9pTYDQbrVghTAsxGAA9jeGSKncQBLH.',1348840321,0,'anish.shankar@students.iiit.ac.in',217848870933,'',1348845038,1348840321,0,'index.php','',0,0,0,0,0,0,0,'en','5.50',0,'D M d, Y g:i a',6,0,'',0,0,0,0,-3,0,0,'t','d',0,'t','a',0,1,0,1,1,1,1,230271,'',0,0,0,'','','','','','','','','','','','','','','655e7350ce27c4fa',1,0,0),(100,0,2,'',0,'10.3.9.117',1348845666,'hack_it','hack_it','$H$9AyeVZzoid6Iq06BLRk5HxrbkYyZEH1',1348845666,0,'sarvesh.mahajan@students.iiit.ac.in',260976180235,'',1348845988,1348845666,0,'ucp.php?mode=confirm&confirm_id=5952c81253f2f9f9d45dcc19ce75a905&type=1','',1348845768,0,0,0,0,0,0,'en','5.50',0,'D M d, Y g:i a',6,0,'',0,0,0,0,-3,0,0,'t','d',0,'t','a',0,1,0,1,1,1,1,230271,'',0,0,0,'','','','','','','','','','','','','','','4c58206e44c0ab75',1,0,0),(101,0,2,'',0,'10.1.97.169',1348848279,'BUZZ','buzz','$H$9kE2S6WN7H8YtuqPa03x4Oh9fyI0Ed.',1348848279,0,'venessatauro@yahoo.com',137440331122,'',1348848333,1348848279,1348848330,'viewtopic.php?f=3&t=18&p=48','',0,0,0,3,0,0,1,'en','5.50',0,'D M d, Y g:i a',6,0,'',0,0,0,0,-3,0,0,'t','d',0,'t','a',0,1,0,1,1,1,1,230271,'',0,0,0,'','','','','','','','','','','','','','','ccfcf00eb2b3f771',1,0,0),(102,0,2,'',0,'10.1.33.95',1348850323,'dlp','dlp','$H$94dfwR1.GIot1Uwo6ahdBg5G412xKb/',1348850323,0,'devaram.reddy@students.iiit.ac.in',71858637233,'',1348850364,1348850323,0,'viewtopic.php?f=3&t=5','',0,0,0,0,0,0,0,'en','5.50',0,'D M d, Y g:i a',6,0,'',0,0,0,0,-3,0,0,'t','d',0,'t','a',0,1,0,1,1,1,1,230271,'',0,0,0,'','','','','','','','','','','','','','','57a18712776188ae',1,0,0),(103,0,2,'',0,'10.1.98.239',1348850645,'qwert','qwert','$H$9S.nyucVTZDFv1rEpI.og6mbO8PYX9/',1348850645,0,'savypopuri@gmail.com',51996717820,'',1348850802,1348850645,0,'memberlist.php?mode=group&g=8','',0,0,0,0,0,0,0,'en','5.50',0,'D M d, Y g:i a',6,0,'',0,0,0,0,-3,0,0,'t','d',0,'t','a',0,1,0,1,1,1,1,230271,'',0,0,0,'','','','','','','','','','','','','','','ccd28cf2894dd874',1,0,0),(108,0,2,'',0,'10.1.40.53',1348865825,'hardy','hardy','$H$9lSClAthI63p74sQAhXMmL3kD9rm2V0',1348865825,0,'hardhikm@gmail.com',187176035918,'',1348866414,1348865825,0,'','',0,0,0,0,0,0,0,'en','5.50',0,'D M d, Y g:i a',6,0,'',0,0,0,0,-3,0,0,'t','d',0,'t','a',0,1,0,1,1,1,1,230271,'',0,0,0,'','','','','','','','','','','','','','','d996798ac98ec207',1,0,0),(104,0,2,'',0,'10.1.36.72',1348851487,'oldmonk','oldmonk','$H$98RXd6LU0kaomnAY5z9dxhqnEQHRTy/',1348851487,0,'oldschoolburke@gmail.com',115215894724,'',0,1348851487,0,'','',0,0,0,0,0,0,0,'en','5.50',0,'D M d, Y g:i a',6,0,'',0,0,0,0,-3,0,0,'t','d',0,'t','a',0,1,0,1,1,1,1,230271,'',0,0,0,'','','','','','','','','','','','','','','99c40b2c8273df20',1,0,0),(106,0,2,'00000000006xv29nwg\ni1cjyo000000\nqlc4pi000000\nqlc4pi000000\nqlc4pi000000\nqlc4pj7u6j28',0,'10.1.40.158',1348860449,'gangwar','gangwar','$H$9fnqt9zQyJqAlV5LG3teXTez7CwqkD.',1348860449,0,'gangwar@gmail.com',404999930517,'',1348969748,1348860449,1349016305,'index.php','',0,0,0,0,0,0,39,'en','5.50',0,'D M d, Y g:i a',6,0,'',0,0,1348969748,0,-3,0,0,'t','d',0,'t','a',0,1,0,1,1,1,1,230271,'',0,0,0,'','','','','','','','','','','','','','','1a639f51b552f70d',0,0,0),(112,0,2,'00000000006xv29nwg\ni1cjyo000000\nqlc4pi000000\nqlc4pi000000\nqlc4pi000000\nqlc4pi000000',0,'10.1.35.35',1348905459,'Orion','orion','$H$9LJkxY/BdvasszRL7yErXEXAJxm2jZ0',1348905459,0,'maheshwarinamra17@gmail.com',329308229227,'',1348991791,1348905459,1348990660,'viewforum.php?f=5','',0,0,0,0,0,0,16,'en','5.50',0,'D M d, Y g:i a',6,0,'',0,0,0,0,-3,0,0,'t','d',0,'t','a',0,1,0,1,1,1,1,230271,'',0,0,0,'','','','','','','','','','','','','','','e13924ee00ad5647',0,0,0),(113,0,2,'00000000006xrqeiww\ni1cjyo000000\nqlc4pi000000\nqlc4pi000000\nqlc4pi000000\nqlc4pi000000',0,'10.1.36.177',1348906287,'leo1','leo1','$H$9V48.LSkMq.Pzn/N3qGmYZ0TNx751n1',1348906287,0,'rohan.g@students.iiit.ac.in',242165905727,'',1348911206,1348906287,1348906624,'viewtopic.php?f=5&t=51','',0,0,0,0,0,0,1,'en','5.50',0,'D M d, Y g:i a',6,0,'',0,0,0,0,-3,0,0,'t','d',0,'t','a',0,1,0,1,1,1,1,230271,'',0,0,0,'','','','','','','','','','','','','','','3a55d2368d1b9fb0',1,0,0),(114,0,2,'00000000006xv29nwg\ni1cjyo000000\nqlc4pi000000\nqlc4pi000000\nqlc4pi000000\nqlc4pi000000',0,'10.1.35.35',1348910062,'user','user','$H$9YuCFenHTAzU2JGeyhYm1bGxjTIES41',1348910062,0,'troy.saddy416@gmail.com',130738048123,'',1348930283,1348910062,1348930040,'','',0,0,0,0,0,0,4,'en','5.50',0,'D M d, Y g:i a',6,0,'',0,0,0,0,-3,0,0,'t','d',0,'t','a',0,1,0,1,1,1,1,230271,'',0,0,0,'','','','','','','','','','','','','','','102e20bce0993192',0,0,0),(115,0,2,'00000000006xrqeiww\ni1cjyo000000\nqlc4pi000000\nqlc4pi000000\nqlc4pi000000\nqlc4pi000000',0,'10.1.34.36',1348913613,'hmmmm','hmmmm','$H$9bJ7xRyFeHdWh7mlXgPxzwzRs8X7G.0',1348913613,0,'hmm@gmail.com',51261535313,'',1348916319,1348913613,1348913679,'index.php','',0,0,0,0,0,0,1,'en','5.50',0,'D M d, Y g:i a',6,0,'',0,0,0,0,-3,0,0,'t','d',0,'t','a',0,1,0,1,1,1,1,230271,'',0,0,0,'','','','','','','','','','','','','','','8e3f93b02676d1d6',1,0,0),(116,0,2,'00000000006xv29nwg\ni1cjyo000000\nqlc4pi000000\nqlc4pi000000\nqlc4pi000000\nqlc4pi000000',0,'10.1.40.179',1348914038,'psr','psr','$H$9Ru4zlg8jUondAy5vQHtGJq74mAEaV0',1348914038,0,'phanisriram.pothukuchi@students.iiit.ac.in',373188743542,'',1348988356,1348914038,1349008762,'index.php','',0,0,0,0,0,0,20,'en','5.50',0,'D M d, Y g:i a',6,0,'',1,1,1348988356,0,-3,0,0,'t','d',0,'t','a',0,1,0,1,1,1,1,230271,'',0,0,0,'','','','','','','','','','','','','','','0aa6958532ff5acf',0,0,0),(118,0,2,'00000000006xrqeiww\ni1cjyo000000\nqlc4pi000000\nqlc4pi000000\nqlc4pi000000\nqlc4pi000000',0,'10.1.40.62',1348923896,'jayeshlahori','jayeshlahori','$H$9w1xi5eBPVY4U1wb9KdS4wplpolrJR1',1348923896,0,'jayesh.lahori.11.8.92@gmail.com',202026972631,'',1348992480,1348923896,1349010919,'viewforum.php?f=3','',0,0,0,0,0,0,1,'en','5.50',0,'D M d, Y g:i a',6,0,'',0,0,0,0,-3,0,0,'t','d',0,'t','a',0,1,0,1,1,1,1,230271,'',0,0,0,'','','','','','','','','','','','','','','3dd8f7916b2fb99f',1,0,0),(117,0,2,'',0,'10.1.39.23',1348920133,'johndoe','johndoe','$H$9B7TgGD.MgMjEXOn14b5Q2ldb21TQ7/',1348920133,0,'pallav.shah@students.iiit.ac.in',425767902031,'',0,1348920133,0,'','',0,0,0,0,0,0,0,'en','5.50',0,'D M d, Y g:i a',6,0,'',0,0,0,0,-3,0,0,'t','d',0,'t','a',0,1,0,1,1,1,1,230271,'',0,0,0,'','','','','','','','','','','','','','','14ae5a7f10d975d9',1,0,0),(119,0,2,'00000000006xrqeiww\ni1cjyo000000\nqlc4pi000000\nqlc4pi000000\nqlc4pi000000\nqlc4pi000000',0,'10.1.35.35',1348927442,'term','term','$H$9CsKRwcJyxRkNPrlPLSaF1GToqwb3r1',1348927442,0,'troy.saddy418@gmail.com',53025997523,'',1348928490,1348927442,1348928147,'','',0,0,0,0,0,0,2,'en','5.50',0,'D M d, Y g:i a',6,0,'',0,0,0,0,-3,0,0,'t','d',0,'t','a',0,1,0,1,1,1,1,230271,'',0,0,0,'','','','','','','','','','','','','','','2afb522ef2482bc1',1,0,0),(120,0,2,'00000000006xrqeiww\ni1cjyo000000\nqlc4pi000000\nqlc4pi000000\nqlc4pi000000\nqlc4pi000000',0,'10.1.130.129',1348934867,'divyam','divyam','$H$9CTQn2p1Eu/cqWxKZ1hpY5EOFD9tfL.',1348934867,0,'divyam.virmani@students.iiit.ac.in',128258632334,'',1348934985,1348934867,0,'ucp.php','',0,0,0,0,0,0,0,'en','5.50',0,'D M d, Y g:i a',6,0,'',0,0,0,0,-3,0,0,'t','d',0,'t','a',0,1,0,1,1,1,1,230271,'',0,0,0,'','','','','','','','','','','','','','','9c4af1e6629e7003',1,0,0),(123,0,2,'00000000006xrqeiww\ni1cjyo000000\nqlc4pi000000\nqlc4pi000000\nqlc4pi000000\nqlc4pi000000',0,'10.1.40.222',1348972901,'tgfb','tgfb','$H$9XYGLpZWLij4dBKZJndzlr3AwtLngS1',1348972901,0,'rishav.goyal@students.iiit.ac.in',396902034732,'',1348972941,1348972901,0,'viewtopic.php?f=3&t=5','',0,0,0,0,0,0,0,'en','5.50',0,'D M d, Y g:i a',6,0,'',0,0,0,0,-3,0,0,'t','d',0,'t','a',0,1,0,1,1,1,1,230271,'',0,0,0,'','','','','','','','','','','','','','','a9da4c3a7a3ceced',1,0,0),(121,0,2,'',0,'10.1.34.139',1348936366,'C_Studio','c_studio','$H$9iWEsh3PVlwg3jlC4I/uNiQEcvhtzt1',1348936366,0,'aabidazeem@gmail.com',200702358020,'',0,1348936366,0,'','',0,0,0,3,0,0,0,'en','5.50',0,'D M d, Y g:i a',6,0,'',0,0,0,0,-3,0,0,'t','d',0,'t','a',0,1,0,1,1,1,1,230271,'',0,0,0,'','','','','','','','','','','','','','','f81f2d9344a22115',1,0,0),(122,0,2,'00000000006xrqeiww\ni1cjyo000000\nqlc4pi000000\nqlc4pi000000\nqlc4pi000000\nqlc4pi000000',0,'10.1.98.162',1348939671,'novak','novak','$H$9UvKxRWwMrlSdCvLMYfxi7WF.gXRj4.',1348939671,0,'madhuri114@gmail.com',374881722620,'',1348940675,1348939671,1348939785,'viewtopic.php?f=3&t=57','',0,0,0,0,0,0,1,'en','5.50',0,'D M d, Y g:i a',6,0,'',0,0,0,0,-3,0,0,'t','d',0,'t','a',0,1,0,1,1,1,1,230271,'',0,0,0,'','','','','','','','','','','','','','','d5915e32b0e1abd7',1,0,0),(125,0,2,'00000000006xrqeiww\ni1cjyo000000\nqlc4pi000000\nqlc4pi000000\nqlc4pi000000\nqlc4pi000000',0,'10.1.36.90',1348983645,'zauberstab','zauberstab','$H$92BiIYrXi0Ift0Tx23FwIlmaI8FPSK1',1348983645,0,'mohammedmoizilyasalam@yahoo.in',73734293030,'',1348991879,1348983645,0,'viewtopic.php?f=5&t=55&start=10','',0,0,0,0,0,0,0,'en','5.50',0,'D M d, Y g:i a',6,0,'',0,0,0,0,-3,0,0,'t','d',0,'t','a',0,1,0,1,1,1,1,230271,'',0,0,0,'','','','','','','','','','','','','','','4885db91395e99b8',1,0,0),(124,0,2,'00000000006xrqeiww\ni1cjyo000000\nqlc4pi000000\nqlc4pi000000\nqlc4pi000000\nqlc4pi000000',0,'10.1.38.54',1348980182,'cooladdy','cooladdy','$H$9xHNNfzvqvIvcHVS1s7Jha1rJkBUDp0',1348980182,0,'aditya.jain@students.iiit.ac.in',383703439331,'',1348983178,1348980182,0,'viewforum.php?f=2','',0,0,0,0,0,0,0,'en','5.50',0,'D M d, Y g:i a',6,0,'',0,0,0,0,-3,0,0,'t','d',0,'t','a',0,1,0,1,1,1,1,230271,'',0,0,0,'','','','','','','','','','','','','','','7db0ee364fd15d28',1,0,0),(126,0,2,'00000000006xrqeiww\ni1cjyo000000\nqlc4pi000000\nqlc4pi000000\nqlc4pi000000\nqlc4pi000000',0,'10.1.40.223',1348990743,'HELLBOY','hellboy','$H$9d6II8BArx/r/gFztl9m2l6sdCRc7v1',1348990743,0,'nkhlbhandari09@gmail.com',325368532224,'',1348990761,1348990743,0,'ucp.php','',0,0,0,0,0,0,0,'en','5.50',0,'D M d, Y g:i a',6,0,'',0,0,0,0,-3,0,0,'t','d',0,'t','a',0,1,0,1,1,1,1,230271,'',0,0,0,'','','','','','','','','','','','','','','5c70a81b7f7e5824',1,0,0),(127,0,2,'00000000006xrqeiww\ni1cjyo000000\nqlc4pi000000\nqlc4pi000000\nqlc4pi000000\nqlc4pi000000',0,'10.1.36.90',1349011617,'iamback','iamback','$H$94Jt8m/acOGjhlOev3.LWh08dyi2MT1',1349011617,0,'moiziliyas.alam@gmail.com',121495558025,'',0,1349011617,1349011714,'','',0,0,0,0,0,0,1,'en','5.50',0,'D M d, Y g:i a',6,0,'',0,0,0,0,-3,0,0,'t','d',0,'t','a',0,1,0,1,1,1,1,230271,'',0,0,0,'','','','','','','','','','','','','','','e0a64e3261f85c98',1,0,0),(128,0,2,'00000000006xrqeiww\ni1cjyo000000\nqlc4pi000000\nqlc4pi000000\nqlc4pi000000\nqlc4pi000000',0,'10.1.39.166',1349011794,'dhoom','dhoom','$H$9ocbxztYnVLzXbItOYeJ.ySHNCmhAO/',1349011794,0,'rishav.garg33@gmail.com',210286257423,'',1349013206,1349011794,1349011981,'','',0,0,0,0,0,0,1,'en','5.50',0,'D M d, Y g:i a',6,0,'',0,0,0,0,-3,0,0,'t','d',0,'t','a',0,1,0,1,1,1,1,230271,'',0,0,0,'','','','','','','','','','','','','','','4becec6da813ac8b',1,0,0);
/*!40000 ALTER TABLE `phpbb_users` ENABLE KEYS */;
UNLOCK TABLES;

--
-- Table structure for table `phpbb_warnings`
--

DROP TABLE IF EXISTS `phpbb_warnings`;
/*!40101 SET @saved_cs_client     = @@character_set_client */;
/*!40101 SET character_set_client = utf8 */;
CREATE TABLE `phpbb_warnings` (
  `warning_id` mediumint(8) unsigned NOT NULL AUTO_INCREMENT,
  `user_id` mediumint(8) unsigned NOT NULL DEFAULT '0',
  `post_id` mediumint(8) unsigned NOT NULL DEFAULT '0',
  `log_id` mediumint(8) unsigned NOT NULL DEFAULT '0',
  `warning_time` int(11) unsigned NOT NULL DEFAULT '0',
  PRIMARY KEY (`warning_id`)
) ENGINE=MyISAM AUTO_INCREMENT=3 DEFAULT CHARSET=utf8 COLLATE=utf8_bin;
/*!40101 SET character_set_client = @saved_cs_client */;

--
-- Dumping data for table `phpbb_warnings`
--

LOCK TABLES `phpbb_warnings` WRITE;
/*!40000 ALTER TABLE `phpbb_warnings` DISABLE KEYS */;
INSERT INTO `phpbb_warnings` VALUES (1,76,22,66,1348750514),(2,76,8,73,1348751252);
/*!40000 ALTER TABLE `phpbb_warnings` ENABLE KEYS */;
UNLOCK TABLES;

--
-- Table structure for table `phpbb_words`
--

DROP TABLE IF EXISTS `phpbb_words`;
/*!40101 SET @saved_cs_client     = @@character_set_client */;
/*!40101 SET character_set_client = utf8 */;
CREATE TABLE `phpbb_words` (
  `word_id` mediumint(8) unsigned NOT NULL AUTO_INCREMENT,
  `word` varchar(255) COLLATE utf8_bin NOT NULL DEFAULT '',
  `replacement` varchar(255) COLLATE utf8_bin NOT NULL DEFAULT '',
  PRIMARY KEY (`word_id`)
) ENGINE=MyISAM DEFAULT CHARSET=utf8 COLLATE=utf8_bin;
/*!40101 SET character_set_client = @saved_cs_client */;

--
-- Dumping data for table `phpbb_words`
--

LOCK TABLES `phpbb_words` WRITE;
/*!40000 ALTER TABLE `phpbb_words` DISABLE KEYS */;
/*!40000 ALTER TABLE `phpbb_words` ENABLE KEYS */;
UNLOCK TABLES;

--
-- Table structure for table `phpbb_zebra`
--

DROP TABLE IF EXISTS `phpbb_zebra`;
/*!40101 SET @saved_cs_client     = @@character_set_client */;
/*!40101 SET character_set_client = utf8 */;
CREATE TABLE `phpbb_zebra` (
  `user_id` mediumint(8) unsigned NOT NULL DEFAULT '0',
  `zebra_id` mediumint(8) unsigned NOT NULL DEFAULT '0',
  `friend` tinyint(1) unsigned NOT NULL DEFAULT '0',
  `foe` tinyint(1) unsigned NOT NULL DEFAULT '0',
  PRIMARY KEY (`user_id`,`zebra_id`)
) ENGINE=MyISAM DEFAULT CHARSET=utf8 COLLATE=utf8_bin;
/*!40101 SET character_set_client = @saved_cs_client */;

--
-- Dumping data for table `phpbb_zebra`
--

LOCK TABLES `phpbb_zebra` WRITE;
/*!40000 ALTER TABLE `phpbb_zebra` DISABLE KEYS */;
INSERT INTO `phpbb_zebra` VALUES (122,57,1,0);
/*!40000 ALTER TABLE `phpbb_zebra` ENABLE KEYS */;
UNLOCK TABLES;

--
-- Table structure for table `register`
--

DROP TABLE IF EXISTS `register`;
/*!40101 SET @saved_cs_client     = @@character_set_client */;
/*!40101 SET character_set_client = utf8 */;
CREATE TABLE `register` (
  `nickname` varchar(15) COLLATE utf8_bin NOT NULL,
  `email_id` varchar(30) COLLATE utf8_bin NOT NULL,
  `password` varchar(65) COLLATE utf8_bin NOT NULL,
  PRIMARY KEY (`nickname`),
  UNIQUE KEY `email_id` (`email_id`)
) ENGINE=InnoDB DEFAULT CHARSET=utf8 COLLATE=utf8_bin;
/*!40101 SET character_set_client = @saved_cs_client */;

--
-- Dumping data for table `register`
--

LOCK TABLES `register` WRITE;
/*!40000 ALTER TABLE `register` DISABLE KEYS */;
INSERT INTO `register` VALUES ('03_gr8WrkAdmins','Hi@gmail.com','e6e3be2d833cdf5d9d4c7bc2f85cd098'),('05_gr8WrkAdmins','6P@gmail.com','e6e3be2d833cdf5d9d4c7bc2f85cd098'),('09_gr8WrkAdmins','40@gmail.com','e6e3be2d833cdf5d9d4c7bc2f85cd098'),('0E_gr8WrkAdmins','0y@gmail.com','e6e3be2d833cdf5d9d4c7bc2f85cd098'),('0G_gr8WrkAdmins','Ou@gmail.com','e6e3be2d833cdf5d9d4c7bc2f85cd098'),('0I_gr8WrkAdmins','uW@gmail.com','e6e3be2d833cdf5d9d4c7bc2f85cd098'),('0I_hackinWasFun','Fb@gmail.com','e6e3be2d833cdf5d9d4c7bc2f85cd098'),('0J_hackinWasFun','d6@gmail.com','e6e3be2d833cdf5d9d4c7bc2f85cd098'),('0L_gr8WrkAdmins','lQ@gmail.com','e6e3be2d833cdf5d9d4c7bc2f85cd098'),('0O_gr8WrkAdmins','eq@gmail.com','e6e3be2d833cdf5d9d4c7bc2f85cd098'),('0R_hackinWasFun','ho@gmail.com','e6e3be2d833cdf5d9d4c7bc2f85cd098'),('0S_gr8WrkAdmins','AC@gmail.com','e6e3be2d833cdf5d9d4c7bc2f85cd098'),('0W_hackinWasFun','Lq@gmail.com','e6e3be2d833cdf5d9d4c7bc2f85cd098'),('0Z_hackinWasFun','xC@gmail.com','e6e3be2d833cdf5d9d4c7bc2f85cd098'),('0a_hackinWasFun','Wz@gmail.com','e6e3be2d833cdf5d9d4c7bc2f85cd098'),('0c_gr8WrkAdmins','IX@gmail.com','e6e3be2d833cdf5d9d4c7bc2f85cd098'),('0d_gr8WrkAdmins','nB@gmail.com','e6e3be2d833cdf5d9d4c7bc2f85cd098'),('0d_hackinWasFun','C7@gmail.com','e6e3be2d833cdf5d9d4c7bc2f85cd098'),('0f_hackinWasFun','tY@gmail.com','e6e3be2d833cdf5d9d4c7bc2f85cd098'),('0h_gr8WrkAdmins','jk@gmail.com','e6e3be2d833cdf5d9d4c7bc2f85cd098'),('0r_gr8WrkAdmins','Xx@gmail.com','e6e3be2d833cdf5d9d4c7bc2f85cd098'),('0y_gr8WrkAdmins','YE@gmail.com','e6e3be2d833cdf5d9d4c7bc2f85cd098'),('0y_hackinWasFun','14@gmail.com','e6e3be2d833cdf5d9d4c7bc2f85cd098'),('10_gr8WrkAdmins','cv@gmail.com','e6e3be2d833cdf5d9d4c7bc2f85cd098'),('123123','123@123.com','4297f44b13955235245b2497399d7a93'),('12_hackinWasFun','xL@gmail.com','e6e3be2d833cdf5d9d4c7bc2f85cd098'),('13_gr8WrkAdmins','Dx@gmail.com','e6e3be2d833cdf5d9d4c7bc2f85cd098'),('17_gr8WrkAdmins','zJ@gmail.com','e6e3be2d833cdf5d9d4c7bc2f85cd098'),('17_hackinWasFun','kA@gmail.com','e6e3be2d833cdf5d9d4c7bc2f85cd098'),('1C_hackinWasFun','oW@gmail.com','e6e3be2d833cdf5d9d4c7bc2f85cd098'),('1D_gr8WrkAdmins','Hx@gmail.com','e6e3be2d833cdf5d9d4c7bc2f85cd098'),('1D_hackinWasFun','yo@gmail.com','e6e3be2d833cdf5d9d4c7bc2f85cd098'),('1F_hackinWasFun','Zl@gmail.com','e6e3be2d833cdf5d9d4c7bc2f85cd098'),('1G_gr8WrkAdmins','XQ@gmail.com','e6e3be2d833cdf5d9d4c7bc2f85cd098'),('1G_hackinWasFun','Kb@gmail.com','e6e3be2d833cdf5d9d4c7bc2f85cd098'),('1K_hackinWasFun','IJ@gmail.com','e6e3be2d833cdf5d9d4c7bc2f85cd098'),('1M_hackinWasFun','mq@gmail.com','e6e3be2d833cdf5d9d4c7bc2f85cd098'),('1N_gr8WrkAdmins','Sq@gmail.com','e6e3be2d833cdf5d9d4c7bc2f85cd098'),('1O_gr8WrkAdmins','tH@gmail.com','e6e3be2d833cdf5d9d4c7bc2f85cd098'),('1P_gr8WrkAdmins','DP@gmail.com','e6e3be2d833cdf5d9d4c7bc2f85cd098'),('1Q_hackinWasFun','jF@gmail.com','e6e3be2d833cdf5d9d4c7bc2f85cd098'),('1S_gr8WrkAdmins','Qz@gmail.com','e6e3be2d833cdf5d9d4c7bc2f85cd098'),('1T_gr8WrkAdmins','lj@gmail.com','e6e3be2d833cdf5d9d4c7bc2f85cd098'),('1T_hackinWasFun','Zq@gmail.com','e6e3be2d833cdf5d9d4c7bc2f85cd098'),('1W_hackinWasFun','3A@gmail.com','e6e3be2d833cdf5d9d4c7bc2f85cd098'),('1X_gr8WrkAdmins','o0@gmail.com','e6e3be2d833cdf5d9d4c7bc2f85cd098'),('1Y_gr8WrkAdmins','XJ@gmail.com','e6e3be2d833cdf5d9d4c7bc2f85cd098'),('1Z_gr8WrkAdmins','gr@gmail.com','e6e3be2d833cdf5d9d4c7bc2f85cd098'),('1Z_hackinWasFun','i1@gmail.com','e6e3be2d833cdf5d9d4c7bc2f85cd098'),('1d_hackinWasFun','nA@gmail.com','e6e3be2d833cdf5d9d4c7bc2f85cd098'),('1e_gr8WrkAdmins','FC@gmail.com','e6e3be2d833cdf5d9d4c7bc2f85cd098'),('1i_gr8WrkAdmins','Ak@gmail.com','e6e3be2d833cdf5d9d4c7bc2f85cd098'),('1l_gr8WrkAdmins','HW@gmail.com','e6e3be2d833cdf5d9d4c7bc2f85cd098'),('1l_hackinWasFun','5e@gmail.com','e6e3be2d833cdf5d9d4c7bc2f85cd098'),('1n_hackinWasFun','fI@gmail.com','e6e3be2d833cdf5d9d4c7bc2f85cd098'),('1p_hackinWasFun','IR@gmail.com','e6e3be2d833cdf5d9d4c7bc2f85cd098'),('1q_hackinWasFun','vf@gmail.com','e6e3be2d833cdf5d9d4c7bc2f85cd098'),('1t_hackinWasFun','Qb@gmail.com','e6e3be2d833cdf5d9d4c7bc2f85cd098'),('1w_hackinWasFun','Vr@gmail.com','e6e3be2d833cdf5d9d4c7bc2f85cd098'),('1y_hackinWasFun','h9@gmail.com','e6e3be2d833cdf5d9d4c7bc2f85cd098'),('1z_hackinWasFun','z3@gmail.com','e6e3be2d833cdf5d9d4c7bc2f85cd098'),('23_gr8WrkAdmins','hE@gmail.com','e6e3be2d833cdf5d9d4c7bc2f85cd098'),('23_hackinWasFun','fA@gmail.com','e6e3be2d833cdf5d9d4c7bc2f85cd098'),('28_hackinWasFun','8E@gmail.com','e6e3be2d833cdf5d9d4c7bc2f85cd098'),('29_hackinWasFun','Cn@gmail.com','e6e3be2d833cdf5d9d4c7bc2f85cd098'),('2A_hackinWasFun','OI@gmail.com','e6e3be2d833cdf5d9d4c7bc2f85cd098'),('2B_hackinWasFun','n3@gmail.com','e6e3be2d833cdf5d9d4c7bc2f85cd098'),('2F_gr8WrkAdmins','vk@gmail.com','e6e3be2d833cdf5d9d4c7bc2f85cd098'),('2I_hackinWasFun','Wg@gmail.com','e6e3be2d833cdf5d9d4c7bc2f85cd098'),('2J_gr8WrkAdmins','l0@gmail.com','e6e3be2d833cdf5d9d4c7bc2f85cd098'),('2K_gr8WrkAdmins','9H@gmail.com','e6e3be2d833cdf5d9d4c7bc2f85cd098'),('2L_hackinWasFun','pW@gmail.com','e6e3be2d833cdf5d9d4c7bc2f85cd098'),('2M_hackinWasFun','Q3@gmail.com','e6e3be2d833cdf5d9d4c7bc2f85cd098'),('2O_hackinWasFun','Zb@gmail.com','e6e3be2d833cdf5d9d4c7bc2f85cd098'),('2Q_hackinWasFun','rx@gmail.com','e6e3be2d833cdf5d9d4c7bc2f85cd098'),('2R_hackinWasFun','Pz@gmail.com','e6e3be2d833cdf5d9d4c7bc2f85cd098'),('2T_gr8WrkAdmins','c4@gmail.com','e6e3be2d833cdf5d9d4c7bc2f85cd098'),('2Z_gr8WrkAdmins','87@gmail.com','e6e3be2d833cdf5d9d4c7bc2f85cd098'),('2b_gr8WrkAdmins','jv@gmail.com','e6e3be2d833cdf5d9d4c7bc2f85cd098'),('2d_hackinWasFun','7X@gmail.com','e6e3be2d833cdf5d9d4c7bc2f85cd098'),('2e_hackinWasFun','OR@gmail.com','e6e3be2d833cdf5d9d4c7bc2f85cd098'),('2g_gr8WrkAdmins','ko@gmail.com','e6e3be2d833cdf5d9d4c7bc2f85cd098'),('2i_gr8WrkAdmins','ab@gmail.com','e6e3be2d833cdf5d9d4c7bc2f85cd098'),('2j_hackinWasFun','Kq@gmail.com','e6e3be2d833cdf5d9d4c7bc2f85cd098'),('2l_hackinWasFun','dW@gmail.com','e6e3be2d833cdf5d9d4c7bc2f85cd098'),('2m_gr8WrkAdmins','fv@gmail.com','e6e3be2d833cdf5d9d4c7bc2f85cd098'),('2o_hackinWasFun','wa@gmail.com','e6e3be2d833cdf5d9d4c7bc2f85cd098'),('2s_hackinWasFun','fa@gmail.com','e6e3be2d833cdf5d9d4c7bc2f85cd098'),('2w_gr8WrkAdmins','jB@gmail.com','e6e3be2d833cdf5d9d4c7bc2f85cd098'),('2x_hackinWasFun','oG@gmail.com','e6e3be2d833cdf5d9d4c7bc2f85cd098'),('2y_gr8WrkAdmins','uk@gmail.com','e6e3be2d833cdf5d9d4c7bc2f85cd098'),('2y_hackinWasFun','u1@gmail.com','e6e3be2d833cdf5d9d4c7bc2f85cd098'),('30_gr8WrkAdmins','JK@gmail.com','e6e3be2d833cdf5d9d4c7bc2f85cd098'),('31_gr8WrkAdmins','n2@gmail.com','e6e3be2d833cdf5d9d4c7bc2f85cd098'),('31_hackinWasFun','Ux@gmail.com','e6e3be2d833cdf5d9d4c7bc2f85cd098'),('34_gr8WrkAdmins','8L@gmail.com','e6e3be2d833cdf5d9d4c7bc2f85cd098'),('34_hackinWasFun','O6@gmail.com','e6e3be2d833cdf5d9d4c7bc2f85cd098'),('35_hackinWasFun','d9@gmail.com','e6e3be2d833cdf5d9d4c7bc2f85cd098'),('38_hackinWasFun','rz@gmail.com','e6e3be2d833cdf5d9d4c7bc2f85cd098'),('39_gr8WrkAdmins','gE@gmail.com','e6e3be2d833cdf5d9d4c7bc2f85cd098'),('3A_hackinWasFun','QP@gmail.com','e6e3be2d833cdf5d9d4c7bc2f85cd098'),('3C_hackinWasFun','wg@gmail.com','e6e3be2d833cdf5d9d4c7bc2f85cd098'),('3F_gr8WrkAdmins','8f@gmail.com','e6e3be2d833cdf5d9d4c7bc2f85cd098'),('3H_gr8WrkAdmins','96@gmail.com','e6e3be2d833cdf5d9d4c7bc2f85cd098'),('3I_gr8WrkAdmins','iV@gmail.com','e6e3be2d833cdf5d9d4c7bc2f85cd098'),('3L_hackinWasFun','wJ@gmail.com','e6e3be2d833cdf5d9d4c7bc2f85cd098'),('3N_gr8WrkAdmins','jg@gmail.com','e6e3be2d833cdf5d9d4c7bc2f85cd098'),('3O_gr8WrkAdmins','JV@gmail.com','e6e3be2d833cdf5d9d4c7bc2f85cd098'),('3P_hackinWasFun','Ik@gmail.com','e6e3be2d833cdf5d9d4c7bc2f85cd098'),('3T_hackinWasFun','zY@gmail.com','e6e3be2d833cdf5d9d4c7bc2f85cd098'),('3W_gr8WrkAdmins','XK@gmail.com','e6e3be2d833cdf5d9d4c7bc2f85cd098'),('3W_hackinWasFun','l1@gmail.com','e6e3be2d833cdf5d9d4c7bc2f85cd098'),('3b_gr8WrkAdmins','ET@gmail.com','e6e3be2d833cdf5d9d4c7bc2f85cd098'),('3g_gr8WrkAdmins','TH@gmail.com','e6e3be2d833cdf5d9d4c7bc2f85cd098'),('3i_hackinWasFun','ed@gmail.com','e6e3be2d833cdf5d9d4c7bc2f85cd098'),('3k_hackinWasFun','tV@gmail.com','e6e3be2d833cdf5d9d4c7bc2f85cd098'),('3l_hackinWasFun','Nq@gmail.com','e6e3be2d833cdf5d9d4c7bc2f85cd098'),('3n_gr8WrkAdmins','4f@gmail.com','e6e3be2d833cdf5d9d4c7bc2f85cd098'),('3p_gr8WrkAdmins','17@gmail.com','e6e3be2d833cdf5d9d4c7bc2f85cd098'),('3q_hackinWasFun','gz@gmail.com','e6e3be2d833cdf5d9d4c7bc2f85cd098'),('3r_gr8WrkAdmins','dA@gmail.com','e6e3be2d833cdf5d9d4c7bc2f85cd098'),('3u_hackinWasFun','od@gmail.com','e6e3be2d833cdf5d9d4c7bc2f85cd098'),('3v_hackinWasFun','6T@gmail.com','e6e3be2d833cdf5d9d4c7bc2f85cd098'),('3y_hackinWasFun','jE@gmail.com','e6e3be2d833cdf5d9d4c7bc2f85cd098'),('3z_gr8WrkAdmins','PN@gmail.com','e6e3be2d833cdf5d9d4c7bc2f85cd098'),('3z_hackinWasFun','Jq@gmail.com','e6e3be2d833cdf5d9d4c7bc2f85cd098'),('41_hackinWasFun','fg@gmail.com','e6e3be2d833cdf5d9d4c7bc2f85cd098'),('42_hackinWasFun','cC@gmail.com','e6e3be2d833cdf5d9d4c7bc2f85cd098'),('43_hackinWasFun','W3@gmail.com','e6e3be2d833cdf5d9d4c7bc2f85cd098'),('46_gr8WrkAdmins','lv@gmail.com','e6e3be2d833cdf5d9d4c7bc2f85cd098'),('47_hackinWasFun','xv@gmail.com','e6e3be2d833cdf5d9d4c7bc2f85cd098'),('48_gr8WrkAdmins','9X@gmail.com','e6e3be2d833cdf5d9d4c7bc2f85cd098'),('4A_hackinWasFun','ak@gmail.com','e6e3be2d833cdf5d9d4c7bc2f85cd098'),('4C_gr8WrkAdmins','Pj@gmail.com','e6e3be2d833cdf5d9d4c7bc2f85cd098'),('4D_gr8WrkAdmins','Qf@gmail.com','e6e3be2d833cdf5d9d4c7bc2f85cd098'),('4D_hackinWasFun','9V@gmail.com','e6e3be2d833cdf5d9d4c7bc2f85cd098'),('4E_gr8WrkAdmins','Go@gmail.com','e6e3be2d833cdf5d9d4c7bc2f85cd098'),('4E_hackinWasFun','yl@gmail.com','e6e3be2d833cdf5d9d4c7bc2f85cd098'),('4G_gr8WrkAdmins','Ru@gmail.com','e6e3be2d833cdf5d9d4c7bc2f85cd098'),('4G_hackinWasFun','91@gmail.com','e6e3be2d833cdf5d9d4c7bc2f85cd098'),('4J_gr8WrkAdmins','oU@gmail.com','e6e3be2d833cdf5d9d4c7bc2f85cd098'),('4L_hackinWasFun','g3@gmail.com','e6e3be2d833cdf5d9d4c7bc2f85cd098'),('4N_gr8WrkAdmins','7m@gmail.com','e6e3be2d833cdf5d9d4c7bc2f85cd098'),('4O_hackinWasFun','gB@gmail.com','e6e3be2d833cdf5d9d4c7bc2f85cd098'),('4Q_hackinWasFun','SL@gmail.com','e6e3be2d833cdf5d9d4c7bc2f85cd098'),('4U_hackinWasFun','ji@gmail.com','e6e3be2d833cdf5d9d4c7bc2f85cd098'),('4W_hackinWasFun','63@gmail.com','e6e3be2d833cdf5d9d4c7bc2f85cd098'),('4Y_gr8WrkAdmins','z9@gmail.com','e6e3be2d833cdf5d9d4c7bc2f85cd098'),('4Z_gr8WrkAdmins','gV@gmail.com','e6e3be2d833cdf5d9d4c7bc2f85cd098'),('4Z_hackinWasFun','TM@gmail.com','e6e3be2d833cdf5d9d4c7bc2f85cd098'),('4c_gr8WrkAdmins','jV@gmail.com','e6e3be2d833cdf5d9d4c7bc2f85cd098'),('4e_hackinWasFun','q9@gmail.com','e6e3be2d833cdf5d9d4c7bc2f85cd098'),('4h_gr8WrkAdmins','hO@gmail.com','e6e3be2d833cdf5d9d4c7bc2f85cd098'),('4j_hackinWasFun','ag@gmail.com','e6e3be2d833cdf5d9d4c7bc2f85cd098'),('4k_hackinWasFun','TU@gmail.com','e6e3be2d833cdf5d9d4c7bc2f85cd098'),('4l_gr8WrkAdmins','w4@gmail.com','e6e3be2d833cdf5d9d4c7bc2f85cd098'),('4m_hackinWasFun','82@gmail.com','e6e3be2d833cdf5d9d4c7bc2f85cd098'),('4n_gr8WrkAdmins','Gu@gmail.com','e6e3be2d833cdf5d9d4c7bc2f85cd098'),('4q_hackinWasFun','B8@gmail.com','e6e3be2d833cdf5d9d4c7bc2f85cd098'),('4r_hackinWasFun','lT@gmail.com','e6e3be2d833cdf5d9d4c7bc2f85cd098'),('4u_gr8WrkAdmins','rb@gmail.com','e6e3be2d833cdf5d9d4c7bc2f85cd098'),('4w_hackinWasFun','r4@gmail.com','e6e3be2d833cdf5d9d4c7bc2f85cd098'),('4x_gr8WrkAdmins','cB@gmail.com','e6e3be2d833cdf5d9d4c7bc2f85cd098'),('50_gr8WrkAdmins','mM@gmail.com','e6e3be2d833cdf5d9d4c7bc2f85cd098'),('53_gr8WrkAdmins','7Z@gmail.com','e6e3be2d833cdf5d9d4c7bc2f85cd098'),('53_hackinWasFun','Fc@gmail.com','e6e3be2d833cdf5d9d4c7bc2f85cd098'),('56_gr8WrkAdmins','e0@gmail.com','e6e3be2d833cdf5d9d4c7bc2f85cd098'),('57_gr8WrkAdmins','vX@gmail.com','e6e3be2d833cdf5d9d4c7bc2f85cd098'),('5B_hackinWasFun','at@gmail.com','e6e3be2d833cdf5d9d4c7bc2f85cd098'),('5D_hackinWasFun','lY@gmail.com','e6e3be2d833cdf5d9d4c7bc2f85cd098'),('5G_hackinWasFun','yw@gmail.com','e6e3be2d833cdf5d9d4c7bc2f85cd098'),('5I_gr8WrkAdmins','90@gmail.com','e6e3be2d833cdf5d9d4c7bc2f85cd098'),('5J_gr8WrkAdmins','ZL@gmail.com','e6e3be2d833cdf5d9d4c7bc2f85cd098'),('5K_hackinWasFun','qz@gmail.com','e6e3be2d833cdf5d9d4c7bc2f85cd098'),('5P_gr8WrkAdmins','D3@gmail.com','e6e3be2d833cdf5d9d4c7bc2f85cd098'),('5S_hackinWasFun','ud@gmail.com','e6e3be2d833cdf5d9d4c7bc2f85cd098'),('5U_gr8WrkAdmins','gN@gmail.com','e6e3be2d833cdf5d9d4c7bc2f85cd098'),('5V_hackinWasFun','el@gmail.com','e6e3be2d833cdf5d9d4c7bc2f85cd098'),('5W_gr8WrkAdmins','rj@gmail.com','e6e3be2d833cdf5d9d4c7bc2f85cd098'),('5X_hackinWasFun','TT@gmail.com','e6e3be2d833cdf5d9d4c7bc2f85cd098'),('5Y_gr8WrkAdmins','Wk@gmail.com','e6e3be2d833cdf5d9d4c7bc2f85cd098'),('5Z_gr8WrkAdmins','cM@gmail.com','e6e3be2d833cdf5d9d4c7bc2f85cd098'),('5b_gr8WrkAdmins','dm@gmail.com','e6e3be2d833cdf5d9d4c7bc2f85cd098'),('5d_gr8WrkAdmins','wU@gmail.com','e6e3be2d833cdf5d9d4c7bc2f85cd098'),('5e_gr8WrkAdmins','ch@gmail.com','e6e3be2d833cdf5d9d4c7bc2f85cd098'),('5g_gr8WrkAdmins','Tr@gmail.com','e6e3be2d833cdf5d9d4c7bc2f85cd098'),('5j_hackinWasFun','6i@gmail.com','e6e3be2d833cdf5d9d4c7bc2f85cd098'),('5l_gr8WrkAdmins','7G@gmail.com','e6e3be2d833cdf5d9d4c7bc2f85cd098'),('5m_hackinWasFun','A5@gmail.com','e6e3be2d833cdf5d9d4c7bc2f85cd098'),('5n_gr8WrkAdmins','e7@gmail.com','e6e3be2d833cdf5d9d4c7bc2f85cd098'),('5o_gr8WrkAdmins','WG@gmail.com','e6e3be2d833cdf5d9d4c7bc2f85cd098'),('5u_hackinWasFun','Qu@gmail.com','e6e3be2d833cdf5d9d4c7bc2f85cd098'),('5y_hackinWasFun','he@gmail.com','e6e3be2d833cdf5d9d4c7bc2f85cd098'),('5z_gr8WrkAdmins','T9@gmail.com','e6e3be2d833cdf5d9d4c7bc2f85cd098'),('61_hackinWasFun','Tt@gmail.com','e6e3be2d833cdf5d9d4c7bc2f85cd098'),('62_hackinWasFun','tx@gmail.com','e6e3be2d833cdf5d9d4c7bc2f85cd098'),('63_hackinWasFun','qo@gmail.com','e6e3be2d833cdf5d9d4c7bc2f85cd098'),('66_hackinWasFun','fH@gmail.com','e6e3be2d833cdf5d9d4c7bc2f85cd098'),('67_gr8WrkAdmins','4W@gmail.com','e6e3be2d833cdf5d9d4c7bc2f85cd098'),('69datasuresh','iiit.ac.in','e6e3be2d833cdf5d9d4c7bc2f85cd098'),('6A_gr8WrkAdmins','kg@gmail.com','e6e3be2d833cdf5d9d4c7bc2f85cd098'),('6C_gr8WrkAdmins','OX@gmail.com','e6e3be2d833cdf5d9d4c7bc2f85cd098'),('6D_hackinWasFun','4i@gmail.com','e6e3be2d833cdf5d9d4c7bc2f85cd098'),('6E_gr8WrkAdmins','vT@gmail.com','e6e3be2d833cdf5d9d4c7bc2f85cd098'),('6E_hackinWasFun','zg@gmail.com','e6e3be2d833cdf5d9d4c7bc2f85cd098'),('6H_hackinWasFun','gu@gmail.com','e6e3be2d833cdf5d9d4c7bc2f85cd098'),('6I_hackinWasFun','6C@gmail.com','e6e3be2d833cdf5d9d4c7bc2f85cd098'),('6M_hackinWasFun','rB@gmail.com','e6e3be2d833cdf5d9d4c7bc2f85cd098'),('6N_hackinWasFun','z2@gmail.com','e6e3be2d833cdf5d9d4c7bc2f85cd098'),('6P_gr8WrkAdmins','9K@gmail.com','e6e3be2d833cdf5d9d4c7bc2f85cd098'),('6Q_hackinWasFun','7M@gmail.com','e6e3be2d833cdf5d9d4c7bc2f85cd098'),('6S_hackinWasFun','Tv@gmail.com','e6e3be2d833cdf5d9d4c7bc2f85cd098'),('6U_hackinWasFun','dg@gmail.com','e6e3be2d833cdf5d9d4c7bc2f85cd098'),('6V_gr8WrkAdmins','9r@gmail.com','e6e3be2d833cdf5d9d4c7bc2f85cd098'),('6b_gr8WrkAdmins','Ua@gmail.com','e6e3be2d833cdf5d9d4c7bc2f85cd098'),('6g_gr8WrkAdmins','BM@gmail.com','e6e3be2d833cdf5d9d4c7bc2f85cd098'),('6i_hackinWasFun','jA@gmail.com','e6e3be2d833cdf5d9d4c7bc2f85cd098'),('6j_gr8WrkAdmins','D6@gmail.com','e6e3be2d833cdf5d9d4c7bc2f85cd098'),('6m_hackinWasFun','OC@gmail.com','e6e3be2d833cdf5d9d4c7bc2f85cd098'),('6q_gr8WrkAdmins','hv@gmail.com','e6e3be2d833cdf5d9d4c7bc2f85cd098'),('6u_hackinWasFun','Wh@gmail.com','e6e3be2d833cdf5d9d4c7bc2f85cd098'),('6v_gr8WrkAdmins','q1@gmail.com','e6e3be2d833cdf5d9d4c7bc2f85cd098'),('6x_gr8WrkAdmins','mi@gmail.com','e6e3be2d833cdf5d9d4c7bc2f85cd098'),('6x_hackinWasFun','lx@gmail.com','e6e3be2d833cdf5d9d4c7bc2f85cd098'),('6z_gr8WrkAdmins','s7@gmail.com','e6e3be2d833cdf5d9d4c7bc2f85cd098'),('75_gr8WrkAdmins','I6@gmail.com','e6e3be2d833cdf5d9d4c7bc2f85cd098'),('76_hackinWasFun','pV@gmail.com','e6e3be2d833cdf5d9d4c7bc2f85cd098'),('7A_gr8WrkAdmins','aE@gmail.com','e6e3be2d833cdf5d9d4c7bc2f85cd098'),('7B_gr8WrkAdmins','jy@gmail.com','e6e3be2d833cdf5d9d4c7bc2f85cd098'),('7D_hackinWasFun','Ok@gmail.com','e6e3be2d833cdf5d9d4c7bc2f85cd098'),('7H_hackinWasFun','lO@gmail.com','e6e3be2d833cdf5d9d4c7bc2f85cd098'),('7I_hackinWasFun','V7@gmail.com','e6e3be2d833cdf5d9d4c7bc2f85cd098'),('7Q_gr8WrkAdmins','g6@gmail.com','e6e3be2d833cdf5d9d4c7bc2f85cd098'),('7R_gr8WrkAdmins','MX@gmail.com','e6e3be2d833cdf5d9d4c7bc2f85cd098'),('7T_gr8WrkAdmins','vz@gmail.com','e6e3be2d833cdf5d9d4c7bc2f85cd098'),('7V_hackinWasFun','jZ@gmail.com','e6e3be2d833cdf5d9d4c7bc2f85cd098'),('7X_gr8WrkAdmins','9P@gmail.com','e6e3be2d833cdf5d9d4c7bc2f85cd098'),('7a_gr8WrkAdmins','T7@gmail.com','e6e3be2d833cdf5d9d4c7bc2f85cd098'),('7a_hackinWasFun','lq@gmail.com','e6e3be2d833cdf5d9d4c7bc2f85cd098'),('7c_gr8WrkAdmins','lD@gmail.com','e6e3be2d833cdf5d9d4c7bc2f85cd098'),('7e_gr8WrkAdmins','HQ@gmail.com','e6e3be2d833cdf5d9d4c7bc2f85cd098'),('7f_gr8WrkAdmins','5C@gmail.com','e6e3be2d833cdf5d9d4c7bc2f85cd098'),('7g_gr8WrkAdmins','6k@gmail.com','e6e3be2d833cdf5d9d4c7bc2f85cd098'),('7l_hackinWasFun','ct@gmail.com','e6e3be2d833cdf5d9d4c7bc2f85cd098'),('7m_gr8WrkAdmins','b8@gmail.com','e6e3be2d833cdf5d9d4c7bc2f85cd098'),('7n_hackinWasFun','sl@gmail.com','e6e3be2d833cdf5d9d4c7bc2f85cd098'),('7o_gr8WrkAdmins','1H@gmail.com','e6e3be2d833cdf5d9d4c7bc2f85cd098'),('7q_gr8WrkAdmins','hL@gmail.com','e6e3be2d833cdf5d9d4c7bc2f85cd098'),('7q_hackinWasFun','2j@gmail.com','e6e3be2d833cdf5d9d4c7bc2f85cd098'),('7r_hackinWasFun','Vb@gmail.com','e6e3be2d833cdf5d9d4c7bc2f85cd098'),('7s_hackinWasFun','aU@gmail.com','e6e3be2d833cdf5d9d4c7bc2f85cd098'),('7w_hackinWasFun','qD@gmail.com','e6e3be2d833cdf5d9d4c7bc2f85cd098'),('82_hackinWasFun','c9@gmail.com','e6e3be2d833cdf5d9d4c7bc2f85cd098'),('83_hackinWasFun','ny@gmail.com','e6e3be2d833cdf5d9d4c7bc2f85cd098'),('85_gr8WrkAdmins','tw@gmail.com','e6e3be2d833cdf5d9d4c7bc2f85cd098'),('85_hackinWasFun','7I@gmail.com','e6e3be2d833cdf5d9d4c7bc2f85cd098'),('88_gr8WrkAdmins','zO@gmail.com','e6e3be2d833cdf5d9d4c7bc2f85cd098'),('88_hackinWasFun','qW@gmail.com','e6e3be2d833cdf5d9d4c7bc2f85cd098'),('8A_hackinWasFun','Cb@gmail.com','e6e3be2d833cdf5d9d4c7bc2f85cd098'),('8D_gr8WrkAdmins','fY@gmail.com','e6e3be2d833cdf5d9d4c7bc2f85cd098'),('8F_hackinWasFun','G4@gmail.com','e6e3be2d833cdf5d9d4c7bc2f85cd098'),('8G_gr8WrkAdmins','Kr@gmail.com','e6e3be2d833cdf5d9d4c7bc2f85cd098'),('8J_gr8WrkAdmins','fi@gmail.com','e6e3be2d833cdf5d9d4c7bc2f85cd098'),('8K_gr8WrkAdmins','Q1@gmail.com','e6e3be2d833cdf5d9d4c7bc2f85cd098'),('8M_gr8WrkAdmins','WE@gmail.com','e6e3be2d833cdf5d9d4c7bc2f85cd098'),('8S_gr8WrkAdmins','kb@gmail.com','e6e3be2d833cdf5d9d4c7bc2f85cd098'),('8U_gr8WrkAdmins','Li@gmail.com','e6e3be2d833cdf5d9d4c7bc2f85cd098'),('8U_hackinWasFun','p6@gmail.com','e6e3be2d833cdf5d9d4c7bc2f85cd098'),('8V_hackinWasFun','2J@gmail.com','e6e3be2d833cdf5d9d4c7bc2f85cd098'),('8X_gr8WrkAdmins','O1@gmail.com','e6e3be2d833cdf5d9d4c7bc2f85cd098'),('8Y_gr8WrkAdmins','C9@gmail.com','e6e3be2d833cdf5d9d4c7bc2f85cd098'),('8Z_gr8WrkAdmins','7f@gmail.com','e6e3be2d833cdf5d9d4c7bc2f85cd098'),('8c_gr8WrkAdmins','BD@gmail.com','e6e3be2d833cdf5d9d4c7bc2f85cd098'),('8d_hackinWasFun','sj@gmail.com','e6e3be2d833cdf5d9d4c7bc2f85cd098'),('8e_hackinWasFun','WS@gmail.com','e6e3be2d833cdf5d9d4c7bc2f85cd098'),('8f_hackinWasFun','zf@gmail.com','e6e3be2d833cdf5d9d4c7bc2f85cd098'),('8h_hackinWasFun','wl@gmail.com','e6e3be2d833cdf5d9d4c7bc2f85cd098'),('8j_hackinWasFun','cu@gmail.com','e6e3be2d833cdf5d9d4c7bc2f85cd098'),('8k_hackinWasFun','Kt@gmail.com','e6e3be2d833cdf5d9d4c7bc2f85cd098'),('8l_hackinWasFun','LP@gmail.com','e6e3be2d833cdf5d9d4c7bc2f85cd098'),('8n_gr8WrkAdmins','uc@gmail.com','e6e3be2d833cdf5d9d4c7bc2f85cd098'),('8o_gr8WrkAdmins','Dg@gmail.com','e6e3be2d833cdf5d9d4c7bc2f85cd098'),('8o_hackinWasFun','oa@gmail.com','e6e3be2d833cdf5d9d4c7bc2f85cd098'),('8p_gr8WrkAdmins','Yy@gmail.com','e6e3be2d833cdf5d9d4c7bc2f85cd098'),('8p_hackinWasFun','YD@gmail.com','e6e3be2d833cdf5d9d4c7bc2f85cd098'),('8s_hackinWasFun','IA@gmail.com','e6e3be2d833cdf5d9d4c7bc2f85cd098'),('8v_gr8WrkAdmins','KB@gmail.com','e6e3be2d833cdf5d9d4c7bc2f85cd098'),('8x_gr8WrkAdmins','11@gmail.com','e6e3be2d833cdf5d9d4c7bc2f85cd098'),('8y_gr8WrkAdmins','Z9@gmail.com','e6e3be2d833cdf5d9d4c7bc2f85cd098'),('8y_hackinWasFun','r8@gmail.com','e6e3be2d833cdf5d9d4c7bc2f85cd098'),('8z_gr8WrkAdmins','Ot@gmail.com','e6e3be2d833cdf5d9d4c7bc2f85cd098'),('91_hackinWasFun','jP@gmail.com','e6e3be2d833cdf5d9d4c7bc2f85cd098'),('94_gr8WrkAdmins','b0@gmail.com','e6e3be2d833cdf5d9d4c7bc2f85cd098'),('96_gr8WrkAdmins','tm@gmail.com','e6e3be2d833cdf5d9d4c7bc2f85cd098'),('97_gr8WrkAdmins','1R@gmail.com','e6e3be2d833cdf5d9d4c7bc2f85cd098'),('98_hackinWasFun','ry@gmail.com','e6e3be2d833cdf5d9d4c7bc2f85cd098'),('9D_hackinWasFun','gw@gmail.com','e6e3be2d833cdf5d9d4c7bc2f85cd098'),('9G_gr8WrkAdmins','Lr@gmail.com','e6e3be2d833cdf5d9d4c7bc2f85cd098'),('9G_hackinWasFun','ai@gmail.com','e6e3be2d833cdf5d9d4c7bc2f85cd098'),('9H_gr8WrkAdmins','zZ@gmail.com','e6e3be2d833cdf5d9d4c7bc2f85cd098'),('9I_gr8WrkAdmins','S7@gmail.com','e6e3be2d833cdf5d9d4c7bc2f85cd098'),('9K_gr8WrkAdmins','ei@gmail.com','e6e3be2d833cdf5d9d4c7bc2f85cd098'),('9N_hackinWasFun','X2@gmail.com','e6e3be2d833cdf5d9d4c7bc2f85cd098'),('9P_gr8WrkAdmins','3F@gmail.com','e6e3be2d833cdf5d9d4c7bc2f85cd098'),('9R_gr8WrkAdmins','as@gmail.com','e6e3be2d833cdf5d9d4c7bc2f85cd098'),('9X_hackinWasFun','g0@gmail.com','e6e3be2d833cdf5d9d4c7bc2f85cd098'),('9Y_gr8WrkAdmins','bk@gmail.com','e6e3be2d833cdf5d9d4c7bc2f85cd098'),('9e_hackinWasFun','jU@gmail.com','e6e3be2d833cdf5d9d4c7bc2f85cd098'),('9h_gr8WrkAdmins','lI@gmail.com','e6e3be2d833cdf5d9d4c7bc2f85cd098'),('9i_gr8WrkAdmins','eS@gmail.com','e6e3be2d833cdf5d9d4c7bc2f85cd098'),('9i_hackinWasFun','1K@gmail.com','e6e3be2d833cdf5d9d4c7bc2f85cd098'),('9j_hackinWasFun','ls@gmail.com','e6e3be2d833cdf5d9d4c7bc2f85cd098'),('9l_hackinWasFun','cx@gmail.com','e6e3be2d833cdf5d9d4c7bc2f85cd098'),('9m_gr8WrkAdmins','J3@gmail.com','e6e3be2d833cdf5d9d4c7bc2f85cd098'),('9o_gr8WrkAdmins','sV@gmail.com','e6e3be2d833cdf5d9d4c7bc2f85cd098'),('9p_gr8WrkAdmins','C1@gmail.com','e6e3be2d833cdf5d9d4c7bc2f85cd098'),('9p_hackinWasFun','n8@gmail.com','e6e3be2d833cdf5d9d4c7bc2f85cd098'),('9u_gr8WrkAdmins','my@gmail.com','e6e3be2d833cdf5d9d4c7bc2f85cd098'),('9x_gr8WrkAdmins','fT@gmail.com','e6e3be2d833cdf5d9d4c7bc2f85cd098'),('A0_gr8WrkAdmins','Ue@gmail.com','e6e3be2d833cdf5d9d4c7bc2f85cd098'),('A1_gr8WrkAdmins','vx@gmail.com','e6e3be2d833cdf5d9d4c7bc2f85cd098'),('A3_gr8WrkAdmins','3Y@gmail.com','e6e3be2d833cdf5d9d4c7bc2f85cd098'),('A6_gr8WrkAdmins','45@gmail.com','e6e3be2d833cdf5d9d4c7bc2f85cd098'),('A6_hackinWasFun','ue@gmail.com','e6e3be2d833cdf5d9d4c7bc2f85cd098'),('A7_hackinWasFun','kT@gmail.com','e6e3be2d833cdf5d9d4c7bc2f85cd098'),('A8_hackinWasFun','rQ@gmail.com','e6e3be2d833cdf5d9d4c7bc2f85cd098'),('AA_gr8WrkAdmins','nt@gmail.com','e6e3be2d833cdf5d9d4c7bc2f85cd098'),('AD_gr8WrkAdmins','YX@gmail.com','e6e3be2d833cdf5d9d4c7bc2f85cd098'),('AD_hackinWasFun','bw@gmail.com','e6e3be2d833cdf5d9d4c7bc2f85cd098'),('AG_gr8WrkAdmins','Xh@gmail.com','e6e3be2d833cdf5d9d4c7bc2f85cd098'),('AI_gr8WrkAdmins','mr@gmail.com','e6e3be2d833cdf5d9d4c7bc2f85cd098'),('AJ_gr8WrkAdmins','93@gmail.com','e6e3be2d833cdf5d9d4c7bc2f85cd098'),('AJ_hackinWasFun','UP@gmail.com','e6e3be2d833cdf5d9d4c7bc2f85cd098'),('AK_gr8WrkAdmins','Zw@gmail.com','e6e3be2d833cdf5d9d4c7bc2f85cd098'),('AL_hackinWasFun','xG@gmail.com','e6e3be2d833cdf5d9d4c7bc2f85cd098'),('AM_gr8WrkAdmins','Kk@gmail.com','e6e3be2d833cdf5d9d4c7bc2f85cd098'),('AN_hackinWasFun','f3@gmail.com','e6e3be2d833cdf5d9d4c7bc2f85cd098'),('AQ_gr8WrkAdmins','bH@gmail.com','e6e3be2d833cdf5d9d4c7bc2f85cd098'),('AUT','uttam.tammewar@students.iiit.a','5f4dcc3b5aa765d61d8327deb882cf99'),('AY_hackinWasFun','f1@gmail.com','e6e3be2d833cdf5d9d4c7bc2f85cd098'),('Aa_hackinWasFun','IP@gmail.com','e6e3be2d833cdf5d9d4c7bc2f85cd098'),('Ab_gr8WrkAdmins','lV@gmail.com','e6e3be2d833cdf5d9d4c7bc2f85cd098'),('Ab_hackinWasFun','Y5@gmail.com','e6e3be2d833cdf5d9d4c7bc2f85cd098'),('Ag_gr8WrkAdmins','JQ@gmail.com','e6e3be2d833cdf5d9d4c7bc2f85cd098'),('Aj_gr8WrkAdmins','kr@gmail.com','e6e3be2d833cdf5d9d4c7bc2f85cd098'),('Aj_hackinWasFun','Rm@gmail.com','e6e3be2d833cdf5d9d4c7bc2f85cd098'),('Ak_gr8WrkAdmins','TW@gmail.com','e6e3be2d833cdf5d9d4c7bc2f85cd098'),('Al_gr8WrkAdmins','Az@gmail.com','e6e3be2d833cdf5d9d4c7bc2f85cd098'),('AlenTuring','nitin.khandelwal@students.iiit','a722c63db8ec8625af6cf71cb8c2d939'),('An_gr8WrkAdmins','Nf@gmail.com','e6e3be2d833cdf5d9d4c7bc2f85cd098'),('An_hackinWasFun','yD@gmail.com','e6e3be2d833cdf5d9d4c7bc2f85cd098'),('Ao_hackinWasFun','ex@gmail.com','e6e3be2d833cdf5d9d4c7bc2f85cd098'),('Aq_gr8WrkAdmins','fF@gmail.com','e6e3be2d833cdf5d9d4c7bc2f85cd098'),('As_hackinWasFun','HK@gmail.com','e6e3be2d833cdf5d9d4c7bc2f85cd098'),('At_hackinWasFun','GN@gmail.com','e6e3be2d833cdf5d9d4c7bc2f85cd098'),('Av_hackinWasFun','qr@gmail.com','e6e3be2d833cdf5d9d4c7bc2f85cd098'),('Ax_hackinWasFun','Xg@gmail.com','e6e3be2d833cdf5d9d4c7bc2f85cd098'),('B0_gr8WrkAdmins','7l@gmail.com','e6e3be2d833cdf5d9d4c7bc2f85cd098'),('B0_hackinWasFun','8o@gmail.com','e6e3be2d833cdf5d9d4c7bc2f85cd098'),('B5_hackinWasFun','ht@gmail.com','e6e3be2d833cdf5d9d4c7bc2f85cd098'),('B7_gr8WrkAdmins','7t@gmail.com','e6e3be2d833cdf5d9d4c7bc2f85cd098'),('B8_gr8WrkAdmins','W5@gmail.com','e6e3be2d833cdf5d9d4c7bc2f85cd098'),('B9_hackinWasFun','kN@gmail.com','e6e3be2d833cdf5d9d4c7bc2f85cd098'),('BA_hackinWasFun','SR@gmail.com','e6e3be2d833cdf5d9d4c7bc2f85cd098'),('BD_hackinWasFun','Xt@gmail.com','e6e3be2d833cdf5d9d4c7bc2f85cd098'),('BF_gr8WrkAdmins','Oy@gmail.com','e6e3be2d833cdf5d9d4c7bc2f85cd098'),('BH_hackinWasFun','GD@gmail.com','e6e3be2d833cdf5d9d4c7bc2f85cd098'),('BI_gr8WrkAdmins','PG@gmail.com','e6e3be2d833cdf5d9d4c7bc2f85cd098'),('BK_gr8WrkAdmins','BO@gmail.com','e6e3be2d833cdf5d9d4c7bc2f85cd098'),('BM_gr8WrkAdmins','LZ@gmail.com','e6e3be2d833cdf5d9d4c7bc2f85cd098'),('BN_hackinWasFun','qX@gmail.com','e6e3be2d833cdf5d9d4c7bc2f85cd098'),('BP_gr8WrkAdmins','hn@gmail.com','e6e3be2d833cdf5d9d4c7bc2f85cd098'),('BP_hackinWasFun','Qd@gmail.com','e6e3be2d833cdf5d9d4c7bc2f85cd098'),('BS_gr8WrkAdmins','Sf@gmail.com','e6e3be2d833cdf5d9d4c7bc2f85cd098'),('BV_gr8WrkAdmins','VU@gmail.com','e6e3be2d833cdf5d9d4c7bc2f85cd098'),('BX_hackinWasFun','KJ@gmail.com','e6e3be2d833cdf5d9d4c7bc2f85cd098'),('BY_hackinWasFun','zD@gmail.com','e6e3be2d833cdf5d9d4c7bc2f85cd098'),('BZ_hackinWasFun','sh@gmail.com','e6e3be2d833cdf5d9d4c7bc2f85cd098'),('Bb_hackinWasFun','bp@gmail.com','e6e3be2d833cdf5d9d4c7bc2f85cd098'),('Bc_gr8WrkAdmins','8e@gmail.com','e6e3be2d833cdf5d9d4c7bc2f85cd098'),('Bd_gr8WrkAdmins','6e@gmail.com','e6e3be2d833cdf5d9d4c7bc2f85cd098'),('Bh_hackinWasFun','Di@gmail.com','e6e3be2d833cdf5d9d4c7bc2f85cd098'),('Bn_hackinWasFun','Ts@gmail.com','e6e3be2d833cdf5d9d4c7bc2f85cd098'),('Bo_hackinWasFun','Ee@gmail.com','e6e3be2d833cdf5d9d4c7bc2f85cd098'),('Bp_hackinWasFun','1O@gmail.com','e6e3be2d833cdf5d9d4c7bc2f85cd098'),('Br_gr8WrkAdmins','qs@gmail.com','e6e3be2d833cdf5d9d4c7bc2f85cd098'),('Br_hackinWasFun','gQ@gmail.com','e6e3be2d833cdf5d9d4c7bc2f85cd098'),('Bt_hackinWasFun','rP@gmail.com','e6e3be2d833cdf5d9d4c7bc2f85cd098'),('Bx_hackinWasFun','9n@gmail.com','e6e3be2d833cdf5d9d4c7bc2f85cd098'),('By_hackinWasFun','al@gmail.com','e6e3be2d833cdf5d9d4c7bc2f85cd098'),('C6_hackinWasFun','yf@gmail.com','e6e3be2d833cdf5d9d4c7bc2f85cd098'),('C7_gr8WrkAdmins','RA@gmail.com','e6e3be2d833cdf5d9d4c7bc2f85cd098'),('C7_hackinWasFun','Mt@gmail.com','e6e3be2d833cdf5d9d4c7bc2f85cd098'),('C8_gr8WrkAdmins','WT@gmail.com','e6e3be2d833cdf5d9d4c7bc2f85cd098'),('C9_gr8WrkAdmins','ZJ@gmail.com','e6e3be2d833cdf5d9d4c7bc2f85cd098'),('CB_hackinWasFun','yb@gmail.com','e6e3be2d833cdf5d9d4c7bc2f85cd098'),('CC_hackinWasFun','pE@gmail.com','e6e3be2d833cdf5d9d4c7bc2f85cd098'),('CD_hackinWasFun','5t@gmail.com','e6e3be2d833cdf5d9d4c7bc2f85cd098'),('CE_gr8WrkAdmins','PT@gmail.com','e6e3be2d833cdf5d9d4c7bc2f85cd098'),('CG_hackinWasFun','G6@gmail.com','e6e3be2d833cdf5d9d4c7bc2f85cd098'),('CH_gr8WrkAdmins','xm@gmail.com','e6e3be2d833cdf5d9d4c7bc2f85cd098'),('CH_hackinWasFun','YO@gmail.com','e6e3be2d833cdf5d9d4c7bc2f85cd098'),('CJ_gr8WrkAdmins','oC@gmail.com','e6e3be2d833cdf5d9d4c7bc2f85cd098'),('CK_gr8WrkAdmins','Yf@gmail.com','e6e3be2d833cdf5d9d4c7bc2f85cd098'),('CO_hackinWasFun','0Q@gmail.com','e6e3be2d833cdf5d9d4c7bc2f85cd098'),('CQ_gr8WrkAdmins','Fq@gmail.com','e6e3be2d833cdf5d9d4c7bc2f85cd098'),('CRON','sharadgpt01@gmail.com','2f63b25723572a057cdb91bd7b8f8067'),('CV_hackinWasFun','2Q@gmail.com','e6e3be2d833cdf5d9d4c7bc2f85cd098'),('CW_gr8WrkAdmins','yE@gmail.com','e6e3be2d833cdf5d9d4c7bc2f85cd098'),('CX_hackinWasFun','B2@gmail.com','e6e3be2d833cdf5d9d4c7bc2f85cd098'),('CZ_hackinWasFun','Km@gmail.com','e6e3be2d833cdf5d9d4c7bc2f85cd098'),('Cb_gr8WrkAdmins','xz@gmail.com','e6e3be2d833cdf5d9d4c7bc2f85cd098'),('Cc_gr8WrkAdmins','pQ@gmail.com','e6e3be2d833cdf5d9d4c7bc2f85cd098'),('Cc_hackinWasFun','xX@gmail.com','e6e3be2d833cdf5d9d4c7bc2f85cd098'),('Cd_hackinWasFun','F4@gmail.com','e6e3be2d833cdf5d9d4c7bc2f85cd098'),('Cf_gr8WrkAdmins','JH@gmail.com','e6e3be2d833cdf5d9d4c7bc2f85cd098'),('Cf_hackinWasFun','WC@gmail.com','e6e3be2d833cdf5d9d4c7bc2f85cd098'),('Cg_hackinWasFun','Hy@gmail.com','e6e3be2d833cdf5d9d4c7bc2f85cd098'),('Chronos','free.extraspeed@gmail.com','d8578edf8458ce06fbc5bb76a58c5ca4'),('Cj_hackinWasFun','GK@gmail.com','e6e3be2d833cdf5d9d4c7bc2f85cd098'),('Ck_gr8WrkAdmins','2w@gmail.com','e6e3be2d833cdf5d9d4c7bc2f85cd098'),('Cl_gr8WrkAdmins','9N@gmail.com','e6e3be2d833cdf5d9d4c7bc2f85cd098'),('Cler','saipraneeeth@gmail.com','585a32b10bf63cc329536ed8dbcb006a'),('Cp_gr8WrkAdmins','9w@gmail.com','e6e3be2d833cdf5d9d4c7bc2f85cd098'),('Cr_hackinWasFun','UU@gmail.com','e6e3be2d833cdf5d9d4c7bc2f85cd098'),('Crank17426','darkwiz.xp84@gmail.com','616ffba729c2aba0efeabc97820b3101'),('Ct_hackinWasFun','B0@gmail.com','e6e3be2d833cdf5d9d4c7bc2f85cd098'),('Cv_gr8WrkAdmins','JC@gmail.com','e6e3be2d833cdf5d9d4c7bc2f85cd098'),('Cx_gr8WrkAdmins','Ed@gmail.com','e6e3be2d833cdf5d9d4c7bc2f85cd098'),('Cz_hackinWasFun','q2@gmail.com','e6e3be2d833cdf5d9d4c7bc2f85cd098'),('D0_gr8WrkAdmins','6L@gmail.com','e6e3be2d833cdf5d9d4c7bc2f85cd098'),('D1_gr8WrkAdmins','Xl@gmail.com','e6e3be2d833cdf5d9d4c7bc2f85cd098'),('D2_hackinWasFun','Yp@gmail.com','e6e3be2d833cdf5d9d4c7bc2f85cd098'),('D6_gr8WrkAdmins','8k@gmail.com','e6e3be2d833cdf5d9d4c7bc2f85cd098'),('D7_hackinWasFun','vK@gmail.com','e6e3be2d833cdf5d9d4c7bc2f85cd098'),('D8_gr8WrkAdmins','9g@gmail.com','e6e3be2d833cdf5d9d4c7bc2f85cd098'),('D9_gr8WrkAdmins','oP@gmail.com','e6e3be2d833cdf5d9d4c7bc2f85cd098'),('DB_hackinWasFun','H9@gmail.com','e6e3be2d833cdf5d9d4c7bc2f85cd098'),('DC_gr8WrkAdmins','se@gmail.com','e6e3be2d833cdf5d9d4c7bc2f85cd098'),('DD_gr8WrkAdmins','YH@gmail.com','e6e3be2d833cdf5d9d4c7bc2f85cd098'),('DD_hackinWasFun','SO@gmail.com','e6e3be2d833cdf5d9d4c7bc2f85cd098'),('DF_gr8WrkAdmins','P9@gmail.com','e6e3be2d833cdf5d9d4c7bc2f85cd098'),('DG_gr8WrkAdmins','RV@gmail.com','e6e3be2d833cdf5d9d4c7bc2f85cd098'),('DH_gr8WrkAdmins','m4@gmail.com','e6e3be2d833cdf5d9d4c7bc2f85cd098'),('DI_gr8WrkAdmins','R1@gmail.com','e6e3be2d833cdf5d9d4c7bc2f85cd098'),('DI_hackinWasFun','Cs@gmail.com','e6e3be2d833cdf5d9d4c7bc2f85cd098'),('DK_gr8WrkAdmins','Mk@gmail.com','e6e3be2d833cdf5d9d4c7bc2f85cd098'),('DN_hackinWasFun','RE@gmail.com','e6e3be2d833cdf5d9d4c7bc2f85cd098'),('DRAKE1','drake1@gmail.com','f315c9d829e7400aa7aace329c8a2b05'),('DU_hackinWasFun','9t@gmail.com','e6e3be2d833cdf5d9d4c7bc2f85cd098'),('DW_gr8WrkAdmins','cS@gmail.com','e6e3be2d833cdf5d9d4c7bc2f85cd098'),('DX_hackinWasFun','qG@gmail.com','e6e3be2d833cdf5d9d4c7bc2f85cd098'),('DY_gr8WrkAdmins','6n@gmail.com','e6e3be2d833cdf5d9d4c7bc2f85cd098'),('Db_gr8WrkAdmins','Oi@gmail.com','e6e3be2d833cdf5d9d4c7bc2f85cd098'),('Db_hackinWasFun','Ac@gmail.com','e6e3be2d833cdf5d9d4c7bc2f85cd098'),('Dg_gr8WrkAdmins','60@gmail.com','e6e3be2d833cdf5d9d4c7bc2f85cd098'),('Di_hackinWasFun','Kl@gmail.com','e6e3be2d833cdf5d9d4c7bc2f85cd098'),('Dk_gr8WrkAdmins','gs@gmail.com','e6e3be2d833cdf5d9d4c7bc2f85cd098'),('Dl_gr8WrkAdmins','hp@gmail.com','e6e3be2d833cdf5d9d4c7bc2f85cd098'),('Dt_hackinWasFun','Sz@gmail.com','e6e3be2d833cdf5d9d4c7bc2f85cd098'),('Du_hackinWasFun','mO@gmail.com','e6e3be2d833cdf5d9d4c7bc2f85cd098'),('Dudeman','arvindmenon.94@gmail.com','a896cb694d34176bf9d0df916f620190'),('Dy_hackinWasFun','Dz@gmail.com','e6e3be2d833cdf5d9d4c7bc2f85cd098'),('Dz_hackinWasFun','mv@gmail.com','e6e3be2d833cdf5d9d4c7bc2f85cd098'),('E2_gr8WrkAdmins','0i@gmail.com','e6e3be2d833cdf5d9d4c7bc2f85cd098'),('E3_hackinWasFun','7p@gmail.com','e6e3be2d833cdf5d9d4c7bc2f85cd098'),('E4_hackinWasFun','4d@gmail.com','e6e3be2d833cdf5d9d4c7bc2f85cd098'),('EC_gr8WrkAdmins','bG@gmail.com','e6e3be2d833cdf5d9d4c7bc2f85cd098'),('EE_hackinWasFun','tN@gmail.com','e6e3be2d833cdf5d9d4c7bc2f85cd098'),('EF_hackinWasFun','9E@gmail.com','e6e3be2d833cdf5d9d4c7bc2f85cd098'),('EH_gr8WrkAdmins','ZG@gmail.com','e6e3be2d833cdf5d9d4c7bc2f85cd098'),('EK_gr8WrkAdmins','jL@gmail.com','e6e3be2d833cdf5d9d4c7bc2f85cd098'),('EL_hackinWasFun','I2@gmail.com','e6e3be2d833cdf5d9d4c7bc2f85cd098'),('ER_gr8WrkAdmins','rK@gmail.com','e6e3be2d833cdf5d9d4c7bc2f85cd098'),('ER_hackinWasFun','Ez@gmail.com','e6e3be2d833cdf5d9d4c7bc2f85cd098'),('EU_hackinWasFun','OQ@gmail.com','e6e3be2d833cdf5d9d4c7bc2f85cd098'),('Ea_hackinWasFun','GA@gmail.com','e6e3be2d833cdf5d9d4c7bc2f85cd098'),('Eb_gr8WrkAdmins','os@gmail.com','e6e3be2d833cdf5d9d4c7bc2f85cd098'),('Ed_gr8WrkAdmins','op@gmail.com','e6e3be2d833cdf5d9d4c7bc2f85cd098'),('Ed_hackinWasFun','H5@gmail.com','e6e3be2d833cdf5d9d4c7bc2f85cd098'),('Ee_gr8WrkAdmins','hg@gmail.com','e6e3be2d833cdf5d9d4c7bc2f85cd098'),('Eg_gr8WrkAdmins','XN@gmail.com','e6e3be2d833cdf5d9d4c7bc2f85cd098'),('Eg_hackinWasFun','n5@gmail.com','e6e3be2d833cdf5d9d4c7bc2f85cd098'),('Eh_gr8WrkAdmins','rf@gmail.com','e6e3be2d833cdf5d9d4c7bc2f85cd098'),('Ej_hackinWasFun','vM@gmail.com','e6e3be2d833cdf5d9d4c7bc2f85cd098'),('Em_gr8WrkAdmins','9k@gmail.com','e6e3be2d833cdf5d9d4c7bc2f85cd098'),('Eq_hackinWasFun','NC@gmail.com','e6e3be2d833cdf5d9d4c7bc2f85cd098'),('Ethan','troy.saddy416@gmail.com','e6e3be2d833cdf5d9d4c7bc2f85cd098'),('Eu_hackinWasFun','nL@gmail.com','e6e3be2d833cdf5d9d4c7bc2f85cd098'),('Ev_hackinWasFun','wC@gmail.com','e6e3be2d833cdf5d9d4c7bc2f85cd098'),('Ew_gr8WrkAdmins','Ep@gmail.com','e6e3be2d833cdf5d9d4c7bc2f85cd098'),('Ex_hackinWasFun','Gj@gmail.com','e6e3be2d833cdf5d9d4c7bc2f85cd098'),('Ey_hackinWasFun','xe@gmail.com','e6e3be2d833cdf5d9d4c7bc2f85cd098'),('Ez_hackinWasFun','4h@gmail.com','e6e3be2d833cdf5d9d4c7bc2f85cd098'),('F2_hackinWasFun','RU@gmail.com','e6e3be2d833cdf5d9d4c7bc2f85cd098'),('F3_gr8WrkAdmins','iu@gmail.com','e6e3be2d833cdf5d9d4c7bc2f85cd098'),('F9_gr8WrkAdmins','ra@gmail.com','e6e3be2d833cdf5d9d4c7bc2f85cd098'),('FC_hackinWasFun','54@gmail.com','e6e3be2d833cdf5d9d4c7bc2f85cd098'),('FP_hackinWasFun','Mw@gmail.com','e6e3be2d833cdf5d9d4c7bc2f85cd098'),('FR_gr8WrkAdmins','NM@gmail.com','e6e3be2d833cdf5d9d4c7bc2f85cd098'),('FU_gr8WrkAdmins','7d@gmail.com','e6e3be2d833cdf5d9d4c7bc2f85cd098'),('FX_gr8WrkAdmins','KP@gmail.com','e6e3be2d833cdf5d9d4c7bc2f85cd098'),('FY_gr8WrkAdmins','cZ@gmail.com','e6e3be2d833cdf5d9d4c7bc2f85cd098'),('FZ_hackinWasFun','Mb@gmail.com','e6e3be2d833cdf5d9d4c7bc2f85cd098'),('Fa_gr8WrkAdmins','y6@gmail.com','e6e3be2d833cdf5d9d4c7bc2f85cd098'),('Fb_gr8WrkAdmins','wF@gmail.com','e6e3be2d833cdf5d9d4c7bc2f85cd098'),('Fc_gr8WrkAdmins','wE@gmail.com','e6e3be2d833cdf5d9d4c7bc2f85cd098'),('Fc_hackinWasFun','VC@gmail.com','e6e3be2d833cdf5d9d4c7bc2f85cd098'),('Fd_gr8WrkAdmins','sz@gmail.com','e6e3be2d833cdf5d9d4c7bc2f85cd098'),('Fi_gr8WrkAdmins','DC@gmail.com','e6e3be2d833cdf5d9d4c7bc2f85cd098'),('Fj_gr8WrkAdmins','FW@gmail.com','e6e3be2d833cdf5d9d4c7bc2f85cd098'),('Fk_hackinWasFun','qy@gmail.com','e6e3be2d833cdf5d9d4c7bc2f85cd098'),('Fl_hackinWasFun','1P@gmail.com','e6e3be2d833cdf5d9d4c7bc2f85cd098'),('Fn_hackinWasFun','kV@gmail.com','e6e3be2d833cdf5d9d4c7bc2f85cd098'),('Fo_gr8WrkAdmins','bF@gmail.com','e6e3be2d833cdf5d9d4c7bc2f85cd098'),('Fo_hackinWasFun','1U@gmail.com','e6e3be2d833cdf5d9d4c7bc2f85cd098'),('Fr_hackinWasFun','qC@gmail.com','e6e3be2d833cdf5d9d4c7bc2f85cd098'),('Fs_hackinWasFun','dX@gmail.com','e6e3be2d833cdf5d9d4c7bc2f85cd098'),('Fv_hackinWasFun','MP@gmail.com','e6e3be2d833cdf5d9d4c7bc2f85cd098'),('Fz_hackinWasFun','zW@gmail.com','e6e3be2d833cdf5d9d4c7bc2f85cd098'),('G0_gr8WrkAdmins','Ss@gmail.com','e6e3be2d833cdf5d9d4c7bc2f85cd098'),('G1_hackinWasFun','bo@gmail.com','e6e3be2d833cdf5d9d4c7bc2f85cd098'),('G8_gr8WrkAdmins','Sc@gmail.com','e6e3be2d833cdf5d9d4c7bc2f85cd098'),('G9_gr8WrkAdmins','IZ@gmail.com','e6e3be2d833cdf5d9d4c7bc2f85cd098'),('GB_hackinWasFun','e1@gmail.com','e6e3be2d833cdf5d9d4c7bc2f85cd098'),('GD_hackinWasFun','2s@gmail.com','e6e3be2d833cdf5d9d4c7bc2f85cd098'),('GF_gr8WrkAdmins','46@gmail.com','e6e3be2d833cdf5d9d4c7bc2f85cd098'),('GF_hackinWasFun','q8@gmail.com','e6e3be2d833cdf5d9d4c7bc2f85cd098'),('GI_gr8WrkAdmins','5K@gmail.com','e6e3be2d833cdf5d9d4c7bc2f85cd098'),('GM_hackinWasFun','o9@gmail.com','e6e3be2d833cdf5d9d4c7bc2f85cd098'),('GN_gr8WrkAdmins','Dy@gmail.com','e6e3be2d833cdf5d9d4c7bc2f85cd098'),('GP_gr8WrkAdmins','K8@gmail.com','e6e3be2d833cdf5d9d4c7bc2f85cd098'),('GP_hackinWasFun','Rn@gmail.com','e6e3be2d833cdf5d9d4c7bc2f85cd098'),('GU_gr8WrkAdmins','rI@gmail.com','e6e3be2d833cdf5d9d4c7bc2f85cd098'),('Gambit','anupam.kanyal@students.iiit.ac','adb85f865b07fa6c11bb3f6a38d8a4d7'),('GameCoder','manish.shukla@students.iiit.ac','a0beda873938046bef1b9af499787277'),('Gg_hackinWasFun','5X@gmail.com','e6e3be2d833cdf5d9d4c7bc2f85cd098'),('Gh_hackinWasFun','qZ@gmail.com','e6e3be2d833cdf5d9d4c7bc2f85cd098'),('Gj_gr8WrkAdmins','nw@gmail.com','e6e3be2d833cdf5d9d4c7bc2f85cd098'),('Gk_hackinWasFun','w5@gmail.com','e6e3be2d833cdf5d9d4c7bc2f85cd098'),('Gn_gr8WrkAdmins','Gq@gmail.com','e6e3be2d833cdf5d9d4c7bc2f85cd098'),('Gp_hackinWasFun','B1@gmail.com','e6e3be2d833cdf5d9d4c7bc2f85cd098'),('Gq_gr8WrkAdmins','jc@gmail.com','e6e3be2d833cdf5d9d4c7bc2f85cd098'),('Gr_hackinWasFun','q4@gmail.com','e6e3be2d833cdf5d9d4c7bc2f85cd098'),('Gu_gr8WrkAdmins','ba@gmail.com','e6e3be2d833cdf5d9d4c7bc2f85cd098'),('Gv_gr8WrkAdmins','3C@gmail.com','e6e3be2d833cdf5d9d4c7bc2f85cd098'),('Gv_hackinWasFun','Jn@gmail.com','e6e3be2d833cdf5d9d4c7bc2f85cd098'),('Gy_hackinWasFun','MC@gmail.com','e6e3be2d833cdf5d9d4c7bc2f85cd098'),('H1_hackinWasFun','zN@gmail.com','e6e3be2d833cdf5d9d4c7bc2f85cd098'),('H3_hackinWasFun','8v@gmail.com','e6e3be2d833cdf5d9d4c7bc2f85cd098'),('H4_gr8WrkAdmins','2d@gmail.com','e6e3be2d833cdf5d9d4c7bc2f85cd098'),('H4_hackinWasFun','zw@gmail.com','e6e3be2d833cdf5d9d4c7bc2f85cd098'),('H5_gr8WrkAdmins','n9@gmail.com','e6e3be2d833cdf5d9d4c7bc2f85cd098'),('H7_hackinWasFun','Oq@gmail.com','e6e3be2d833cdf5d9d4c7bc2f85cd098'),('H9_gr8WrkAdmins','5D@gmail.com','e6e3be2d833cdf5d9d4c7bc2f85cd098'),('HA_gr8WrkAdmins','h0@gmail.com','e6e3be2d833cdf5d9d4c7bc2f85cd098'),('HA_hackinWasFun','xO@gmail.com','e6e3be2d833cdf5d9d4c7bc2f85cd098'),('HC_gr8WrkAdmins','wy@gmail.com','e6e3be2d833cdf5d9d4c7bc2f85cd098'),('HELLBOY','nkhlbhandari09@gmail.com','25214e7cf0b477b23bf884a5ee159fd5'),('HE_gr8WrkAdmins','4B@gmail.com','e6e3be2d833cdf5d9d4c7bc2f85cd098'),('HF_hackinWasFun','2h@gmail.com','e6e3be2d833cdf5d9d4c7bc2f85cd098'),('HG_gr8WrkAdmins','L5@gmail.com','e6e3be2d833cdf5d9d4c7bc2f85cd098'),('HH_hackinWasFun','Wq@gmail.com','e6e3be2d833cdf5d9d4c7bc2f85cd098'),('HI_hackinWasFun','mW@gmail.com','e6e3be2d833cdf5d9d4c7bc2f85cd098'),('HJ_hackinWasFun','sF@gmail.com','e6e3be2d833cdf5d9d4c7bc2f85cd098'),('HK_gr8WrkAdmins','KI@gmail.com','e6e3be2d833cdf5d9d4c7bc2f85cd098'),('HL_hackinWasFun','NF@gmail.com','e6e3be2d833cdf5d9d4c7bc2f85cd098'),('HN_gr8WrkAdmins','ea@gmail.com','e6e3be2d833cdf5d9d4c7bc2f85cd098'),('HP19','yash.shah@students.iiit.ac.in','2652740ad48e22dfcc3fee1c531645be'),('HP_gr8WrkAdmins','gl@gmail.com','e6e3be2d833cdf5d9d4c7bc2f85cd098'),('HP_hackinWasFun','Ol@gmail.com','e6e3be2d833cdf5d9d4c7bc2f85cd098'),('HQ_hackinWasFun','TD@gmail.com','e6e3be2d833cdf5d9d4c7bc2f85cd098'),('HX_gr8WrkAdmins','mp@gmail.com','e6e3be2d833cdf5d9d4c7bc2f85cd098'),('HY_hackinWasFun','ve@gmail.com','e6e3be2d833cdf5d9d4c7bc2f85cd098'),('Hb_hackinWasFun','5w@gmail.com','e6e3be2d833cdf5d9d4c7bc2f85cd098'),('Hc_gr8WrkAdmins','qO@gmail.com','e6e3be2d833cdf5d9d4c7bc2f85cd098'),('Hc_hackinWasFun','9c@gmail.com','e6e3be2d833cdf5d9d4c7bc2f85cd098'),('Hd_gr8WrkAdmins','Ir@gmail.com','e6e3be2d833cdf5d9d4c7bc2f85cd098'),('Hh_gr8WrkAdmins','q5@gmail.com','e6e3be2d833cdf5d9d4c7bc2f85cd098'),('Hh_hackinWasFun','u5@gmail.com','e6e3be2d833cdf5d9d4c7bc2f85cd098'),('Hj_gr8WrkAdmins','kk@gmail.com','e6e3be2d833cdf5d9d4c7bc2f85cd098'),('Hk_gr8WrkAdmins','3S@gmail.com','e6e3be2d833cdf5d9d4c7bc2f85cd098'),('Hm_gr8WrkAdmins','iJ@gmail.com','e6e3be2d833cdf5d9d4c7bc2f85cd098'),('Howzaat','ppsrsai.05@gmail.com','900051453a80dbaf4459c59595576c33'),('Hr_gr8WrkAdmins','GO@gmail.com','e6e3be2d833cdf5d9d4c7bc2f85cd098'),('Hs_hackinWasFun','qJ@gmail.com','e6e3be2d833cdf5d9d4c7bc2f85cd098'),('Ht_gr8WrkAdmins','gT@gmail.com','e6e3be2d833cdf5d9d4c7bc2f85cd098'),('Hu_gr8WrkAdmins','tp@gmail.com','e6e3be2d833cdf5d9d4c7bc2f85cd098'),('Hu_hackinWasFun','XA@gmail.com','e6e3be2d833cdf5d9d4c7bc2f85cd098'),('Hv_gr8WrkAdmins','a0@gmail.com','e6e3be2d833cdf5d9d4c7bc2f85cd098'),('Hw_gr8WrkAdmins','W0@gmail.com','e6e3be2d833cdf5d9d4c7bc2f85cd098'),('Hw_hackinWasFun','6G@gmail.com','e6e3be2d833cdf5d9d4c7bc2f85cd098'),('Hx_hackinWasFun','hJ@gmail.com','e6e3be2d833cdf5d9d4c7bc2f85cd098'),('I0_hackinWasFun','mR@gmail.com','e6e3be2d833cdf5d9d4c7bc2f85cd098'),('I2_gr8WrkAdmins','Yg@gmail.com','e6e3be2d833cdf5d9d4c7bc2f85cd098'),('I2_hackinWasFun','En@gmail.com','e6e3be2d833cdf5d9d4c7bc2f85cd098'),('I4_hackinWasFun','20@gmail.com','e6e3be2d833cdf5d9d4c7bc2f85cd098'),('I5_gr8WrkAdmins','a4@gmail.com','e6e3be2d833cdf5d9d4c7bc2f85cd098'),('I5_hackinWasFun','ri@gmail.com','e6e3be2d833cdf5d9d4c7bc2f85cd098'),('I6_hackinWasFun','zs@gmail.com','e6e3be2d833cdf5d9d4c7bc2f85cd098'),('I7_hackinWasFun','bP@gmail.com','e6e3be2d833cdf5d9d4c7bc2f85cd098'),('I9_hackinWasFun','Xs@gmail.com','e6e3be2d833cdf5d9d4c7bc2f85cd098'),('IA_hackinWasFun','Yn@gmail.com','e6e3be2d833cdf5d9d4c7bc2f85cd098'),('IC_hackinWasFun','Zc@gmail.com','e6e3be2d833cdf5d9d4c7bc2f85cd098'),('ID_hackinWasFun','bu@gmail.com','e6e3be2d833cdf5d9d4c7bc2f85cd098'),('IF_gr8WrkAdmins','wM@gmail.com','e6e3be2d833cdf5d9d4c7bc2f85cd098'),('IH_hackinWasFun','Xw@gmail.com','e6e3be2d833cdf5d9d4c7bc2f85cd098'),('IJ_gr8WrkAdmins','VE@gmail.com','e6e3be2d833cdf5d9d4c7bc2f85cd098'),('IK_gr8WrkAdmins','pb@gmail.com','e6e3be2d833cdf5d9d4c7bc2f85cd098'),('IM_gr8WrkAdmins','2v@gmail.com','e6e3be2d833cdf5d9d4c7bc2f85cd098'),('IR_hackinWasFun','Nj@gmail.com','e6e3be2d833cdf5d9d4c7bc2f85cd098'),('IS_gr8WrkAdmins','TX@gmail.com','e6e3be2d833cdf5d9d4c7bc2f85cd098'),('IS_hackinWasFun','fd@gmail.com','e6e3be2d833cdf5d9d4c7bc2f85cd098'),('IU_hackinWasFun','De@gmail.com','e6e3be2d833cdf5d9d4c7bc2f85cd098'),('IV_gr8WrkAdmins','nx@gmail.com','e6e3be2d833cdf5d9d4c7bc2f85cd098'),('Ia_gr8WrkAdmins','cw@gmail.com','e6e3be2d833cdf5d9d4c7bc2f85cd098'),('Ib_gr8WrkAdmins','BK@gmail.com','e6e3be2d833cdf5d9d4c7bc2f85cd098'),('Ic_gr8WrkAdmins','G2@gmail.com','e6e3be2d833cdf5d9d4c7bc2f85cd098'),('Ic_hackinWasFun','uL@gmail.com','e6e3be2d833cdf5d9d4c7bc2f85cd098'),('If_hackinWasFun','wp@gmail.com','e6e3be2d833cdf5d9d4c7bc2f85cd098'),('Ii_hackinWasFun','HA@gmail.com','e6e3be2d833cdf5d9d4c7bc2f85cd098'),('Ik_hackinWasFun','WM@gmail.com','e6e3be2d833cdf5d9d4c7bc2f85cd098'),('Il_hackinWasFun','8H@gmail.com','e6e3be2d833cdf5d9d4c7bc2f85cd098'),('In_gr8WrkAdmins','U1@gmail.com','e6e3be2d833cdf5d9d4c7bc2f85cd098'),('Ip_gr8WrkAdmins','X5@gmail.com','e6e3be2d833cdf5d9d4c7bc2f85cd098'),('Ip_hackinWasFun','oO@gmail.com','e6e3be2d833cdf5d9d4c7bc2f85cd098'),('Iv_gr8WrkAdmins','WN@gmail.com','e6e3be2d833cdf5d9d4c7bc2f85cd098'),('Iw_gr8WrkAdmins','s6@gmail.com','e6e3be2d833cdf5d9d4c7bc2f85cd098'),('Ix_hackinWasFun','Os@gmail.com','e6e3be2d833cdf5d9d4c7bc2f85cd098'),('J2_gr8WrkAdmins','TK@gmail.com','e6e3be2d833cdf5d9d4c7bc2f85cd098'),('J2_hackinWasFun','Gh@gmail.com','e6e3be2d833cdf5d9d4c7bc2f85cd098'),('J3_gr8WrkAdmins','oK@gmail.com','e6e3be2d833cdf5d9d4c7bc2f85cd098'),('J6_gr8WrkAdmins','HT@gmail.com','e6e3be2d833cdf5d9d4c7bc2f85cd098'),('J9_gr8WrkAdmins','hi@gmail.com','e6e3be2d833cdf5d9d4c7bc2f85cd098'),('JA_hackinWasFun','E4@gmail.com','e6e3be2d833cdf5d9d4c7bc2f85cd098'),('JD_gr8WrkAdmins','t6@gmail.com','e6e3be2d833cdf5d9d4c7bc2f85cd098'),('JE_hackinWasFun','3R@gmail.com','e6e3be2d833cdf5d9d4c7bc2f85cd098'),('JF_hackinWasFun','3T@gmail.com','e6e3be2d833cdf5d9d4c7bc2f85cd098'),('JH_hackinWasFun','3l@gmail.com','e6e3be2d833cdf5d9d4c7bc2f85cd098'),('JI_hackinWasFun','6Z@gmail.com','e6e3be2d833cdf5d9d4c7bc2f85cd098'),('JJ_gr8WrkAdmins','GU@gmail.com','e6e3be2d833cdf5d9d4c7bc2f85cd098'),('JK_gr8WrkAdmins','K7@gmail.com','e6e3be2d833cdf5d9d4c7bc2f85cd098'),('JP_hackinWasFun','z8@gmail.com','e6e3be2d833cdf5d9d4c7bc2f85cd098'),('JT_gr8WrkAdmins','OH@gmail.com','e6e3be2d833cdf5d9d4c7bc2f85cd098'),('JU_hackinWasFun','kF@gmail.com','e6e3be2d833cdf5d9d4c7bc2f85cd098'),('JW_hackinWasFun','hm@gmail.com','e6e3be2d833cdf5d9d4c7bc2f85cd098'),('JY_gr8WrkAdmins','xF@gmail.com','e6e3be2d833cdf5d9d4c7bc2f85cd098'),('JY_hackinWasFun','NN@gmail.com','e6e3be2d833cdf5d9d4c7bc2f85cd098'),('Jb_gr8WrkAdmins','8x@gmail.com','e6e3be2d833cdf5d9d4c7bc2f85cd098'),('Jf_gr8WrkAdmins','0V@gmail.com','e6e3be2d833cdf5d9d4c7bc2f85cd098'),('Jg_gr8WrkAdmins','zx@gmail.com','e6e3be2d833cdf5d9d4c7bc2f85cd098'),('Jh_hackinWasFun','dP@gmail.com','e6e3be2d833cdf5d9d4c7bc2f85cd098'),('Jk_hackinWasFun','05@gmail.com','e6e3be2d833cdf5d9d4c7bc2f85cd098'),('Jn_hackinWasFun','Nk@gmail.com','e6e3be2d833cdf5d9d4c7bc2f85cd098'),('JohnnyBravo','john@bravo.com','d8578edf8458ce06fbc5bb76a58c5ca4'),('Jp_gr8WrkAdmins','X1@gmail.com','e6e3be2d833cdf5d9d4c7bc2f85cd098'),('Jq_gr8WrkAdmins','2a@gmail.com','e6e3be2d833cdf5d9d4c7bc2f85cd098'),('Jr_gr8WrkAdmins','ui@gmail.com','e6e3be2d833cdf5d9d4c7bc2f85cd098'),('Jt_gr8WrkAdmins','OZ@gmail.com','e6e3be2d833cdf5d9d4c7bc2f85cd098'),('JuNzY','braindeadjunzy@hotmail.com','b4c33ff322cb0126a9ad6d66070e4c2e'),('Jv_gr8WrkAdmins','qH@gmail.com','e6e3be2d833cdf5d9d4c7bc2f85cd098'),('K0_gr8WrkAdmins','HZ@gmail.com','e6e3be2d833cdf5d9d4c7bc2f85cd098'),('K2_hackinWasFun','Bj@gmail.com','e6e3be2d833cdf5d9d4c7bc2f85cd098'),('K4_gr8WrkAdmins','1D@gmail.com','e6e3be2d833cdf5d9d4c7bc2f85cd098'),('K5_gr8WrkAdmins','Fg@gmail.com','e6e3be2d833cdf5d9d4c7bc2f85cd098'),('K6_gr8WrkAdmins','pG@gmail.com','e6e3be2d833cdf5d9d4c7bc2f85cd098'),('K7_gr8WrkAdmins','MQ@gmail.com','e6e3be2d833cdf5d9d4c7bc2f85cd098'),('K8_gr8WrkAdmins','o6@gmail.com','e6e3be2d833cdf5d9d4c7bc2f85cd098'),('KA_gr8WrkAdmins','Zk@gmail.com','e6e3be2d833cdf5d9d4c7bc2f85cd098'),('KA_hackinWasFun','4l@gmail.com','e6e3be2d833cdf5d9d4c7bc2f85cd098'),('KF_hackinWasFun','pf@gmail.com','e6e3be2d833cdf5d9d4c7bc2f85cd098'),('KH_gr8WrkAdmins','0U@gmail.com','e6e3be2d833cdf5d9d4c7bc2f85cd098'),('KH_hackinWasFun','32@gmail.com','e6e3be2d833cdf5d9d4c7bc2f85cd098'),('KJ_gr8WrkAdmins','4z@gmail.com','e6e3be2d833cdf5d9d4c7bc2f85cd098'),('KKR','hiasd@hjasd.sdjfl','87f39ffa3a64fd26beb2ea7442ad701f'),('KL_hackinWasFun','eM@gmail.com','e6e3be2d833cdf5d9d4c7bc2f85cd098'),('KM_gr8WrkAdmins','k1@gmail.com','e6e3be2d833cdf5d9d4c7bc2f85cd098'),('KO_gr8WrkAdmins','xk@gmail.com','e6e3be2d833cdf5d9d4c7bc2f85cd098'),('KQ_gr8WrkAdmins','ll@gmail.com','e6e3be2d833cdf5d9d4c7bc2f85cd098'),('KR_hackinWasFun','7D@gmail.com','e6e3be2d833cdf5d9d4c7bc2f85cd098'),('KT_hackinWasFun','zh@gmail.com','e6e3be2d833cdf5d9d4c7bc2f85cd098'),('KV_gr8WrkAdmins','NT@gmail.com','e6e3be2d833cdf5d9d4c7bc2f85cd098'),('KW_gr8WrkAdmins','c0@gmail.com','e6e3be2d833cdf5d9d4c7bc2f85cd098'),('KZ_gr8WrkAdmins','ic@gmail.com','e6e3be2d833cdf5d9d4c7bc2f85cd098'),('Kb_gr8WrkAdmins','rL@gmail.com','e6e3be2d833cdf5d9d4c7bc2f85cd098'),('Kk_hackinWasFun','Fr@gmail.com','e6e3be2d833cdf5d9d4c7bc2f85cd098'),('Kl_hackinWasFun','ZI@gmail.com','e6e3be2d833cdf5d9d4c7bc2f85cd098'),('Kn_gr8WrkAdmins','p2@gmail.com','e6e3be2d833cdf5d9d4c7bc2f85cd098'),('Kn_hackinWasFun','p5@gmail.com','e6e3be2d833cdf5d9d4c7bc2f85cd098'),('Kp_gr8WrkAdmins','2x@gmail.com','e6e3be2d833cdf5d9d4c7bc2f85cd098'),('Kq_gr8WrkAdmins','WR@gmail.com','e6e3be2d833cdf5d9d4c7bc2f85cd098'),('Ks_gr8WrkAdmins','AT@gmail.com','e6e3be2d833cdf5d9d4c7bc2f85cd098'),('Ks_hackinWasFun','D8@gmail.com','e6e3be2d833cdf5d9d4c7bc2f85cd098'),('Kt_hackinWasFun','re@gmail.com','e6e3be2d833cdf5d9d4c7bc2f85cd098'),('Kv_gr8WrkAdmins','Hv@gmail.com','e6e3be2d833cdf5d9d4c7bc2f85cd098'),('Kv_hackinWasFun','X9@gmail.com','e6e3be2d833cdf5d9d4c7bc2f85cd098'),('Ky_hackinWasFun','EP@gmail.com','e6e3be2d833cdf5d9d4c7bc2f85cd098'),('Kz_gr8WrkAdmins','i6@gmail.com','e6e3be2d833cdf5d9d4c7bc2f85cd098'),('L3_gr8WrkAdmins','Nb@gmail.com','e6e3be2d833cdf5d9d4c7bc2f85cd098'),('L5_gr8WrkAdmins','ck@gmail.com','e6e3be2d833cdf5d9d4c7bc2f85cd098'),('L6_hackinWasFun','p0@gmail.com','e6e3be2d833cdf5d9d4c7bc2f85cd098'),('L7_hackinWasFun','6a@gmail.com','e6e3be2d833cdf5d9d4c7bc2f85cd098'),('LB_gr8WrkAdmins','BB@gmail.com','e6e3be2d833cdf5d9d4c7bc2f85cd098'),('LD_gr8WrkAdmins','S4@gmail.com','e6e3be2d833cdf5d9d4c7bc2f85cd098'),('LG_hackinWasFun','di@gmail.com','e6e3be2d833cdf5d9d4c7bc2f85cd098'),('LH_gr8WrkAdmins','GS@gmail.com','e6e3be2d833cdf5d9d4c7bc2f85cd098'),('LH_hackinWasFun','44@gmail.com','e6e3be2d833cdf5d9d4c7bc2f85cd098'),('LK_gr8WrkAdmins','NZ@gmail.com','e6e3be2d833cdf5d9d4c7bc2f85cd098'),('LK_hackinWasFun','y7@gmail.com','e6e3be2d833cdf5d9d4c7bc2f85cd098'),('LL_hackinWasFun','dN@gmail.com','e6e3be2d833cdf5d9d4c7bc2f85cd098'),('LN_gr8WrkAdmins','CP@gmail.com','e6e3be2d833cdf5d9d4c7bc2f85cd098'),('LR_hackinWasFun','gD@gmail.com','e6e3be2d833cdf5d9d4c7bc2f85cd098'),('LV_gr8WrkAdmins','Vj@gmail.com','e6e3be2d833cdf5d9d4c7bc2f85cd098'),('LX_gr8WrkAdmins','r5@gmail.com','e6e3be2d833cdf5d9d4c7bc2f85cd098'),('LY_gr8WrkAdmins','0Z@gmail.com','e6e3be2d833cdf5d9d4c7bc2f85cd098'),('LZ_hackinWasFun','fR@gmail.com','e6e3be2d833cdf5d9d4c7bc2f85cd098'),('Laxus','vamshi.kolanu@students.iiit.ac','e6e3be2d833cdf5d9d4c7bc2f85cd098'),('Lb_gr8WrkAdmins','4m@gmail.com','e6e3be2d833cdf5d9d4c7bc2f85cd098'),('Lb_hackinWasFun','lB@gmail.com','e6e3be2d833cdf5d9d4c7bc2f85cd098'),('Lc_gr8WrkAdmins','9Q@gmail.com','e6e3be2d833cdf5d9d4c7bc2f85cd098'),('Lc_hackinWasFun','Ek@gmail.com','e6e3be2d833cdf5d9d4c7bc2f85cd098'),('Lf_hackinWasFun','bU@gmail.com','e6e3be2d833cdf5d9d4c7bc2f85cd098'),('Lg_gr8WrkAdmins','jS@gmail.com','e6e3be2d833cdf5d9d4c7bc2f85cd098'),('Li_hackinWasFun','Pl@gmail.com','e6e3be2d833cdf5d9d4c7bc2f85cd098'),('Lj_hackinWasFun','pJ@gmail.com','e6e3be2d833cdf5d9d4c7bc2f85cd098'),('Lk_hackinWasFun','OT@gmail.com','e6e3be2d833cdf5d9d4c7bc2f85cd098'),('Ll_gr8WrkAdmins','ZQ@gmail.com','e6e3be2d833cdf5d9d4c7bc2f85cd098'),('Lo_hackinWasFun','xS@gmail.com','e6e3be2d833cdf5d9d4c7bc2f85cd098'),('Lq_gr8WrkAdmins','IO@gmail.com','e6e3be2d833cdf5d9d4c7bc2f85cd098'),('Lr_gr8WrkAdmins','6b@gmail.com','e6e3be2d833cdf5d9d4c7bc2f85cd098'),('Lr_hackinWasFun','dj@gmail.com','e6e3be2d833cdf5d9d4c7bc2f85cd098'),('Lv_gr8WrkAdmins','rw@gmail.com','e6e3be2d833cdf5d9d4c7bc2f85cd098'),('Lw_hackinWasFun','Qn@gmail.com','e6e3be2d833cdf5d9d4c7bc2f85cd098'),('Ly_gr8WrkAdmins','bn@gmail.com','e6e3be2d833cdf5d9d4c7bc2f85cd098'),('Ly_hackinWasFun','Nn@gmail.com','e6e3be2d833cdf5d9d4c7bc2f85cd098'),('Lz_gr8WrkAdmins','8Y@gmail.com','e6e3be2d833cdf5d9d4c7bc2f85cd098'),('M3_gr8WrkAdmins','AU@gmail.com','e6e3be2d833cdf5d9d4c7bc2f85cd098'),('M5_gr8WrkAdmins','FH@gmail.com','e6e3be2d833cdf5d9d4c7bc2f85cd098'),('M6_hackinWasFun','ni@gmail.com','e6e3be2d833cdf5d9d4c7bc2f85cd098'),('M8_hackinWasFun','67@gmail.com','e6e3be2d833cdf5d9d4c7bc2f85cd098'),('MA_gr8WrkAdmins','EM@gmail.com','e6e3be2d833cdf5d9d4c7bc2f85cd098'),('MH_gr8WrkAdmins','qi@gmail.com','e6e3be2d833cdf5d9d4c7bc2f85cd098'),('MI_gr8WrkAdmins','LI@gmail.com','e6e3be2d833cdf5d9d4c7bc2f85cd098'),('MI_hackinWasFun','hc@gmail.com','e6e3be2d833cdf5d9d4c7bc2f85cd098'),('ML_gr8WrkAdmins','VH@gmail.com','e6e3be2d833cdf5d9d4c7bc2f85cd098'),('MM_hackinWasFun','Pw@gmail.com','e6e3be2d833cdf5d9d4c7bc2f85cd098'),('MN_hackinWasFun','f0@gmail.com','e6e3be2d833cdf5d9d4c7bc2f85cd098'),('MOHANTY','spmohanty91@gmail.com','e6e3be2d833cdf5d9d4c7bc2f85cd098'),('MP_gr8WrkAdmins','uO@gmail.com','e6e3be2d833cdf5d9d4c7bc2f85cd098'),('MT_hackinWasFun','SU@gmail.com','e6e3be2d833cdf5d9d4c7bc2f85cd098'),('MX_hackinWasFun','hI@gmail.com','e6e3be2d833cdf5d9d4c7bc2f85cd098'),('MY_gr8WrkAdmins','mx@gmail.com','e6e3be2d833cdf5d9d4c7bc2f85cd098'),('MY_hackinWasFun','N2@gmail.com','e6e3be2d833cdf5d9d4c7bc2f85cd098'),('Ma_gr8WrkAdmins','wn@gmail.com','e6e3be2d833cdf5d9d4c7bc2f85cd098'),('Ma_hackinWasFun','vs@gmail.com','e6e3be2d833cdf5d9d4c7bc2f85cd098'),('Mb_gr8WrkAdmins','Rz@gmail.com','e6e3be2d833cdf5d9d4c7bc2f85cd098'),('Mc_hackinWasFun','hF@gmail.com','e6e3be2d833cdf5d9d4c7bc2f85cd098'),('Mg_gr8WrkAdmins','X7@gmail.com','e6e3be2d833cdf5d9d4c7bc2f85cd098'),('Mg_hackinWasFun','8r@gmail.com','e6e3be2d833cdf5d9d4c7bc2f85cd098'),('Mj_gr8WrkAdmins','ux@gmail.com','e6e3be2d833cdf5d9d4c7bc2f85cd098'),('Ml_gr8WrkAdmins','5T@gmail.com','e6e3be2d833cdf5d9d4c7bc2f85cd098'),('Mn_gr8WrkAdmins','Id@gmail.com','e6e3be2d833cdf5d9d4c7bc2f85cd098'),('Mo_gr8WrkAdmins','Yo@gmail.com','e6e3be2d833cdf5d9d4c7bc2f85cd098'),('Mo_hackinWasFun','5Y@gmail.com','e6e3be2d833cdf5d9d4c7bc2f85cd098'),('Mp_gr8WrkAdmins','Ce@gmail.com','e6e3be2d833cdf5d9d4c7bc2f85cd098'),('Mq_hackinWasFun','jl@gmail.com','e6e3be2d833cdf5d9d4c7bc2f85cd098'),('Mr_hackinWasFun','7S@gmail.com','e6e3be2d833cdf5d9d4c7bc2f85cd098'),('Ms_gr8WrkAdmins','Rw@gmail.com','e6e3be2d833cdf5d9d4c7bc2f85cd098'),('Mt_hackinWasFun','m5@gmail.com','e6e3be2d833cdf5d9d4c7bc2f85cd098'),('Mu_hackinWasFun','hC@gmail.com','e6e3be2d833cdf5d9d4c7bc2f85cd098'),('N1_hackinWasFun','1m@gmail.com','e6e3be2d833cdf5d9d4c7bc2f85cd098'),('N5_hackinWasFun','9J@gmail.com','e6e3be2d833cdf5d9d4c7bc2f85cd098'),('N6_gr8WrkAdmins','vE@gmail.com','e6e3be2d833cdf5d9d4c7bc2f85cd098'),('N7_gr8WrkAdmins','NQ@gmail.com','e6e3be2d833cdf5d9d4c7bc2f85cd098'),('NA_gr8WrkAdmins','pM@gmail.com','e6e3be2d833cdf5d9d4c7bc2f85cd098'),('NF_hackinWasFun','gy@gmail.com','e6e3be2d833cdf5d9d4c7bc2f85cd098'),('NG_gr8WrkAdmins','CC@gmail.com','e6e3be2d833cdf5d9d4c7bc2f85cd098'),('NI_hackinWasFun','RX@gmail.com','e6e3be2d833cdf5d9d4c7bc2f85cd098'),('NJ_hackinWasFun','4r@gmail.com','e6e3be2d833cdf5d9d4c7bc2f85cd098'),('NL_gr8WrkAdmins','tA@gmail.com','e6e3be2d833cdf5d9d4c7bc2f85cd098'),('NL_hackinWasFun','JG@gmail.com','e6e3be2d833cdf5d9d4c7bc2f85cd098'),('NN_gr8WrkAdmins','Ma@gmail.com','e6e3be2d833cdf5d9d4c7bc2f85cd098'),('NP_gr8WrkAdmins','k7@gmail.com','e6e3be2d833cdf5d9d4c7bc2f85cd098'),('NQ_gr8WrkAdmins','PX@gmail.com','e6e3be2d833cdf5d9d4c7bc2f85cd098'),('NR_hackinWasFun','E5@gmail.com','e6e3be2d833cdf5d9d4c7bc2f85cd098'),('NS_gr8WrkAdmins','ob@gmail.com','e6e3be2d833cdf5d9d4c7bc2f85cd098'),('NU_hackinWasFun','P4@gmail.com','e6e3be2d833cdf5d9d4c7bc2f85cd098'),('NV_gr8WrkAdmins','fK@gmail.com','e6e3be2d833cdf5d9d4c7bc2f85cd098'),('NW_gr8WrkAdmins','nN@gmail.com','e6e3be2d833cdf5d9d4c7bc2f85cd098'),('NX_gr8WrkAdmins','hf@gmail.com','e6e3be2d833cdf5d9d4c7bc2f85cd098'),('NY_gr8WrkAdmins','Eu@gmail.com','e6e3be2d833cdf5d9d4c7bc2f85cd098'),('NY_hackinWasFun','uA@gmail.com','e6e3be2d833cdf5d9d4c7bc2f85cd098'),('NZ_gr8WrkAdmins','HX@gmail.com','e6e3be2d833cdf5d9d4c7bc2f85cd098'),('Na_gr8WrkAdmins','U7@gmail.com','e6e3be2d833cdf5d9d4c7bc2f85cd098'),('Nb_hackinWasFun','DT@gmail.com','e6e3be2d833cdf5d9d4c7bc2f85cd098'),('Nd_hackinWasFun','5s@gmail.com','e6e3be2d833cdf5d9d4c7bc2f85cd098'),('Ne_gr8WrkAdmins','v8@gmail.com','e6e3be2d833cdf5d9d4c7bc2f85cd098'),('Nh_hackinWasFun','sL@gmail.com','e6e3be2d833cdf5d9d4c7bc2f85cd098'),('Nj_hackinWasFun','cX@gmail.com','e6e3be2d833cdf5d9d4c7bc2f85cd098'),('Nk_hackinWasFun','W7@gmail.com','e6e3be2d833cdf5d9d4c7bc2f85cd098'),('Nl_gr8WrkAdmins','Dl@gmail.com','e6e3be2d833cdf5d9d4c7bc2f85cd098'),('Nnuke','nnuke@gmail.com','e6e3be2d833cdf5d9d4c7bc2f85cd098'),('No_gr8WrkAdmins','Bn@gmail.com','e6e3be2d833cdf5d9d4c7bc2f85cd098'),('No_hackinWasFun','4g@gmail.com','e6e3be2d833cdf5d9d4c7bc2f85cd098'),('Nr_gr8WrkAdmins','AI@gmail.com','e6e3be2d833cdf5d9d4c7bc2f85cd098'),('Nv_hackinWasFun','fU@gmail.com','e6e3be2d833cdf5d9d4c7bc2f85cd098'),('Nx_hackinWasFun','xM@gmail.com','e6e3be2d833cdf5d9d4c7bc2f85cd098'),('Ny_gr8WrkAdmins','mV@gmail.com','e6e3be2d833cdf5d9d4c7bc2f85cd098'),('O3_hackinWasFun','Eq@gmail.com','e6e3be2d833cdf5d9d4c7bc2f85cd098'),('O6_hackinWasFun','N1@gmail.com','e6e3be2d833cdf5d9d4c7bc2f85cd098'),('O9_hackinWasFun','la@gmail.com','e6e3be2d833cdf5d9d4c7bc2f85cd098'),('OA_hackinWasFun','04@gmail.com','e6e3be2d833cdf5d9d4c7bc2f85cd098'),('OF_hackinWasFun','Aq@gmail.com','e6e3be2d833cdf5d9d4c7bc2f85cd098'),('OG_gr8WrkAdmins','cc@gmail.com','e6e3be2d833cdf5d9d4c7bc2f85cd098'),('OG_hackinWasFun','bA@gmail.com','e6e3be2d833cdf5d9d4c7bc2f85cd098'),('OH_gr8WrkAdmins','37@gmail.com','e6e3be2d833cdf5d9d4c7bc2f85cd098'),('OK_hackinWasFun','ss@gmail.com','e6e3be2d833cdf5d9d4c7bc2f85cd098'),('OL_gr8WrkAdmins','18@gmail.com','e6e3be2d833cdf5d9d4c7bc2f85cd098'),('OM_gr8WrkAdmins','CZ@gmail.com','e6e3be2d833cdf5d9d4c7bc2f85cd098'),('OS_gr8WrkAdmins','0p@gmail.com','e6e3be2d833cdf5d9d4c7bc2f85cd098'),('OT_hackinWasFun','qS@gmail.com','e6e3be2d833cdf5d9d4c7bc2f85cd098'),('OU_gr8WrkAdmins','4c@gmail.com','e6e3be2d833cdf5d9d4c7bc2f85cd098'),('OX_gr8WrkAdmins','jw@gmail.com','e6e3be2d833cdf5d9d4c7bc2f85cd098'),('OZ_gr8WrkAdmins','KU@gmail.com','e6e3be2d833cdf5d9d4c7bc2f85cd098'),('Od_gr8WrkAdmins','IE@gmail.com','e6e3be2d833cdf5d9d4c7bc2f85cd098'),('Ok_gr8WrkAdmins','KR@gmail.com','e6e3be2d833cdf5d9d4c7bc2f85cd098'),('Ol_hackinWasFun','BC@gmail.com','e6e3be2d833cdf5d9d4c7bc2f85cd098'),('On_hackinWasFun','jn@gmail.com','e6e3be2d833cdf5d9d4c7bc2f85cd098'),('Oo_gr8WrkAdmins','T4@gmail.com','e6e3be2d833cdf5d9d4c7bc2f85cd098'),('Oq_hackinWasFun','nO@gmail.com','e6e3be2d833cdf5d9d4c7bc2f85cd098'),('Or_hackinWasFun','kJ@gmail.com','e6e3be2d833cdf5d9d4c7bc2f85cd098'),('Orion','maheshwarinamra@gmail.com','e6e3be2d833cdf5d9d4c7bc2f85cd098'),('Os_hackinWasFun','yU@gmail.com','e6e3be2d833cdf5d9d4c7bc2f85cd098'),('Ot_gr8WrkAdmins','zk@gmail.com','e6e3be2d833cdf5d9d4c7bc2f85cd098'),('Ou_gr8WrkAdmins','A8@gmail.com','e6e3be2d833cdf5d9d4c7bc2f85cd098'),('Ov_gr8WrkAdmins','1v@gmail.com','e6e3be2d833cdf5d9d4c7bc2f85cd098'),('Ow_hackinWasFun','mQ@gmail.com','e6e3be2d833cdf5d9d4c7bc2f85cd098'),('Oz_gr8WrkAdmins','C6@gmail.com','e6e3be2d833cdf5d9d4c7bc2f85cd098'),('Oz_hackinWasFun','9R@gmail.com','e6e3be2d833cdf5d9d4c7bc2f85cd098'),('P0_gr8WrkAdmins','6N@gmail.com','e6e3be2d833cdf5d9d4c7bc2f85cd098'),('P2_gr8WrkAdmins','zV@gmail.com','e6e3be2d833cdf5d9d4c7bc2f85cd098'),('P4_gr8WrkAdmins','qE@gmail.com','e6e3be2d833cdf5d9d4c7bc2f85cd098'),('P5_hackinWasFun','sd@gmail.com','e6e3be2d833cdf5d9d4c7bc2f85cd098'),('P7_gr8WrkAdmins','hl@gmail.com','e6e3be2d833cdf5d9d4c7bc2f85cd098'),('P7_hackinWasFun','08@gmail.com','e6e3be2d833cdf5d9d4c7bc2f85cd098'),('PAPA','siddharth.sinha@students.iiit.','5f3e671de79eca8dfe14c1334191feda'),('PA_gr8WrkAdmins','3f@gmail.com','e6e3be2d833cdf5d9d4c7bc2f85cd098'),('PB_hackinWasFun','4o@gmail.com','e6e3be2d833cdf5d9d4c7bc2f85cd098'),('PE_gr8WrkAdmins','16@gmail.com','e6e3be2d833cdf5d9d4c7bc2f85cd098'),('PF_hackinWasFun','tu@gmail.com','e6e3be2d833cdf5d9d4c7bc2f85cd098'),('PH_hackinWasFun','of@gmail.com','e6e3be2d833cdf5d9d4c7bc2f85cd098'),('PN_gr8WrkAdmins','Jm@gmail.com','e6e3be2d833cdf5d9d4c7bc2f85cd098'),('PO_hackinWasFun','ED@gmail.com','e6e3be2d833cdf5d9d4c7bc2f85cd098'),('PP_gr8WrkAdmins','uD@gmail.com','e6e3be2d833cdf5d9d4c7bc2f85cd098'),('PQ_gr8WrkAdmins','DS@gmail.com','e6e3be2d833cdf5d9d4c7bc2f85cd098'),('PU_gr8WrkAdmins','Rp@gmail.com','e6e3be2d833cdf5d9d4c7bc2f85cd098'),('PU_hackinWasFun','0w@gmail.com','e6e3be2d833cdf5d9d4c7bc2f85cd098'),('PV_gr8WrkAdmins','qA@gmail.com','e6e3be2d833cdf5d9d4c7bc2f85cd098'),('PV_hackinWasFun','Gb@gmail.com','e6e3be2d833cdf5d9d4c7bc2f85cd098'),('PX_gr8WrkAdmins','zi@gmail.com','e6e3be2d833cdf5d9d4c7bc2f85cd098'),('PZ_gr8WrkAdmins','XZ@gmail.com','e6e3be2d833cdf5d9d4c7bc2f85cd098'),('PZ_hackinWasFun','kC@gmail.com','e6e3be2d833cdf5d9d4c7bc2f85cd098'),('Pe_hackinWasFun','QX@gmail.com','e6e3be2d833cdf5d9d4c7bc2f85cd098'),('Pf_hackinWasFun','d5@gmail.com','e6e3be2d833cdf5d9d4c7bc2f85cd098'),('Pk_gr8WrkAdmins','5G@gmail.com','e6e3be2d833cdf5d9d4c7bc2f85cd098'),('Pk_hackinWasFun','H3@gmail.com','e6e3be2d833cdf5d9d4c7bc2f85cd098'),('Pl_gr8WrkAdmins','x0@gmail.com','e6e3be2d833cdf5d9d4c7bc2f85cd098'),('Po_gr8WrkAdmins','u2@gmail.com','e6e3be2d833cdf5d9d4c7bc2f85cd098'),('Pp_hackinWasFun','rp@gmail.com','e6e3be2d833cdf5d9d4c7bc2f85cd098'),('Pr_hackinWasFun','rt@gmail.com','e6e3be2d833cdf5d9d4c7bc2f85cd098'),('Pt_gr8WrkAdmins','Qa@gmail.com','e6e3be2d833cdf5d9d4c7bc2f85cd098'),('Pu_gr8WrkAdmins','Np@gmail.com','e6e3be2d833cdf5d9d4c7bc2f85cd098'),('Pu_hackinWasFun','Mi@gmail.com','e6e3be2d833cdf5d9d4c7bc2f85cd098'),('Pw_gr8WrkAdmins','JS@gmail.com','e6e3be2d833cdf5d9d4c7bc2f85cd098'),('Py_hackinWasFun','un@gmail.com','e6e3be2d833cdf5d9d4c7bc2f85cd098'),('Q2_gr8WrkAdmins','Ka@gmail.com','e6e3be2d833cdf5d9d4c7bc2f85cd098'),('Q2_hackinWasFun','vD@gmail.com','e6e3be2d833cdf5d9d4c7bc2f85cd098'),('Q3_hackinWasFun','8W@gmail.com','e6e3be2d833cdf5d9d4c7bc2f85cd098'),('Q4_gr8WrkAdmins','az@gmail.com','e6e3be2d833cdf5d9d4c7bc2f85cd098'),('Q7_gr8WrkAdmins','ZH@gmail.com','e6e3be2d833cdf5d9d4c7bc2f85cd098'),('Q7_hackinWasFun','CQ@gmail.com','e6e3be2d833cdf5d9d4c7bc2f85cd098'),('Q9_hackinWasFun','DI@gmail.com','e6e3be2d833cdf5d9d4c7bc2f85cd098'),('QB_gr8WrkAdmins','yS@gmail.com','e6e3be2d833cdf5d9d4c7bc2f85cd098'),('QC_gr8WrkAdmins','VX@gmail.com','e6e3be2d833cdf5d9d4c7bc2f85cd098'),('QE_gr8WrkAdmins','G3@gmail.com','e6e3be2d833cdf5d9d4c7bc2f85cd098'),('QE_hackinWasFun','HL@gmail.com','e6e3be2d833cdf5d9d4c7bc2f85cd098'),('QG_gr8WrkAdmins','S2@gmail.com','e6e3be2d833cdf5d9d4c7bc2f85cd098'),('QJ_hackinWasFun','fz@gmail.com','e6e3be2d833cdf5d9d4c7bc2f85cd098'),('QK_hackinWasFun','Gn@gmail.com','e6e3be2d833cdf5d9d4c7bc2f85cd098'),('QL_gr8WrkAdmins','Lh@gmail.com','e6e3be2d833cdf5d9d4c7bc2f85cd098'),('QQ_gr8WrkAdmins','OF@gmail.com','e6e3be2d833cdf5d9d4c7bc2f85cd098'),('QS_gr8WrkAdmins','KY@gmail.com','e6e3be2d833cdf5d9d4c7bc2f85cd098'),('QS_hackinWasFun','UA@gmail.com','e6e3be2d833cdf5d9d4c7bc2f85cd098'),('QW_hackinWasFun','Tq@gmail.com','e6e3be2d833cdf5d9d4c7bc2f85cd098'),('QY_hackinWasFun','K3@gmail.com','e6e3be2d833cdf5d9d4c7bc2f85cd098'),('QZ_gr8WrkAdmins','LT@gmail.com','e6e3be2d833cdf5d9d4c7bc2f85cd098'),('Qa_hackinWasFun','GF@gmail.com','e6e3be2d833cdf5d9d4c7bc2f85cd098'),('Qd_gr8WrkAdmins','5f@gmail.com','e6e3be2d833cdf5d9d4c7bc2f85cd098'),('Qf_hackinWasFun','An@gmail.com','e6e3be2d833cdf5d9d4c7bc2f85cd098'),('Qg_hackinWasFun','5F@gmail.com','e6e3be2d833cdf5d9d4c7bc2f85cd098'),('Qh_gr8WrkAdmins','Yh@gmail.com','e6e3be2d833cdf5d9d4c7bc2f85cd098'),('Qh_hackinWasFun','1F@gmail.com','e6e3be2d833cdf5d9d4c7bc2f85cd098'),('Qj_gr8WrkAdmins','9q@gmail.com','e6e3be2d833cdf5d9d4c7bc2f85cd098'),('Qj_hackinWasFun','o5@gmail.com','e6e3be2d833cdf5d9d4c7bc2f85cd098'),('Ql_gr8WrkAdmins','wD@gmail.com','e6e3be2d833cdf5d9d4c7bc2f85cd098'),('Qm_gr8WrkAdmins','YA@gmail.com','e6e3be2d833cdf5d9d4c7bc2f85cd098'),('Qn_hackinWasFun','1W@gmail.com','e6e3be2d833cdf5d9d4c7bc2f85cd098'),('Qo_gr8WrkAdmins','OK@gmail.com','e6e3be2d833cdf5d9d4c7bc2f85cd098'),('Qp_gr8WrkAdmins','7b@gmail.com','e6e3be2d833cdf5d9d4c7bc2f85cd098'),('Qq_hackinWasFun','QM@gmail.com','e6e3be2d833cdf5d9d4c7bc2f85cd098'),('Qs_gr8WrkAdmins','be@gmail.com','e6e3be2d833cdf5d9d4c7bc2f85cd098'),('Qt_gr8WrkAdmins','es@gmail.com','e6e3be2d833cdf5d9d4c7bc2f85cd098'),('Qu_gr8WrkAdmins','Lt@gmail.com','e6e3be2d833cdf5d9d4c7bc2f85cd098'),('Qv_gr8WrkAdmins','hU@gmail.com','e6e3be2d833cdf5d9d4c7bc2f85cd098'),('Qv_hackinWasFun','5l@gmail.com','e6e3be2d833cdf5d9d4c7bc2f85cd098'),('Qw_gr8WrkAdmins','pX@gmail.com','e6e3be2d833cdf5d9d4c7bc2f85cd098'),('Qx_hackinWasFun','ad@gmail.com','e6e3be2d833cdf5d9d4c7bc2f85cd098'),('Qy_gr8WrkAdmins','HB@gmail.com','e6e3be2d833cdf5d9d4c7bc2f85cd098'),('Qy_hackinWasFun','rq@gmail.com','e6e3be2d833cdf5d9d4c7bc2f85cd098'),('Qz_gr8WrkAdmins','Hb@gmail.com','e6e3be2d833cdf5d9d4c7bc2f85cd098'),('R0_gr8WrkAdmins','Ca@gmail.com','e6e3be2d833cdf5d9d4c7bc2f85cd098'),('R1_gr8WrkAdmins','GZ@gmail.com','e6e3be2d833cdf5d9d4c7bc2f85cd098'),('R1_hackinWasFun','Si@gmail.com','e6e3be2d833cdf5d9d4c7bc2f85cd098'),('R5_hackinWasFun','hj@gmail.com','e6e3be2d833cdf5d9d4c7bc2f85cd098'),('R6_hackinWasFun','Up@gmail.com','e6e3be2d833cdf5d9d4c7bc2f85cd098'),('R8_gr8WrkAdmins','R5@gmail.com','e6e3be2d833cdf5d9d4c7bc2f85cd098'),('R9_hackinWasFun','B6@gmail.com','e6e3be2d833cdf5d9d4c7bc2f85cd098'),('RB_hackinWasFun','E9@gmail.com','e6e3be2d833cdf5d9d4c7bc2f85cd098'),('RE_gr8WrkAdmins','Td@gmail.com','e6e3be2d833cdf5d9d4c7bc2f85cd098'),('RH_gr8WrkAdmins','uq@gmail.com','e6e3be2d833cdf5d9d4c7bc2f85cd098'),('RI_gr8WrkAdmins','EZ@gmail.com','e6e3be2d833cdf5d9d4c7bc2f85cd098'),('RJ_gr8WrkAdmins','ie@gmail.com','e6e3be2d833cdf5d9d4c7bc2f85cd098'),('RJ_hackinWasFun','xH@gmail.com','e6e3be2d833cdf5d9d4c7bc2f85cd098'),('RK_gr8WrkAdmins','s2@gmail.com','e6e3be2d833cdf5d9d4c7bc2f85cd098'),('RK_hackinWasFun','SF@gmail.com','e6e3be2d833cdf5d9d4c7bc2f85cd098'),('RM_gr8WrkAdmins','Wj@gmail.com','e6e3be2d833cdf5d9d4c7bc2f85cd098'),('RO_hackinWasFun','wT@gmail.com','e6e3be2d833cdf5d9d4c7bc2f85cd098'),('RQ_hackinWasFun','aC@gmail.com','e6e3be2d833cdf5d9d4c7bc2f85cd098'),('RR_gr8WrkAdmins','sG@gmail.com','e6e3be2d833cdf5d9d4c7bc2f85cd098'),('RU_gr8WrkAdmins','PE@gmail.com','e6e3be2d833cdf5d9d4c7bc2f85cd098'),('RV_gr8WrkAdmins','4j@gmail.com','e6e3be2d833cdf5d9d4c7bc2f85cd098'),('RZ_hackinWasFun','aI@gmail.com','e6e3be2d833cdf5d9d4c7bc2f85cd098'),('Rd_hackinWasFun','Pm@gmail.com','e6e3be2d833cdf5d9d4c7bc2f85cd098'),('Re_hackinWasFun','Y4@gmail.com','e6e3be2d833cdf5d9d4c7bc2f85cd098'),('Rf_hackinWasFun','RR@gmail.com','e6e3be2d833cdf5d9d4c7bc2f85cd098'),('Rg_gr8WrkAdmins','26@gmail.com','e6e3be2d833cdf5d9d4c7bc2f85cd098'),('Rg_hackinWasFun','3P@gmail.com','e6e3be2d833cdf5d9d4c7bc2f85cd098'),('Rh_hackinWasFun','1w@gmail.com','e6e3be2d833cdf5d9d4c7bc2f85cd098'),('Ri_gr8WrkAdmins','ZO@gmail.com','e6e3be2d833cdf5d9d4c7bc2f85cd098'),('Ri_hackinWasFun','mE@gmail.com','e6e3be2d833cdf5d9d4c7bc2f85cd098'),('Rk_gr8WrkAdmins','Z6@gmail.com','e6e3be2d833cdf5d9d4c7bc2f85cd098'),('Rl_hackinWasFun','dO@gmail.com','e6e3be2d833cdf5d9d4c7bc2f85cd098'),('Rm_gr8WrkAdmins','pF@gmail.com','e6e3be2d833cdf5d9d4c7bc2f85cd098'),('Rn_hackinWasFun','49@gmail.com','e6e3be2d833cdf5d9d4c7bc2f85cd098'),('Rocker','rishiakhnoor@gmail.com','b1a38f76b175f467392714c63af0f1db'),('Rq_hackinWasFun','sw@gmail.com','e6e3be2d833cdf5d9d4c7bc2f85cd098'),('Rt_gr8WrkAdmins','Dj@gmail.com','e6e3be2d833cdf5d9d4c7bc2f85cd098'),('Rv_gr8WrkAdmins','5m@gmail.com','e6e3be2d833cdf5d9d4c7bc2f85cd098'),('S2_hackinWasFun','1B@gmail.com','e6e3be2d833cdf5d9d4c7bc2f85cd098'),('S4_gr8WrkAdmins','80@gmail.com','e6e3be2d833cdf5d9d4c7bc2f85cd098'),('S6_hackinWasFun','zo@gmail.com','e6e3be2d833cdf5d9d4c7bc2f85cd098'),('S8_gr8WrkAdmins','vh@gmail.com','e6e3be2d833cdf5d9d4c7bc2f85cd098'),('S9_gr8WrkAdmins','RM@gmail.com','e6e3be2d833cdf5d9d4c7bc2f85cd098'),('SAM','saksham.maheshwari@students.ii','642cb532bc71e28809c25fdad8e7a00a'),('SA_hackinWasFun','2q@gmail.com','e6e3be2d833cdf5d9d4c7bc2f85cd098'),('SB_gr8WrkAdmins','Q6@gmail.com','e6e3be2d833cdf5d9d4c7bc2f85cd098'),('SB_hackinWasFun','i9@gmail.com','e6e3be2d833cdf5d9d4c7bc2f85cd098'),('SC_gr8WrkAdmins','3U@gmail.com','e6e3be2d833cdf5d9d4c7bc2f85cd098'),('SF_gr8WrkAdmins','SX@gmail.com','e6e3be2d833cdf5d9d4c7bc2f85cd098'),('SG_gr8WrkAdmins','U2@gmail.com','e6e3be2d833cdf5d9d4c7bc2f85cd098'),('SG_hackinWasFun','F9@gmail.com','e6e3be2d833cdf5d9d4c7bc2f85cd098'),('SH_gr8WrkAdmins','9M@gmail.com','e6e3be2d833cdf5d9d4c7bc2f85cd098'),('SIGSEV','sangal@iiit.ac.in','5929f2f227a98e3c71524359f5a259a9'),('SJ_gr8WrkAdmins','nv@gmail.com','e6e3be2d833cdf5d9d4c7bc2f85cd098'),('SJ_hackinWasFun','hR@gmail.com','e6e3be2d833cdf5d9d4c7bc2f85cd098'),('SN_gr8WrkAdmins','XS@gmail.com','e6e3be2d833cdf5d9d4c7bc2f85cd098'),('SO_gr8WrkAdmins','5p@gmail.com','e6e3be2d833cdf5d9d4c7bc2f85cd098'),('SQ_hackinWasFun','jO@gmail.com','e6e3be2d833cdf5d9d4c7bc2f85cd098'),('SR_hackinWasFun','px@gmail.com','e6e3be2d833cdf5d9d4c7bc2f85cd098'),('SS_hackinWasFun','2c@gmail.com','e6e3be2d833cdf5d9d4c7bc2f85cd098'),('ST_gr8WrkAdmins','w7@gmail.com','e6e3be2d833cdf5d9d4c7bc2f85cd098'),('SU_hackinWasFun','Qj@gmail.com','e6e3be2d833cdf5d9d4c7bc2f85cd098'),('SV_gr8WrkAdmins','pu@gmail.com','e6e3be2d833cdf5d9d4c7bc2f85cd098'),('SV_hackinWasFun','nn@gmail.com','e6e3be2d833cdf5d9d4c7bc2f85cd098'),('SW_gr8WrkAdmins','Ll@gmail.com','e6e3be2d833cdf5d9d4c7bc2f85cd098'),('SX_hackinWasFun','4k@gmail.com','e6e3be2d833cdf5d9d4c7bc2f85cd098'),('SZ_hackinWasFun','UF@gmail.com','e6e3be2d833cdf5d9d4c7bc2f85cd098'),('Sa_gr8WrkAdmins','1i@gmail.com','e6e3be2d833cdf5d9d4c7bc2f85cd098'),('Sa_hackinWasFun','tB@gmail.com','e6e3be2d833cdf5d9d4c7bc2f85cd098'),('Sakshi','Phoenix','5f4dcc3b5aa765d61d8327deb882cf99'),('Sd_gr8WrkAdmins','Ba@gmail.com','e6e3be2d833cdf5d9d4c7bc2f85cd098'),('Sd_hackinWasFun','9o@gmail.com','e6e3be2d833cdf5d9d4c7bc2f85cd098'),('Se_gr8WrkAdmins','vv@gmail.com','e6e3be2d833cdf5d9d4c7bc2f85cd098'),('Sf_hackinWasFun','A1@gmail.com','e6e3be2d833cdf5d9d4c7bc2f85cd098'),('Sj_gr8WrkAdmins','Er@gmail.com','e6e3be2d833cdf5d9d4c7bc2f85cd098'),('Sl_gr8WrkAdmins','1e@gmail.com','e6e3be2d833cdf5d9d4c7bc2f85cd098'),('Sl_hackinWasFun','uQ@gmail.com','e6e3be2d833cdf5d9d4c7bc2f85cd098'),('Ss_hackinWasFun','2U@gmail.com','e6e3be2d833cdf5d9d4c7bc2f85cd098'),('Sx_hackinWasFun','Mx@gmail.com','e6e3be2d833cdf5d9d4c7bc2f85cd098'),('Sy_gr8WrkAdmins','xj@gmail.com','e6e3be2d833cdf5d9d4c7bc2f85cd098'),('Sy_hackinWasFun','VA@gmail.com','e6e3be2d833cdf5d9d4c7bc2f85cd098'),('Sz_hackinWasFun','HC@gmail.com','e6e3be2d833cdf5d9d4c7bc2f85cd098'),('T3_gr8WrkAdmins','Me@gmail.com','e6e3be2d833cdf5d9d4c7bc2f85cd098'),('T4_gr8WrkAdmins','vg@gmail.com','e6e3be2d833cdf5d9d4c7bc2f85cd098'),('T7_hackinWasFun','vy@gmail.com','e6e3be2d833cdf5d9d4c7bc2f85cd098'),('TB_hackinWasFun','SB@gmail.com','e6e3be2d833cdf5d9d4c7bc2f85cd098'),('TC_gr8WrkAdmins','K4@gmail.com','e6e3be2d833cdf5d9d4c7bc2f85cd098'),('TD_gr8WrkAdmins','Ya@gmail.com','e6e3be2d833cdf5d9d4c7bc2f85cd098'),('TD_hackinWasFun','fr@gmail.com','e6e3be2d833cdf5d9d4c7bc2f85cd098'),('TE_hackinWasFun','tP@gmail.com','e6e3be2d833cdf5d9d4c7bc2f85cd098'),('TF_hackinWasFun','dR@gmail.com','e6e3be2d833cdf5d9d4c7bc2f85cd098'),('TG_hackinWasFun','hN@gmail.com','e6e3be2d833cdf5d9d4c7bc2f85cd098'),('TH_gr8WrkAdmins','yr@gmail.com','e6e3be2d833cdf5d9d4c7bc2f85cd098'),('TH_hackinWasFun','IY@gmail.com','e6e3be2d833cdf5d9d4c7bc2f85cd098'),('TI_hackinWasFun','Em@gmail.com','e6e3be2d833cdf5d9d4c7bc2f85cd098'),('TJ_hackinWasFun','CX@gmail.com','e6e3be2d833cdf5d9d4c7bc2f85cd098'),('TL_gr8WrkAdmins','FV@gmail.com','e6e3be2d833cdf5d9d4c7bc2f85cd098'),('TM_hackinWasFun','Cw@gmail.com','e6e3be2d833cdf5d9d4c7bc2f85cd098'),('TR_hackinWasFun','lf@gmail.com','e6e3be2d833cdf5d9d4c7bc2f85cd098'),('TS_hackinWasFun','ma@gmail.com','e6e3be2d833cdf5d9d4c7bc2f85cd098'),('TV_gr8WrkAdmins','8Q@gmail.com','e6e3be2d833cdf5d9d4c7bc2f85cd098'),('TV_hackinWasFun','g9@gmail.com','e6e3be2d833cdf5d9d4c7bc2f85cd098'),('TW_hackinWasFun','Sg@gmail.com','e6e3be2d833cdf5d9d4c7bc2f85cd098'),('TX_gr8WrkAdmins','oF@gmail.com','e6e3be2d833cdf5d9d4c7bc2f85cd098'),('TY_gr8WrkAdmins','N9@gmail.com','e6e3be2d833cdf5d9d4c7bc2f85cd098'),('TY_hackinWasFun','gH@gmail.com','e6e3be2d833cdf5d9d4c7bc2f85cd098'),('Ta_gr8WrkAdmins','g4@gmail.com','e6e3be2d833cdf5d9d4c7bc2f85cd098'),('Tb_hackinWasFun','ap@gmail.com','e6e3be2d833cdf5d9d4c7bc2f85cd098'),('Ti_gr8WrkAdmins','yQ@gmail.com','e6e3be2d833cdf5d9d4c7bc2f85cd098'),('Tj_gr8WrkAdmins','u4@gmail.com','e6e3be2d833cdf5d9d4c7bc2f85cd098'),('Tk_gr8WrkAdmins','Yb@gmail.com','e6e3be2d833cdf5d9d4c7bc2f85cd098'),('Tl_hackinWasFun','HS@gmail.com','e6e3be2d833cdf5d9d4c7bc2f85cd098'),('Tm_gr8WrkAdmins','rh@gmail.com','e6e3be2d833cdf5d9d4c7bc2f85cd098'),('To_gr8WrkAdmins','oB@gmail.com','e6e3be2d833cdf5d9d4c7bc2f85cd098'),('Toshiro','chinni.abhishek@students.iiit.','e6e3be2d833cdf5d9d4c7bc2f85cd098'),('Tq_gr8WrkAdmins','io@gmail.com','e6e3be2d833cdf5d9d4c7bc2f85cd098'),('Tt_hackinWasFun','SQ@gmail.com','e6e3be2d833cdf5d9d4c7bc2f85cd098'),('Tu_hackinWasFun','lU@gmail.com','e6e3be2d833cdf5d9d4c7bc2f85cd098'),('Tw_gr8WrkAdmins','py@gmail.com','e6e3be2d833cdf5d9d4c7bc2f85cd098'),('U0_gr8WrkAdmins','4X@gmail.com','e6e3be2d833cdf5d9d4c7bc2f85cd098'),('U1_gr8WrkAdmins','cI@gmail.com','e6e3be2d833cdf5d9d4c7bc2f85cd098'),('U3_gr8WrkAdmins','id@gmail.com','e6e3be2d833cdf5d9d4c7bc2f85cd098'),('UB_gr8WrkAdmins','n6@gmail.com','e6e3be2d833cdf5d9d4c7bc2f85cd098'),('UD_hackinWasFun','MD@gmail.com','e6e3be2d833cdf5d9d4c7bc2f85cd098'),('UE_hackinWasFun','VP@gmail.com','e6e3be2d833cdf5d9d4c7bc2f85cd098'),('UG_gr8WrkAdmins','Ij@gmail.com','e6e3be2d833cdf5d9d4c7bc2f85cd098'),('UJ_hackinWasFun','S1@gmail.com','e6e3be2d833cdf5d9d4c7bc2f85cd098'),('UM_gr8WrkAdmins','7L@gmail.com','e6e3be2d833cdf5d9d4c7bc2f85cd098'),('UN_hackinWasFun','pr@gmail.com','e6e3be2d833cdf5d9d4c7bc2f85cd098'),('UR_gr8WrkAdmins','iS@gmail.com','e6e3be2d833cdf5d9d4c7bc2f85cd098'),('UT_hackinWasFun','JD@gmail.com','e6e3be2d833cdf5d9d4c7bc2f85cd098'),('UV_hackinWasFun','XX@gmail.com','e6e3be2d833cdf5d9d4c7bc2f85cd098'),('UX_hackinWasFun','I3@gmail.com','e6e3be2d833cdf5d9d4c7bc2f85cd098'),('UY_gr8WrkAdmins','Mo@gmail.com','e6e3be2d833cdf5d9d4c7bc2f85cd098'),('UY_hackinWasFun','ng@gmail.com','e6e3be2d833cdf5d9d4c7bc2f85cd098'),('UZ_hackinWasFun','Tf@gmail.com','e6e3be2d833cdf5d9d4c7bc2f85cd098'),('Ua_hackinWasFun','sx@gmail.com','e6e3be2d833cdf5d9d4c7bc2f85cd098'),('Ub_hackinWasFun','Zx@gmail.com','e6e3be2d833cdf5d9d4c7bc2f85cd098'),('UdyanK','udyan.khurana@students.iiit.ac','842e89aece21c5b1184a76e2b4d69c55'),('Uj_gr8WrkAdmins','Nz@gmail.com','e6e3be2d833cdf5d9d4c7bc2f85cd098'),('Uj_hackinWasFun','MH@gmail.com','e6e3be2d833cdf5d9d4c7bc2f85cd098'),('Uk_gr8WrkAdmins','gt@gmail.com','e6e3be2d833cdf5d9d4c7bc2f85cd098'),('Um_gr8WrkAdmins','Q0@gmail.com','e6e3be2d833cdf5d9d4c7bc2f85cd098'),('Un_hackinWasFun','O0@gmail.com','e6e3be2d833cdf5d9d4c7bc2f85cd098'),('Uo_hackinWasFun','4a@gmail.com','e6e3be2d833cdf5d9d4c7bc2f85cd098'),('Up_gr8WrkAdmins','uy@gmail.com','e6e3be2d833cdf5d9d4c7bc2f85cd098'),('Up_hackinWasFun','AN@gmail.com','e6e3be2d833cdf5d9d4c7bc2f85cd098'),('Ur_hackinWasFun','n1@gmail.com','e6e3be2d833cdf5d9d4c7bc2f85cd098'),('Ut_gr8WrkAdmins','M2@gmail.com','e6e3be2d833cdf5d9d4c7bc2f85cd098'),('Uu_gr8WrkAdmins','Ay@gmail.com','e6e3be2d833cdf5d9d4c7bc2f85cd098'),('Uw_gr8WrkAdmins','iU@gmail.com','e6e3be2d833cdf5d9d4c7bc2f85cd098'),('Ux_gr8WrkAdmins','w0@gmail.com','e6e3be2d833cdf5d9d4c7bc2f85cd098'),('V1_gr8WrkAdmins','sO@gmail.com','e6e3be2d833cdf5d9d4c7bc2f85cd098'),('V2_gr8WrkAdmins','t9@gmail.com','e6e3be2d833cdf5d9d4c7bc2f85cd098'),('V2_hackinWasFun','Nr@gmail.com','e6e3be2d833cdf5d9d4c7bc2f85cd098'),('V3_gr8WrkAdmins','x6@gmail.com','e6e3be2d833cdf5d9d4c7bc2f85cd098'),('V5_gr8WrkAdmins','IQ@gmail.com','e6e3be2d833cdf5d9d4c7bc2f85cd098'),('V5_hackinWasFun','gX@gmail.com','e6e3be2d833cdf5d9d4c7bc2f85cd098'),('V7_hackinWasFun','Ej@gmail.com','e6e3be2d833cdf5d9d4c7bc2f85cd098'),('V9_gr8WrkAdmins','ZR@gmail.com','e6e3be2d833cdf5d9d4c7bc2f85cd098'),('VA_hackinWasFun','6m@gmail.com','e6e3be2d833cdf5d9d4c7bc2f85cd098'),('VC_gr8WrkAdmins','CK@gmail.com','e6e3be2d833cdf5d9d4c7bc2f85cd098'),('VE_gr8WrkAdmins','IM@gmail.com','e6e3be2d833cdf5d9d4c7bc2f85cd098'),('VG_gr8WrkAdmins','NY@gmail.com','e6e3be2d833cdf5d9d4c7bc2f85cd098'),('VG_hackinWasFun','Jv@gmail.com','e6e3be2d833cdf5d9d4c7bc2f85cd098'),('VK_hackinWasFun','sZ@gmail.com','e6e3be2d833cdf5d9d4c7bc2f85cd098'),('VM','vishrut.mehta009@gmail.com','bd21e6ad68d408cb1fb236980eb8dfed'),('VMware','vishrut.mehta@students.iiit.ac','bd21e6ad68d408cb1fb236980eb8dfed'),('VR_hackinWasFun','SI@gmail.com','e6e3be2d833cdf5d9d4c7bc2f85cd098'),('VT_gr8WrkAdmins','KM@gmail.com','e6e3be2d833cdf5d9d4c7bc2f85cd098'),('VU_gr8WrkAdmins','wA@gmail.com','e6e3be2d833cdf5d9d4c7bc2f85cd098'),('VZ_gr8WrkAdmins','WZ@gmail.com','e6e3be2d833cdf5d9d4c7bc2f85cd098'),('VZ_hackinWasFun','pK@gmail.com','e6e3be2d833cdf5d9d4c7bc2f85cd098'),('VanHohenheim','ak2x47@gmail.com','e25458b9be94bc0f2d8022de65fc5ea7'),('Vb_hackinWasFun','mL@gmail.com','e6e3be2d833cdf5d9d4c7bc2f85cd098'),('Vc_hackinWasFun','Tb@gmail.com','e6e3be2d833cdf5d9d4c7bc2f85cd098'),('Vf_hackinWasFun','vj@gmail.com','e6e3be2d833cdf5d9d4c7bc2f85cd098'),('Vg_hackinWasFun','jp@gmail.com','e6e3be2d833cdf5d9d4c7bc2f85cd098'),('Vh_gr8WrkAdmins','DE@gmail.com','e6e3be2d833cdf5d9d4c7bc2f85cd098'),('Vi_hackinWasFun','Cc@gmail.com','e6e3be2d833cdf5d9d4c7bc2f85cd098'),('Vj_gr8WrkAdmins','is@gmail.com','e6e3be2d833cdf5d9d4c7bc2f85cd098'),('Vl_gr8WrkAdmins','5H@gmail.com','e6e3be2d833cdf5d9d4c7bc2f85cd098'),('Vn_hackinWasFun','UH@gmail.com','e6e3be2d833cdf5d9d4c7bc2f85cd098'),('Vo_gr8WrkAdmins','FM@gmail.com','e6e3be2d833cdf5d9d4c7bc2f85cd098'),('Vo_hackinWasFun','BH@gmail.com','e6e3be2d833cdf5d9d4c7bc2f85cd098'),('Vp_gr8WrkAdmins','Qg@gmail.com','e6e3be2d833cdf5d9d4c7bc2f85cd098'),('Vq_hackinWasFun','p8@gmail.com','e6e3be2d833cdf5d9d4c7bc2f85cd098'),('Vs_gr8WrkAdmins','jI@gmail.com','e6e3be2d833cdf5d9d4c7bc2f85cd098'),('Vt_gr8WrkAdmins','xE@gmail.com','e6e3be2d833cdf5d9d4c7bc2f85cd098'),('Vt_hackinWasFun','6g@gmail.com','e6e3be2d833cdf5d9d4c7bc2f85cd098'),('Vu_gr8WrkAdmins','to@gmail.com','e6e3be2d833cdf5d9d4c7bc2f85cd098'),('Vu_hackinWasFun','JJ@gmail.com','e6e3be2d833cdf5d9d4c7bc2f85cd098'),('Vw_hackinWasFun','ew@gmail.com','e6e3be2d833cdf5d9d4c7bc2f85cd098'),('Vx_hackinWasFun','Am@gmail.com','e6e3be2d833cdf5d9d4c7bc2f85cd098'),('Vz_gr8WrkAdmins','t0@gmail.com','e6e3be2d833cdf5d9d4c7bc2f85cd098'),('W2_hackinWasFun','Ls@gmail.com','e6e3be2d833cdf5d9d4c7bc2f85cd098'),('W5_gr8WrkAdmins','o3@gmail.com','e6e3be2d833cdf5d9d4c7bc2f85cd098'),('W6_gr8WrkAdmins','QY@gmail.com','e6e3be2d833cdf5d9d4c7bc2f85cd098'),('WA_hackinWasFun','3u@gmail.com','e6e3be2d833cdf5d9d4c7bc2f85cd098'),('WD_gr8WrkAdmins','dZ@gmail.com','e6e3be2d833cdf5d9d4c7bc2f85cd098'),('WE_hackinWasFun','Vt@gmail.com','e6e3be2d833cdf5d9d4c7bc2f85cd098'),('WF_gr8WrkAdmins','ty@gmail.com','e6e3be2d833cdf5d9d4c7bc2f85cd098'),('WH_hackinWasFun','FY@gmail.com','e6e3be2d833cdf5d9d4c7bc2f85cd098'),('WJ_hackinWasFun','Zn@gmail.com','e6e3be2d833cdf5d9d4c7bc2f85cd098'),('WL_gr8WrkAdmins','8B@gmail.com','e6e3be2d833cdf5d9d4c7bc2f85cd098'),('WM_hackinWasFun','Lg@gmail.com','e6e3be2d833cdf5d9d4c7bc2f85cd098'),('WP_gr8WrkAdmins','uV@gmail.com','e6e3be2d833cdf5d9d4c7bc2f85cd098'),('WR_hackinWasFun','j3@gmail.com','e6e3be2d833cdf5d9d4c7bc2f85cd098'),('WS_gr8WrkAdmins','4y@gmail.com','e6e3be2d833cdf5d9d4c7bc2f85cd098'),('WU_hackinWasFun','4P@gmail.com','e6e3be2d833cdf5d9d4c7bc2f85cd098'),('WX_gr8WrkAdmins','oM@gmail.com','e6e3be2d833cdf5d9d4c7bc2f85cd098'),('Wb_gr8WrkAdmins','w1@gmail.com','e6e3be2d833cdf5d9d4c7bc2f85cd098'),('Wc_hackinWasFun','5Q@gmail.com','e6e3be2d833cdf5d9d4c7bc2f85cd098'),('We_gr8WrkAdmins','FA@gmail.com','e6e3be2d833cdf5d9d4c7bc2f85cd098'),('Wf_hackinWasFun','Ul@gmail.com','e6e3be2d833cdf5d9d4c7bc2f85cd098'),('Wh_hackinWasFun','qP@gmail.com','e6e3be2d833cdf5d9d4c7bc2f85cd098'),('Wi_hackinWasFun','Ib@gmail.com','e6e3be2d833cdf5d9d4c7bc2f85cd098'),('Wk_gr8WrkAdmins','Mm@gmail.com','e6e3be2d833cdf5d9d4c7bc2f85cd098'),('Wk_hackinWasFun','Q8@gmail.com','e6e3be2d833cdf5d9d4c7bc2f85cd098'),('Wm_hackinWasFun','a9@gmail.com','e6e3be2d833cdf5d9d4c7bc2f85cd098'),('Wn_hackinWasFun','kl@gmail.com','e6e3be2d833cdf5d9d4c7bc2f85cd098'),('Wo_hackinWasFun','Yl@gmail.com','e6e3be2d833cdf5d9d4c7bc2f85cd098'),('Wx_gr8WrkAdmins','BL@gmail.com','e6e3be2d833cdf5d9d4c7bc2f85cd098'),('Wy_gr8WrkAdmins','UD@gmail.com','e6e3be2d833cdf5d9d4c7bc2f85cd098'),('Wz_hackinWasFun','HR@gmail.com','e6e3be2d833cdf5d9d4c7bc2f85cd098'),('X0_gr8WrkAdmins','IT@gmail.com','e6e3be2d833cdf5d9d4c7bc2f85cd098'),('X0_hackinWasFun','rk@gmail.com','e6e3be2d833cdf5d9d4c7bc2f85cd098'),('X4_gr8WrkAdmins','JB@gmail.com','e6e3be2d833cdf5d9d4c7bc2f85cd098'),('X4_hackinWasFun','hw@gmail.com','e6e3be2d833cdf5d9d4c7bc2f85cd098'),('X5_gr8WrkAdmins','EX@gmail.com','e6e3be2d833cdf5d9d4c7bc2f85cd098'),('X6_gr8WrkAdmins','Ig@gmail.com','e6e3be2d833cdf5d9d4c7bc2f85cd098'),('X6_hackinWasFun','0c@gmail.com','e6e3be2d833cdf5d9d4c7bc2f85cd098'),('X8_gr8WrkAdmins','Qs@gmail.com','e6e3be2d833cdf5d9d4c7bc2f85cd098'),('X9_hackinWasFun','dI@gmail.com','e6e3be2d833cdf5d9d4c7bc2f85cd098'),('XB_gr8WrkAdmins','ZY@gmail.com','e6e3be2d833cdf5d9d4c7bc2f85cd098'),('XC_hackinWasFun','9T@gmail.com','e6e3be2d833cdf5d9d4c7bc2f85cd098'),('XE_gr8WrkAdmins','Qp@gmail.com','e6e3be2d833cdf5d9d4c7bc2f85cd098'),('XF_gr8WrkAdmins','1z@gmail.com','e6e3be2d833cdf5d9d4c7bc2f85cd098'),('XF_hackinWasFun','RH@gmail.com','e6e3be2d833cdf5d9d4c7bc2f85cd098'),('XH_gr8WrkAdmins','Yw@gmail.com','e6e3be2d833cdf5d9d4c7bc2f85cd098'),('XH_hackinWasFun','Vu@gmail.com','e6e3be2d833cdf5d9d4c7bc2f85cd098'),('XQ_gr8WrkAdmins','PS@gmail.com','e6e3be2d833cdf5d9d4c7bc2f85cd098'),('XR_gr8WrkAdmins','s1@gmail.com','e6e3be2d833cdf5d9d4c7bc2f85cd098'),('XR_hackinWasFun','ay@gmail.com','e6e3be2d833cdf5d9d4c7bc2f85cd098'),('XU_hackinWasFun','Nv@gmail.com','e6e3be2d833cdf5d9d4c7bc2f85cd098'),('XY_gr8WrkAdmins','Lw@gmail.com','e6e3be2d833cdf5d9d4c7bc2f85cd098'),('Xa_hackinWasFun','kM@gmail.com','e6e3be2d833cdf5d9d4c7bc2f85cd098'),('Xe_gr8WrkAdmins','2u@gmail.com','e6e3be2d833cdf5d9d4c7bc2f85cd098'),('Xf_gr8WrkAdmins','XE@gmail.com','e6e3be2d833cdf5d9d4c7bc2f85cd098'),('Xf_hackinWasFun','UC@gmail.com','e6e3be2d833cdf5d9d4c7bc2f85cd098'),('Xk_gr8WrkAdmins','hY@gmail.com','e6e3be2d833cdf5d9d4c7bc2f85cd098'),('Xp_hackinWasFun','Va@gmail.com','e6e3be2d833cdf5d9d4c7bc2f85cd098'),('Xr_hackinWasFun','P8@gmail.com','e6e3be2d833cdf5d9d4c7bc2f85cd098'),('Xu_hackinWasFun','WI@gmail.com','e6e3be2d833cdf5d9d4c7bc2f85cd098'),('Xv_hackinWasFun','E7@gmail.com','e6e3be2d833cdf5d9d4c7bc2f85cd098'),('Xz_hackinWasFun','Do@gmail.com','e6e3be2d833cdf5d9d4c7bc2f85cd098'),('Y0_gr8WrkAdmins','SG@gmail.com','e6e3be2d833cdf5d9d4c7bc2f85cd098'),('Y1_gr8WrkAdmins','Ho@gmail.com','e6e3be2d833cdf5d9d4c7bc2f85cd098'),('Y2_gr8WrkAdmins','eN@gmail.com','e6e3be2d833cdf5d9d4c7bc2f85cd098'),('Y5_gr8WrkAdmins','4A@gmail.com','e6e3be2d833cdf5d9d4c7bc2f85cd098'),('Y7_hackinWasFun','tr@gmail.com','e6e3be2d833cdf5d9d4c7bc2f85cd098'),('YA_hackinWasFun','2L@gmail.com','e6e3be2d833cdf5d9d4c7bc2f85cd098'),('YB_hackinWasFun','ua@gmail.com','e6e3be2d833cdf5d9d4c7bc2f85cd098'),('YC_gr8WrkAdmins','yB@gmail.com','e6e3be2d833cdf5d9d4c7bc2f85cd098'),('YE_hackinWasFun','pI@gmail.com','e6e3be2d833cdf5d9d4c7bc2f85cd098'),('YG_hackinWasFun','s3@gmail.com','e6e3be2d833cdf5d9d4c7bc2f85cd098'),('YI_gr8WrkAdmins','kc@gmail.com','e6e3be2d833cdf5d9d4c7bc2f85cd098'),('YJ_gr8WrkAdmins','1x@gmail.com','e6e3be2d833cdf5d9d4c7bc2f85cd098'),('YK_hackinWasFun','Xy@gmail.com','e6e3be2d833cdf5d9d4c7bc2f85cd098'),('YP_gr8WrkAdmins','6H@gmail.com','e6e3be2d833cdf5d9d4c7bc2f85cd098'),('YQ_hackinWasFun','cD@gmail.com','e6e3be2d833cdf5d9d4c7bc2f85cd098'),('YT_gr8WrkAdmins','I7@gmail.com','e6e3be2d833cdf5d9d4c7bc2f85cd098'),('YY_gr8WrkAdmins','Ut@gmail.com','e6e3be2d833cdf5d9d4c7bc2f85cd098'),('Ya_gr8WrkAdmins','Ip@gmail.com','e6e3be2d833cdf5d9d4c7bc2f85cd098'),('Yd_hackinWasFun','U3@gmail.com','e6e3be2d833cdf5d9d4c7bc2f85cd098'),('Ye_hackinWasFun','qv@gmail.com','e6e3be2d833cdf5d9d4c7bc2f85cd098'),('Yf_hackinWasFun','D0@gmail.com','e6e3be2d833cdf5d9d4c7bc2f85cd098'),('Yh_hackinWasFun','DA@gmail.com','e6e3be2d833cdf5d9d4c7bc2f85cd098'),('Yi_hackinWasFun','m1@gmail.com','e6e3be2d833cdf5d9d4c7bc2f85cd098'),('Yk_hackinWasFun','lo@gmail.com','e6e3be2d833cdf5d9d4c7bc2f85cd098'),('Yl_gr8WrkAdmins','7k@gmail.com','e6e3be2d833cdf5d9d4c7bc2f85cd098'),('Yl_hackinWasFun','t2@gmail.com','e6e3be2d833cdf5d9d4c7bc2f85cd098'),('Ym_hackinWasFun','Mq@gmail.com','e6e3be2d833cdf5d9d4c7bc2f85cd098'),('Yp_gr8WrkAdmins','ul@gmail.com','e6e3be2d833cdf5d9d4c7bc2f85cd098'),('Yy_hackinWasFun','55@gmail.com','e6e3be2d833cdf5d9d4c7bc2f85cd098'),('Z4_gr8WrkAdmins','3c@gmail.com','e6e3be2d833cdf5d9d4c7bc2f85cd098'),('Z4_hackinWasFun','06@gmail.com','e6e3be2d833cdf5d9d4c7bc2f85cd098'),('Z5_hackinWasFun','yZ@gmail.com','e6e3be2d833cdf5d9d4c7bc2f85cd098'),('Z6_hackinWasFun','or@gmail.com','e6e3be2d833cdf5d9d4c7bc2f85cd098'),('Z9_hackinWasFun','EO@gmail.com','e6e3be2d833cdf5d9d4c7bc2f85cd098'),('ZA_gr8WrkAdmins','yi@gmail.com','e6e3be2d833cdf5d9d4c7bc2f85cd098'),('ZD_gr8WrkAdmins','rv@gmail.com','e6e3be2d833cdf5d9d4c7bc2f85cd098'),('ZE_gr8WrkAdmins','Vo@gmail.com','e6e3be2d833cdf5d9d4c7bc2f85cd098'),('ZF_gr8WrkAdmins','TV@gmail.com','e6e3be2d833cdf5d9d4c7bc2f85cd098'),('ZG_gr8WrkAdmins','xW@gmail.com','e6e3be2d833cdf5d9d4c7bc2f85cd098'),('ZI_hackinWasFun','Jy@gmail.com','e6e3be2d833cdf5d9d4c7bc2f85cd098'),('ZJ_gr8WrkAdmins','Mn@gmail.com','e6e3be2d833cdf5d9d4c7bc2f85cd098'),('ZJ_hackinWasFun','x4@gmail.com','e6e3be2d833cdf5d9d4c7bc2f85cd098'),('ZL_gr8WrkAdmins','S3@gmail.com','e6e3be2d833cdf5d9d4c7bc2f85cd098'),('ZO_hackinWasFun','B4@gmail.com','e6e3be2d833cdf5d9d4c7bc2f85cd098'),('ZP_hackinWasFun','Wv@gmail.com','e6e3be2d833cdf5d9d4c7bc2f85cd098'),('ZR_gr8WrkAdmins','g8@gmail.com','e6e3be2d833cdf5d9d4c7bc2f85cd098'),('ZS_gr8WrkAdmins','du@gmail.com','e6e3be2d833cdf5d9d4c7bc2f85cd098'),('ZU_gr8WrkAdmins','3h@gmail.com','e6e3be2d833cdf5d9d4c7bc2f85cd098'),('ZY_hackinWasFun','4e@gmail.com','e6e3be2d833cdf5d9d4c7bc2f85cd098'),('Zb_hackinWasFun','N4@gmail.com','e6e3be2d833cdf5d9d4c7bc2f85cd098'),('Zd_hackinWasFun','XI@gmail.com','e6e3be2d833cdf5d9d4c7bc2f85cd098'),('Ze_gr8WrkAdmins','z6@gmail.com','e6e3be2d833cdf5d9d4c7bc2f85cd098'),('Zi_gr8WrkAdmins','VY@gmail.com','e6e3be2d833cdf5d9d4c7bc2f85cd098'),('Zk_hackinWasFun','yv@gmail.com','e6e3be2d833cdf5d9d4c7bc2f85cd098'),('Zl_gr8WrkAdmins','Al@gmail.com','e6e3be2d833cdf5d9d4c7bc2f85cd098'),('Zm_hackinWasFun','eR@gmail.com','e6e3be2d833cdf5d9d4c7bc2f85cd098'),('Zo_hackinWasFun','sD@gmail.com','e6e3be2d833cdf5d9d4c7bc2f85cd098'),('Zp_hackinWasFun','g2@gmail.com','e6e3be2d833cdf5d9d4c7bc2f85cd098'),('Zq_hackinWasFun','Xe@gmail.com','e6e3be2d833cdf5d9d4c7bc2f85cd098'),('Zr_hackinWasFun','ZS@gmail.com','e6e3be2d833cdf5d9d4c7bc2f85cd098'),('Zs_gr8WrkAdmins','DX@gmail.com','e6e3be2d833cdf5d9d4c7bc2f85cd098'),('Zt_gr8WrkAdmins','jm@gmail.com','e6e3be2d833cdf5d9d4c7bc2f85cd098'),('Zu_gr8WrkAdmins','YI@gmail.com','e6e3be2d833cdf5d9d4c7bc2f85cd098'),('Zu_hackinWasFun','XG@gmail.com','e6e3be2d833cdf5d9d4c7bc2f85cd098'),('Zw_gr8WrkAdmins','vQ@gmail.com','e6e3be2d833cdf5d9d4c7bc2f85cd098'),('Zw_hackinWasFun','iA@gmail.com','e6e3be2d833cdf5d9d4c7bc2f85cd098'),('Zx_gr8WrkAdmins','8K@gmail.com','e6e3be2d833cdf5d9d4c7bc2f85cd098'),('Zx_hackinWasFun','0h@gmail.com','e6e3be2d833cdf5d9d4c7bc2f85cd098'),('Zy_hackinWasFun','Wa@gmail.com','e6e3be2d833cdf5d9d4c7bc2f85cd098'),('Zz_gr8WrkAdmins','yx@gmail.com','e6e3be2d833cdf5d9d4c7bc2f85cd098'),('a1461','ashutosh.singla@students.iiit.','644f9a15c4a27aba9aa17bccc56af6d1'),('a3_gr8WrkAdmins','QR@gmail.com','e6e3be2d833cdf5d9d4c7bc2f85cd098'),('a8_gr8WrkAdmins','eg@gmail.com','e6e3be2d833cdf5d9d4c7bc2f85cd098'),('aA_gr8WrkAdmins','ST@gmail.com','e6e3be2d833cdf5d9d4c7bc2f85cd098'),('aC_hackinWasFun','iz@gmail.com','e6e3be2d833cdf5d9d4c7bc2f85cd098'),('aG_hackinWasFun','Ic@gmail.com','e6e3be2d833cdf5d9d4c7bc2f85cd098'),('aM_gr8WrkAdmins','66@gmail.com','e6e3be2d833cdf5d9d4c7bc2f85cd098'),('aQ_hackinWasFun','Lx@gmail.com','e6e3be2d833cdf5d9d4c7bc2f85cd098'),('aT_gr8WrkAdmins','nH@gmail.com','e6e3be2d833cdf5d9d4c7bc2f85cd098'),('aV_hackinWasFun','79@gmail.com','e6e3be2d833cdf5d9d4c7bc2f85cd098'),('aaaaa','a.a@gmail.com','594f803b380a41396ed63dca39503542'),('aaj_ka_aadmi','tarang.goyal06@gmail.com','4d8988750bc59ace6d3a8c56a37e6bf8'),('abcd','abcd.com','23ce40e479dfb72d0551246f6cce81cb'),('abhinandan','a@a.com','650f40da46f75451891388f96edfdc37'),('ac_hackinWasFun','Zj@gmail.com','e6e3be2d833cdf5d9d4c7bc2f85cd098'),('ad_hackinWasFun','E8@gmail.com','e6e3be2d833cdf5d9d4c7bc2f85cd098'),('aditya.c','aditya.c@students.iiit.ac.in','790c35175075c9ce11767d590e5e5e6e'),('admin1','naren.kishan10@gmail.com','170cd370dcd38c39a519ffb0c6ec579d'),('adsmylol','adsmylol','e8e6a9e6d0e8d0c4dd0890f1ac1299e8'),('ag_gr8WrkAdmins','Pa@gmail.com','e6e3be2d833cdf5d9d4c7bc2f85cd098'),('ag_hackinWasFun','Gs@gmail.com','e6e3be2d833cdf5d9d4c7bc2f85cd098'),('aha','itsmeyaar12345@gmail.com','d1041b5651da4032783b98acfc0c84ef'),('aishvarya','asheybo@gmail.com','23784bb693d30db0f9ae74556c6be32c'),('akash','akashslg@yahoo.co.in','0e7644848fe48180426ce8fca2ab4856'),('aladin','himanshu.jain@students.iiit.ac','83881d5b189bb5cb578d535b943f4c36'),('aman','amanagarwal1911@gmail.com','fd0f7178fe55422b682e29f8a29e5d86'),('an_gr8WrkAdmins','mA@gmail.com','e6e3be2d833cdf5d9d4c7bc2f85cd098'),('ao_hackinWasFun','0d@gmail.com','e6e3be2d833cdf5d9d4c7bc2f85cd098'),('ap_gr8WrkAdmins','y4@gmail.com','e6e3be2d833cdf5d9d4c7bc2f85cd098'),('ap_hackinWasFun','tO@gmail.com','e6e3be2d833cdf5d9d4c7bc2f85cd098'),('archit','archit.mehta@students.iiit.ac.','e6c00bd37e4a453feaa717171897cbdb'),('army','lovepreetsingh.sidhu@students.','cac6c31211bae20755ece96871f7cc2c'),('asdfghjkl','anirudhgoyal9119@gmail.com','d8578edf8458ce06fbc5bb76a58c5ca4'),('asdhasdjsahda','asdhasdjsahda','8dc1c550c63c193d754139338dd85a59'),('asdsadsa','asdsadsa','1a18886587c2efa7b720554ff646d482'),('ashish','ashish.singh@students.iiit.ac.','e49e9f9c9c5f47a3eff01f619b4583e5'),('ass','MOHANTY','e6e3be2d833cdf5d9d4c7bc2f85cd098'),('at_gr8WrkAdmins','DL@gmail.com','e6e3be2d833cdf5d9d4c7bc2f85cd098'),('au_gr8WrkAdmins','Gc@gmail.com','e6e3be2d833cdf5d9d4c7bc2f85cd098'),('av_gr8WrkAdmins','7n@gmail.com','e6e3be2d833cdf5d9d4c7bc2f85cd098'),('aw_gr8WrkAdmins','C8@gmail.com','e6e3be2d833cdf5d9d4c7bc2f85cd098'),('aw_hackinWasFun','4L@gmail.com','e6e3be2d833cdf5d9d4c7bc2f85cd098'),('ax_gr8WrkAdmins','bN@gmail.com','e6e3be2d833cdf5d9d4c7bc2f85cd098'),('ay_hackinWasFun','3L@gmail.com','e6e3be2d833cdf5d9d4c7bc2f85cd098'),('az_hackinWasFun','P2@gmail.com','e6e3be2d833cdf5d9d4c7bc2f85cd098'),('b2_gr8WrkAdmins','uU@gmail.com','e6e3be2d833cdf5d9d4c7bc2f85cd098'),('b2_hackinWasFun','vm@gmail.com','e6e3be2d833cdf5d9d4c7bc2f85cd098'),('b4_hackinWasFun','C5@gmail.com','e6e3be2d833cdf5d9d4c7bc2f85cd098'),('b6_hackinWasFun','iX@gmail.com','e6e3be2d833cdf5d9d4c7bc2f85cd098'),('bA_hackinWasFun','ql@gmail.com','e6e3be2d833cdf5d9d4c7bc2f85cd098'),('bC_gr8WrkAdmins','dJ@gmail.com','e6e3be2d833cdf5d9d4c7bc2f85cd098'),('bD_hackinWasFun','Kf@gmail.com','e6e3be2d833cdf5d9d4c7bc2f85cd098'),('bF_gr8WrkAdmins','Jk@gmail.com','e6e3be2d833cdf5d9d4c7bc2f85cd098'),('bF_hackinWasFun','KZ@gmail.com','e6e3be2d833cdf5d9d4c7bc2f85cd098'),('bH_gr8WrkAdmins','Rs@gmail.com','e6e3be2d833cdf5d9d4c7bc2f85cd098'),('bH_hackinWasFun','mc@gmail.com','e6e3be2d833cdf5d9d4c7bc2f85cd098'),('bI_hackinWasFun','VT@gmail.com','e6e3be2d833cdf5d9d4c7bc2f85cd098'),('bL_hackinWasFun','1G@gmail.com','e6e3be2d833cdf5d9d4c7bc2f85cd098'),('bM_gr8WrkAdmins','oH@gmail.com','e6e3be2d833cdf5d9d4c7bc2f85cd098'),('bM_hackinWasFun','tT@gmail.com','e6e3be2d833cdf5d9d4c7bc2f85cd098'),('bR_gr8WrkAdmins','Mf@gmail.com','e6e3be2d833cdf5d9d4c7bc2f85cd098'),('bS_gr8WrkAdmins','RQ@gmail.com','e6e3be2d833cdf5d9d4c7bc2f85cd098'),('bU_hackinWasFun','Tc@gmail.com','e6e3be2d833cdf5d9d4c7bc2f85cd098'),('bV_hackinWasFun','c3@gmail.com','e6e3be2d833cdf5d9d4c7bc2f85cd098'),('bY_hackinWasFun','ws@gmail.com','e6e3be2d833cdf5d9d4c7bc2f85cd098'),('bamboo','bamboo@gmail.com','82960335036ff4ddc124b78af7777ee4'),('bauer','aditya.sharma@students.iiit.ac','f3964ba7081ea2b22eeadfbfb737b7f1'),('bb_hackinWasFun','eK@gmail.com','e6e3be2d833cdf5d9d4c7bc2f85cd098'),('bh_gr8WrkAdmins','sX@gmail.com','e6e3be2d833cdf5d9d4c7bc2f85cd098'),('bi_hackinWasFun','AP@gmail.com','e6e3be2d833cdf5d9d4c7bc2f85cd098'),('bk_gr8WrkAdmins','tQ@gmail.com','e6e3be2d833cdf5d9d4c7bc2f85cd098'),('bk_hackinWasFun','m6@gmail.com','e6e3be2d833cdf5d9d4c7bc2f85cd098'),('bla','eskiranmai94@gmail.com','200820e3227815ed1756a6b531e7e0d2'),('blah','blahblah@dispostable.com','82af7f19f69d060b62096954117179f8'),('bm_gr8WrkAdmins','Md@gmail.com','e6e3be2d833cdf5d9d4c7bc2f85cd098'),('bm_hackinWasFun','FX@gmail.com','e6e3be2d833cdf5d9d4c7bc2f85cd098'),('bn_gr8WrkAdmins','QC@gmail.com','e6e3be2d833cdf5d9d4c7bc2f85cd098'),('bo_hackinWasFun','MZ@gmail.com','e6e3be2d833cdf5d9d4c7bc2f85cd098'),('boom!','raveeshmotlani@gmail.com','e6e3be2d833cdf5d9d4c7bc2f85cd098'),('br_gr8WrkAdmins','xw@gmail.com','e6e3be2d833cdf5d9d4c7bc2f85cd098'),('break-in!','monica.cuteworlds@gmail.com','7ada9ac0dfc869cfce7466b4a5a30b8b'),('brutal','maharshi.ray@students.iiit.ac.','18182f494c2d6cfdda3e893934b7ea5c'),('bs_gr8WrkAdmins','so@gmail.com','e6e3be2d833cdf5d9d4c7bc2f85cd098'),('bu_gr8WrkAdmins','do@gmail.com','e6e3be2d833cdf5d9d4c7bc2f85cd098'),('bu_hackinWasFun','c8@gmail.com','e6e3be2d833cdf5d9d4c7bc2f85cd098'),('bw_hackinWasFun','pD@gmail.com','e6e3be2d833cdf5d9d4c7bc2f85cd098'),('bx_gr8WrkAdmins','uS@gmail.com','e6e3be2d833cdf5d9d4c7bc2f85cd098'),('bz_gr8WrkAdmins','U8@gmail.com','e6e3be2d833cdf5d9d4c7bc2f85cd098'),('c0_gr8WrkAdmins','Ki@gmail.com','e6e3be2d833cdf5d9d4c7bc2f85cd098'),('c1_gr8WrkAdmins','ez@gmail.com','e6e3be2d833cdf5d9d4c7bc2f85cd098'),('c7_gr8WrkAdmins','mD@gmail.com','e6e3be2d833cdf5d9d4c7bc2f85cd098'),('c7_hackinWasFun','ff@gmail.com','e6e3be2d833cdf5d9d4c7bc2f85cd098'),('c8_gr8WrkAdmins','A0@gmail.com','e6e3be2d833cdf5d9d4c7bc2f85cd098'),('c8_hackinWasFun','NE@gmail.com','e6e3be2d833cdf5d9d4c7bc2f85cd098'),('c9_hackinWasFun','Uu@gmail.com','e6e3be2d833cdf5d9d4c7bc2f85cd098'),('cA_hackinWasFun','xs@gmail.com','e6e3be2d833cdf5d9d4c7bc2f85cd098'),('cE_gr8WrkAdmins','8w@gmail.com','e6e3be2d833cdf5d9d4c7bc2f85cd098'),('cG_hackinWasFun','W2@gmail.com','e6e3be2d833cdf5d9d4c7bc2f85cd098'),('cI_gr8WrkAdmins','HI@gmail.com','e6e3be2d833cdf5d9d4c7bc2f85cd098'),('cK_gr8WrkAdmins','em@gmail.com','e6e3be2d833cdf5d9d4c7bc2f85cd098'),('cL_gr8WrkAdmins','I8@gmail.com','e6e3be2d833cdf5d9d4c7bc2f85cd098'),('cM_hackinWasFun','pH@gmail.com','e6e3be2d833cdf5d9d4c7bc2f85cd098'),('cO_hackinWasFun','97@gmail.com','e6e3be2d833cdf5d9d4c7bc2f85cd098'),('cS_gr8WrkAdmins','1g@gmail.com','e6e3be2d833cdf5d9d4c7bc2f85cd098'),('cS_hackinWasFun','NX@gmail.com','e6e3be2d833cdf5d9d4c7bc2f85cd098'),('cU_gr8WrkAdmins','bR@gmail.com','e6e3be2d833cdf5d9d4c7bc2f85cd098'),('cb_gr8WrkAdmins','dq@gmail.com','e6e3be2d833cdf5d9d4c7bc2f85cd098'),('cd_hackinWasFun','kP@gmail.com','e6e3be2d833cdf5d9d4c7bc2f85cd098'),('ce_hackinWasFun','4n@gmail.com','e6e3be2d833cdf5d9d4c7bc2f85cd098'),('cf_hackinWasFun','Us@gmail.com','e6e3be2d833cdf5d9d4c7bc2f85cd098'),('ch_gr8WrkAdmins','Yv@gmail.com','e6e3be2d833cdf5d9d4c7bc2f85cd098'),('chacha','j@gmail.com','664d242a7528bf4230386c9ac1a437f8'),('chati','sriharsha.karamchati@students.','014f17a08155ebaa4f448491e5646f56'),('cheat','cheta.gup@gmail.com','61ac917a614863c05ee00d06a63543c3'),('checkagain','final','86fd0711fb1c82e7f738326f098cc8f7'),('chotu','sorabh.gupta@students.iiit.ac.','51d750b706419510027b7050ea01c269'),('ck_hackinWasFun','1y@gmail.com','e6e3be2d833cdf5d9d4c7bc2f85cd098'),('cm_gr8WrkAdmins','WA@gmail.com','e6e3be2d833cdf5d9d4c7bc2f85cd098'),('co_gr8WrkAdmins','fb@gmail.com','e6e3be2d833cdf5d9d4c7bc2f85cd098'),('coder46','faisal.iiit@gmail.com','ce1687abc7473971ebbcce44eda70be3'),('cooper','akshay.minocha@students.iiit.a','2db1850a4fe292bd2706ffd78dbe44b9'),('cp_gr8WrkAdmins','cV@gmail.com','e6e3be2d833cdf5d9d4c7bc2f85cd098'),('cq_gr8WrkAdmins','uF@gmail.com','e6e3be2d833cdf5d9d4c7bc2f85cd098'),('cr_gr8WrkAdmins','E3@gmail.com','e6e3be2d833cdf5d9d4c7bc2f85cd098'),('cr_hackinWasFun','6p@gmail.com','e6e3be2d833cdf5d9d4c7bc2f85cd098'),('ct_gr8WrkAdmins','gU@gmail.com','e6e3be2d833cdf5d9d4c7bc2f85cd098'),('cu_hackinWasFun','PU@gmail.com','e6e3be2d833cdf5d9d4c7bc2f85cd098'),('cv_hackinWasFun','fy@gmail.com','e6e3be2d833cdf5d9d4c7bc2f85cd098'),('cx_hackinWasFun','Og@gmail.com','e6e3be2d833cdf5d9d4c7bc2f85cd098'),('d0_gr8WrkAdmins','34@gmail.com','e6e3be2d833cdf5d9d4c7bc2f85cd098'),('d0_hackinWasFun','78@gmail.com','e6e3be2d833cdf5d9d4c7bc2f85cd098'),('d2_hackinWasFun','Ex@gmail.com','e6e3be2d833cdf5d9d4c7bc2f85cd098'),('d3_hackinWasFun','jo@gmail.com','e6e3be2d833cdf5d9d4c7bc2f85cd098'),('d4_gr8WrkAdmins','Kz@gmail.com','e6e3be2d833cdf5d9d4c7bc2f85cd098'),('d4_hackinWasFun','pc@gmail.com','e6e3be2d833cdf5d9d4c7bc2f85cd098'),('dA_hackinWasFun','mk@gmail.com','e6e3be2d833cdf5d9d4c7bc2f85cd098'),('dB_hackinWasFun','Xm@gmail.com','e6e3be2d833cdf5d9d4c7bc2f85cd098'),('dD_gr8WrkAdmins','NO@gmail.com','e6e3be2d833cdf5d9d4c7bc2f85cd098'),('dF_hackinWasFun','pY@gmail.com','e6e3be2d833cdf5d9d4c7bc2f85cd098'),('dI_gr8WrkAdmins','HE@gmail.com','e6e3be2d833cdf5d9d4c7bc2f85cd098'),('dK_gr8WrkAdmins','nK@gmail.com','e6e3be2d833cdf5d9d4c7bc2f85cd098'),('dL_hackinWasFun','Gl@gmail.com','e6e3be2d833cdf5d9d4c7bc2f85cd098'),('dN_gr8WrkAdmins','9O@gmail.com','e6e3be2d833cdf5d9d4c7bc2f85cd098'),('dP_hackinWasFun','Dh@gmail.com','e6e3be2d833cdf5d9d4c7bc2f85cd098'),('dV_hackinWasFun','wc@gmail.com','e6e3be2d833cdf5d9d4c7bc2f85cd098'),('da_gr8WrkAdmins','8u@gmail.com','e6e3be2d833cdf5d9d4c7bc2f85cd098'),('da_hackinWasFun','Cq@gmail.com','e6e3be2d833cdf5d9d4c7bc2f85cd098'),('darkhorcrux','paraggupta1993@gmail.com','4501955b151a120bd794c416f0146c5a'),('darkscale','sukhjashan.singh93@gmail.com','56a6b882a237386a7047bbf1f98071df'),('db_gr8WrkAdmins','gq@gmail.com','e6e3be2d833cdf5d9d4c7bc2f85cd098'),('dc_gr8WrkAdmins','Tm@gmail.com','e6e3be2d833cdf5d9d4c7bc2f85cd098'),('de_gr8WrkAdmins','UT@gmail.com','e6e3be2d833cdf5d9d4c7bc2f85cd098'),('de_hackinWasFun','6F@gmail.com','e6e3be2d833cdf5d9d4c7bc2f85cd098'),('dex','exclusivesaurabh@gmail.com','e8347e966ebd1e3defd04d09c4901052'),('df_hackinWasFun','qN@gmail.com','e6e3be2d833cdf5d9d4c7bc2f85cd098'),('dg_hackinWasFun','Ps@gmail.com','e6e3be2d833cdf5d9d4c7bc2f85cd098'),('dh_gr8WrkAdmins','t7@gmail.com','e6e3be2d833cdf5d9d4c7bc2f85cd098'),('diablo','dhaval.naik@students.iiit.ac.i','975ef70ce2dd7ae8dd7de7c930d90d0d'),('diksha','dikshajagdish.yadav@students.i','82af7f19f69d060b62096954117179f8'),('dm_gr8WrkAdmins','Ab@gmail.com','e6e3be2d833cdf5d9d4c7bc2f85cd098'),('dm_hackinWasFun','dd@gmail.com','e6e3be2d833cdf5d9d4c7bc2f85cd098'),('dn_gr8WrkAdmins','9A@gmail.com','e6e3be2d833cdf5d9d4c7bc2f85cd098'),('do_hackinWasFun','0Y@gmail.com','e6e3be2d833cdf5d9d4c7bc2f85cd098'),('dp_hackinWasFun','y1@gmail.com','e6e3be2d833cdf5d9d4c7bc2f85cd098'),('dq_gr8WrkAdmins','nk@gmail.com','e6e3be2d833cdf5d9d4c7bc2f85cd098'),('dr_hackinWasFun','i4@gmail.com','e6e3be2d833cdf5d9d4c7bc2f85cd098'),('drazen167','abc@def.com','0e51f03a66365daac84b318b753cc38b'),('drdre','bitchplease@gmail.com','3fe7df46bf2ea1ecd47fb0d29bbf28a8'),('dreamrulez07','dreamrulez.07@gmail.com','d8578edf8458ce06fbc5bb76a58c5ca4'),('dt_gr8WrkAdmins','75@gmail.com','e6e3be2d833cdf5d9d4c7bc2f85cd098'),('du_hackinWasFun','7R@gmail.com','e6e3be2d833cdf5d9d4c7bc2f85cd098'),('dummy','ilvporn.com','f561aaf6ef0bf14d4208bb46a4ccb3ad'),('e0_gr8WrkAdmins','kp@gmail.com','e6e3be2d833cdf5d9d4c7bc2f85cd098'),('e1_hackinWasFun','nJ@gmail.com','e6e3be2d833cdf5d9d4c7bc2f85cd098'),('e5_hackinWasFun','JI@gmail.com','e6e3be2d833cdf5d9d4c7bc2f85cd098'),('e7_gr8WrkAdmins','tX@gmail.com','e6e3be2d833cdf5d9d4c7bc2f85cd098'),('e8_hackinWasFun','8t@gmail.com','e6e3be2d833cdf5d9d4c7bc2f85cd098'),('e9_hackinWasFun','XW@gmail.com','e6e3be2d833cdf5d9d4c7bc2f85cd098'),('eD_hackinWasFun','Su@gmail.com','e6e3be2d833cdf5d9d4c7bc2f85cd098'),('eE_hackinWasFun','Xp@gmail.com','e6e3be2d833cdf5d9d4c7bc2f85cd098'),('eI_gr8WrkAdmins','hq@gmail.com','e6e3be2d833cdf5d9d4c7bc2f85cd098'),('eJ_gr8WrkAdmins','D4@gmail.com','e6e3be2d833cdf5d9d4c7bc2f85cd098'),('eK_hackinWasFun','4x@gmail.com','e6e3be2d833cdf5d9d4c7bc2f85cd098'),('eN_hackinWasFun','xN@gmail.com','e6e3be2d833cdf5d9d4c7bc2f85cd098'),('eR_gr8WrkAdmins','fJ@gmail.com','e6e3be2d833cdf5d9d4c7bc2f85cd098'),('eR_hackinWasFun','QN@gmail.com','e6e3be2d833cdf5d9d4c7bc2f85cd098'),('eV_gr8WrkAdmins','lZ@gmail.com','e6e3be2d833cdf5d9d4c7bc2f85cd098'),('eV_hackinWasFun','v4@gmail.com','e6e3be2d833cdf5d9d4c7bc2f85cd098'),('eW_hackinWasFun','ge@gmail.com','e6e3be2d833cdf5d9d4c7bc2f85cd098'),('eX_gr8WrkAdmins','70@gmail.com','e6e3be2d833cdf5d9d4c7bc2f85cd098'),('eX_hackinWasFun','MJ@gmail.com','e6e3be2d833cdf5d9d4c7bc2f85cd098'),('ea_hackinWasFun','9b@gmail.com','e6e3be2d833cdf5d9d4c7bc2f85cd098'),('eb_gr8WrkAdmins','Fe@gmail.com','e6e3be2d833cdf5d9d4c7bc2f85cd098'),('ec_hackinWasFun','i8@gmail.com','e6e3be2d833cdf5d9d4c7bc2f85cd098'),('ed_gr8WrkAdmins','rS@gmail.com','e6e3be2d833cdf5d9d4c7bc2f85cd098'),('ee_hackinWasFun','ut@gmail.com','e6e3be2d833cdf5d9d4c7bc2f85cd098'),('ei_hackinWasFun','gx@gmail.com','e6e3be2d833cdf5d9d4c7bc2f85cd098'),('ej_hackinWasFun','Bg@gmail.com','e6e3be2d833cdf5d9d4c7bc2f85cd098'),('eminem','eminemrocks@gmail.com','64b25c4317949a68e85a7a5e57b92ada'),('en_gr8WrkAdmins','ds@gmail.com','e6e3be2d833cdf5d9d4c7bc2f85cd098'),('eo_gr8WrkAdmins','6l@gmail.com','e6e3be2d833cdf5d9d4c7bc2f85cd098'),('ep_gr8WrkAdmins','QZ@gmail.com','e6e3be2d833cdf5d9d4c7bc2f85cd098'),('er_hackinWasFun','VB@gmail.com','e6e3be2d833cdf5d9d4c7bc2f85cd098'),('et_gr8WrkAdmins','eO@gmail.com','e6e3be2d833cdf5d9d4c7bc2f85cd098'),('eu_hackinWasFun','u3@gmail.com','e6e3be2d833cdf5d9d4c7bc2f85cd098'),('ex_gr8WrkAdmins','sA@gmail.com','e6e3be2d833cdf5d9d4c7bc2f85cd098'),('ex_hackinWasFun','eX@gmail.com','e6e3be2d833cdf5d9d4c7bc2f85cd098'),('ey_hackinWasFun','MK@gmail.com','e6e3be2d833cdf5d9d4c7bc2f85cd098'),('f0_gr8WrkAdmins','iB@gmail.com','e6e3be2d833cdf5d9d4c7bc2f85cd098'),('f0_hackinWasFun','1L@gmail.com','e6e3be2d833cdf5d9d4c7bc2f85cd098'),('f2_gr8WrkAdmins','Hz@gmail.com','e6e3be2d833cdf5d9d4c7bc2f85cd098'),('fF_gr8WrkAdmins','Eg@gmail.com','e6e3be2d833cdf5d9d4c7bc2f85cd098'),('fJ_gr8WrkAdmins','7y@gmail.com','e6e3be2d833cdf5d9d4c7bc2f85cd098'),('fK_hackinWasFun','Bh@gmail.com','e6e3be2d833cdf5d9d4c7bc2f85cd098'),('fM_gr8WrkAdmins','Jh@gmail.com','e6e3be2d833cdf5d9d4c7bc2f85cd098'),('fP_gr8WrkAdmins','iw@gmail.com','e6e3be2d833cdf5d9d4c7bc2f85cd098'),('fQ_hackinWasFun','IG@gmail.com','e6e3be2d833cdf5d9d4c7bc2f85cd098'),('fR_gr8WrkAdmins','rZ@gmail.com','e6e3be2d833cdf5d9d4c7bc2f85cd098'),('fR_hackinWasFun','uT@gmail.com','e6e3be2d833cdf5d9d4c7bc2f85cd098'),('fV_gr8WrkAdmins','by@gmail.com','e6e3be2d833cdf5d9d4c7bc2f85cd098'),('fW_hackinWasFun','0e@gmail.com','e6e3be2d833cdf5d9d4c7bc2f85cd098'),('fX_hackinWasFun','4I@gmail.com','e6e3be2d833cdf5d9d4c7bc2f85cd098'),('fY_gr8WrkAdmins','2E@gmail.com','e6e3be2d833cdf5d9d4c7bc2f85cd098'),('fY_hackinWasFun','X6@gmail.com','e6e3be2d833cdf5d9d4c7bc2f85cd098'),('fc_gr8WrkAdmins','yd@gmail.com','e6e3be2d833cdf5d9d4c7bc2f85cd098'),('fd_gr8WrkAdmins','kf@gmail.com','e6e3be2d833cdf5d9d4c7bc2f85cd098'),('ferb','a.b@gmail.com','e6e3be2d833cdf5d9d4c7bc2f85cd098'),('fff','fff@f.lk','4ac37ffd8e0694befc66b3847d76dba7'),('fh_hackinWasFun','SY@gmail.com','e6e3be2d833cdf5d9d4c7bc2f85cd098'),('fifa','abc@gmail.com','3fc0a7acf087f549ac2b266baf94b8b1'),('finalisthis','abcd@gmail.com','c03a96af6a8dc74cd1c6fa50a99c077a'),('fj_gr8WrkAdmins','AW@gmail.com','e6e3be2d833cdf5d9d4c7bc2f85cd098'),('fk_hackinWasFun','2G@gmail.com','e6e3be2d833cdf5d9d4c7bc2f85cd098'),('fp_gr8WrkAdmins','K0@gmail.com','e6e3be2d833cdf5d9d4c7bc2f85cd098'),('fs_gr8WrkAdmins','8R@gmail.com','e6e3be2d833cdf5d9d4c7bc2f85cd098'),('fs_hackinWasFun','o7@gmail.com','e6e3be2d833cdf5d9d4c7bc2f85cd098'),('fw_gr8WrkAdmins','KK@gmail.com','e6e3be2d833cdf5d9d4c7bc2f85cd098'),('fz_gr8WrkAdmins','LX@gmail.com','e6e3be2d833cdf5d9d4c7bc2f85cd098'),('fz_hackinWasFun','Sr@gmail.com','e6e3be2d833cdf5d9d4c7bc2f85cd098'),('g1_hackinWasFun','wv@gmail.com','e6e3be2d833cdf5d9d4c7bc2f85cd098'),('g2_hackinWasFun','Hc@gmail.com','e6e3be2d833cdf5d9d4c7bc2f85cd098'),('g3_hackinWasFun','Oj@gmail.com','e6e3be2d833cdf5d9d4c7bc2f85cd098'),('g5_hackinWasFun','FL@gmail.com','e6e3be2d833cdf5d9d4c7bc2f85cd098'),('g7_hackinWasFun','uj@gmail.com','e6e3be2d833cdf5d9d4c7bc2f85cd098'),('gD_gr8WrkAdmins','Wn@gmail.com','e6e3be2d833cdf5d9d4c7bc2f85cd098'),('gD_hackinWasFun','J6@gmail.com','e6e3be2d833cdf5d9d4c7bc2f85cd098'),('gE_hackinWasFun','ps@gmail.com','e6e3be2d833cdf5d9d4c7bc2f85cd098'),('gL_gr8WrkAdmins','cQ@gmail.com','e6e3be2d833cdf5d9d4c7bc2f85cd098'),('gM_hackinWasFun','d3@gmail.com','e6e3be2d833cdf5d9d4c7bc2f85cd098'),('gN_hackinWasFun','EJ@gmail.com','e6e3be2d833cdf5d9d4c7bc2f85cd098'),('gO_hackinWasFun','B5@gmail.com','e6e3be2d833cdf5d9d4c7bc2f85cd098'),('gS_hackinWasFun','Qi@gmail.com','e6e3be2d833cdf5d9d4c7bc2f85cd098'),('gU_hackinWasFun','dT@gmail.com','e6e3be2d833cdf5d9d4c7bc2f85cd098'),('gV_hackinWasFun','TB@gmail.com','e6e3be2d833cdf5d9d4c7bc2f85cd098'),('gX_hackinWasFun','PZ@gmail.com','e6e3be2d833cdf5d9d4c7bc2f85cd098'),('ganganam_style','kamal.gurala@students.iiit.ac.','76419c58730d9f35de7ac538c2fd6737'),('gc_hackinWasFun','7B@gmail.com','e6e3be2d833cdf5d9d4c7bc2f85cd098'),('ge_gr8WrkAdmins','5L@gmail.com','e6e3be2d833cdf5d9d4c7bc2f85cd098'),('ge_hackinWasFun','ey@gmail.com','e6e3be2d833cdf5d9d4c7bc2f85cd098'),('gn_gr8WrkAdmins','6X@gmail.com','e6e3be2d833cdf5d9d4c7bc2f85cd098'),('gp','gaurav.parida@students.iiit.ac','0e547eb9be1ff3419ca69d679b0660e1'),('gp_hackinWasFun','pL@gmail.com','e6e3be2d833cdf5d9d4c7bc2f85cd098'),('gr_hackinWasFun','hH@gmail.com','e6e3be2d833cdf5d9d4c7bc2f85cd098'),('gv_hackinWasFun','kW@gmail.com','e6e3be2d833cdf5d9d4c7bc2f85cd098'),('gx_gr8WrkAdmins','Xn@gmail.com','e6e3be2d833cdf5d9d4c7bc2f85cd098'),('gx_hackinWasFun','b2@gmail.com','e6e3be2d833cdf5d9d4c7bc2f85cd098'),('gz_hackinWasFun','VO@gmail.com','e6e3be2d833cdf5d9d4c7bc2f85cd098'),('h0_gr8WrkAdmins','nS@gmail.com','e6e3be2d833cdf5d9d4c7bc2f85cd098'),('h1_hackinWasFun','mG@gmail.com','e6e3be2d833cdf5d9d4c7bc2f85cd098'),('h3_hackinWasFun','eT@gmail.com','e6e3be2d833cdf5d9d4c7bc2f85cd098'),('h4_hackinWasFun','35@gmail.com','e6e3be2d833cdf5d9d4c7bc2f85cd098'),('h6_gr8WrkAdmins','iK@gmail.com','e6e3be2d833cdf5d9d4c7bc2f85cd098'),('h7_gr8WrkAdmins','rR@gmail.com','e6e3be2d833cdf5d9d4c7bc2f85cd098'),('h8_hackinWasFun','hy@gmail.com','e6e3be2d833cdf5d9d4c7bc2f85cd098'),('h9_gr8WrkAdmins','K6@gmail.com','e6e3be2d833cdf5d9d4c7bc2f85cd098'),('hA_hackinWasFun','h3@gmail.com','e6e3be2d833cdf5d9d4c7bc2f85cd098'),('hC_gr8WrkAdmins','yq@gmail.com','e6e3be2d833cdf5d9d4c7bc2f85cd098'),('hC_hackinWasFun','q0@gmail.com','e6e3be2d833cdf5d9d4c7bc2f85cd098'),('hD_gr8WrkAdmins','y0@gmail.com','e6e3be2d833cdf5d9d4c7bc2f85cd098'),('hD_hackinWasFun','OE@gmail.com','e6e3be2d833cdf5d9d4c7bc2f85cd098'),('hE_gr8WrkAdmins','iM@gmail.com','e6e3be2d833cdf5d9d4c7bc2f85cd098'),('hE_hackinWasFun','h4@gmail.com','e6e3be2d833cdf5d9d4c7bc2f85cd098'),('hF_hackinWasFun','US@gmail.com','e6e3be2d833cdf5d9d4c7bc2f85cd098'),('hG_gr8WrkAdmins','LU@gmail.com','e6e3be2d833cdf5d9d4c7bc2f85cd098'),('hG_hackinWasFun','59@gmail.com','e6e3be2d833cdf5d9d4c7bc2f85cd098'),('hJ_gr8WrkAdmins','Ec@gmail.com','e6e3be2d833cdf5d9d4c7bc2f85cd098'),('hO_hackinWasFun','1u@gmail.com','e6e3be2d833cdf5d9d4c7bc2f85cd098'),('hP_gr8WrkAdmins','II@gmail.com','e6e3be2d833cdf5d9d4c7bc2f85cd098'),('hP_hackinWasFun','Jb@gmail.com','e6e3be2d833cdf5d9d4c7bc2f85cd098'),('hQ_gr8WrkAdmins','uf@gmail.com','e6e3be2d833cdf5d9d4c7bc2f85cd098'),('hR_hackinWasFun','Kx@gmail.com','e6e3be2d833cdf5d9d4c7bc2f85cd098'),('hU_gr8WrkAdmins','TI@gmail.com','e6e3be2d833cdf5d9d4c7bc2f85cd098'),('hU_hackinWasFun','Jz@gmail.com','e6e3be2d833cdf5d9d4c7bc2f85cd098'),('hZ_gr8WrkAdmins','LC@gmail.com','e6e3be2d833cdf5d9d4c7bc2f85cd098'),('ha_hackinWasFun','gY@gmail.com','e6e3be2d833cdf5d9d4c7bc2f85cd098'),('hack','hiten.jayswal@students.iiit.ac','53f11bed006252c5266e2c1d2eab8a86'),('hackin','anieushgoyal9119@gmail.com','e6e3be2d833cdf5d9d4c7bc2f85cd098'),('hackit','hackit','5c4b47262c7589b32975bff55f39b619'),('hahahahaha','hahahahaha','481701fa4093499eacd05b57bebc7ffc'),('hahasdjadhsadjh','hahasdjadhsadjhs','279a84b6a7f7d4c4f1c4f330f319a78d'),('halloween','akshatk7@gmail.com','99bce2006b96a80855e4bd6d5619d87d'),('hardy','hardhikm@gmail.com','200820e3227815ed1756a6b531e7e0d2'),('harekrishna','harishkrishna.v@students.iiit.','e1a77d528bd73ff263114ee500fbdeda'),('harsh','harshinlko@gmail.com','23784bb693d30db0f9ae74556c6be32c'),('hash','bla@bla.com','e6e3be2d833cdf5d9d4c7bc2f85cd098'),('hb_gr8WrkAdmins','0t@gmail.com','e6e3be2d833cdf5d9d4c7bc2f85cd098'),('hc_gr8WrkAdmins','3s@gmail.com','e6e3be2d833cdf5d9d4c7bc2f85cd098'),('he_gr8WrkAdmins','6J@gmail.com','e6e3be2d833cdf5d9d4c7bc2f85cd098'),('he_hackinWasFun','zz@gmail.com','e6e3be2d833cdf5d9d4c7bc2f85cd098'),('hehe','pranav.rth@gmail.com','d0aabe9a362cb2712ee90e04810902f3'),('hf_gr8WrkAdmins','Ug@gmail.com','e6e3be2d833cdf5d9d4c7bc2f85cd098'),('hf_hackinWasFun','FE@gmail.com','e6e3be2d833cdf5d9d4c7bc2f85cd098'),('hg_hackinWasFun','FI@gmail.com','e6e3be2d833cdf5d9d4c7bc2f85cd098'),('himanshu_ny','coolhimi007@gmail.com','6d69be992fe31b204844b983af3041bd'),('hj_hackinWasFun','m8@gmail.com','e6e3be2d833cdf5d9d4c7bc2f85cd098'),('hl_gr8WrkAdmins','7h@gmail.com','e6e3be2d833cdf5d9d4c7bc2f85cd098'),('hn_hackinWasFun','0k@gmail.com','e6e3be2d833cdf5d9d4c7bc2f85cd098'),('hp_hackinWasFun','He@gmail.com','e6e3be2d833cdf5d9d4c7bc2f85cd098'),('hs_gr8WrkAdmins','dY@gmail.com','e6e3be2d833cdf5d9d4c7bc2f85cd098'),('hu_gr8WrkAdmins','X3@gmail.com','e6e3be2d833cdf5d9d4c7bc2f85cd098'),('hw_gr8WrkAdmins','Qe@gmail.com','e6e3be2d833cdf5d9d4c7bc2f85cd098'),('hw_hackinWasFun','xh@gmail.com','e6e3be2d833cdf5d9d4c7bc2f85cd098'),('hx_gr8WrkAdmins','1X@gmail.com','e6e3be2d833cdf5d9d4c7bc2f85cd098'),('hx_hackinWasFun','ac@gmail.com','e6e3be2d833cdf5d9d4c7bc2f85cd098'),('i1_gr8WrkAdmins','de@gmail.com','e6e3be2d833cdf5d9d4c7bc2f85cd098'),('i2_hackinWasFun','vY@gmail.com','e6e3be2d833cdf5d9d4c7bc2f85cd098'),('i3_gr8WrkAdmins','38@gmail.com','e6e3be2d833cdf5d9d4c7bc2f85cd098'),('i4_hackinWasFun','bV@gmail.com','e6e3be2d833cdf5d9d4c7bc2f85cd098'),('i7_gr8WrkAdmins','bq@gmail.com','e6e3be2d833cdf5d9d4c7bc2f85cd098'),('i8_hackinWasFun','OV@gmail.com','e6e3be2d833cdf5d9d4c7bc2f85cd098'),('i9_gr8WrkAdmins','M1@gmail.com','e6e3be2d833cdf5d9d4c7bc2f85cd098'),('i9_hackinWasFun','8Z@gmail.com','e6e3be2d833cdf5d9d4c7bc2f85cd098'),('iA_gr8WrkAdmins','UN@gmail.com','e6e3be2d833cdf5d9d4c7bc2f85cd098'),('iB_hackinWasFun','4M@gmail.com','e6e3be2d833cdf5d9d4c7bc2f85cd098'),('iC_gr8WrkAdmins','0n@gmail.com','e6e3be2d833cdf5d9d4c7bc2f85cd098'),('iD_gr8WrkAdmins','nm@gmail.com','e6e3be2d833cdf5d9d4c7bc2f85cd098'),('iF_gr8WrkAdmins','bf@gmail.com','e6e3be2d833cdf5d9d4c7bc2f85cd098'),('iG_hackinWasFun','gP@gmail.com','e6e3be2d833cdf5d9d4c7bc2f85cd098'),('iH_hackinWasFun','FK@gmail.com','e6e3be2d833cdf5d9d4c7bc2f85cd098'),('iI_hackinWasFun','2M@gmail.com','e6e3be2d833cdf5d9d4c7bc2f85cd098'),('iJ_gr8WrkAdmins','mZ@gmail.com','e6e3be2d833cdf5d9d4c7bc2f85cd098'),('iJ_hackinWasFun','mg@gmail.com','e6e3be2d833cdf5d9d4c7bc2f85cd098'),('iM_hackinWasFun','3E@gmail.com','e6e3be2d833cdf5d9d4c7bc2f85cd098'),('iN_gr8WrkAdmins','fM@gmail.com','e6e3be2d833cdf5d9d4c7bc2f85cd098'),('iN_hackinWasFun','fC@gmail.com','e6e3be2d833cdf5d9d4c7bc2f85cd098'),('iO_gr8WrkAdmins','Nd@gmail.com','e6e3be2d833cdf5d9d4c7bc2f85cd098'),('iO_hackinWasFun','MY@gmail.com','e6e3be2d833cdf5d9d4c7bc2f85cd098'),('iP_gr8WrkAdmins','MO@gmail.com','e6e3be2d833cdf5d9d4c7bc2f85cd098'),('iP_hackinWasFun','b6@gmail.com','e6e3be2d833cdf5d9d4c7bc2f85cd098'),('iS_hackinWasFun','Vs@gmail.com','e6e3be2d833cdf5d9d4c7bc2f85cd098'),('iV_gr8WrkAdmins','Iu@gmail.com','e6e3be2d833cdf5d9d4c7bc2f85cd098'),('iX_hackinWasFun','KC@gmail.com','e6e3be2d833cdf5d9d4c7bc2f85cd098'),('ia_gr8WrkAdmins','FG@gmail.com','e6e3be2d833cdf5d9d4c7bc2f85cd098'),('ie_gr8WrkAdmins','NJ@gmail.com','e6e3be2d833cdf5d9d4c7bc2f85cd098'),('if_gr8WrkAdmins','Qv@gmail.com','e6e3be2d833cdf5d9d4c7bc2f85cd098'),('ig_gr8WrkAdmins','kX@gmail.com','e6e3be2d833cdf5d9d4c7bc2f85cd098'),('ig_hackinWasFun','tM@gmail.com','e6e3be2d833cdf5d9d4c7bc2f85cd098'),('ij_hackinWasFun','IV@gmail.com','e6e3be2d833cdf5d9d4c7bc2f85cd098'),('im_gr8WrkAdmins','7A@gmail.com','e6e3be2d833cdf5d9d4c7bc2f85cd098'),('imlegit','legit@gmail.com','e19d5cd5af0378da05f63f891c7467af'),('intruder','aditi.gupta@students.iiit.ac.i','2b6af4c5a1a6387fd6fbff6c7089a76d'),('iota','kaka@gma.com','61be360905cecd0e96e31c9d575283b1'),('ip_gr8WrkAdmins','wt@gmail.com','e6e3be2d833cdf5d9d4c7bc2f85cd098'),('it_gr8WrkAdmins','81@gmail.com','e6e3be2d833cdf5d9d4c7bc2f85cd098'),('iv_gr8WrkAdmins','Uc@gmail.com','e6e3be2d833cdf5d9d4c7bc2f85cd098'),('iw_gr8WrkAdmins','h1@gmail.com','e6e3be2d833cdf5d9d4c7bc2f85cd098'),('ix_hackinWasFun','UG@gmail.com','e6e3be2d833cdf5d9d4c7bc2f85cd098'),('iz_gr8WrkAdmins','V0@gmail.com','e6e3be2d833cdf5d9d4c7bc2f85cd098'),('j0_gr8WrkAdmins','f4@gmail.com','e6e3be2d833cdf5d9d4c7bc2f85cd098'),('j2_gr8WrkAdmins','Eb@gmail.com','e6e3be2d833cdf5d9d4c7bc2f85cd098'),('jB_hackinWasFun','QS@gmail.com','e6e3be2d833cdf5d9d4c7bc2f85cd098'),('jD_hackinWasFun','4s@gmail.com','e6e3be2d833cdf5d9d4c7bc2f85cd098'),('jE_gr8WrkAdmins','uK@gmail.com','e6e3be2d833cdf5d9d4c7bc2f85cd098'),('jG_gr8WrkAdmins','UW@gmail.com','e6e3be2d833cdf5d9d4c7bc2f85cd098'),('jJ_gr8WrkAdmins','FN@gmail.com','e6e3be2d833cdf5d9d4c7bc2f85cd098'),('jL_hackinWasFun','Ae@gmail.com','e6e3be2d833cdf5d9d4c7bc2f85cd098'),('jQ_hackinWasFun','iQ@gmail.com','e6e3be2d833cdf5d9d4c7bc2f85cd098'),('jV_hackinWasFun','Y6@gmail.com','e6e3be2d833cdf5d9d4c7bc2f85cd098'),('jX_hackinWasFun','31@gmail.com','e6e3be2d833cdf5d9d4c7bc2f85cd098'),('ja_hackinWasFun','Tu@gmail.com','e6e3be2d833cdf5d9d4c7bc2f85cd098'),('jack','japneet.singh@students.iiit.ac','4ff9fc6e4e5d5f590c4f2134a8cc96d1'),('jacktheripper','jacktheripper@students.iiit.ac','20253a8126e51c0fb779cb1446a0cb3a'),('james','james@james.com','e6e3be2d833cdf5d9d4c7bc2f85cd098'),('jayesh','jayesh','9e781c931dcca125bae15bab4da33158'),('jb_gr8WrkAdmins','sy@gmail.com','e6e3be2d833cdf5d9d4c7bc2f85cd098'),('jb_hackinWasFun','OL@gmail.com','e6e3be2d833cdf5d9d4c7bc2f85cd098'),('jbond','sweetdevansh@gmail.com','e2573b5b93a826189decb42b5d8b95e7'),('jd_gr8WrkAdmins','zR@gmail.com','e6e3be2d833cdf5d9d4c7bc2f85cd098'),('jenniferaniston','ja@ja.com','bb0ed6ad56f41c6de469776171261226'),('jh_gr8WrkAdmins','X8@gmail.com','e6e3be2d833cdf5d9d4c7bc2f85cd098'),('jh_hackinWasFun','vB@gmail.com','e6e3be2d833cdf5d9d4c7bc2f85cd098'),('ji_gr8WrkAdmins','Ci@gmail.com','e6e3be2d833cdf5d9d4c7bc2f85cd098'),('jl_hackinWasFun','eG@gmail.com','e6e3be2d833cdf5d9d4c7bc2f85cd098'),('jm_hackinWasFun','JU@gmail.com','e6e3be2d833cdf5d9d4c7bc2f85cd098'),('jn_hackinWasFun','Sd@gmail.com','e6e3be2d833cdf5d9d4c7bc2f85cd098'),('johndoe','pallav.shah@students.iiit.ac.i','6579e96f76baa00787a28653876c6127'),('junzy94','junzy1994@hotmail.com','b4c33ff322cb0126a9ad6d66070e4c2e'),('jw_hackinWasFun','qU@gmail.com','e6e3be2d833cdf5d9d4c7bc2f85cd098'),('jx_hackinWasFun','Ky@gmail.com','e6e3be2d833cdf5d9d4c7bc2f85cd098'),('jz_hackinWasFun','uJ@gmail.com','e6e3be2d833cdf5d9d4c7bc2f85cd098'),('k.one','karan.dhamele@students.iiit.ac','081ccb9e453ebca757048a66d3f71998'),('k1_gr8WrkAdmins','aH@gmail.com','e6e3be2d833cdf5d9d4c7bc2f85cd098'),('k3_gr8WrkAdmins','kx@gmail.com','e6e3be2d833cdf5d9d4c7bc2f85cd098'),('k8_gr8WrkAdmins','cf@gmail.com','e6e3be2d833cdf5d9d4c7bc2f85cd098'),('kF_gr8WrkAdmins','nq@gmail.com','e6e3be2d833cdf5d9d4c7bc2f85cd098'),('kF_hackinWasFun','VV@gmail.com','e6e3be2d833cdf5d9d4c7bc2f85cd098'),('kG_hackinWasFun','JY@gmail.com','e6e3be2d833cdf5d9d4c7bc2f85cd098'),('kI_gr8WrkAdmins','ib@gmail.com','e6e3be2d833cdf5d9d4c7bc2f85cd098'),('kQ_hackinWasFun','ZA@gmail.com','e6e3be2d833cdf5d9d4c7bc2f85cd098'),('kR_hackinWasFun','x8@gmail.com','e6e3be2d833cdf5d9d4c7bc2f85cd098'),('kS_gr8WrkAdmins','bT@gmail.com','e6e3be2d833cdf5d9d4c7bc2f85cd098'),('kV_hackinWasFun','R6@gmail.com','e6e3be2d833cdf5d9d4c7bc2f85cd098'),('kW_gr8WrkAdmins','5E@gmail.com','e6e3be2d833cdf5d9d4c7bc2f85cd098'),('ka_gr8WrkAdmins','8b@gmail.com','e6e3be2d833cdf5d9d4c7bc2f85cd098'),('ka_hackinWasFun','lX@gmail.com','e6e3be2d833cdf5d9d4c7bc2f85cd098'),('karanaggarwal','karan.aggarwal@students.iiit.a','031e594a88b37f4c4b50fc0ce0e0f076'),('kc_hackinWasFun','Hj@gmail.com','e6e3be2d833cdf5d9d4c7bc2f85cd098'),('kevkeka','tharun.chinthala@students.iiit','e1e441e4e58b1d8d9fd741d23db7b4b5'),('kg_gr8WrkAdmins','GG@gmail.com','e6e3be2d833cdf5d9d4c7bc2f85cd098'),('kh_hackinWasFun','64@gmail.com','e6e3be2d833cdf5d9d4c7bc2f85cd098'),('kkk','kunj.thakkar@students.iiit.ac.','01271fb3ee8e9625b45b153c7e7a294b'),('kl_hackinWasFun','pd@gmail.com','e6e3be2d833cdf5d9d4c7bc2f85cd098'),('km_gr8WrkAdmins','pl@gmail.com','e6e3be2d833cdf5d9d4c7bc2f85cd098'),('kuchbhi','kuchbhi','e86bfaf8f1a63d17f76c09fbf8cae5f0'),('kuchbhi23','kuchbhi23','b68bc617c144f229d52cb48950bff486'),('kv_hackinWasFun','YY@gmail.com','e6e3be2d833cdf5d9d4c7bc2f85cd098'),('l1_gr8WrkAdmins','Vg@gmail.com','e6e3be2d833cdf5d9d4c7bc2f85cd098'),('l1_hackinWasFun','am@gmail.com','e6e3be2d833cdf5d9d4c7bc2f85cd098'),('l2_gr8WrkAdmins','vC@gmail.com','e6e3be2d833cdf5d9d4c7bc2f85cd098'),('l3_hackinWasFun','Q2@gmail.com','e6e3be2d833cdf5d9d4c7bc2f85cd098'),('l4_hackinWasFun','Fv@gmail.com','e6e3be2d833cdf5d9d4c7bc2f85cd098'),('l9_hackinWasFun','WL@gmail.com','e6e3be2d833cdf5d9d4c7bc2f85cd098'),('lB_hackinWasFun','rY@gmail.com','e6e3be2d833cdf5d9d4c7bc2f85cd098'),('lC_gr8WrkAdmins','8X@gmail.com','e6e3be2d833cdf5d9d4c7bc2f85cd098'),('lD_gr8WrkAdmins','j2@gmail.com','e6e3be2d833cdf5d9d4c7bc2f85cd098'),('lE_hackinWasFun','E1@gmail.com','e6e3be2d833cdf5d9d4c7bc2f85cd098'),('lF_hackinWasFun','v0@gmail.com','e6e3be2d833cdf5d9d4c7bc2f85cd098'),('lK_gr8WrkAdmins','Ln@gmail.com','e6e3be2d833cdf5d9d4c7bc2f85cd098'),('lL_hackinWasFun','Sl@gmail.com','e6e3be2d833cdf5d9d4c7bc2f85cd098'),('lO_gr8WrkAdmins','gW@gmail.com','e6e3be2d833cdf5d9d4c7bc2f85cd098'),('lP_hackinWasFun','B7@gmail.com','e6e3be2d833cdf5d9d4c7bc2f85cd098'),('lR_hackinWasFun','JZ@gmail.com','e6e3be2d833cdf5d9d4c7bc2f85cd098'),('lS_hackinWasFun','kZ@gmail.com','e6e3be2d833cdf5d9d4c7bc2f85cd098'),('lT_gr8WrkAdmins','Lk@gmail.com','e6e3be2d833cdf5d9d4c7bc2f85cd098'),('lT_hackinWasFun','Hm@gmail.com','e6e3be2d833cdf5d9d4c7bc2f85cd098'),('lX_hackinWasFun','4G@gmail.com','e6e3be2d833cdf5d9d4c7bc2f85cd098'),('lahori','jayesh.lahori.11.8.92@gmail.co','ac9a60834b9f0c97623d288d31d74ec9'),('lakyran','lakyran@gmail.com','b1ca93df1ca8a4cb89fac0a757f3bdb3'),('li_gr8WrkAdmins','qd@gmail.com','e6e3be2d833cdf5d9d4c7bc2f85cd098'),('liteitis','A@gmail.com','9c908a21d423811f105c5164debc0c00'),('ll_hackinWasFun','s8@gmail.com','e6e3be2d833cdf5d9d4c7bc2f85cd098'),('lo_gr8WrkAdmins','2m@gmail.com','e6e3be2d833cdf5d9d4c7bc2f85cd098'),('lo_hackinWasFun','LJ@gmail.com','e6e3be2d833cdf5d9d4c7bc2f85cd098'),('lol','lol','9cdfb439c7876e703e307864c9167a15'),('lp_hackinWasFun','Pd@gmail.com','e6e3be2d833cdf5d9d4c7bc2f85cd098'),('ls_gr8WrkAdmins','Zo@gmail.com','e6e3be2d833cdf5d9d4c7bc2f85cd098'),('lu_gr8WrkAdmins','Xa@gmail.com','e6e3be2d833cdf5d9d4c7bc2f85cd098'),('lw_hackinWasFun','BN@gmail.com','e6e3be2d833cdf5d9d4c7bc2f85cd098'),('ly_gr8WrkAdmins','QB@gmail.com','e6e3be2d833cdf5d9d4c7bc2f85cd098'),('ly_hackinWasFun','k4@gmail.com','e6e3be2d833cdf5d9d4c7bc2f85cd098'),('lz_gr8WrkAdmins','M9@gmail.com','e6e3be2d833cdf5d9d4c7bc2f85cd098'),('lz_hackinWasFun','Za@gmail.com','e6e3be2d833cdf5d9d4c7bc2f85cd098'),('m0_gr8WrkAdmins','t4@gmail.com','e6e3be2d833cdf5d9d4c7bc2f85cd098'),('m0_hackinWasFun','sU@gmail.com','e6e3be2d833cdf5d9d4c7bc2f85cd098'),('m2_hackinWasFun','0a@gmail.com','e6e3be2d833cdf5d9d4c7bc2f85cd098'),('m4_gr8WrkAdmins','3D@gmail.com','e6e3be2d833cdf5d9d4c7bc2f85cd098'),('m7_hackinWasFun','Kp@gmail.com','e6e3be2d833cdf5d9d4c7bc2f85cd098'),('mC_gr8WrkAdmins','Ff@gmail.com','e6e3be2d833cdf5d9d4c7bc2f85cd098'),('mD_hackinWasFun','Ql@gmail.com','e6e3be2d833cdf5d9d4c7bc2f85cd098'),('mF_gr8WrkAdmins','Vw@gmail.com','e6e3be2d833cdf5d9d4c7bc2f85cd098'),('mF_hackinWasFun','CM@gmail.com','e6e3be2d833cdf5d9d4c7bc2f85cd098'),('mG_gr8WrkAdmins','ej@gmail.com','e6e3be2d833cdf5d9d4c7bc2f85cd098'),('mK_hackinWasFun','tg@gmail.com','e6e3be2d833cdf5d9d4c7bc2f85cd098'),('mM_hackinWasFun','qp@gmail.com','e6e3be2d833cdf5d9d4c7bc2f85cd098'),('mO_gr8WrkAdmins','ml@gmail.com','e6e3be2d833cdf5d9d4c7bc2f85cd098'),('m_d_luffy','deepesh.jain@students.iiit.ac.','cf69c060a42e092d378f42ced9c13ac8'),('mach18','mahavir18chopra@gmail.com','682ed26543872a4679dd3d4d15336cf2'),('maddy','madhavan.chetlur@students.iiit','e6e3be2d833cdf5d9d4c7bc2f85cd098'),('md_gr8WrkAdmins','Y1@gmail.com','e6e3be2d833cdf5d9d4c7bc2f85cd098'),('mf_hackinWasFun','7r@gmail.com','e6e3be2d833cdf5d9d4c7bc2f85cd098'),('mg_hackinWasFun','8V@gmail.com','e6e3be2d833cdf5d9d4c7bc2f85cd098'),('mh_hackinWasFun','JR@gmail.com','e6e3be2d833cdf5d9d4c7bc2f85cd098'),('mi_hackinWasFun','61@gmail.com','e6e3be2d833cdf5d9d4c7bc2f85cd098'),('mithunkumarn','mithun14993@gmail.com','4297f44b13955235245b2497399d7a93'),('mk_hackinWasFun','Q5@gmail.com','e6e3be2d833cdf5d9d4c7bc2f85cd098'),('mm_hackinWasFun','Wm@gmail.com','e6e3be2d833cdf5d9d4c7bc2f85cd098'),('mn_hackinWasFun','F5@gmail.com','e6e3be2d833cdf5d9d4c7bc2f85cd098'),('mo_hackinWasFun','lh@gmail.com','e6e3be2d833cdf5d9d4c7bc2f85cd098'),('mr_hackinWasFun','Oc@gmail.com','e6e3be2d833cdf5d9d4c7bc2f85cd098'),('msuresh','msuresh.santhanam@students.iii','6c4b807101d1c68fa4ebd5f7f5830bdc'),('mt_gr8WrkAdmins','Ch@gmail.com','e6e3be2d833cdf5d9d4c7bc2f85cd098'),('mt_hackinWasFun','7z@gmail.com','e6e3be2d833cdf5d9d4c7bc2f85cd098'),('mthebond','m@the.com','0770c65e94a7ad35eb1aa1b6391908d7'),('mw_hackinWasFun','rW@gmail.com','e6e3be2d833cdf5d9d4c7bc2f85cd098'),('n2_gr8WrkAdmins','PP@gmail.com','e6e3be2d833cdf5d9d4c7bc2f85cd098'),('n4_hackinWasFun','NB@gmail.com','e6e3be2d833cdf5d9d4c7bc2f85cd098'),('n5_hackinWasFun','SC@gmail.com','e6e3be2d833cdf5d9d4c7bc2f85cd098'),('n6_hackinWasFun','st@gmail.com','e6e3be2d833cdf5d9d4c7bc2f85cd098'),('n7_gr8WrkAdmins','CL@gmail.com','e6e3be2d833cdf5d9d4c7bc2f85cd098'),('n7_hackinWasFun','go@gmail.com','e6e3be2d833cdf5d9d4c7bc2f85cd098'),('n9_hackinWasFun','3Q@gmail.com','e6e3be2d833cdf5d9d4c7bc2f85cd098'),('nA_gr8WrkAdmins','mn@gmail.com','e6e3be2d833cdf5d9d4c7bc2f85cd098'),('nA_hackinWasFun','92@gmail.com','e6e3be2d833cdf5d9d4c7bc2f85cd098'),('nC_hackinWasFun','d0@gmail.com','e6e3be2d833cdf5d9d4c7bc2f85cd098'),('nD_gr8WrkAdmins','8d@gmail.com','e6e3be2d833cdf5d9d4c7bc2f85cd098'),('nF_gr8WrkAdmins','0D@gmail.com','e6e3be2d833cdf5d9d4c7bc2f85cd098'),('nH_hackinWasFun','s9@gmail.com','e6e3be2d833cdf5d9d4c7bc2f85cd098'),('nI_hackinWasFun','ha@gmail.com','e6e3be2d833cdf5d9d4c7bc2f85cd098'),('nJ_gr8WrkAdmins','Du@gmail.com','e6e3be2d833cdf5d9d4c7bc2f85cd098'),('nL_gr8WrkAdmins','eB@gmail.com','e6e3be2d833cdf5d9d4c7bc2f85cd098'),('nM_gr8WrkAdmins','aJ@gmail.com','e6e3be2d833cdf5d9d4c7bc2f85cd098'),('nO_hackinWasFun','ld@gmail.com','e6e3be2d833cdf5d9d4c7bc2f85cd098'),('nQ_hackinWasFun','56@gmail.com','e6e3be2d833cdf5d9d4c7bc2f85cd098'),('nV_gr8WrkAdmins','J4@gmail.com','e6e3be2d833cdf5d9d4c7bc2f85cd098'),('nW_hackinWasFun','AK@gmail.com','e6e3be2d833cdf5d9d4c7bc2f85cd098'),('nZ_hackinWasFun','ts@gmail.com','e6e3be2d833cdf5d9d4c7bc2f85cd098'),('na_hackinWasFun','73@gmail.com','e6e3be2d833cdf5d9d4c7bc2f85cd098'),('nash','nshthm@gmail.com','a0777c99a95e4b4bcdf0d5d4070462e7'),('nb_gr8WrkAdmins','VL@gmail.com','e6e3be2d833cdf5d9d4c7bc2f85cd098'),('ne_hackinWasFun','dC@gmail.com','e6e3be2d833cdf5d9d4c7bc2f85cd098'),('neel','neel.bommisetty@students.iiit.','2031f627a4e04a050cdbd93c26455ffc'),('neo','akashslg@gmail.com','3c1d521758fdb6a95ab4b0b7113a4f7e'),('neo_mat','chitchat468@yahoo.co.uk','41fca3a29aaddd9a004fd0156a45426b'),('ng_gr8WrkAdmins','Yc@gmail.com','e6e3be2d833cdf5d9d4c7bc2f85cd098'),('ng_hackinWasFun','MT@gmail.com','e6e3be2d833cdf5d9d4c7bc2f85cd098'),('ni_hackinWasFun','ZZ@gmail.com','e6e3be2d833cdf5d9d4c7bc2f85cd098'),('nik','nikharagrawal2006@gmail.com','25f9e794323b453885f5181f1b624d0b'),('nirvana','ak.bewildered@gmail.com','2661a6ae6c1790713dc03725e76c5b7b'),('nisha123','venessaroshni.tauro@students.i','2b6af4c5a1a6387fd6fbff6c7089a76d'),('nk_gr8WrkAdmins','YW@gmail.com','e6e3be2d833cdf5d9d4c7bc2f85cd098'),('nl_hackinWasFun','rd@gmail.com','e6e3be2d833cdf5d9d4c7bc2f85cd098'),('nn_hackinWasFun','nD@gmail.com','e6e3be2d833cdf5d9d4c7bc2f85cd098'),('novak','pushyami12@gmail.com','f4ef2c3931255364f81564fc2b8aafc3'),('nr_hackinWasFun','4w@gmail.com','e6e3be2d833cdf5d9d4c7bc2f85cd098'),('nu_gr8WrkAdmins','hZ@gmail.com','e6e3be2d833cdf5d9d4c7bc2f85cd098'),('nu_hackinWasFun','4q@gmail.com','e6e3be2d833cdf5d9d4c7bc2f85cd098'),('nuke','test@','e6e3be2d833cdf5d9d4c7bc2f85cd098'),('nut','nikita.nataraj@students.iiit.a','ee6a4386b45ac2bd0672b84325dee92f'),('nv_gr8WrkAdmins','yX@gmail.com','e6e3be2d833cdf5d9d4c7bc2f85cd098'),('nw_hackinWasFun','Af@gmail.com','e6e3be2d833cdf5d9d4c7bc2f85cd098'),('nx_gr8WrkAdmins','xt@gmail.com','e6e3be2d833cdf5d9d4c7bc2f85cd098'),('ny_hackinWasFun','xq@gmail.com','e6e3be2d833cdf5d9d4c7bc2f85cd098'),('nz_gr8WrkAdmins','cN@gmail.com','e6e3be2d833cdf5d9d4c7bc2f85cd098'),('o0_gr8WrkAdmins','hX@gmail.com','e6e3be2d833cdf5d9d4c7bc2f85cd098'),('o1_hackinWasFun','sr@gmail.com','e6e3be2d833cdf5d9d4c7bc2f85cd098'),('o4_gr8WrkAdmins','V8@gmail.com','e6e3be2d833cdf5d9d4c7bc2f85cd098'),('o7_hackinWasFun','5S@gmail.com','e6e3be2d833cdf5d9d4c7bc2f85cd098'),('o9_hackinWasFun','jX@gmail.com','e6e3be2d833cdf5d9d4c7bc2f85cd098'),('oB_gr8WrkAdmins','f9@gmail.com','e6e3be2d833cdf5d9d4c7bc2f85cd098'),('oC_gr8WrkAdmins','aF@gmail.com','e6e3be2d833cdf5d9d4c7bc2f85cd098'),('oH_gr8WrkAdmins','12@gmail.com','e6e3be2d833cdf5d9d4c7bc2f85cd098'),('oK_hackinWasFun','NP@gmail.com','e6e3be2d833cdf5d9d4c7bc2f85cd098'),('oM_hackinWasFun','H7@gmail.com','e6e3be2d833cdf5d9d4c7bc2f85cd098'),('oP_hackinWasFun','T5@gmail.com','e6e3be2d833cdf5d9d4c7bc2f85cd098'),('oQ_gr8WrkAdmins','5z@gmail.com','e6e3be2d833cdf5d9d4c7bc2f85cd098'),('oR_hackinWasFun','Zz@gmail.com','e6e3be2d833cdf5d9d4c7bc2f85cd098'),('oU_hackinWasFun','ii@gmail.com','e6e3be2d833cdf5d9d4c7bc2f85cd098'),('oW_hackinWasFun','Ym@gmail.com','e6e3be2d833cdf5d9d4c7bc2f85cd098'),('oX_gr8WrkAdmins','Fw@gmail.com','e6e3be2d833cdf5d9d4c7bc2f85cd098'),('oZ_gr8WrkAdmins','sM@gmail.com','e6e3be2d833cdf5d9d4c7bc2f85cd098'),('oa_hackinWasFun','7J@gmail.com','e6e3be2d833cdf5d9d4c7bc2f85cd098'),('oc_gr8WrkAdmins','aT@gmail.com','e6e3be2d833cdf5d9d4c7bc2f85cd098'),('od_gr8WrkAdmins','XO@gmail.com','e6e3be2d833cdf5d9d4c7bc2f85cd098'),('oe_hackinWasFun','Yr@gmail.com','e6e3be2d833cdf5d9d4c7bc2f85cd098'),('of_gr8WrkAdmins','0L@gmail.com','e6e3be2d833cdf5d9d4c7bc2f85cd098'),('oj_gr8WrkAdmins','9i@gmail.com','e6e3be2d833cdf5d9d4c7bc2f85cd098'),('ol_hackinWasFun','LB@gmail.com','e6e3be2d833cdf5d9d4c7bc2f85cd098'),('oo_gr8WrkAdmins','5M@gmail.com','e6e3be2d833cdf5d9d4c7bc2f85cd098'),('oq_gr8WrkAdmins','F7@gmail.com','e6e3be2d833cdf5d9d4c7bc2f85cd098'),('or_hackinWasFun','vG@gmail.com','e6e3be2d833cdf5d9d4c7bc2f85cd098'),('os_gr8WrkAdmins','Bz@gmail.com','e6e3be2d833cdf5d9d4c7bc2f85cd098'),('ot_gr8WrkAdmins','Xb@gmail.com','e6e3be2d833cdf5d9d4c7bc2f85cd098'),('ox_hackinWasFun','ar@gmail.com','e6e3be2d833cdf5d9d4c7bc2f85cd098'),('oy_gr8WrkAdmins','HG@gmail.com','e6e3be2d833cdf5d9d4c7bc2f85cd098'),('oy_hackinWasFun','NK@gmail.com','e6e3be2d833cdf5d9d4c7bc2f85cd098'),('oz_hackinWasFun','6U@gmail.com','e6e3be2d833cdf5d9d4c7bc2f85cd098'),('p0_gr8WrkAdmins','mX@gmail.com','e6e3be2d833cdf5d9d4c7bc2f85cd098'),('p2_gr8WrkAdmins','p3@gmail.com','e6e3be2d833cdf5d9d4c7bc2f85cd098'),('p2_hackinWasFun','Da@gmail.com','e6e3be2d833cdf5d9d4c7bc2f85cd098'),('p4_gr8WrkAdmins','3W@gmail.com','e6e3be2d833cdf5d9d4c7bc2f85cd098'),('p6_hackinWasFun','CY@gmail.com','e6e3be2d833cdf5d9d4c7bc2f85cd098'),('pA_gr8WrkAdmins','zd@gmail.com','e6e3be2d833cdf5d9d4c7bc2f85cd098'),('pB_hackinWasFun','JP@gmail.com','e6e3be2d833cdf5d9d4c7bc2f85cd098'),('pC_gr8WrkAdmins','AX@gmail.com','e6e3be2d833cdf5d9d4c7bc2f85cd098'),('pC_hackinWasFun','7o@gmail.com','e6e3be2d833cdf5d9d4c7bc2f85cd098'),('pE_gr8WrkAdmins','3m@gmail.com','e6e3be2d833cdf5d9d4c7bc2f85cd098'),('pE_hackinWasFun','2C@gmail.com','e6e3be2d833cdf5d9d4c7bc2f85cd098'),('pF_gr8WrkAdmins','p7@gmail.com','e6e3be2d833cdf5d9d4c7bc2f85cd098'),('pF_hackinWasFun','OU@gmail.com','e6e3be2d833cdf5d9d4c7bc2f85cd098'),('pH_hackinWasFun','eu@gmail.com','e6e3be2d833cdf5d9d4c7bc2f85cd098'),('pK_hackinWasFun','kL@gmail.com','e6e3be2d833cdf5d9d4c7bc2f85cd098'),('pM_gr8WrkAdmins','wx@gmail.com','e6e3be2d833cdf5d9d4c7bc2f85cd098'),('pQ_hackinWasFun','Zu@gmail.com','e6e3be2d833cdf5d9d4c7bc2f85cd098'),('pS_gr8WrkAdmins','EU@gmail.com','e6e3be2d833cdf5d9d4c7bc2f85cd098'),('pT_gr8WrkAdmins','Qc@gmail.com','e6e3be2d833cdf5d9d4c7bc2f85cd098'),('pU_hackinWasFun','nU@gmail.com','e6e3be2d833cdf5d9d4c7bc2f85cd098'),('pa_gr8WrkAdmins','TJ@gmail.com','e6e3be2d833cdf5d9d4c7bc2f85cd098'),('pb_gr8WrkAdmins','LS@gmail.com','e6e3be2d833cdf5d9d4c7bc2f85cd098'),('pb_hackinWasFun','Hn@gmail.com','e6e3be2d833cdf5d9d4c7bc2f85cd098'),('pc_gr8WrkAdmins','zj@gmail.com','e6e3be2d833cdf5d9d4c7bc2f85cd098'),('pd_hackinWasFun','XM@gmail.com','e6e3be2d833cdf5d9d4c7bc2f85cd098'),('pe_gr8WrkAdmins','tD@gmail.com','e6e3be2d833cdf5d9d4c7bc2f85cd098'),('pe_hackinWasFun','0v@gmail.com','e6e3be2d833cdf5d9d4c7bc2f85cd098'),('pf_hackinWasFun','Gz@gmail.com','e6e3be2d833cdf5d9d4c7bc2f85cd098'),('pg','papa@daddy.com','e6e3be2d833cdf5d9d4c7bc2f85cd098'),('ph_gr8WrkAdmins','nz@gmail.com','e6e3be2d833cdf5d9d4c7bc2f85cd098'),('phinfinity','anish.shankar@students.iiit.ac','4ce1aea1f538fe92108be1cbf0f86892'),('pingOfDeath','venkatesh.potluri@students.iii','9c908a21d423811f105c5164debc0c00'),('piota','piota@g.com','61be360905cecd0e96e31c9d575283b1'),('pirate','lohit.m@students.iiit.ac.in','48bf7c556cde81937e66044fcede328f'),('pk_gr8WrkAdmins','qx@gmail.com','e6e3be2d833cdf5d9d4c7bc2f85cd098'),('pm_hackinWasFun','fP@gmail.com','e6e3be2d833cdf5d9d4c7bc2f85cd098'),('pn_gr8WrkAdmins','Im@gmail.com','e6e3be2d833cdf5d9d4c7bc2f85cd098'),('pt_hackinWasFun','To@gmail.com','e6e3be2d833cdf5d9d4c7bc2f85cd098'),('pw_gr8WrkAdmins','vp@gmail.com','e6e3be2d833cdf5d9d4c7bc2f85cd098'),('py_gr8WrkAdmins','cE@gmail.com','e6e3be2d833cdf5d9d4c7bc2f85cd098'),('pz_gr8WrkAdmins','7T@gmail.com','e6e3be2d833cdf5d9d4c7bc2f85cd098'),('q5_hackinWasFun','a7@gmail.com','e6e3be2d833cdf5d9d4c7bc2f85cd098'),('q8_hackinWasFun','cK@gmail.com','e6e3be2d833cdf5d9d4c7bc2f85cd098'),('qD_gr8WrkAdmins','f7@gmail.com','e6e3be2d833cdf5d9d4c7bc2f85cd098'),('qF_hackinWasFun','F6@gmail.com','e6e3be2d833cdf5d9d4c7bc2f85cd098'),('qH_gr8WrkAdmins','hu@gmail.com','e6e3be2d833cdf5d9d4c7bc2f85cd098'),('qI_hackinWasFun','Kv@gmail.com','e6e3be2d833cdf5d9d4c7bc2f85cd098'),('qJ_gr8WrkAdmins','gG@gmail.com','e6e3be2d833cdf5d9d4c7bc2f85cd098'),('qJ_hackinWasFun','LF@gmail.com','e6e3be2d833cdf5d9d4c7bc2f85cd098'),('qN_hackinWasFun','Lf@gmail.com','e6e3be2d833cdf5d9d4c7bc2f85cd098'),('qQ_hackinWasFun','wY@gmail.com','e6e3be2d833cdf5d9d4c7bc2f85cd098'),('qR_gr8WrkAdmins','0z@gmail.com','e6e3be2d833cdf5d9d4c7bc2f85cd098'),('qT_hackinWasFun','Dk@gmail.com','e6e3be2d833cdf5d9d4c7bc2f85cd098'),('qV_hackinWasFun','0s@gmail.com','e6e3be2d833cdf5d9d4c7bc2f85cd098'),('qX_hackinWasFun','t5@gmail.com','e6e3be2d833cdf5d9d4c7bc2f85cd098'),('qc_gr8WrkAdmins','rE@gmail.com','e6e3be2d833cdf5d9d4c7bc2f85cd098'),('qe_hackinWasFun','Jo@gmail.com','e6e3be2d833cdf5d9d4c7bc2f85cd098'),('qk_hackinWasFun','cF@gmail.com','e6e3be2d833cdf5d9d4c7bc2f85cd098'),('ql_gr8WrkAdmins','i7@gmail.com','e6e3be2d833cdf5d9d4c7bc2f85cd098'),('qn_gr8WrkAdmins','Iq@gmail.com','e6e3be2d833cdf5d9d4c7bc2f85cd098'),('qn_hackinWasFun','AF@gmail.com','e6e3be2d833cdf5d9d4c7bc2f85cd098'),('qr_gr8WrkAdmins','7F@gmail.com','e6e3be2d833cdf5d9d4c7bc2f85cd098'),('qu_gr8WrkAdmins','Fy@gmail.com','e6e3be2d833cdf5d9d4c7bc2f85cd098'),('qu_hackinWasFun','yp@gmail.com','e6e3be2d833cdf5d9d4c7bc2f85cd098'),('qwer','letsrockiiit@gmail.com','e6e3be2d833cdf5d9d4c7bc2f85cd098'),('qwert','savypopuri@gmail.com','a384b6463fc216a5f8ecb6670f86456a'),('qwerty','mayank.g@students.iiit.ac.in','308a3820e4cccbe043cb5228de5e71e3'),('qx_hackinWasFun','fu@gmail.com','e6e3be2d833cdf5d9d4c7bc2f85cd098'),('r0_gr8WrkAdmins','s0@gmail.com','e6e3be2d833cdf5d9d4c7bc2f85cd098'),('r7_gr8WrkAdmins','vn@gmail.com','e6e3be2d833cdf5d9d4c7bc2f85cd098'),('r8_gr8WrkAdmins','wN@gmail.com','e6e3be2d833cdf5d9d4c7bc2f85cd098'),('r8_hackinWasFun','np@gmail.com','e6e3be2d833cdf5d9d4c7bc2f85cd098'),('r9_hackinWasFun','Ha@gmail.com','e6e3be2d833cdf5d9d4c7bc2f85cd098'),('rA_hackinWasFun','pn@gmail.com','e6e3be2d833cdf5d9d4c7bc2f85cd098'),('rB_hackinWasFun','Dq@gmail.com','e6e3be2d833cdf5d9d4c7bc2f85cd098'),('rC_hackinWasFun','WP@gmail.com','e6e3be2d833cdf5d9d4c7bc2f85cd098'),('rD_hackinWasFun','8s@gmail.com','e6e3be2d833cdf5d9d4c7bc2f85cd098'),('rE_gr8WrkAdmins','nd@gmail.com','e6e3be2d833cdf5d9d4c7bc2f85cd098'),('rE_hackinWasFun','iR@gmail.com','e6e3be2d833cdf5d9d4c7bc2f85cd098'),('rG_gr8WrkAdmins','ox@gmail.com','e6e3be2d833cdf5d9d4c7bc2f85cd098'),('rG_hackinWasFun','dH@gmail.com','e6e3be2d833cdf5d9d4c7bc2f85cd098'),('rI_hackinWasFun','Wx@gmail.com','e6e3be2d833cdf5d9d4c7bc2f85cd098'),('rJ_gr8WrkAdmins','xf@gmail.com','e6e3be2d833cdf5d9d4c7bc2f85cd098'),('rL_gr8WrkAdmins','gk@gmail.com','e6e3be2d833cdf5d9d4c7bc2f85cd098'),('rM_gr8WrkAdmins','TQ@gmail.com','e6e3be2d833cdf5d9d4c7bc2f85cd098'),('rP_hackinWasFun','f5@gmail.com','e6e3be2d833cdf5d9d4c7bc2f85cd098'),('rR_hackinWasFun','KF@gmail.com','e6e3be2d833cdf5d9d4c7bc2f85cd098'),('rS_hackinWasFun','jx@gmail.com','e6e3be2d833cdf5d9d4c7bc2f85cd098'),('rT_gr8WrkAdmins','Pb@gmail.com','e6e3be2d833cdf5d9d4c7bc2f85cd098'),('rU_gr8WrkAdmins','Av@gmail.com','e6e3be2d833cdf5d9d4c7bc2f85cd098'),('rZ_gr8WrkAdmins','D5@gmail.com','e6e3be2d833cdf5d9d4c7bc2f85cd098'),('rZ_hackinWasFun','ep@gmail.com','e6e3be2d833cdf5d9d4c7bc2f85cd098'),('random','random','7ddf32e17a6ac5ce04a8ecbf782ca509'),('random1','random1','ac2b5f88fc33b7b9e0682be85784ec0d'),('random123','random123','332b3091416bc4687821c4653f1c6eb1'),('rd_hackinWasFun','Zr@gmail.com','e6e3be2d833cdf5d9d4c7bc2f85cd098'),('recycle','ria.garg@students.iiit.ac.in','d4a030be6bc261273f135d8b6a2860b4'),('retard','achira.maloo@students.iiit.ac.','8e268bad5047ba7ecd5d34eb35032e72'),('rh_hackinWasFun','Y7@gmail.com','e6e3be2d833cdf5d9d4c7bc2f85cd098'),('rn_gr8WrkAdmins','q6@gmail.com','e6e3be2d833cdf5d9d4c7bc2f85cd098'),('rock the hell','vsjagannadharaju.dantuluri@stu','634a63f1c3c06ca41b0389584edb617d'),('rocko','aman.j@students.iiit.ac.in','9452de5b7123cd3e6aacce8ebb031406'),('rockstar','saiparthasarathy.miduthuri@stu','ed65d0b7d9be8f96518a010f6f72a36a'),('roxor','harrshitvarma','a6ab927538c392303c3d88287ac0d099'),('rr_gr8WrkAdmins','ya@gmail.com','e6e3be2d833cdf5d9d4c7bc2f85cd098'),('ru_gr8WrkAdmins','Rh@gmail.com','e6e3be2d833cdf5d9d4c7bc2f85cd098'),('rz_gr8WrkAdmins','sQ@gmail.com','e6e3be2d833cdf5d9d4c7bc2f85cd098'),('rz_hackinWasFun','41@gmail.com','e6e3be2d833cdf5d9d4c7bc2f85cd098'),('s','e@t.com','d4e05a91ffb0053e2e8d9fa4789a810e'),('s0_hackinWasFun','D9@gmail.com','e6e3be2d833cdf5d9d4c7bc2f85cd098'),('s1_hackinWasFun','A3@gmail.com','e6e3be2d833cdf5d9d4c7bc2f85cd098'),('s2_hackinWasFun','gd@gmail.com','e6e3be2d833cdf5d9d4c7bc2f85cd098'),('s4_gr8WrkAdmins','4t@gmail.com','e6e3be2d833cdf5d9d4c7bc2f85cd098'),('s4_hackinWasFun','po@gmail.com','e6e3be2d833cdf5d9d4c7bc2f85cd098'),('s6_gr8WrkAdmins','dr@gmail.com','e6e3be2d833cdf5d9d4c7bc2f85cd098'),('s7_gr8WrkAdmins','6r@gmail.com','e6e3be2d833cdf5d9d4c7bc2f85cd098'),('s9_gr8WrkAdmins','A9@gmail.com','e6e3be2d833cdf5d9d4c7bc2f85cd098'),('sB_gr8WrkAdmins','Zf@gmail.com','e6e3be2d833cdf5d9d4c7bc2f85cd098'),('sD_hackinWasFun','Sk@gmail.com','e6e3be2d833cdf5d9d4c7bc2f85cd098'),('sF_gr8WrkAdmins','ia@gmail.com','e6e3be2d833cdf5d9d4c7bc2f85cd098'),('sG_hackinWasFun','4T@gmail.com','e6e3be2d833cdf5d9d4c7bc2f85cd098'),('sH_gr8WrkAdmins','5b@gmail.com','e6e3be2d833cdf5d9d4c7bc2f85cd098'),('sH_hackinWasFun','Ng@gmail.com','e6e3be2d833cdf5d9d4c7bc2f85cd098'),('sI_hackinWasFun','XV@gmail.com','e6e3be2d833cdf5d9d4c7bc2f85cd098'),('sJ_gr8WrkAdmins','FF@gmail.com','e6e3be2d833cdf5d9d4c7bc2f85cd098'),('sP_hackinWasFun','mB@gmail.com','e6e3be2d833cdf5d9d4c7bc2f85cd098'),('sS_hackinWasFun','pO@gmail.com','e6e3be2d833cdf5d9d4c7bc2f85cd098'),('sW_gr8WrkAdmins','9e@gmail.com','e6e3be2d833cdf5d9d4c7bc2f85cd098'),('sX_gr8WrkAdmins','eF@gmail.com','e6e3be2d833cdf5d9d4c7bc2f85cd098'),('sZ_gr8WrkAdmins','Gr@gmail.com','e6e3be2d833cdf5d9d4c7bc2f85cd098'),('sa_hackinWasFun','2F@gmail.com','e6e3be2d833cdf5d9d4c7bc2f85cd098'),('saaxx','pratik,zambani@students.iiit.a','7be602489b81aece39c349c9efd77c15'),('sadsad','sadsad','b447c27a00e3a348881b0030177000cd'),('sakdjsakdj','askdjs','e2fc714c4727ee9395f324cd2e7f331f'),('se_gr8WrkAdmins','V1@gmail.com','e6e3be2d833cdf5d9d4c7bc2f85cd098'),('se_hackinWasFun','BY@gmail.com','e6e3be2d833cdf5d9d4c7bc2f85cd098'),('serial_killer','vogetisri.harsha@students.iiit','23b4222d2613a2765d4d432d2d65e88e'),('sg_gr8WrkAdmins','SJ@gmail.com','e6e3be2d833cdf5d9d4c7bc2f85cd098'),('shantanu','felicity.iiit.ac.in/buzz/hacki','51e63a3da6425a39aecc045ec45f1ae8'),('si_hackinWasFun','aB@gmail.com','e6e3be2d833cdf5d9d4c7bc2f85cd098'),('sk_gr8WrkAdmins','MU@gmail.com','e6e3be2d833cdf5d9d4c7bc2f85cd098'),('sk_hackinWasFun','lJ@gmail.com','e6e3be2d833cdf5d9d4c7bc2f85cd098'),('skt','kr.sushantkumar@gmail.com','81b7b906eb2d8b97af1176c1255e7a40'),('sl_gr8WrkAdmins','qg@gmail.com','e6e3be2d833cdf5d9d4c7bc2f85cd098'),('slate','hjjkhj@gmail.com','fd0f7178fe55422b682e29f8a29e5d86'),('sn_gr8WrkAdmins','1b@gmail.com','e6e3be2d833cdf5d9d4c7bc2f85cd098'),('sn_hackinWasFun','bz@gmail.com','e6e3be2d833cdf5d9d4c7bc2f85cd098'),('soumya','soumyabangaru388@gmail.com','627e1ccc37e8d0386be720026e90afe5'),('sp_gr8WrkAdmins','Wy@gmail.com','e6e3be2d833cdf5d9d4c7bc2f85cd098'),('space','space@golmal.com','62534b89e48c83137009501fe3094c32'),('sv_gr8WrkAdmins','Pn@gmail.com','e6e3be2d833cdf5d9d4c7bc2f85cd098'),('sv_hackinWasFun','Xk@gmail.com','e6e3be2d833cdf5d9d4c7bc2f85cd098'),('sw_hackinWasFun','fh@gmail.com','e6e3be2d833cdf5d9d4c7bc2f85cd098'),('sx_gr8WrkAdmins','Ko@gmail.com','e6e3be2d833cdf5d9d4c7bc2f85cd098'),('sy_gr8WrkAdmins','V2@gmail.com','e6e3be2d833cdf5d9d4c7bc2f85cd098'),('t0_hackinWasFun','GP@gmail.com','e6e3be2d833cdf5d9d4c7bc2f85cd098'),('t1_hackinWasFun','y5@gmail.com','e6e3be2d833cdf5d9d4c7bc2f85cd098'),('t2_hackinWasFun','BG@gmail.com','e6e3be2d833cdf5d9d4c7bc2f85cd098'),('t4_hackinWasFun','p9@gmail.com','e6e3be2d833cdf5d9d4c7bc2f85cd098'),('t7_gr8WrkAdmins','A2@gmail.com','e6e3be2d833cdf5d9d4c7bc2f85cd098'),('t8_gr8WrkAdmins','L1@gmail.com','e6e3be2d833cdf5d9d4c7bc2f85cd098'),('t8_hackinWasFun','iZ@gmail.com','e6e3be2d833cdf5d9d4c7bc2f85cd098'),('tA_hackinWasFun','U5@gmail.com','e6e3be2d833cdf5d9d4c7bc2f85cd098'),('tB_gr8WrkAdmins','gA@gmail.com','e6e3be2d833cdf5d9d4c7bc2f85cd098'),('tC_hackinWasFun','QO@gmail.com','e6e3be2d833cdf5d9d4c7bc2f85cd098'),('tE_hackinWasFun','QU@gmail.com','e6e3be2d833cdf5d9d4c7bc2f85cd098'),('tJ_gr8WrkAdmins','Ry@gmail.com','e6e3be2d833cdf5d9d4c7bc2f85cd098'),('tK_hackinWasFun','e4@gmail.com','e6e3be2d833cdf5d9d4c7bc2f85cd098'),('tL_gr8WrkAdmins','oc@gmail.com','e6e3be2d833cdf5d9d4c7bc2f85cd098'),('tN_hackinWasFun','om@gmail.com','e6e3be2d833cdf5d9d4c7bc2f85cd098'),('tO_gr8WrkAdmins','vU@gmail.com','e6e3be2d833cdf5d9d4c7bc2f85cd098'),('tP_hackinWasFun','xA@gmail.com','e6e3be2d833cdf5d9d4c7bc2f85cd098'),('tU_gr8WrkAdmins','9l@gmail.com','e6e3be2d833cdf5d9d4c7bc2f85cd098'),('tW_hackinWasFun','Wf@gmail.com','e6e3be2d833cdf5d9d4c7bc2f85cd098'),('tY_gr8WrkAdmins','Kw@gmail.com','e6e3be2d833cdf5d9d4c7bc2f85cd098'),('tZ_hackinWasFun','0m@gmail.com','e6e3be2d833cdf5d9d4c7bc2f85cd098'),('tb_hackinWasFun','Ro@gmail.com','e6e3be2d833cdf5d9d4c7bc2f85cd098'),('te_hackinWasFun','C4@gmail.com','e6e3be2d833cdf5d9d4c7bc2f85cd098'),('tejasvs','tejasvs.ananthasetty@students.','afcec7ee53d111245b274d48877cf795'),('test','testtest@gmail.com','e6e3be2d833cdf5d9d4c7bc2f85cd098'),('test99','ub@in.in','350c9d901b7f1c73a481e240ec1b7c0b'),('testbooboo','test@boo.com','098f6bcd4621d373cade4e832627b4f6'),('testregister','shailrishabh@gmail.com','b819f4db9c2e6ae15f18a1c26bbbe48c'),('tg_gr8WrkAdmins','jf@gmail.com','e6e3be2d833cdf5d9d4c7bc2f85cd098'),('th_hackinWasFun','iW@gmail.com','e6e3be2d833cdf5d9d4c7bc2f85cd098'),('tk_gr8WrkAdmins','2z@gmail.com','e6e3be2d833cdf5d9d4c7bc2f85cd098'),('tk_hackinWasFun','u0@gmail.com','e6e3be2d833cdf5d9d4c7bc2f85cd098'),('tl_hackinWasFun','EY@gmail.com','e6e3be2d833cdf5d9d4c7bc2f85cd098'),('tn_gr8WrkAdmins','pA@gmail.com','e6e3be2d833cdf5d9d4c7bc2f85cd098'),('tr_gr8WrkAdmins','2O@gmail.com','e6e3be2d833cdf5d9d4c7bc2f85cd098'),('tr_hackinWasFun','pR@gmail.com','e6e3be2d833cdf5d9d4c7bc2f85cd098'),('trying','trying@gmail.com','b6919f9951d080dec439df14c847a506'),('ts_hackinWasFun','dn@gmail.com','e6e3be2d833cdf5d9d4c7bc2f85cd098'),('u1_gr8WrkAdmins','zA@gmail.com','e6e3be2d833cdf5d9d4c7bc2f85cd098'),('u1_hackinWasFun','bM@gmail.com','e6e3be2d833cdf5d9d4c7bc2f85cd098'),('u2_gr8WrkAdmins','Ey@gmail.com','e6e3be2d833cdf5d9d4c7bc2f85cd098'),('u4_gr8WrkAdmins','Re@gmail.com','e6e3be2d833cdf5d9d4c7bc2f85cd098'),('u7_hackinWasFun','Xi@gmail.com','e6e3be2d833cdf5d9d4c7bc2f85cd098'),('u8_gr8WrkAdmins','yA@gmail.com','e6e3be2d833cdf5d9d4c7bc2f85cd098'),('u9_hackinWasFun','xD@gmail.com','e6e3be2d833cdf5d9d4c7bc2f85cd098'),('uB_hackinWasFun','6j@gmail.com','e6e3be2d833cdf5d9d4c7bc2f85cd098'),('uE_gr8WrkAdmins','lb@gmail.com','e6e3be2d833cdf5d9d4c7bc2f85cd098'),('uG_hackinWasFun','tW@gmail.com','e6e3be2d833cdf5d9d4c7bc2f85cd098'),('uJ_gr8WrkAdmins','YT@gmail.com','e6e3be2d833cdf5d9d4c7bc2f85cd098'),('uM_gr8WrkAdmins','Cg@gmail.com','e6e3be2d833cdf5d9d4c7bc2f85cd098'),('uM_hackinWasFun','cA@gmail.com','e6e3be2d833cdf5d9d4c7bc2f85cd098'),('uQ_hackinWasFun','gZ@gmail.com','e6e3be2d833cdf5d9d4c7bc2f85cd098'),('uV_gr8WrkAdmins','wf@gmail.com','e6e3be2d833cdf5d9d4c7bc2f85cd098'),('uY_hackinWasFun','Gi@gmail.com','e6e3be2d833cdf5d9d4c7bc2f85cd098'),('ua_gr8WrkAdmins','1r@gmail.com','e6e3be2d833cdf5d9d4c7bc2f85cd098'),('ub_gr8WrkAdmins','Hq@gmail.com','e6e3be2d833cdf5d9d4c7bc2f85cd098'),('uc_hackinWasFun','Mc@gmail.com','e6e3be2d833cdf5d9d4c7bc2f85cd098'),('ud_hackinWasFun','2N@gmail.com','e6e3be2d833cdf5d9d4c7bc2f85cd098'),('uj_gr8WrkAdmins','0j@gmail.com','e6e3be2d833cdf5d9d4c7bc2f85cd098'),('uk_hackinWasFun','A6@gmail.com','e6e3be2d833cdf5d9d4c7bc2f85cd098'),('ul_gr8WrkAdmins','CN@gmail.com','e6e3be2d833cdf5d9d4c7bc2f85cd098'),('ul_hackinWasFun','Pk@gmail.com','e6e3be2d833cdf5d9d4c7bc2f85cd098'),('um_hackinWasFun','09@gmail.com','e6e3be2d833cdf5d9d4c7bc2f85cd098'),('up_hackinWasFun','Bu@gmail.com','e6e3be2d833cdf5d9d4c7bc2f85cd098'),('user','k.sravya@students.iiit.ac.in','a7a4b7b3585431720f4a2b155ea05d10'),('user9','monam.agarwal@students.iiit.ac','fc5e038d38a57032085441e7fe7010b0'),('username','username','14c4b06b824ec593239362517f538b29'),('ut_gr8WrkAdmins','13@gmail.com','e6e3be2d833cdf5d9d4c7bc2f85cd098'),('ut_hackinWasFun','lm@gmail.com','e6e3be2d833cdf5d9d4c7bc2f85cd098'),('uu_gr8WrkAdmins','oD@gmail.com','e6e3be2d833cdf5d9d4c7bc2f85cd098'),('uu_hackinWasFun','25@gmail.com','e6e3be2d833cdf5d9d4c7bc2f85cd098'),('uw_hackinWasFun','i0@gmail.com','e6e3be2d833cdf5d9d4c7bc2f85cd098'),('ux_gr8WrkAdmins','PD@gmail.com','e6e3be2d833cdf5d9d4c7bc2f85cd098'),('ux_hackinWasFun','sq@gmail.com','e6e3be2d833cdf5d9d4c7bc2f85cd098'),('uy_gr8WrkAdmins','CW@gmail.com','e6e3be2d833cdf5d9d4c7bc2f85cd098'),('uy_hackinWasFun','1a@gmail.com','e6e3be2d833cdf5d9d4c7bc2f85cd098'),('v0_gr8WrkAdmins','Ag@gmail.com','e6e3be2d833cdf5d9d4c7bc2f85cd098'),('v1_gr8WrkAdmins','Rf@gmail.com','e6e3be2d833cdf5d9d4c7bc2f85cd098'),('v4_hackinWasFun','Ow@gmail.com','e6e3be2d833cdf5d9d4c7bc2f85cd098'),('v5_hackinWasFun','Pq@gmail.com','e6e3be2d833cdf5d9d4c7bc2f85cd098'),('v6_hackinWasFun','OO@gmail.com','e6e3be2d833cdf5d9d4c7bc2f85cd098'),('v8_hackinWasFun','ih@gmail.com','e6e3be2d833cdf5d9d4c7bc2f85cd098'),('vA_hackinWasFun','94@gmail.com','e6e3be2d833cdf5d9d4c7bc2f85cd098'),('vB_hackinWasFun','rC@gmail.com','e6e3be2d833cdf5d9d4c7bc2f85cd098'),('vE_gr8WrkAdmins','PF@gmail.com','e6e3be2d833cdf5d9d4c7bc2f85cd098'),('vG_hackinWasFun','MG@gmail.com','e6e3be2d833cdf5d9d4c7bc2f85cd098'),('vH_hackinWasFun','JO@gmail.com','e6e3be2d833cdf5d9d4c7bc2f85cd098'),('vI_hackinWasFun','zp@gmail.com','e6e3be2d833cdf5d9d4c7bc2f85cd098'),('vJ_hackinWasFun','Om@gmail.com','e6e3be2d833cdf5d9d4c7bc2f85cd098'),('vK_hackinWasFun','9h@gmail.com','e6e3be2d833cdf5d9d4c7bc2f85cd098'),('vM_gr8WrkAdmins','Vv@gmail.com','e6e3be2d833cdf5d9d4c7bc2f85cd098'),('vM_hackinWasFun','XY@gmail.com','e6e3be2d833cdf5d9d4c7bc2f85cd098'),('vP_hackinWasFun','lM@gmail.com','e6e3be2d833cdf5d9d4c7bc2f85cd098'),('vR_hackinWasFun','23@gmail.com','e6e3be2d833cdf5d9d4c7bc2f85cd098'),('vS_gr8WrkAdmins','Uj@gmail.com','e6e3be2d833cdf5d9d4c7bc2f85cd098'),('vU_hackinWasFun','x9@gmail.com','e6e3be2d833cdf5d9d4c7bc2f85cd098'),('vV_hackinWasFun','Y8@gmail.com','e6e3be2d833cdf5d9d4c7bc2f85cd098'),('vX_gr8WrkAdmins','bg@gmail.com','e6e3be2d833cdf5d9d4c7bc2f85cd098'),('vX_hackinWasFun','FU@gmail.com','e6e3be2d833cdf5d9d4c7bc2f85cd098'),('vY_gr8WrkAdmins','GX@gmail.com','e6e3be2d833cdf5d9d4c7bc2f85cd098'),('vZ_hackinWasFun','dU@gmail.com','e6e3be2d833cdf5d9d4c7bc2f85cd098'),('vamsi1899','bommareddyvamsikiran.reddy@stu','87204d649fbd0477ea1234976c91651f'),('vb_hackinWasFun','1f@gmail.com','e6e3be2d833cdf5d9d4c7bc2f85cd098'),('vd_hackinWasFun','md@gmail.com','e6e3be2d833cdf5d9d4c7bc2f85cd098'),('ve_hackinWasFun','qK@gmail.com','e6e3be2d833cdf5d9d4c7bc2f85cd098'),('vf_hackinWasFun','nb@gmail.com','e6e3be2d833cdf5d9d4c7bc2f85cd098'),('vg_gr8WrkAdmins','k3@gmail.com','e6e3be2d833cdf5d9d4c7bc2f85cd098'),('vh_gr8WrkAdmins','QA@gmail.com','e6e3be2d833cdf5d9d4c7bc2f85cd098'),('vh_hackinWasFun','Gy@gmail.com','e6e3be2d833cdf5d9d4c7bc2f85cd098'),('vi_hackinWasFun','NA@gmail.com','e6e3be2d833cdf5d9d4c7bc2f85cd098'),('viv001','vivsmart@gmail.com','9febd77f26df7102607518f3586e2f70'),('vj_hackinWasFun','rO@gmail.com','e6e3be2d833cdf5d9d4c7bc2f85cd098'),('vk_gr8WrkAdmins','fN@gmail.com','e6e3be2d833cdf5d9d4c7bc2f85cd098'),('vk_hackinWasFun','RB@gmail.com','e6e3be2d833cdf5d9d4c7bc2f85cd098'),('vm_hackinWasFun','QJ@gmail.com','e6e3be2d833cdf5d9d4c7bc2f85cd098'),('vn_hackinWasFun','2l@gmail.com','e6e3be2d833cdf5d9d4c7bc2f85cd098'),('vp_gr8WrkAdmins','0f@gmail.com','e6e3be2d833cdf5d9d4c7bc2f85cd098'),('vp_hackinWasFun','KN@gmail.com','e6e3be2d833cdf5d9d4c7bc2f85cd098'),('vq_gr8WrkAdmins','Rc@gmail.com','e6e3be2d833cdf5d9d4c7bc2f85cd098'),('vrajesh','rajesh.vakkalagadda@students.i','b38ce63f61c5be0f1a1906d4d37b8725'),('vu_gr8WrkAdmins','fm@gmail.com','e6e3be2d833cdf5d9d4c7bc2f85cd098'),('vv_gr8WrkAdmins','Rt@gmail.com','e6e3be2d833cdf5d9d4c7bc2f85cd098'),('w0_hackinWasFun','Sa@gmail.com','e6e3be2d833cdf5d9d4c7bc2f85cd098'),('w1_gr8WrkAdmins','yO@gmail.com','e6e3be2d833cdf5d9d4c7bc2f85cd098'),('w2_gr8WrkAdmins','wH@gmail.com','e6e3be2d833cdf5d9d4c7bc2f85cd098'),('w2_hackinWasFun','wr@gmail.com','e6e3be2d833cdf5d9d4c7bc2f85cd098'),('w3_hackinWasFun','pC@gmail.com','e6e3be2d833cdf5d9d4c7bc2f85cd098'),('w4_gr8WrkAdmins','LN@gmail.com','e6e3be2d833cdf5d9d4c7bc2f85cd098'),('w6_gr8WrkAdmins','CH@gmail.com','e6e3be2d833cdf5d9d4c7bc2f85cd098'),('w6_hackinWasFun','6x@gmail.com','e6e3be2d833cdf5d9d4c7bc2f85cd098'),('w9_hackinWasFun','sa@gmail.com','e6e3be2d833cdf5d9d4c7bc2f85cd098'),('wA_hackinWasFun','oz@gmail.com','e6e3be2d833cdf5d9d4c7bc2f85cd098'),('wE_hackinWasFun','Gp@gmail.com','e6e3be2d833cdf5d9d4c7bc2f85cd098'),('wF_gr8WrkAdmins','3N@gmail.com','e6e3be2d833cdf5d9d4c7bc2f85cd098'),('wG_gr8WrkAdmins','9p@gmail.com','e6e3be2d833cdf5d9d4c7bc2f85cd098'),('wJ_hackinWasFun','IB@gmail.com','e6e3be2d833cdf5d9d4c7bc2f85cd098'),('wL_gr8WrkAdmins','pz@gmail.com','e6e3be2d833cdf5d9d4c7bc2f85cd098'),('wL_hackinWasFun','Io@gmail.com','e6e3be2d833cdf5d9d4c7bc2f85cd098'),('wM_gr8WrkAdmins','kt@gmail.com','e6e3be2d833cdf5d9d4c7bc2f85cd098'),('wN_hackinWasFun','N0@gmail.com','e6e3be2d833cdf5d9d4c7bc2f85cd098'),('wO_gr8WrkAdmins','ZP@gmail.com','e6e3be2d833cdf5d9d4c7bc2f85cd098'),('wO_hackinWasFun','68@gmail.com','e6e3be2d833cdf5d9d4c7bc2f85cd098'),('wS_gr8WrkAdmins','lN@gmail.com','e6e3be2d833cdf5d9d4c7bc2f85cd098'),('wS_hackinWasFun','Lo@gmail.com','e6e3be2d833cdf5d9d4c7bc2f85cd098'),('wZ_gr8WrkAdmins','gc@gmail.com','e6e3be2d833cdf5d9d4c7bc2f85cd098'),('wZ_hackinWasFun','Yk@gmail.com','e6e3be2d833cdf5d9d4c7bc2f85cd098'),('wa_gr8WrkAdmins','ZU@gmail.com','e6e3be2d833cdf5d9d4c7bc2f85cd098'),('wc_hackinWasFun','BU@gmail.com','e6e3be2d833cdf5d9d4c7bc2f85cd098'),('we_hackinWasFun','F1@gmail.com','e6e3be2d833cdf5d9d4c7bc2f85cd098'),('wee','dshjkh@fdsj.com','ac1113e50f7f1460beeaeeba69f63701'),('wg_hackinWasFun','Qh@gmail.com','e6e3be2d833cdf5d9d4c7bc2f85cd098'),('wi_gr8WrkAdmins','PQ@gmail.com','e6e3be2d833cdf5d9d4c7bc2f85cd098'),('wj_gr8WrkAdmins','zP@gmail.com','e6e3be2d833cdf5d9d4c7bc2f85cd098'),('wk_hackinWasFun','lP@gmail.com','e6e3be2d833cdf5d9d4c7bc2f85cd098'),('wl_gr8WrkAdmins','y8@gmail.com','e6e3be2d833cdf5d9d4c7bc2f85cd098'),('wn_gr8WrkAdmins','OM@gmail.com','e6e3be2d833cdf5d9d4c7bc2f85cd098'),('wo_gr8WrkAdmins','zc@gmail.com','e6e3be2d833cdf5d9d4c7bc2f85cd098'),('worldwide','saksham.garg@students.iiit.ac.','0f66a077ba1f7f7be75d8c499c8d22e5'),('wq_hackinWasFun','0X@gmail.com','e6e3be2d833cdf5d9d4c7bc2f85cd098'),('wr_hackinWasFun','0R@gmail.com','e6e3be2d833cdf5d9d4c7bc2f85cd098'),('wrumf','mayankrocks.1993@gmail.com','308a3820e4cccbe043cb5228de5e71e3'),('ws_hackinWasFun','tc@gmail.com','e6e3be2d833cdf5d9d4c7bc2f85cd098'),('wu_hackinWasFun','ZV@gmail.com','e6e3be2d833cdf5d9d4c7bc2f85cd098'),('wy_hackinWasFun','QL@gmail.com','e6e3be2d833cdf5d9d4c7bc2f85cd098'),('wz_gr8WrkAdmins','On@gmail.com','e6e3be2d833cdf5d9d4c7bc2f85cd098'),('x3_gr8WrkAdmins','Yz@gmail.com','e6e3be2d833cdf5d9d4c7bc2f85cd098'),('x5_hackinWasFun','Je@gmail.com','e6e3be2d833cdf5d9d4c7bc2f85cd098'),('x6_gr8WrkAdmins','l8@gmail.com','e6e3be2d833cdf5d9d4c7bc2f85cd098'),('x6_hackinWasFun','E2@gmail.com','e6e3be2d833cdf5d9d4c7bc2f85cd098'),('xH_gr8WrkAdmins','SS@gmail.com','e6e3be2d833cdf5d9d4c7bc2f85cd098'),('xI_gr8WrkAdmins','YU@gmail.com','e6e3be2d833cdf5d9d4c7bc2f85cd098'),('xI_hackinWasFun','a8@gmail.com','e6e3be2d833cdf5d9d4c7bc2f85cd098'),('xJ_gr8WrkAdmins','6d@gmail.com','e6e3be2d833cdf5d9d4c7bc2f85cd098'),('xM_gr8WrkAdmins','Hl@gmail.com','e6e3be2d833cdf5d9d4c7bc2f85cd098'),('xO_gr8WrkAdmins','c1@gmail.com','e6e3be2d833cdf5d9d4c7bc2f85cd098'),('xV_gr8WrkAdmins','51@gmail.com','e6e3be2d833cdf5d9d4c7bc2f85cd098'),('xY_gr8WrkAdmins','MI@gmail.com','e6e3be2d833cdf5d9d4c7bc2f85cd098'),('xZ_gr8WrkAdmins','HU@gmail.com','e6e3be2d833cdf5d9d4c7bc2f85cd098'),('xa_hackinWasFun','aQ@gmail.com','e6e3be2d833cdf5d9d4c7bc2f85cd098'),('xc_hackinWasFun','gm@gmail.com','e6e3be2d833cdf5d9d4c7bc2f85cd098'),('xd_gr8WrkAdmins','fc@gmail.com','e6e3be2d833cdf5d9d4c7bc2f85cd098'),('xd_hackinWasFun','d1@gmail.com','e6e3be2d833cdf5d9d4c7bc2f85cd098'),('xf_hackinWasFun','ME@gmail.com','e6e3be2d833cdf5d9d4c7bc2f85cd098'),('xi_gr8WrkAdmins','P0@gmail.com','e6e3be2d833cdf5d9d4c7bc2f85cd098'),('xi_hackinWasFun','jR@gmail.com','e6e3be2d833cdf5d9d4c7bc2f85cd098'),('xj_gr8WrkAdmins','M0@gmail.com','e6e3be2d833cdf5d9d4c7bc2f85cd098'),('xm_gr8WrkAdmins','2X@gmail.com','e6e3be2d833cdf5d9d4c7bc2f85cd098'),('xp_hackinWasFun','sK@gmail.com','e6e3be2d833cdf5d9d4c7bc2f85cd098'),('xq_gr8WrkAdmins','oX@gmail.com','e6e3be2d833cdf5d9d4c7bc2f85cd098'),('xq_hackinWasFun','VG@gmail.com','e6e3be2d833cdf5d9d4c7bc2f85cd098'),('xt_gr8WrkAdmins','ij@gmail.com','e6e3be2d833cdf5d9d4c7bc2f85cd098'),('xu_hackinWasFun','0S@gmail.com','e6e3be2d833cdf5d9d4c7bc2f85cd098'),('xxx','kkk@wr.com','a09c270d13585e82da6ac0605730ae64'),('xy_gr8WrkAdmins','3I@gmail.com','e6e3be2d833cdf5d9d4c7bc2f85cd098'),('xy_hackinWasFun','MM@gmail.com','e6e3be2d833cdf5d9d4c7bc2f85cd098'),('y0_hackinWasFun','nI@gmail.com','e6e3be2d833cdf5d9d4c7bc2f85cd098'),('y2_gr8WrkAdmins','im@gmail.com','e6e3be2d833cdf5d9d4c7bc2f85cd098'),('y2_hackinWasFun','Jf@gmail.com','e6e3be2d833cdf5d9d4c7bc2f85cd098'),('y3_gr8WrkAdmins','Ws@gmail.com','e6e3be2d833cdf5d9d4c7bc2f85cd098'),('y8_hackinWasFun','dD@gmail.com','e6e3be2d833cdf5d9d4c7bc2f85cd098'),('y9_gr8WrkAdmins','Wo@gmail.com','e6e3be2d833cdf5d9d4c7bc2f85cd098'),('yA_hackinWasFun','l3@gmail.com','e6e3be2d833cdf5d9d4c7bc2f85cd098'),('yF_hackinWasFun','CA@gmail.com','e6e3be2d833cdf5d9d4c7bc2f85cd098'),('yG_gr8WrkAdmins','M7@gmail.com','e6e3be2d833cdf5d9d4c7bc2f85cd098'),('yJ_hackinWasFun','et@gmail.com','e6e3be2d833cdf5d9d4c7bc2f85cd098'),('yL_gr8WrkAdmins','RL@gmail.com','e6e3be2d833cdf5d9d4c7bc2f85cd098'),('yM_gr8WrkAdmins','l4@gmail.com','e6e3be2d833cdf5d9d4c7bc2f85cd098'),('yN_hackinWasFun','0x@gmail.com','e6e3be2d833cdf5d9d4c7bc2f85cd098'),('yP_gr8WrkAdmins','xo@gmail.com','e6e3be2d833cdf5d9d4c7bc2f85cd098'),('yR_gr8WrkAdmins','Bv@gmail.com','e6e3be2d833cdf5d9d4c7bc2f85cd098'),('yR_hackinWasFun','zu@gmail.com','e6e3be2d833cdf5d9d4c7bc2f85cd098'),('yS_gr8WrkAdmins','3w@gmail.com','e6e3be2d833cdf5d9d4c7bc2f85cd098'),('yV_gr8WrkAdmins','tq@gmail.com','e6e3be2d833cdf5d9d4c7bc2f85cd098'),('yV_hackinWasFun','lL@gmail.com','e6e3be2d833cdf5d9d4c7bc2f85cd098'),('yW_gr8WrkAdmins','Kh@gmail.com','e6e3be2d833cdf5d9d4c7bc2f85cd098'),('yW_hackinWasFun','Vk@gmail.com','e6e3be2d833cdf5d9d4c7bc2f85cd098'),('yX_gr8WrkAdmins','Nm@gmail.com','e6e3be2d833cdf5d9d4c7bc2f85cd098'),('yZ_gr8WrkAdmins','eA@gmail.com','e6e3be2d833cdf5d9d4c7bc2f85cd098'),('yash','yash.girdhar@gmail.com','e6e3be2d833cdf5d9d4c7bc2f85cd098'),('yc_gr8WrkAdmins','gh@gmail.com','e6e3be2d833cdf5d9d4c7bc2f85cd098'),('yc_hackinWasFun','I5@gmail.com','e6e3be2d833cdf5d9d4c7bc2f85cd098'),('yd_gr8WrkAdmins','ln@gmail.com','e6e3be2d833cdf5d9d4c7bc2f85cd098'),('yd_hackinWasFun','YF@gmail.com','e6e3be2d833cdf5d9d4c7bc2f85cd098'),('yg_hackinWasFun','K5@gmail.com','e6e3be2d833cdf5d9d4c7bc2f85cd098'),('yh_gr8WrkAdmins','lC@gmail.com','e6e3be2d833cdf5d9d4c7bc2f85cd098'),('yi_gr8WrkAdmins','eb@gmail.com','e6e3be2d833cdf5d9d4c7bc2f85cd098'),('yo_gr8WrkAdmins','Wd@gmail.com','e6e3be2d833cdf5d9d4c7bc2f85cd098'),('yp_hackinWasFun','D2@gmail.com','e6e3be2d833cdf5d9d4c7bc2f85cd098'),('yr_gr8WrkAdmins','1E@gmail.com','e6e3be2d833cdf5d9d4c7bc2f85cd098'),('yureka','googling999@gmail.com','e6e3be2d833cdf5d9d4c7bc2f85cd098'),('yw_gr8WrkAdmins','5B@gmail.com','e6e3be2d833cdf5d9d4c7bc2f85cd098'),('yx_gr8WrkAdmins','rM@gmail.com','e6e3be2d833cdf5d9d4c7bc2f85cd098'),('yx_hackinWasFun','88@gmail.com','e6e3be2d833cdf5d9d4c7bc2f85cd098'),('z2_hackinWasFun','VS@gmail.com','e6e3be2d833cdf5d9d4c7bc2f85cd098'),('z6_hackinWasFun','IU@gmail.com','e6e3be2d833cdf5d9d4c7bc2f85cd098'),('z7_hackinWasFun','wm@gmail.com','e6e3be2d833cdf5d9d4c7bc2f85cd098'),('z9_hackinWasFun','bK@gmail.com','e6e3be2d833cdf5d9d4c7bc2f85cd098'),('zA_gr8WrkAdmins','nX@gmail.com','e6e3be2d833cdf5d9d4c7bc2f85cd098'),('zB_gr8WrkAdmins','1A@gmail.com','e6e3be2d833cdf5d9d4c7bc2f85cd098'),('zC_hackinWasFun','Cz@gmail.com','e6e3be2d833cdf5d9d4c7bc2f85cd098'),('zD_gr8WrkAdmins','ZB@gmail.com','e6e3be2d833cdf5d9d4c7bc2f85cd098'),('zH_hackinWasFun','3Z@gmail.com','e6e3be2d833cdf5d9d4c7bc2f85cd098'),('zK_gr8WrkAdmins','nR@gmail.com','e6e3be2d833cdf5d9d4c7bc2f85cd098'),('zK_hackinWasFun','Tn@gmail.com','e6e3be2d833cdf5d9d4c7bc2f85cd098'),('zN_hackinWasFun','t3@gmail.com','e6e3be2d833cdf5d9d4c7bc2f85cd098'),('zO_gr8WrkAdmins','eY@gmail.com','e6e3be2d833cdf5d9d4c7bc2f85cd098'),('zS_gr8WrkAdmins','0o@gmail.com','e6e3be2d833cdf5d9d4c7bc2f85cd098'),('zS_hackinWasFun','ou@gmail.com','e6e3be2d833cdf5d9d4c7bc2f85cd098'),('zT_hackinWasFun','Bd@gmail.com','e6e3be2d833cdf5d9d4c7bc2f85cd098'),('zU_hackinWasFun','RJ@gmail.com','e6e3be2d833cdf5d9d4c7bc2f85cd098'),('zY_gr8WrkAdmins','Rg@gmail.com','e6e3be2d833cdf5d9d4c7bc2f85cd098'),('zY_hackinWasFun','9u@gmail.com','e6e3be2d833cdf5d9d4c7bc2f85cd098'),('zd_gr8WrkAdmins','fo@gmail.com','e6e3be2d833cdf5d9d4c7bc2f85cd098'),('ze_hackinWasFun','42@gmail.com','e6e3be2d833cdf5d9d4c7bc2f85cd098'),('zero','shashank.yadav@students.iiit.a','0598baa08ce1163e34ae1f8ac8f061da'),('zeus','ashutosh.kumar@students.iiit.a','4501955b151a120bd794c416f0146c5a'),('zf_hackinWasFun','aG@gmail.com','e6e3be2d833cdf5d9d4c7bc2f85cd098'),('zk_gr8WrkAdmins','jd@gmail.com','e6e3be2d833cdf5d9d4c7bc2f85cd098'),('zk_hackinWasFun','zn@gmail.com','e6e3be2d833cdf5d9d4c7bc2f85cd098'),('zl_gr8WrkAdmins','jD@gmail.com','e6e3be2d833cdf5d9d4c7bc2f85cd098'),('zo_hackinWasFun','OG@gmail.com','e6e3be2d833cdf5d9d4c7bc2f85cd098'),('zq_gr8WrkAdmins','e2@gmail.com','e6e3be2d833cdf5d9d4c7bc2f85cd098'),('zt_hackinWasFun','kS@gmail.com','e6e3be2d833cdf5d9d4c7bc2f85cd098'),('zu_gr8WrkAdmins','Kc@gmail.com','e6e3be2d833cdf5d9d4c7bc2f85cd098'),('zu_hackinWasFun','Ie@gmail.com','e6e3be2d833cdf5d9d4c7bc2f85cd098'),('zunk_yard','mayank.natani@students.iiit.ac','8b64f339f0679ed65438c5da5a96e980'),('zw_hackinWasFun','1d@gmail.com','e6e3be2d833cdf5d9d4c7bc2f85cd098'),('zx_gr8WrkAdmins','ZT@gmail.com','e6e3be2d833cdf5d9d4c7bc2f85cd098');
/*!40000 ALTER TABLE `register` ENABLE KEYS */;
UNLOCK TABLES;

--
-- Table structure for table `userdata`
--

DROP TABLE IF EXISTS `userdata`;
/*!40101 SET @saved_cs_client     = @@character_set_client */;
/*!40101 SET character_set_client = utf8 */;
CREATE TABLE `userdata` (
  `level` int(11) NOT NULL,
  `timex` timestamp NOT NULL DEFAULT CURRENT_TIMESTAMP ON UPDATE CURRENT_TIMESTAMP,
  `nick_nm` varchar(15) COLLATE utf8_bin NOT NULL,
  PRIMARY KEY (`nick_nm`)
) ENGINE=InnoDB DEFAULT CHARSET=utf8 COLLATE=utf8_bin;
/*!40101 SET character_set_client = @saved_cs_client */;

--
-- Dumping data for table `userdata`
--

LOCK TABLES `userdata` WRITE;
/*!40000 ALTER TABLE `userdata` DISABLE KEYS */;
INSERT INTO `userdata` VALUES (0,'2012-09-30 14:52:29','02_gr8WrkAdmins'),(0,'2012-09-30 14:51:42','02_hackinWasFun'),(0,'2012-09-30 14:53:35','03_gr8WrkAdmins'),(0,'2012-09-30 14:52:38','05_gr8WrkAdmins'),(0,'2012-09-30 14:53:32','07_gr8WrkAdmins'),(0,'2012-09-30 14:53:03','09_gr8WrkAdmins'),(0,'2012-09-30 14:53:23','0A_gr8WrkAdmins'),(0,'2012-09-30 14:52:24','0B_gr8WrkAdmins'),(0,'2012-09-30 14:52:40','0E_gr8WrkAdmins'),(0,'2012-09-30 14:53:29','0G_gr8WrkAdmins'),(0,'2012-09-30 14:52:31','0I_gr8WrkAdmins'),(0,'2012-09-30 14:50:25','0I_hackinWasFun'),(0,'2012-09-30 14:50:58','0J_hackinWasFun'),(0,'2012-09-30 14:53:15','0L_gr8WrkAdmins'),(0,'2012-09-30 14:52:45','0N_gr8WrkAdmins'),(0,'2012-09-30 14:53:33','0O_gr8WrkAdmins'),(0,'2012-09-30 14:52:15','0P_gr8WrkAdmins'),(0,'2012-09-30 14:50:22','0R_hackinWasFun'),(0,'2012-09-30 14:52:12','0S_gr8WrkAdmins'),(0,'2012-09-30 14:50:38','0W_hackinWasFun'),(0,'2012-09-30 14:51:43','0X_hackinWasFun'),(0,'2012-09-30 14:51:28','0Z_hackinWasFun'),(0,'2012-09-30 14:51:38','0a_hackinWasFun'),(0,'2012-09-30 14:52:14','0c_gr8WrkAdmins'),(0,'2012-09-30 14:52:42','0d_gr8WrkAdmins'),(0,'2012-09-30 14:51:36','0d_hackinWasFun'),(0,'2012-09-30 14:52:04','0f_gr8WrkAdmins'),(0,'2012-09-30 14:51:18','0f_hackinWasFun'),(0,'2012-09-30 14:52:03','0h_gr8WrkAdmins'),(0,'2012-09-30 14:52:41','0j_gr8WrkAdmins'),(0,'2012-09-30 14:52:43','0q_gr8WrkAdmins'),(0,'2012-09-30 14:52:25','0r_gr8WrkAdmins'),(0,'2012-09-30 14:52:28','0t_gr8WrkAdmins'),(0,'2012-09-30 14:53:11','0w_gr8WrkAdmins'),(0,'2012-09-30 14:52:59','0y_gr8WrkAdmins'),(0,'2012-09-30 14:51:14','0y_hackinWasFun'),(0,'2012-09-30 14:53:37','10_gr8WrkAdmins'),(2,'2012-09-28 15:57:51','123123'),(0,'2012-09-30 14:50:39','12_hackinWasFun'),(0,'2012-09-30 14:52:24','13_gr8WrkAdmins'),(0,'2012-09-30 14:53:39','14_gr8WrkAdmins'),(0,'2012-09-30 14:53:23','16_gr8WrkAdmins'),(0,'2012-09-30 14:52:08','17_gr8WrkAdmins'),(0,'2012-09-30 14:51:35','17_hackinWasFun'),(0,'2012-09-30 14:50:36','1C_hackinWasFun'),(0,'2012-09-30 14:52:06','1D_gr8WrkAdmins'),(0,'2012-09-30 14:50:22','1D_hackinWasFun'),(0,'2012-09-30 14:53:27','1E_gr8WrkAdmins'),(0,'2012-09-30 14:50:16','1F_hackinWasFun'),(0,'2012-09-30 14:53:17','1G_gr8WrkAdmins'),(0,'2012-09-30 14:50:20','1G_hackinWasFun'),(0,'2012-09-30 14:50:58','1K_hackinWasFun'),(0,'2012-09-30 14:50:19','1M_hackinWasFun'),(0,'2012-09-30 14:51:50','1N_gr8WrkAdmins'),(0,'2012-09-30 14:52:17','1O_gr8WrkAdmins'),(0,'2012-09-30 14:53:22','1P_gr8WrkAdmins'),(0,'2012-09-30 14:50:19','1Q_hackinWasFun'),(0,'2012-09-30 14:52:03','1S_gr8WrkAdmins'),(0,'2012-09-30 14:52:44','1T_gr8WrkAdmins'),(0,'2012-09-30 14:50:24','1T_hackinWasFun'),(0,'2012-09-30 14:50:28','1W_hackinWasFun'),(0,'2012-09-30 14:52:26','1X_gr8WrkAdmins'),(0,'2012-09-30 14:53:04','1Y_gr8WrkAdmins'),(0,'2012-09-30 14:51:35','1Y_hackinWasFun'),(0,'2012-09-30 14:53:15','1Z_gr8WrkAdmins'),(0,'2012-09-30 14:51:04','1Z_hackinWasFun'),(0,'2012-09-30 14:50:18','1d_hackinWasFun'),(0,'2012-09-30 14:53:36','1e_gr8WrkAdmins'),(0,'2012-09-30 14:51:22','1h_hackinWasFun'),(0,'2012-09-30 14:53:06','1i_gr8WrkAdmins'),(0,'2012-09-30 14:51:53','1j_gr8WrkAdmins'),(0,'2012-09-30 14:52:37','1l_gr8WrkAdmins'),(0,'2012-09-30 14:50:37','1l_hackinWasFun'),(0,'2012-09-30 14:51:25','1m_hackinWasFun'),(0,'2012-09-30 14:50:38','1n_hackinWasFun'),(0,'2012-09-30 14:51:01','1p_hackinWasFun'),(0,'2012-09-30 14:50:59','1q_hackinWasFun'),(0,'2012-09-30 14:50:35','1t_hackinWasFun'),(0,'2012-09-30 14:51:29','1w_hackinWasFun'),(0,'2012-09-30 14:52:09','1x_gr8WrkAdmins'),(0,'2012-09-30 14:50:57','1y_hackinWasFun'),(0,'2012-09-30 14:51:40','1z_hackinWasFun'),(0,'2012-09-30 14:51:59','23_gr8WrkAdmins'),(0,'2012-09-30 14:50:56','23_hackinWasFun'),(0,'2012-09-30 14:52:52','24_gr8WrkAdmins'),(0,'2012-09-30 14:52:45','27_gr8WrkAdmins'),(0,'2012-09-30 14:51:14','28_hackinWasFun'),(0,'2012-09-30 14:51:32','29_hackinWasFun'),(0,'2012-09-30 14:51:10','2A_hackinWasFun'),(0,'2012-09-30 14:52:55','2B_gr8WrkAdmins'),(0,'2012-09-30 14:50:29','2B_hackinWasFun'),(0,'2012-09-30 14:52:47','2E_gr8WrkAdmins'),(0,'2012-09-30 14:52:34','2F_gr8WrkAdmins'),(0,'2012-09-30 14:50:27','2G_hackinWasFun'),(0,'2012-09-30 14:52:22','2I_gr8WrkAdmins'),(0,'2012-09-30 14:50:30','2I_hackinWasFun'),(0,'2012-09-30 14:51:52','2J_gr8WrkAdmins'),(0,'2012-09-30 14:52:13','2K_gr8WrkAdmins'),(0,'2012-09-30 14:51:34','2L_hackinWasFun'),(0,'2012-09-30 14:51:26','2M_hackinWasFun'),(0,'2012-09-30 14:51:02','2O_hackinWasFun'),(0,'2012-09-30 14:51:01','2P_hackinWasFun'),(0,'2012-09-30 14:51:36','2Q_hackinWasFun'),(0,'2012-09-30 14:50:35','2R_hackinWasFun'),(0,'2012-09-30 14:52:41','2T_gr8WrkAdmins'),(0,'2012-09-30 14:53:40','2U_gr8WrkAdmins'),(0,'2012-09-30 14:51:57','2X_gr8WrkAdmins'),(0,'2012-09-30 14:51:57','2Y_gr8WrkAdmins'),(0,'2012-09-30 14:53:31','2Z_gr8WrkAdmins'),(0,'2012-09-30 14:51:50','2b_gr8WrkAdmins'),(0,'2012-09-30 14:51:05','2d_hackinWasFun'),(0,'2012-09-30 14:51:12','2e_hackinWasFun'),(0,'2012-09-30 14:52:52','2g_gr8WrkAdmins'),(0,'2012-09-30 14:52:18','2h_gr8WrkAdmins'),(0,'2012-09-30 14:50:39','2h_hackinWasFun'),(0,'2012-09-30 14:53:24','2i_gr8WrkAdmins'),(0,'2012-09-30 14:50:45','2j_hackinWasFun'),(0,'2012-09-30 14:51:10','2l_hackinWasFun'),(0,'2012-09-30 14:52:17','2m_gr8WrkAdmins'),(0,'2012-09-30 14:51:45','2o_hackinWasFun'),(0,'2012-09-30 14:51:36','2r_hackinWasFun'),(0,'2012-09-30 14:51:13','2s_hackinWasFun'),(0,'2012-09-30 14:51:50','2w_gr8WrkAdmins'),(0,'2012-09-30 14:51:14','2x_hackinWasFun'),(0,'2012-09-30 14:52:23','2y_gr8WrkAdmins'),(0,'2012-09-30 14:51:08','2y_hackinWasFun'),(0,'2012-09-30 14:52:27','30_gr8WrkAdmins'),(0,'2012-09-30 14:51:21','30_hackinWasFun'),(0,'2012-09-30 14:53:20','31_gr8WrkAdmins'),(0,'2012-09-30 14:51:26','31_hackinWasFun'),(0,'2012-09-30 14:52:40','34_gr8WrkAdmins'),(0,'2012-09-30 14:50:59','34_hackinWasFun'),(0,'2012-09-30 14:51:30','35_hackinWasFun'),(0,'2012-09-30 14:51:34','36_hackinWasFun'),(0,'2012-09-30 14:51:04','38_hackinWasFun'),(0,'2012-09-30 14:52:59','39_gr8WrkAdmins'),(0,'2012-09-30 14:50:38','3A_hackinWasFun'),(0,'2012-09-30 14:50:35','3C_hackinWasFun'),(0,'2012-09-30 14:52:11','3E_gr8WrkAdmins'),(0,'2012-09-30 14:52:18','3F_gr8WrkAdmins'),(0,'2012-09-30 14:53:37','3H_gr8WrkAdmins'),(0,'2012-09-30 14:52:05','3I_gr8WrkAdmins'),(0,'2012-09-30 14:52:43','3K_gr8WrkAdmins'),(0,'2012-09-30 14:51:32','3K_hackinWasFun'),(0,'2012-09-30 14:51:34','3L_hackinWasFun'),(0,'2012-09-30 14:51:17','3M_hackinWasFun'),(0,'2012-09-30 14:53:23','3N_gr8WrkAdmins'),(0,'2012-09-30 14:51:12','3N_hackinWasFun'),(0,'2012-09-30 14:52:14','3O_gr8WrkAdmins'),(0,'2012-09-30 14:51:14','3O_hackinWasFun'),(0,'2012-09-30 14:50:30','3P_hackinWasFun'),(0,'2012-09-30 14:51:40','3T_hackinWasFun'),(0,'2012-09-30 14:53:09','3U_gr8WrkAdmins'),(0,'2012-09-30 14:53:39','3V_gr8WrkAdmins'),(0,'2012-09-30 14:53:18','3W_gr8WrkAdmins'),(0,'2012-09-30 14:51:20','3W_hackinWasFun'),(0,'2012-09-30 14:51:37','3Z_hackinWasFun'),(0,'2012-09-30 14:52:21','3b_gr8WrkAdmins'),(0,'2012-09-30 14:51:08','3b_hackinWasFun'),(0,'2012-09-30 14:52:21','3d_gr8WrkAdmins'),(0,'2012-09-30 14:52:39','3e_gr8WrkAdmins'),(0,'2012-09-30 14:53:04','3f_gr8WrkAdmins'),(0,'2012-09-30 14:52:11','3g_gr8WrkAdmins'),(0,'2012-09-30 14:51:09','3i_hackinWasFun'),(0,'2012-09-30 14:51:30','3k_hackinWasFun'),(0,'2012-09-30 14:53:11','3l_gr8WrkAdmins'),(0,'2012-09-30 14:50:34','3l_hackinWasFun'),(0,'2012-09-30 14:53:40','3m_gr8WrkAdmins'),(0,'2012-09-30 14:52:46','3n_gr8WrkAdmins'),(0,'2012-09-30 14:51:50','3p_gr8WrkAdmins'),(0,'2012-09-30 14:51:02','3q_hackinWasFun'),(0,'2012-09-30 14:52:41','3r_gr8WrkAdmins'),(0,'2012-09-30 14:50:42','3u_hackinWasFun'),(0,'2012-09-30 14:50:25','3v_hackinWasFun'),(0,'2012-09-30 14:52:48','3w_gr8WrkAdmins'),(0,'2012-09-30 14:50:33','3y_hackinWasFun'),(0,'2012-09-30 14:51:56','3z_gr8WrkAdmins'),(0,'2012-09-30 14:51:46','3z_hackinWasFun'),(0,'2012-09-30 14:51:34','41_hackinWasFun'),(0,'2012-09-30 14:50:40','42_hackinWasFun'),(0,'2012-09-30 14:51:00','43_hackinWasFun'),(0,'2012-09-30 14:51:56','46_gr8WrkAdmins'),(0,'2012-09-30 14:51:22','47_hackinWasFun'),(0,'2012-09-30 14:53:17','48_gr8WrkAdmins'),(0,'2012-09-30 14:53:30','4A_gr8WrkAdmins'),(0,'2012-09-30 14:51:33','4A_hackinWasFun'),(0,'2012-09-30 14:52:23','4B_gr8WrkAdmins'),(0,'2012-09-30 14:51:59','4C_gr8WrkAdmins'),(0,'2012-09-30 14:52:07','4D_gr8WrkAdmins'),(0,'2012-09-30 14:50:55','4D_hackinWasFun'),(0,'2012-09-30 14:52:24','4E_gr8WrkAdmins'),(0,'2012-09-30 14:50:37','4E_hackinWasFun'),(0,'2012-09-30 14:51:58','4G_gr8WrkAdmins'),(0,'2012-09-30 14:51:46','4G_hackinWasFun'),(0,'2012-09-30 14:50:41','4H_hackinWasFun'),(0,'2012-09-30 14:52:47','4J_gr8WrkAdmins'),(0,'2012-09-30 14:51:50','4K_gr8WrkAdmins'),(0,'2012-09-30 14:51:45','4L_hackinWasFun'),(0,'2012-09-30 14:53:29','4M_gr8WrkAdmins'),(0,'2012-09-30 14:52:17','4N_gr8WrkAdmins'),(0,'2012-09-30 14:50:27','4O_hackinWasFun'),(0,'2012-09-30 14:51:16','4Q_hackinWasFun'),(0,'2012-09-30 14:53:09','4U_gr8WrkAdmins'),(0,'2012-09-30 14:51:44','4U_hackinWasFun'),(0,'2012-09-30 14:51:15','4W_hackinWasFun'),(0,'2012-09-30 14:53:32','4Y_gr8WrkAdmins'),(0,'2012-09-30 14:52:52','4Z_gr8WrkAdmins'),(0,'2012-09-30 14:50:58','4Z_hackinWasFun'),(0,'2012-09-30 14:52:11','4c_gr8WrkAdmins'),(0,'2012-09-30 14:51:11','4e_hackinWasFun'),(0,'2012-09-30 14:51:30','4g_hackinWasFun'),(0,'2012-09-30 14:52:38','4h_gr8WrkAdmins'),(0,'2012-09-30 14:52:14','4i_gr8WrkAdmins'),(0,'2012-09-30 14:51:09','4j_hackinWasFun'),(0,'2012-09-30 14:50:21','4k_hackinWasFun'),(0,'2012-09-30 14:53:22','4l_gr8WrkAdmins'),(0,'2012-09-30 14:50:22','4m_hackinWasFun'),(0,'2012-09-30 14:53:20','4n_gr8WrkAdmins'),(0,'2012-09-30 14:52:13','4o_gr8WrkAdmins'),(0,'2012-09-30 14:51:39','4q_hackinWasFun'),(0,'2012-09-30 14:51:27','4r_hackinWasFun'),(0,'2012-09-30 14:50:35','4s_hackinWasFun'),(0,'2012-09-30 14:53:32','4u_gr8WrkAdmins'),(0,'2012-09-30 14:52:54','4v_gr8WrkAdmins'),(0,'2012-09-30 14:52:59','4w_gr8WrkAdmins'),(0,'2012-09-30 14:50:22','4w_hackinWasFun'),(0,'2012-09-30 14:53:16','4x_gr8WrkAdmins'),(0,'2012-09-30 14:53:08','50_gr8WrkAdmins'),(0,'2012-09-30 14:53:23','53_gr8WrkAdmins'),(0,'2012-09-30 14:50:15','53_hackinWasFun'),(0,'2012-09-30 14:51:30','55_hackinWasFun'),(0,'2012-09-30 14:52:06','56_gr8WrkAdmins'),(0,'2012-09-30 14:52:31','57_gr8WrkAdmins'),(0,'2012-09-30 14:52:02','59_gr8WrkAdmins'),(0,'2012-09-30 14:50:26','5B_hackinWasFun'),(0,'2012-09-30 14:50:59','5D_hackinWasFun'),(0,'2012-09-30 14:50:55','5G_hackinWasFun'),(0,'2012-09-30 14:51:58','5H_gr8WrkAdmins'),(0,'2012-09-30 14:51:23','5H_hackinWasFun'),(0,'2012-09-30 14:52:50','5I_gr8WrkAdmins'),(0,'2012-09-30 14:52:11','5J_gr8WrkAdmins'),(0,'2012-09-30 14:50:28','5K_hackinWasFun'),(0,'2012-09-30 14:52:25','5N_gr8WrkAdmins'),(0,'2012-09-30 14:53:05','5P_gr8WrkAdmins'),(0,'2012-09-30 14:53:26','5S_gr8WrkAdmins'),(0,'2012-09-30 14:51:45','5S_hackinWasFun'),(0,'2012-09-30 14:52:47','5U_gr8WrkAdmins'),(0,'2012-09-30 14:51:38','5U_hackinWasFun'),(0,'2012-09-30 14:52:10','5V_gr8WrkAdmins'),(0,'2012-09-30 14:51:03','5V_hackinWasFun'),(0,'2012-09-30 14:52:53','5W_gr8WrkAdmins'),(0,'2012-09-30 14:51:29','5X_hackinWasFun'),(0,'2012-09-30 14:52:58','5Y_gr8WrkAdmins'),(0,'2012-09-30 14:52:07','5Z_gr8WrkAdmins'),(0,'2012-09-30 14:52:18','5b_gr8WrkAdmins'),(0,'2012-09-30 14:53:00','5d_gr8WrkAdmins'),(0,'2012-09-30 14:52:37','5e_gr8WrkAdmins'),(0,'2012-09-30 14:52:29','5g_gr8WrkAdmins'),(0,'2012-09-30 14:50:34','5j_hackinWasFun'),(0,'2012-09-30 14:52:30','5l_gr8WrkAdmins'),(0,'2012-09-30 14:51:21','5l_hackinWasFun'),(0,'2012-09-30 14:52:35','5m_gr8WrkAdmins'),(0,'2012-09-30 14:51:47','5m_hackinWasFun'),(0,'2012-09-30 14:52:18','5n_gr8WrkAdmins'),(0,'2012-09-30 14:52:59','5o_gr8WrkAdmins'),(0,'2012-09-30 14:51:53','5q_gr8WrkAdmins'),(0,'2012-09-30 14:51:13','5u_hackinWasFun'),(0,'2012-09-30 14:50:31','5y_hackinWasFun'),(0,'2012-09-30 14:52:29','5z_gr8WrkAdmins'),(0,'2012-09-30 14:51:16','61_hackinWasFun'),(0,'2012-09-30 14:50:24','62_hackinWasFun'),(0,'2012-09-30 14:50:41','63_hackinWasFun'),(0,'2012-09-30 14:50:18','66_hackinWasFun'),(0,'2012-09-30 14:52:49','67_gr8WrkAdmins'),(0,'2012-09-30 14:52:47','68_gr8WrkAdmins'),(0,'2012-09-30 14:51:52','69_gr8WrkAdmins'),(7,'2012-09-30 09:45:28','69datasuresh'),(0,'2012-09-30 14:51:56','6A_gr8WrkAdmins'),(0,'2012-09-30 14:53:19','6C_gr8WrkAdmins'),(0,'2012-09-30 14:51:33','6D_hackinWasFun'),(0,'2012-09-30 14:53:33','6E_gr8WrkAdmins'),(0,'2012-09-30 14:51:31','6E_hackinWasFun'),(0,'2012-09-30 14:52:22','6F_gr8WrkAdmins'),(0,'2012-09-30 14:50:16','6H_hackinWasFun'),(0,'2012-09-30 14:51:27','6I_hackinWasFun'),(0,'2012-09-30 14:51:37','6K_hackinWasFun'),(0,'2012-09-30 14:52:03','6L_gr8WrkAdmins'),(0,'2012-09-30 14:50:29','6M_hackinWasFun'),(0,'2012-09-30 14:53:23','6N_gr8WrkAdmins'),(0,'2012-09-30 14:51:07','6N_hackinWasFun'),(0,'2012-09-30 14:52:05','6P_gr8WrkAdmins'),(0,'2012-09-30 14:50:17','6Q_hackinWasFun'),(0,'2012-09-30 14:50:19','6S_hackinWasFun'),(0,'2012-09-30 14:50:34','6U_hackinWasFun'),(0,'2012-09-30 14:52:20','6V_gr8WrkAdmins'),(0,'2012-09-30 14:52:28','6b_gr8WrkAdmins'),(0,'2012-09-30 14:51:14','6b_hackinWasFun'),(0,'2012-09-30 14:53:10','6c_gr8WrkAdmins'),(0,'2012-09-30 14:52:55','6d_gr8WrkAdmins'),(0,'2012-09-30 14:53:23','6e_gr8WrkAdmins'),(0,'2012-09-30 14:52:19','6f_gr8WrkAdmins'),(0,'2012-09-30 14:51:22','6f_hackinWasFun'),(0,'2012-09-30 14:51:51','6g_gr8WrkAdmins'),(0,'2012-09-30 14:50:57','6i_hackinWasFun'),(0,'2012-09-30 14:53:09','6j_gr8WrkAdmins'),(0,'2012-09-30 14:51:41','6m_hackinWasFun'),(0,'2012-09-30 14:53:32','6n_gr8WrkAdmins'),(0,'2012-09-30 14:52:30','6q_gr8WrkAdmins'),(0,'2012-09-30 14:50:31','6u_hackinWasFun'),(0,'2012-09-30 14:52:00','6v_gr8WrkAdmins'),(0,'2012-09-30 14:53:00','6x_gr8WrkAdmins'),(0,'2012-09-30 14:50:22','6x_hackinWasFun'),(0,'2012-09-30 14:53:06','6z_gr8WrkAdmins'),(0,'2012-09-30 14:53:20','75_gr8WrkAdmins'),(0,'2012-09-30 14:51:39','76_hackinWasFun'),(0,'2012-09-30 14:52:49','7A_gr8WrkAdmins'),(0,'2012-09-30 14:52:50','7B_gr8WrkAdmins'),(0,'2012-09-30 14:50:46','7D_hackinWasFun'),(0,'2012-09-30 14:51:00','7H_hackinWasFun'),(0,'2012-09-30 14:50:37','7I_hackinWasFun'),(0,'2012-09-30 14:52:17','7L_gr8WrkAdmins'),(0,'2012-09-30 14:53:17','7Q_gr8WrkAdmins'),(0,'2012-09-30 14:52:06','7R_gr8WrkAdmins'),(0,'2012-09-30 14:51:17','7R_hackinWasFun'),(0,'2012-09-30 14:52:20','7T_gr8WrkAdmins'),(0,'2012-09-30 14:52:10','7V_gr8WrkAdmins'),(0,'2012-09-30 14:50:43','7V_hackinWasFun'),(0,'2012-09-30 14:52:36','7X_gr8WrkAdmins'),(0,'2012-09-30 14:52:16','7a_gr8WrkAdmins'),(0,'2012-09-30 14:50:37','7a_hackinWasFun'),(0,'2012-09-30 14:53:06','7c_gr8WrkAdmins'),(0,'2012-09-30 14:52:18','7e_gr8WrkAdmins'),(0,'2012-09-30 14:52:49','7f_gr8WrkAdmins'),(0,'2012-09-30 14:53:23','7g_gr8WrkAdmins'),(0,'2012-09-30 14:51:10','7g_hackinWasFun'),(0,'2012-09-30 14:53:25','7j_gr8WrkAdmins'),(0,'2012-09-30 14:51:41','7j_hackinWasFun'),(0,'2012-09-30 14:53:35','7l_gr8WrkAdmins'),(0,'2012-09-30 14:50:19','7l_hackinWasFun'),(0,'2012-09-30 14:52:43','7m_gr8WrkAdmins'),(0,'2012-09-30 14:51:15','7n_hackinWasFun'),(0,'2012-09-30 14:53:18','7o_gr8WrkAdmins'),(0,'2012-09-30 14:53:41','7q_gr8WrkAdmins'),(0,'2012-09-30 14:50:35','7q_hackinWasFun'),(0,'2012-09-30 14:50:18','7r_hackinWasFun'),(0,'2012-09-30 14:50:56','7s_hackinWasFun'),(0,'2012-09-30 14:50:28','7w_hackinWasFun'),(0,'2012-09-30 14:50:42','82_hackinWasFun'),(0,'2012-09-30 14:51:00','83_hackinWasFun'),(0,'2012-09-30 14:53:21','85_gr8WrkAdmins'),(0,'2012-09-30 14:51:45','85_hackinWasFun'),(0,'2012-09-30 14:53:36','88_gr8WrkAdmins'),(0,'2012-09-30 14:51:02','88_hackinWasFun'),(0,'2012-09-30 14:51:11','8A_hackinWasFun'),(0,'2012-09-30 14:53:13','8C_gr8WrkAdmins'),(0,'2012-09-30 14:52:52','8D_gr8WrkAdmins'),(0,'2012-09-30 14:51:22','8F_hackinWasFun'),(0,'2012-09-30 14:53:15','8G_gr8WrkAdmins'),(0,'2012-09-30 14:53:20','8J_gr8WrkAdmins'),(0,'2012-09-30 14:51:58','8K_gr8WrkAdmins'),(0,'2012-09-30 14:52:31','8M_gr8WrkAdmins'),(0,'2012-09-30 14:52:16','8R_gr8WrkAdmins'),(0,'2012-09-30 14:52:30','8S_gr8WrkAdmins'),(0,'2012-09-30 14:52:21','8U_gr8WrkAdmins'),(0,'2012-09-30 14:50:17','8U_hackinWasFun'),(0,'2012-09-30 14:51:32','8V_hackinWasFun'),(0,'2012-09-30 14:52:32','8X_gr8WrkAdmins'),(0,'2012-09-30 14:52:23','8Y_gr8WrkAdmins'),(0,'2012-09-30 14:52:59','8Z_gr8WrkAdmins'),(0,'2012-09-30 14:52:30','8c_gr8WrkAdmins'),(0,'2012-09-30 14:50:28','8d_hackinWasFun'),(0,'2012-09-30 14:51:37','8e_hackinWasFun'),(0,'2012-09-30 14:50:59','8f_hackinWasFun'),(0,'2012-09-30 14:51:41','8g_hackinWasFun'),(0,'2012-09-30 14:51:43','8h_hackinWasFun'),(0,'2012-09-30 14:51:54','8i_gr8WrkAdmins'),(0,'2012-09-30 14:50:27','8j_hackinWasFun'),(0,'2012-09-30 14:51:45','8k_hackinWasFun'),(0,'2012-09-30 14:50:16','8l_hackinWasFun'),(0,'2012-09-30 14:53:40','8n_gr8WrkAdmins'),(0,'2012-09-30 14:51:50','8o_gr8WrkAdmins'),(0,'2012-09-30 14:50:29','8o_hackinWasFun'),(0,'2012-09-30 14:53:15','8p_gr8WrkAdmins'),(0,'2012-09-30 14:51:29','8p_hackinWasFun'),(0,'2012-09-30 14:50:30','8s_hackinWasFun'),(0,'2012-09-30 14:51:59','8v_gr8WrkAdmins'),(0,'2012-09-30 14:50:57','8w_hackinWasFun'),(0,'2012-09-30 14:51:53','8x_gr8WrkAdmins'),(0,'2012-09-30 14:52:53','8y_gr8WrkAdmins'),(0,'2012-09-30 14:50:19','8y_hackinWasFun'),(0,'2012-09-30 14:53:07','8z_gr8WrkAdmins'),(0,'2012-09-30 14:53:33','91_gr8WrkAdmins'),(0,'2012-09-30 14:50:24','91_hackinWasFun'),(0,'2012-09-30 14:53:08','94_gr8WrkAdmins'),(0,'2012-09-30 14:52:46','95_gr8WrkAdmins'),(0,'2012-09-30 14:52:33','96_gr8WrkAdmins'),(0,'2012-09-30 14:52:09','97_gr8WrkAdmins'),(0,'2012-09-30 14:51:01','98_hackinWasFun'),(0,'2012-09-30 14:51:34','9D_hackinWasFun'),(0,'2012-09-30 14:51:55','9F_gr8WrkAdmins'),(0,'2012-09-30 14:52:50','9G_gr8WrkAdmins'),(0,'2012-09-30 14:51:10','9G_hackinWasFun'),(0,'2012-09-30 14:53:12','9H_gr8WrkAdmins'),(0,'2012-09-30 14:52:49','9I_gr8WrkAdmins'),(0,'2012-09-30 14:51:00','9I_hackinWasFun'),(0,'2012-09-30 14:53:21','9K_gr8WrkAdmins'),(0,'2012-09-30 14:52:23','9M_gr8WrkAdmins'),(0,'2012-09-30 14:51:30','9N_hackinWasFun'),(0,'2012-09-30 14:53:08','9O_gr8WrkAdmins'),(0,'2012-09-30 14:52:37','9P_gr8WrkAdmins'),(0,'2012-09-30 14:53:28','9R_gr8WrkAdmins'),(0,'2012-09-30 14:52:04','9T_gr8WrkAdmins'),(0,'2012-09-30 14:52:56','9V_gr8WrkAdmins'),(0,'2012-09-30 14:50:28','9X_hackinWasFun'),(0,'2012-09-30 14:52:50','9Y_gr8WrkAdmins'),(0,'2012-09-30 14:52:40','9d_gr8WrkAdmins'),(0,'2012-09-30 14:50:46','9e_hackinWasFun'),(0,'2012-09-30 14:53:41','9g_gr8WrkAdmins'),(0,'2012-09-30 14:53:05','9h_gr8WrkAdmins'),(0,'2012-09-30 14:52:30','9i_gr8WrkAdmins'),(0,'2012-09-30 14:50:25','9i_hackinWasFun'),(0,'2012-09-30 14:50:32','9j_hackinWasFun'),(0,'2012-09-30 14:51:37','9l_hackinWasFun'),(0,'2012-09-30 14:53:24','9m_gr8WrkAdmins'),(0,'2012-09-30 14:53:20','9o_gr8WrkAdmins'),(0,'2012-09-30 14:53:04','9p_gr8WrkAdmins'),(0,'2012-09-30 14:51:37','9p_hackinWasFun'),(0,'2012-09-30 14:53:13','9r_gr8WrkAdmins'),(0,'2012-09-30 14:53:16','9u_gr8WrkAdmins'),(0,'2012-09-30 14:51:14','9v_hackinWasFun'),(0,'2012-09-30 14:52:38','9x_gr8WrkAdmins'),(0,'2012-09-30 14:51:41','9x_hackinWasFun'),(0,'2012-09-30 14:51:50','A0_gr8WrkAdmins'),(0,'2012-09-30 14:51:50','A1_gr8WrkAdmins'),(0,'2012-09-30 14:52:43','A3_gr8WrkAdmins'),(0,'2012-09-30 14:53:08','A6_gr8WrkAdmins'),(0,'2012-09-30 14:51:08','A6_hackinWasFun'),(0,'2012-09-30 14:51:13','A7_hackinWasFun'),(0,'2012-09-30 14:50:30','A8_hackinWasFun'),(0,'2012-09-30 14:53:05','AA_gr8WrkAdmins'),(0,'2012-09-30 14:51:51','AD_gr8WrkAdmins'),(0,'2012-09-30 14:50:36','AD_hackinWasFun'),(0,'2012-09-30 14:51:26','AF_hackinWasFun'),(0,'2012-09-30 14:52:06','AG_gr8WrkAdmins'),(0,'2012-09-30 14:53:17','AI_gr8WrkAdmins'),(0,'2012-09-30 14:52:13','AJ_gr8WrkAdmins'),(0,'2012-09-30 14:51:25','AJ_hackinWasFun'),(0,'2012-09-30 14:52:55','AK_gr8WrkAdmins'),(0,'2012-09-30 14:51:29','AL_hackinWasFun'),(0,'2012-09-30 14:53:18','AM_gr8WrkAdmins'),(0,'2012-09-30 14:51:07','AN_hackinWasFun'),(0,'2012-09-30 14:52:14','AO_gr8WrkAdmins'),(0,'2012-09-30 14:52:51','AP_gr8WrkAdmins'),(0,'2012-09-30 14:52:20','AQ_gr8WrkAdmins'),(1,'2012-09-28 15:31:15','AUT'),(0,'2012-09-30 14:51:24','AY_hackinWasFun'),(0,'2012-09-30 14:50:36','Aa_hackinWasFun'),(0,'2012-09-30 14:52:15','Ab_gr8WrkAdmins'),(0,'2012-09-30 14:51:33','Ab_hackinWasFun'),(0,'2012-09-30 14:53:21','Ae_gr8WrkAdmins'),(0,'2012-09-30 14:52:54','Ag_gr8WrkAdmins'),(0,'2012-09-30 14:51:48','Ah_hackinWasFun'),(0,'2012-09-30 14:53:34','Ai_gr8WrkAdmins'),(0,'2012-09-30 14:53:02','Aj_gr8WrkAdmins'),(0,'2012-09-30 14:50:59','Aj_hackinWasFun'),(0,'2012-09-30 14:52:50','Ak_gr8WrkAdmins'),(0,'2012-09-30 14:52:51','Al_gr8WrkAdmins'),(0,'2012-09-28 15:37:11','AlenTuring'),(0,'2012-09-30 14:51:43','Am_hackinWasFun'),(0,'2012-09-30 14:52:56','An_gr8WrkAdmins'),(0,'2012-09-30 14:50:43','An_hackinWasFun'),(0,'2012-09-30 14:50:29','Ao_hackinWasFun'),(0,'2012-09-30 14:52:12','Aq_gr8WrkAdmins'),(0,'2012-09-30 14:51:35','As_hackinWasFun'),(0,'2012-09-30 14:52:50','At_gr8WrkAdmins'),(0,'2012-09-30 14:51:23','At_hackinWasFun'),(0,'2012-09-30 14:50:17','Av_hackinWasFun'),(0,'2012-09-30 14:53:30','Aw_gr8WrkAdmins'),(0,'2012-09-30 14:50:23','Ax_hackinWasFun'),(0,'2012-09-30 14:51:07','Az_hackinWasFun'),(0,'2012-09-30 14:52:02','B0_gr8WrkAdmins'),(0,'2012-09-30 14:51:06','B0_hackinWasFun'),(0,'2012-09-30 14:51:45','B5_hackinWasFun'),(0,'2012-09-30 14:52:27','B6_gr8WrkAdmins'),(0,'2012-09-30 14:53:04','B7_gr8WrkAdmins'),(0,'2012-09-30 14:52:21','B8_gr8WrkAdmins'),(0,'2012-09-30 14:50:38','B9_hackinWasFun'),(0,'2012-09-30 14:52:54','BA_gr8WrkAdmins'),(0,'2012-09-30 14:50:24','BA_hackinWasFun'),(0,'2012-09-30 14:51:37','BD_hackinWasFun'),(0,'2012-09-30 14:52:19','BF_gr8WrkAdmins'),(0,'2012-09-30 14:50:45','BH_hackinWasFun'),(0,'2012-09-30 14:52:20','BI_gr8WrkAdmins'),(0,'2012-09-30 14:52:38','BK_gr8WrkAdmins'),(0,'2012-09-30 14:53:41','BL_gr8WrkAdmins'),(0,'2012-09-30 14:53:19','BM_gr8WrkAdmins'),(0,'2012-09-30 14:50:15','BN_hackinWasFun'),(0,'2012-09-30 14:52:23','BP_gr8WrkAdmins'),(0,'2012-09-30 14:51:30','BP_hackinWasFun'),(0,'2012-09-30 14:53:37','BR_gr8WrkAdmins'),(0,'2012-09-30 14:52:34','BS_gr8WrkAdmins'),(0,'2012-09-30 14:52:22','BV_gr8WrkAdmins'),(0,'2012-09-30 14:51:46','BX_hackinWasFun'),(0,'2012-09-30 14:51:31','BY_hackinWasFun'),(0,'2012-09-30 14:50:36','BZ_hackinWasFun'),(0,'2012-09-30 14:53:13','Ba_gr8WrkAdmins'),(0,'2012-09-30 14:51:22','Bb_hackinWasFun'),(0,'2012-09-30 14:51:59','Bc_gr8WrkAdmins'),(0,'2012-09-30 14:51:52','Bd_gr8WrkAdmins'),(0,'2012-09-30 14:53:24','Be_gr8WrkAdmins'),(0,'2012-09-30 14:51:03','Bh_hackinWasFun'),(0,'2012-09-30 14:52:04','Bi_gr8WrkAdmins'),(0,'2012-09-30 14:51:39','Bi_hackinWasFun'),(0,'2012-09-30 14:52:32','Bl_gr8WrkAdmins'),(0,'2012-09-30 14:51:00','Bn_hackinWasFun'),(0,'2012-09-30 14:51:40','Bo_hackinWasFun'),(0,'2012-09-30 14:51:46','Bp_hackinWasFun'),(0,'2012-09-30 14:50:21','Bq_hackinWasFun'),(0,'2012-09-30 14:51:58','Br_gr8WrkAdmins'),(0,'2012-09-30 14:50:32','Br_hackinWasFun'),(0,'2012-09-30 14:52:33','Bt_gr8WrkAdmins'),(0,'2012-09-30 14:50:30','Bt_hackinWasFun'),(0,'2012-09-30 14:52:56','Bv_gr8WrkAdmins'),(0,'2012-09-30 14:51:38','Bv_hackinWasFun'),(0,'2012-09-30 14:53:30','Bw_gr8WrkAdmins'),(0,'2012-09-30 14:50:31','Bx_hackinWasFun'),(0,'2012-09-30 14:53:17','By_gr8WrkAdmins'),(0,'2012-09-30 14:50:22','By_hackinWasFun'),(0,'2012-09-30 14:53:20','Bz_gr8WrkAdmins'),(0,'2012-09-30 14:52:28','C3_gr8WrkAdmins'),(0,'2012-09-30 14:51:06','C6_hackinWasFun'),(0,'2012-09-30 14:51:50','C7_gr8WrkAdmins'),(0,'2012-09-30 14:51:36','C7_hackinWasFun'),(0,'2012-09-30 14:51:52','C8_gr8WrkAdmins'),(0,'2012-09-30 14:53:01','C9_gr8WrkAdmins'),(0,'2012-09-30 14:53:04','CB_gr8WrkAdmins'),(0,'2012-09-30 14:51:31','CB_hackinWasFun'),(0,'2012-09-30 14:50:20','CC_hackinWasFun'),(0,'2012-09-30 14:50:39','CD_hackinWasFun'),(0,'2012-09-30 14:53:11','CE_gr8WrkAdmins'),(0,'2012-09-30 14:52:22','CG_gr8WrkAdmins'),(0,'2012-09-30 14:50:20','CG_hackinWasFun'),(0,'2012-09-30 14:52:39','CH_gr8WrkAdmins'),(0,'2012-09-30 14:51:10','CH_hackinWasFun'),(0,'2012-09-30 14:51:49','CJ_gr8WrkAdmins'),(0,'2012-09-30 14:52:19','CK_gr8WrkAdmins'),(0,'2012-09-30 14:53:15','CM_gr8WrkAdmins'),(0,'2012-09-30 14:51:44','CO_hackinWasFun'),(0,'2012-09-30 14:52:41','CQ_gr8WrkAdmins'),(5,'2012-09-29 23:49:49','CRON'),(0,'2012-09-30 14:50:33','CV_hackinWasFun'),(0,'2012-09-30 14:53:14','CW_gr8WrkAdmins'),(0,'2012-09-30 14:51:19','CX_hackinWasFun'),(0,'2012-09-30 14:51:49','CZ_hackinWasFun'),(0,'2012-09-30 14:51:44','Ca_hackinWasFun'),(0,'2012-09-30 14:53:09','Cb_gr8WrkAdmins'),(0,'2012-09-30 14:53:27','Cc_gr8WrkAdmins'),(0,'2012-09-30 14:50:33','Cc_hackinWasFun'),(0,'2012-09-30 14:51:22','Cd_hackinWasFun'),(0,'2012-09-30 14:53:28','Cf_gr8WrkAdmins'),(0,'2012-09-30 14:51:08','Cf_hackinWasFun'),(0,'2012-09-30 14:50:22','Cg_hackinWasFun'),(0,'2012-09-28 15:37:23','Chronos'),(0,'2012-09-30 14:53:02','Cj_gr8WrkAdmins'),(0,'2012-09-30 14:50:45','Cj_hackinWasFun'),(0,'2012-09-30 14:53:17','Ck_gr8WrkAdmins'),(0,'2012-09-30 14:53:02','Cl_gr8WrkAdmins'),(0,'2012-09-30 14:51:35','Cl_hackinWasFun'),(1,'2012-09-28 16:08:06','Cler'),(0,'2012-09-30 14:52:12','Cn_gr8WrkAdmins'),(0,'2012-09-30 14:52:21','Cp_gr8WrkAdmins'),(0,'2012-09-30 14:51:54','Cr_gr8WrkAdmins'),(0,'2012-09-30 14:51:17','Cr_hackinWasFun'),(0,'2012-09-29 11:30:55','Crank17426'),(0,'2012-09-30 14:50:45','Ct_hackinWasFun'),(0,'2012-09-30 14:52:45','Cv_gr8WrkAdmins'),(0,'2012-09-30 14:53:18','Cx_gr8WrkAdmins'),(0,'2012-09-30 14:51:19','Cx_hackinWasFun'),(0,'2012-09-30 14:50:31','Cz_hackinWasFun'),(0,'2012-09-30 14:52:31','D0_gr8WrkAdmins'),(0,'2012-09-30 14:52:15','D1_gr8WrkAdmins'),(0,'2012-09-30 14:51:24','D2_hackinWasFun'),(0,'2012-09-30 14:53:37','D6_gr8WrkAdmins'),(0,'2012-09-30 14:51:09','D7_hackinWasFun'),(0,'2012-09-30 14:52:34','D8_gr8WrkAdmins'),(0,'2012-09-30 14:53:09','D9_gr8WrkAdmins'),(0,'2012-09-30 14:53:29','DB_gr8WrkAdmins'),(0,'2012-09-30 14:50:19','DB_hackinWasFun'),(0,'2012-09-30 14:52:07','DC_gr8WrkAdmins'),(0,'2012-09-30 14:52:03','DD_gr8WrkAdmins'),(0,'2012-09-30 14:51:22','DD_hackinWasFun'),(0,'2012-09-30 14:52:15','DF_gr8WrkAdmins'),(0,'2012-09-30 14:53:16','DG_gr8WrkAdmins'),(0,'2012-09-30 14:52:36','DH_gr8WrkAdmins'),(0,'2012-09-30 14:52:02','DI_gr8WrkAdmins'),(0,'2012-09-30 14:50:45','DI_hackinWasFun'),(0,'2012-09-30 14:52:30','DK_gr8WrkAdmins'),(0,'2012-09-30 14:50:23','DN_hackinWasFun'),(5,'2012-09-30 13:31:42','DRAKE1'),(0,'2012-09-30 14:53:31','DU_gr8WrkAdmins'),(0,'2012-09-30 14:51:22','DU_hackinWasFun'),(0,'2012-09-30 14:52:57','DW_gr8WrkAdmins'),(0,'2012-09-30 14:50:41','DX_hackinWasFun'),(0,'2012-09-30 14:52:01','DY_gr8WrkAdmins'),(0,'2012-09-30 14:52:14','Da_gr8WrkAdmins'),(0,'2012-09-30 14:51:53','Db_gr8WrkAdmins'),(0,'2012-09-30 14:50:41','Db_hackinWasFun'),(0,'2012-09-30 14:52:40','Dd_gr8WrkAdmins'),(0,'2012-09-30 14:53:35','De_gr8WrkAdmins'),(0,'2012-09-30 14:52:47','Dg_gr8WrkAdmins'),(0,'2012-09-30 14:51:17','Dg_hackinWasFun'),(0,'2012-09-30 14:50:29','Di_hackinWasFun'),(0,'2012-09-30 14:51:57','Dj_gr8WrkAdmins'),(0,'2012-09-30 14:52:05','Dk_gr8WrkAdmins'),(0,'2012-09-30 14:53:04','Dl_gr8WrkAdmins'),(0,'2012-09-30 14:51:59','Dp_gr8WrkAdmins'),(0,'2012-09-30 14:51:15','Dp_hackinWasFun'),(0,'2012-09-30 14:51:46','Dt_hackinWasFun'),(0,'2012-09-30 14:50:58','Du_hackinWasFun'),(0,'2012-09-29 07:09:14','Dudeman'),(0,'2012-09-30 14:53:34','Dy_gr8WrkAdmins'),(0,'2012-09-30 14:51:19','Dy_hackinWasFun'),(0,'2012-09-30 14:52:55','Dz_gr8WrkAdmins'),(0,'2012-09-30 14:50:33','Dz_hackinWasFun'),(0,'2012-09-30 14:52:00','E2_gr8WrkAdmins'),(0,'2012-09-30 14:51:16','E3_hackinWasFun'),(0,'2012-09-30 14:51:12','E4_hackinWasFun'),(0,'2012-09-30 14:51:05','E6_hackinWasFun'),(0,'2012-09-30 14:53:33','E7_gr8WrkAdmins'),(0,'2012-09-30 14:52:42','E9_gr8WrkAdmins'),(0,'2012-09-30 14:52:56','EC_gr8WrkAdmins'),(0,'2012-09-30 14:52:13','ED_gr8WrkAdmins'),(0,'2012-09-30 14:51:01','EE_hackinWasFun'),(0,'2012-09-30 14:52:12','EF_gr8WrkAdmins'),(0,'2012-09-30 14:50:31','EF_hackinWasFun'),(0,'2012-09-30 14:52:54','EH_gr8WrkAdmins'),(0,'2012-09-30 14:53:02','EJ_gr8WrkAdmins'),(0,'2012-09-30 14:52:35','EK_gr8WrkAdmins'),(0,'2012-09-30 14:51:30','EL_hackinWasFun'),(0,'2012-09-30 14:50:58','EP_hackinWasFun'),(0,'2012-09-30 14:51:56','ER_gr8WrkAdmins'),(0,'2012-09-30 14:51:43','ER_hackinWasFun'),(0,'2012-09-30 14:51:42','EU_hackinWasFun'),(0,'2012-09-30 14:51:22','Ea_hackinWasFun'),(0,'2012-09-30 14:52:59','Eb_gr8WrkAdmins'),(0,'2012-09-30 14:51:20','Eb_hackinWasFun'),(0,'2012-09-30 14:52:54','Ed_gr8WrkAdmins'),(0,'2012-09-30 14:50:43','Ed_hackinWasFun'),(0,'2012-09-30 14:51:56','Ee_gr8WrkAdmins'),(0,'2012-09-30 14:52:44','Ef_gr8WrkAdmins'),(0,'2012-09-30 14:52:03','Eg_gr8WrkAdmins'),(0,'2012-09-30 14:51:17','Eg_hackinWasFun'),(0,'2012-09-30 14:52:10','Eh_gr8WrkAdmins'),(0,'2012-09-30 14:52:48','Ej_gr8WrkAdmins'),(0,'2012-09-30 14:50:38','Ej_hackinWasFun'),(0,'2012-09-30 14:52:07','Em_gr8WrkAdmins'),(0,'2012-09-30 14:52:15','Ep_gr8WrkAdmins'),(0,'2012-09-30 14:51:40','Ep_hackinWasFun'),(0,'2012-09-30 14:51:31','Eq_hackinWasFun'),(1,'2012-09-28 15:32:43','Ethan'),(0,'2012-09-30 14:52:52','Eu_gr8WrkAdmins'),(0,'2012-09-30 14:51:44','Eu_hackinWasFun'),(0,'2012-09-30 14:51:29','Ev_hackinWasFun'),(0,'2012-09-30 14:52:24','Ew_gr8WrkAdmins'),(0,'2012-09-30 14:51:08','Ex_hackinWasFun'),(0,'2012-09-30 14:51:06','Ey_hackinWasFun'),(0,'2012-09-30 14:51:06','Ez_hackinWasFun'),(0,'2012-09-30 14:52:58','F2_gr8WrkAdmins'),(0,'2012-09-30 14:51:04','F2_hackinWasFun'),(0,'2012-09-30 14:52:54','F3_gr8WrkAdmins'),(0,'2012-09-30 14:53:12','F4_gr8WrkAdmins'),(0,'2012-09-30 14:53:07','F8_gr8WrkAdmins'),(0,'2012-09-30 14:51:53','F9_gr8WrkAdmins'),(0,'2012-09-30 14:53:09','FB_gr8WrkAdmins'),(0,'2012-09-30 14:50:24','FC_hackinWasFun'),(0,'2012-09-30 14:51:17','FK_hackinWasFun'),(0,'2012-09-30 14:51:14','FP_hackinWasFun'),(0,'2012-09-30 14:53:02','FR_gr8WrkAdmins'),(0,'2012-09-30 14:53:35','FS_gr8WrkAdmins'),(0,'2012-09-30 14:53:35','FT_gr8WrkAdmins'),(0,'2012-09-30 14:52:53','FU_gr8WrkAdmins'),(0,'2012-09-30 14:53:04','FX_gr8WrkAdmins'),(0,'2012-09-30 14:52:58','FY_gr8WrkAdmins'),(0,'2012-09-30 14:50:35','FZ_hackinWasFun'),(0,'2012-09-30 14:52:36','Fa_gr8WrkAdmins'),(0,'2012-09-30 14:51:47','Fa_hackinWasFun'),(0,'2012-09-30 14:53:04','Fb_gr8WrkAdmins'),(0,'2012-09-30 14:52:11','Fc_gr8WrkAdmins'),(0,'2012-09-30 14:51:29','Fc_hackinWasFun'),(0,'2012-09-30 14:53:00','Fd_gr8WrkAdmins'),(0,'2012-09-30 14:51:13','Fh_hackinWasFun'),(0,'2012-09-30 14:53:28','Fi_gr8WrkAdmins'),(0,'2012-09-30 14:53:00','Fj_gr8WrkAdmins'),(0,'2012-09-30 14:51:49','Fj_hackinWasFun'),(0,'2012-09-30 14:50:31','Fk_hackinWasFun'),(0,'2012-09-30 14:51:09','Fl_hackinWasFun'),(0,'2012-09-30 14:52:05','Fn_gr8WrkAdmins'),(0,'2012-09-30 14:51:10','Fn_hackinWasFun'),(0,'2012-09-30 14:53:12','Fo_gr8WrkAdmins'),(0,'2012-09-30 14:51:01','Fo_hackinWasFun'),(0,'2012-09-30 14:51:28','Fr_hackinWasFun'),(0,'2012-09-30 14:51:02','Fs_hackinWasFun'),(0,'2012-09-30 14:52:05','Fv_gr8WrkAdmins'),(0,'2012-09-30 14:51:05','Fv_hackinWasFun'),(0,'2012-09-30 14:52:42','Fw_gr8WrkAdmins'),(0,'2012-09-30 14:52:43','Fx_gr8WrkAdmins'),(0,'2012-09-30 14:52:41','Fz_gr8WrkAdmins'),(0,'2012-09-30 14:50:40','Fz_hackinWasFun'),(0,'2012-09-30 14:52:34','G0_gr8WrkAdmins'),(0,'2012-09-30 14:50:25','G1_hackinWasFun'),(0,'2012-09-30 14:53:25','G8_gr8WrkAdmins'),(0,'2012-09-30 14:53:19','G9_gr8WrkAdmins'),(0,'2012-09-30 14:51:25','GB_hackinWasFun'),(0,'2012-09-30 14:50:28','GD_hackinWasFun'),(0,'2012-09-30 14:52:48','GF_gr8WrkAdmins'),(0,'2012-09-30 14:51:26','GF_hackinWasFun'),(0,'2012-09-30 14:53:18','GH_gr8WrkAdmins'),(0,'2012-09-30 14:52:40','GI_gr8WrkAdmins'),(0,'2012-09-30 14:50:27','GM_hackinWasFun'),(0,'2012-09-30 14:52:46','GN_gr8WrkAdmins'),(0,'2012-09-30 14:52:47','GP_gr8WrkAdmins'),(0,'2012-09-30 14:51:12','GP_hackinWasFun'),(0,'2012-09-30 14:51:55','GR_gr8WrkAdmins'),(0,'2012-09-30 14:53:22','GU_gr8WrkAdmins'),(0,'2012-09-30 14:53:26','GV_gr8WrkAdmins'),(1,'2012-09-28 15:33:39','Gambit'),(4,'2012-09-29 20:24:38','GameCoder'),(0,'2012-09-30 14:52:05','Gc_gr8WrkAdmins'),(0,'2012-09-30 14:52:28','Gg_gr8WrkAdmins'),(0,'2012-09-30 14:51:10','Gg_hackinWasFun'),(0,'2012-09-30 14:50:25','Gh_hackinWasFun'),(0,'2012-09-30 14:51:41','Gi_hackinWasFun'),(0,'2012-09-30 14:53:34','Gj_gr8WrkAdmins'),(0,'2012-09-30 14:52:16','Gk_gr8WrkAdmins'),(0,'2012-09-30 14:51:40','Gk_hackinWasFun'),(0,'2012-09-30 14:53:02','Gl_gr8WrkAdmins'),(0,'2012-09-30 14:53:34','Gm_gr8WrkAdmins'),(0,'2012-09-30 14:52:25','Gn_gr8WrkAdmins'),(0,'2012-09-30 14:51:42','Gp_hackinWasFun'),(0,'2012-09-30 14:53:31','Gq_gr8WrkAdmins'),(0,'2012-09-30 14:50:43','Gr_hackinWasFun'),(0,'2012-09-30 14:53:12','Gt_gr8WrkAdmins'),(0,'2012-09-30 14:53:39','Gu_gr8WrkAdmins'),(0,'2012-09-30 14:52:25','Gv_gr8WrkAdmins'),(0,'2012-09-30 14:50:43','Gv_hackinWasFun'),(0,'2012-09-30 14:53:18','Gy_gr8WrkAdmins'),(0,'2012-09-30 14:50:18','Gy_hackinWasFun'),(0,'2012-09-30 14:52:36','Gz_gr8WrkAdmins'),(0,'2012-09-30 14:50:21','H1_hackinWasFun'),(0,'2012-09-30 14:52:34','H3_gr8WrkAdmins'),(0,'2012-09-30 14:51:34','H3_hackinWasFun'),(0,'2012-09-30 14:52:09','H4_gr8WrkAdmins'),(0,'2012-09-30 14:51:16','H4_hackinWasFun'),(0,'2012-09-30 14:53:00','H5_gr8WrkAdmins'),(0,'2012-09-30 14:51:04','H5_hackinWasFun'),(0,'2012-09-30 14:51:15','H7_hackinWasFun'),(0,'2012-09-30 14:52:48','H8_gr8WrkAdmins'),(0,'2012-09-30 14:53:38','H9_gr8WrkAdmins'),(0,'2012-09-30 14:52:53','HA_gr8WrkAdmins'),(0,'2012-09-30 14:50:19','HA_hackinWasFun'),(0,'2012-09-30 14:52:00','HC_gr8WrkAdmins'),(2,'2012-09-28 15:16:21','HELLBOY'),(0,'2012-09-30 14:52:40','HE_gr8WrkAdmins'),(0,'2012-09-30 14:51:18','HF_hackinWasFun'),(0,'2012-09-30 14:52:03','HG_gr8WrkAdmins'),(0,'2012-09-30 14:51:44','HH_hackinWasFun'),(0,'2012-09-30 14:50:42','HI_hackinWasFun'),(0,'2012-09-30 14:51:11','HJ_hackinWasFun'),(0,'2012-09-30 14:51:50','HK_gr8WrkAdmins'),(0,'2012-09-30 14:51:11','HL_hackinWasFun'),(0,'2012-09-30 14:53:24','HN_gr8WrkAdmins'),(3,'2012-09-28 15:13:41','HP19'),(0,'2012-09-30 14:52:33','HP_gr8WrkAdmins'),(0,'2012-09-30 14:51:19','HP_hackinWasFun'),(0,'2012-09-30 14:52:51','HQ_gr8WrkAdmins'),(0,'2012-09-30 14:50:36','HQ_hackinWasFun'),(0,'2012-09-30 14:53:32','HS_gr8WrkAdmins'),(0,'2012-09-30 14:52:39','HT_gr8WrkAdmins'),(0,'2012-09-30 14:52:58','HV_gr8WrkAdmins'),(0,'2012-09-30 14:52:32','HX_gr8WrkAdmins'),(0,'2012-09-30 14:52:44','HY_gr8WrkAdmins'),(0,'2012-09-30 14:50:42','HY_hackinWasFun'),(0,'2012-09-30 14:50:30','Hb_hackinWasFun'),(0,'2012-09-30 14:52:30','Hc_gr8WrkAdmins'),(0,'2012-09-30 14:50:35','Hc_hackinWasFun'),(0,'2012-09-30 14:52:10','Hd_gr8WrkAdmins'),(0,'2012-09-30 14:53:12','Hg_gr8WrkAdmins'),(0,'2012-09-30 14:53:26','Hh_gr8WrkAdmins'),(0,'2012-09-30 14:50:18','Hh_hackinWasFun'),(0,'2012-09-30 14:53:37','Hj_gr8WrkAdmins'),(0,'2012-09-30 14:52:49','Hk_gr8WrkAdmins'),(0,'2012-09-30 14:52:40','Hm_gr8WrkAdmins'),(0,'2012-09-30 14:53:30','Hn_gr8WrkAdmins'),(1,'2012-09-28 15:29:48','Howzaat'),(0,'2012-09-30 14:52:56','Hr_gr8WrkAdmins'),(0,'2012-09-30 14:51:27','Hs_hackinWasFun'),(0,'2012-09-30 14:52:53','Ht_gr8WrkAdmins'),(0,'2012-09-30 14:52:27','Hu_gr8WrkAdmins'),(0,'2012-09-30 14:51:40','Hu_hackinWasFun'),(0,'2012-09-30 14:52:31','Hv_gr8WrkAdmins'),(0,'2012-09-30 14:52:36','Hw_gr8WrkAdmins'),(0,'2012-09-30 14:51:05','Hw_hackinWasFun'),(0,'2012-09-30 14:52:01','Hx_gr8WrkAdmins'),(0,'2012-09-30 14:51:10','Hx_hackinWasFun'),(0,'2012-09-30 14:51:44','I0_hackinWasFun'),(0,'2012-09-30 14:52:10','I2_gr8WrkAdmins'),(0,'2012-09-30 14:51:48','I2_hackinWasFun'),(0,'2012-09-30 14:51:58','I3_gr8WrkAdmins'),(0,'2012-09-30 14:50:43','I3_hackinWasFun'),(0,'2012-09-30 14:50:16','I4_hackinWasFun'),(0,'2012-09-30 14:52:40','I5_gr8WrkAdmins'),(0,'2012-09-30 14:51:18','I5_hackinWasFun'),(0,'2012-09-30 14:50:32','I6_hackinWasFun'),(0,'2012-09-30 14:52:38','I7_gr8WrkAdmins'),(0,'2012-09-30 14:50:42','I7_hackinWasFun'),(0,'2012-09-30 14:52:50','I8_gr8WrkAdmins'),(0,'2012-09-30 14:53:34','I9_gr8WrkAdmins'),(0,'2012-09-30 14:51:36','I9_hackinWasFun'),(0,'2012-09-30 14:50:31','IA_hackinWasFun'),(0,'2012-09-30 14:52:55','IB_gr8WrkAdmins'),(0,'2012-09-30 14:52:53','IC_gr8WrkAdmins'),(0,'2012-09-30 14:51:24','IC_hackinWasFun'),(0,'2012-09-30 14:53:18','ID_gr8WrkAdmins'),(0,'2012-09-30 14:50:23','ID_hackinWasFun'),(0,'2012-09-30 14:53:11','IE_gr8WrkAdmins'),(0,'2012-09-30 14:52:46','IF_gr8WrkAdmins'),(0,'2012-09-30 14:51:30','IH_hackinWasFun'),(0,'2012-09-30 14:53:14','IJ_gr8WrkAdmins'),(0,'2012-09-30 14:52:23','IK_gr8WrkAdmins'),(0,'2012-09-30 14:52:57','IL_gr8WrkAdmins'),(0,'2012-09-30 14:53:19','IM_gr8WrkAdmins'),(0,'2012-09-30 14:53:38','IN_gr8WrkAdmins'),(0,'2012-09-30 14:53:41','IO_gr8WrkAdmins'),(0,'2012-09-30 14:51:20','IR_hackinWasFun'),(0,'2012-09-30 14:52:55','IS_gr8WrkAdmins'),(0,'2012-09-30 14:51:24','IS_hackinWasFun'),(0,'2012-09-30 14:50:42','IU_hackinWasFun'),(0,'2012-09-30 14:53:25','IV_gr8WrkAdmins'),(0,'2012-09-30 14:53:24','IX_gr8WrkAdmins'),(0,'2012-09-30 14:51:05','IY_hackinWasFun'),(0,'2012-09-30 14:53:14','Ia_gr8WrkAdmins'),(0,'2012-09-30 14:52:07','Ib_gr8WrkAdmins'),(0,'2012-09-30 14:52:19','Ic_gr8WrkAdmins'),(0,'2012-09-30 14:50:33','Ic_hackinWasFun'),(0,'2012-09-30 14:51:01','If_hackinWasFun'),(0,'2012-09-30 14:51:16','Ii_hackinWasFun'),(0,'2012-09-30 14:50:44','Ik_hackinWasFun'),(0,'2012-09-30 14:50:27','Il_hackinWasFun'),(0,'2012-09-30 14:52:25','In_gr8WrkAdmins'),(0,'2012-09-30 14:53:14','Io_gr8WrkAdmins'),(0,'2012-09-30 14:52:22','Ip_gr8WrkAdmins'),(0,'2012-09-30 14:50:44','Ip_hackinWasFun'),(0,'2012-09-30 14:51:49','Iq_hackinWasFun'),(0,'2012-09-30 14:52:50','Iv_gr8WrkAdmins'),(0,'2012-09-30 14:52:44','Iw_gr8WrkAdmins'),(0,'2012-09-30 14:52:26','Ix_gr8WrkAdmins'),(0,'2012-09-30 14:51:00','Ix_hackinWasFun'),(0,'2012-09-30 14:52:26','J2_gr8WrkAdmins'),(0,'2012-09-30 14:50:32','J2_hackinWasFun'),(0,'2012-09-30 14:52:06','J3_gr8WrkAdmins'),(0,'2012-09-30 14:53:12','J6_gr8WrkAdmins'),(0,'2012-09-30 14:52:22','J9_gr8WrkAdmins'),(0,'2012-09-30 14:51:35','JA_hackinWasFun'),(0,'2012-09-30 14:52:26','JD_gr8WrkAdmins'),(0,'2012-09-30 14:50:19','JE_hackinWasFun'),(0,'2012-09-30 14:51:06','JF_hackinWasFun'),(0,'2012-09-30 14:51:36','JH_hackinWasFun'),(0,'2012-09-30 14:50:19','JI_hackinWasFun'),(0,'2012-09-30 14:52:14','JJ_gr8WrkAdmins'),(0,'2012-09-30 14:53:01','JK_gr8WrkAdmins'),(0,'2012-09-30 14:52:10','JL_gr8WrkAdmins'),(0,'2012-09-30 14:52:07','JM_gr8WrkAdmins'),(0,'2012-09-30 14:50:34','JP_hackinWasFun'),(0,'2012-09-30 14:53:27','JQ_gr8WrkAdmins'),(0,'2012-09-30 14:52:37','JS_gr8WrkAdmins'),(0,'2012-09-30 14:53:31','JT_gr8WrkAdmins'),(0,'2012-09-30 14:50:45','JU_hackinWasFun'),(0,'2012-09-30 14:50:25','JW_hackinWasFun'),(0,'2012-09-30 14:53:11','JY_gr8WrkAdmins'),(0,'2012-09-30 14:50:41','JY_hackinWasFun'),(0,'2012-09-30 14:53:01','JZ_gr8WrkAdmins'),(0,'2012-09-30 14:51:50','Ja_gr8WrkAdmins'),(0,'2012-09-30 14:51:53','Jb_gr8WrkAdmins'),(0,'2012-09-30 14:51:47','Jd_hackinWasFun'),(0,'2012-09-30 14:51:54','Je_gr8WrkAdmins'),(0,'2012-09-30 14:52:10','Jf_gr8WrkAdmins'),(0,'2012-09-30 14:52:34','Jg_gr8WrkAdmins'),(0,'2012-09-30 14:50:59','Jh_hackinWasFun'),(0,'2012-09-30 14:52:10','Jj_gr8WrkAdmins'),(0,'2012-09-30 14:51:32','Jk_hackinWasFun'),(0,'2012-09-30 14:51:06','Jn_hackinWasFun'),(1,'2012-09-29 04:44:37','JohnnyBravo'),(0,'2012-09-30 14:53:01','Jp_gr8WrkAdmins'),(0,'2012-09-30 14:52:49','Jq_gr8WrkAdmins'),(0,'2012-09-30 14:52:35','Jr_gr8WrkAdmins'),(0,'2012-09-30 14:52:39','Jt_gr8WrkAdmins'),(0,'2012-09-28 15:38:10','JuNzY'),(0,'2012-09-30 14:53:16','Ju_gr8WrkAdmins'),(0,'2012-09-30 14:52:12','Jv_gr8WrkAdmins'),(0,'2012-09-30 14:52:30','K0_gr8WrkAdmins'),(0,'2012-09-30 14:53:25','K1_gr8WrkAdmins'),(0,'2012-09-30 14:50:16','K2_hackinWasFun'),(0,'2012-09-30 14:53:17','K3_gr8WrkAdmins'),(0,'2012-09-30 14:52:31','K4_gr8WrkAdmins'),(0,'2012-09-30 14:53:36','K5_gr8WrkAdmins'),(0,'2012-09-30 14:53:00','K6_gr8WrkAdmins'),(0,'2012-09-30 14:53:10','K7_gr8WrkAdmins'),(0,'2012-09-30 14:52:58','K8_gr8WrkAdmins'),(0,'2012-09-30 14:52:35','KA_gr8WrkAdmins'),(0,'2012-09-30 14:51:05','KA_hackinWasFun'),(0,'2012-09-30 14:51:48','KF_hackinWasFun'),(0,'2012-09-30 14:52:05','KH_gr8WrkAdmins'),(0,'2012-09-30 14:50:28','KH_hackinWasFun'),(0,'2012-09-30 14:52:06','KJ_gr8WrkAdmins'),(0,'2012-09-28 15:35:59','KKR'),(0,'2012-09-30 14:50:16','KL_hackinWasFun'),(0,'2012-09-30 14:52:08','KM_gr8WrkAdmins'),(0,'2012-09-30 14:52:02','KO_gr8WrkAdmins'),(0,'2012-09-30 14:51:48','KP_hackinWasFun'),(0,'2012-09-30 14:52:00','KQ_gr8WrkAdmins'),(0,'2012-09-30 14:50:31','KR_hackinWasFun'),(0,'2012-09-30 14:53:40','KS_gr8WrkAdmins'),(0,'2012-09-30 14:51:21','KT_hackinWasFun'),(0,'2012-09-30 14:52:54','KU_gr8WrkAdmins'),(0,'2012-09-30 14:53:10','KV_gr8WrkAdmins'),(0,'2012-09-30 14:52:18','KW_gr8WrkAdmins'),(0,'2012-09-30 14:52:30','KX_gr8WrkAdmins'),(0,'2012-09-30 14:53:21','KZ_gr8WrkAdmins'),(0,'2012-09-30 14:52:47','Ka_gr8WrkAdmins'),(0,'2012-09-30 14:52:18','Kb_gr8WrkAdmins'),(0,'2012-09-30 14:52:31','Kh_gr8WrkAdmins'),(0,'2012-09-30 14:50:20','Kk_hackinWasFun'),(0,'2012-09-30 14:53:36','Kl_gr8WrkAdmins'),(0,'2012-09-30 14:51:13','Kl_hackinWasFun'),(0,'2012-09-30 14:52:27','Km_gr8WrkAdmins'),(0,'2012-09-30 14:53:38','Kn_gr8WrkAdmins'),(0,'2012-09-30 14:50:56','Kn_hackinWasFun'),(0,'2012-09-30 14:53:14','Ko_gr8WrkAdmins'),(0,'2012-09-30 14:52:10','Kp_gr8WrkAdmins'),(0,'2012-09-30 14:52:02','Kq_gr8WrkAdmins'),(0,'2012-09-30 14:53:14','Ks_gr8WrkAdmins'),(0,'2012-09-30 14:51:15','Ks_hackinWasFun'),(0,'2012-09-30 14:51:26','Kt_hackinWasFun'),(0,'2012-09-30 14:53:01','Ku_gr8WrkAdmins'),(0,'2012-09-30 14:52:28','Kv_gr8WrkAdmins'),(0,'2012-09-30 14:50:56','Kv_hackinWasFun'),(0,'2012-09-30 14:53:36','Kx_gr8WrkAdmins'),(0,'2012-09-30 14:51:17','Ky_hackinWasFun'),(0,'2012-09-30 14:52:04','Kz_gr8WrkAdmins'),(0,'2012-09-30 14:52:08','L3_gr8WrkAdmins'),(0,'2012-09-30 14:53:16','L4_gr8WrkAdmins'),(0,'2012-09-30 14:52:51','L5_gr8WrkAdmins'),(0,'2012-09-30 14:51:40','L6_hackinWasFun'),(0,'2012-09-30 14:51:06','L7_hackinWasFun'),(0,'2012-09-30 14:52:35','LB_gr8WrkAdmins'),(0,'2012-09-30 14:52:41','LD_gr8WrkAdmins'),(0,'2012-09-30 14:51:14','LG_hackinWasFun'),(0,'2012-09-30 14:52:29','LH_gr8WrkAdmins'),(0,'2012-09-30 14:51:03','LH_hackinWasFun'),(0,'2012-09-30 14:53:09','LJ_gr8WrkAdmins'),(0,'2012-09-30 14:52:59','LK_gr8WrkAdmins'),(0,'2012-09-30 14:51:08','LK_hackinWasFun'),(0,'2012-09-30 14:50:22','LL_hackinWasFun'),(0,'2012-09-30 14:52:48','LN_gr8WrkAdmins'),(0,'2012-09-30 14:51:06','LR_hackinWasFun'),(0,'2012-09-30 14:52:18','LV_gr8WrkAdmins'),(0,'2012-09-30 14:51:51','LX_gr8WrkAdmins'),(0,'2012-09-30 14:53:33','LY_gr8WrkAdmins'),(0,'2012-09-30 14:51:26','LZ_hackinWasFun'),(0,'2012-09-30 14:53:24','La_gr8WrkAdmins'),(0,'2012-09-28 15:37:18','Laxus'),(0,'2012-09-30 14:52:12','Lb_gr8WrkAdmins'),(0,'2012-09-30 14:50:34','Lb_hackinWasFun'),(0,'2012-09-30 14:52:52','Lc_gr8WrkAdmins'),(0,'2012-09-30 14:51:03','Lc_hackinWasFun'),(0,'2012-09-30 14:53:17','Ld_gr8WrkAdmins'),(0,'2012-09-30 14:53:32','Le_gr8WrkAdmins'),(0,'2012-09-30 14:50:18','Lf_hackinWasFun'),(0,'2012-09-30 14:52:40','Lg_gr8WrkAdmins'),(0,'2012-09-30 14:50:26','Li_hackinWasFun'),(0,'2012-09-30 14:50:43','Lj_hackinWasFun'),(0,'2012-09-30 14:50:28','Lk_hackinWasFun'),(0,'2012-09-30 14:52:06','Ll_gr8WrkAdmins'),(0,'2012-09-30 14:51:32','Lo_hackinWasFun'),(0,'2012-09-30 14:53:23','Lq_gr8WrkAdmins'),(0,'2012-09-30 14:53:15','Lr_gr8WrkAdmins'),(0,'2012-09-30 14:51:21','Lr_hackinWasFun'),(0,'2012-09-30 14:53:26','Lv_gr8WrkAdmins'),(0,'2012-09-30 14:50:19','Lw_hackinWasFun'),(0,'2012-09-30 14:53:08','Ly_gr8WrkAdmins'),(0,'2012-09-30 14:50:24','Ly_hackinWasFun'),(0,'2012-09-30 14:52:51','Lz_gr8WrkAdmins'),(0,'2012-09-30 14:53:28','M2_gr8WrkAdmins'),(0,'2012-09-30 14:52:19','M3_gr8WrkAdmins'),(0,'2012-09-30 14:51:55','M5_gr8WrkAdmins'),(0,'2012-09-30 14:51:29','M6_hackinWasFun'),(0,'2012-09-30 14:50:32','M8_hackinWasFun'),(0,'2012-09-30 14:52:00','MA_gr8WrkAdmins'),(0,'2012-09-30 14:51:07','MG_hackinWasFun'),(0,'2012-09-30 14:53:11','MH_gr8WrkAdmins'),(0,'2012-09-30 14:52:26','MI_gr8WrkAdmins'),(0,'2012-09-30 14:50:37','MI_hackinWasFun'),(0,'2012-09-30 14:53:10','ML_gr8WrkAdmins'),(0,'2012-09-30 14:51:21','MM_hackinWasFun'),(0,'2012-09-30 14:50:29','MN_hackinWasFun'),(12,'2012-09-29 15:51:28','MOHANTY'),(0,'2012-09-30 14:52:33','MO_gr8WrkAdmins'),(0,'2012-09-30 14:52:41','MP_gr8WrkAdmins'),(0,'2012-09-30 14:53:35','MT_gr8WrkAdmins'),(0,'2012-09-30 14:51:20','MT_hackinWasFun'),(0,'2012-09-30 14:52:38','MW_gr8WrkAdmins'),(0,'2012-09-30 14:51:25','MX_hackinWasFun'),(0,'2012-09-30 14:52:21','MY_gr8WrkAdmins'),(0,'2012-09-30 14:51:22','MY_hackinWasFun'),(0,'2012-09-30 14:53:32','Ma_gr8WrkAdmins'),(0,'2012-09-30 14:51:15','Ma_hackinWasFun'),(0,'2012-09-30 14:53:06','Mb_gr8WrkAdmins'),(0,'2012-09-30 14:51:14','Mc_hackinWasFun'),(0,'2012-09-30 14:52:21','Mg_gr8WrkAdmins'),(0,'2012-09-30 14:50:38','Mg_hackinWasFun'),(0,'2012-09-30 14:52:43','Mh_gr8WrkAdmins'),(0,'2012-09-30 14:53:39','Mi_gr8WrkAdmins'),(0,'2012-09-30 14:52:13','Mj_gr8WrkAdmins'),(0,'2012-09-30 14:52:48','Ml_gr8WrkAdmins'),(0,'2012-09-30 14:52:02','Mn_gr8WrkAdmins'),(0,'2012-09-30 14:50:45','Mn_hackinWasFun'),(0,'2012-09-30 14:52:20','Mo_gr8WrkAdmins'),(0,'2012-09-30 14:51:39','Mo_hackinWasFun'),(0,'2012-09-30 14:53:35','Mp_gr8WrkAdmins'),(0,'2012-09-30 14:51:00','Mq_hackinWasFun'),(0,'2012-09-30 14:51:19','Mr_hackinWasFun'),(0,'2012-09-30 14:52:21','Ms_gr8WrkAdmins'),(0,'2012-09-30 14:50:39','Mt_hackinWasFun'),(0,'2012-09-30 14:52:35','Mu_gr8WrkAdmins'),(0,'2012-09-30 14:51:35','Mu_hackinWasFun'),(0,'2012-09-30 14:53:13','Mw_gr8WrkAdmins'),(0,'2012-09-30 14:51:56','N0_gr8WrkAdmins'),(0,'2012-09-30 14:53:34','N1_gr8WrkAdmins'),(0,'2012-09-30 14:50:28','N1_hackinWasFun'),(0,'2012-09-30 14:50:26','N5_hackinWasFun'),(0,'2012-09-30 14:52:07','N6_gr8WrkAdmins'),(0,'2012-09-30 14:52:49','N7_gr8WrkAdmins'),(0,'2012-09-30 14:53:00','N8_gr8WrkAdmins'),(0,'2012-09-30 14:53:32','NA_gr8WrkAdmins'),(0,'2012-09-30 14:52:44','ND_gr8WrkAdmins'),(0,'2012-09-30 14:50:41','NF_hackinWasFun'),(0,'2012-09-30 14:52:39','NG_gr8WrkAdmins'),(0,'2012-09-30 14:50:32','NI_hackinWasFun'),(0,'2012-09-30 14:51:14','NJ_hackinWasFun'),(0,'2012-09-30 14:52:06','NL_gr8WrkAdmins'),(0,'2012-09-30 14:51:31','NL_hackinWasFun'),(0,'2012-09-30 14:53:07','NM_gr8WrkAdmins'),(0,'2012-09-30 14:53:29','NN_gr8WrkAdmins'),(0,'2012-09-30 14:52:23','NO_gr8WrkAdmins'),(0,'2012-09-30 14:52:20','NP_gr8WrkAdmins'),(0,'2012-09-30 14:51:08','NP_hackinWasFun'),(0,'2012-09-30 14:51:49','NQ_gr8WrkAdmins'),(0,'2012-09-30 14:50:43','NR_hackinWasFun'),(0,'2012-09-30 14:52:03','NS_gr8WrkAdmins'),(0,'2012-09-30 14:52:34','NU_gr8WrkAdmins'),(0,'2012-09-30 14:51:01','NU_hackinWasFun'),(0,'2012-09-30 14:53:38','NV_gr8WrkAdmins'),(0,'2012-09-30 14:51:58','NW_gr8WrkAdmins'),(0,'2012-09-30 14:52:53','NX_gr8WrkAdmins'),(0,'2012-09-30 14:52:56','NY_gr8WrkAdmins'),(0,'2012-09-30 14:50:33','NY_hackinWasFun'),(0,'2012-09-30 14:52:24','NZ_gr8WrkAdmins'),(0,'2012-09-30 14:52:25','Na_gr8WrkAdmins'),(0,'2012-09-30 14:51:41','Nb_hackinWasFun'),(0,'2012-09-30 14:50:23','Nd_hackinWasFun'),(0,'2012-09-30 14:53:10','Ne_gr8WrkAdmins'),(0,'2012-09-30 14:50:58','Nh_hackinWasFun'),(0,'2012-09-30 14:53:41','Ni_gr8WrkAdmins'),(0,'2012-09-30 14:51:33','Nj_hackinWasFun'),(0,'2012-09-30 14:52:38','Nk_gr8WrkAdmins'),(0,'2012-09-30 14:50:41','Nk_hackinWasFun'),(0,'2012-09-30 14:52:08','Nl_gr8WrkAdmins'),(1,'2012-09-28 15:29:39','Nnuke'),(0,'2012-09-30 14:52:14','No_gr8WrkAdmins'),(0,'2012-09-30 14:51:47','No_hackinWasFun'),(0,'2012-09-30 14:52:55','Np_gr8WrkAdmins'),(0,'2012-09-30 14:52:37','Nr_gr8WrkAdmins'),(0,'2012-09-30 14:50:37','Nv_hackinWasFun'),(0,'2012-09-30 14:52:21','Nx_gr8WrkAdmins'),(0,'2012-09-30 14:51:00','Nx_hackinWasFun'),(0,'2012-09-30 14:52:17','Ny_gr8WrkAdmins'),(0,'2012-09-30 14:51:06','O3_hackinWasFun'),(0,'2012-09-30 14:53:17','O4_gr8WrkAdmins'),(0,'2012-09-30 14:51:21','O6_hackinWasFun'),(0,'2012-09-30 14:50:55','O9_hackinWasFun'),(0,'2012-09-30 14:51:26','OA_hackinWasFun'),(0,'2012-09-30 14:53:22','OD_gr8WrkAdmins'),(0,'2012-09-30 14:52:13','OE_gr8WrkAdmins'),(0,'2012-09-30 14:53:37','OF_gr8WrkAdmins'),(0,'2012-09-30 14:51:18','OF_hackinWasFun'),(0,'2012-09-30 14:52:30','OG_gr8WrkAdmins'),(0,'2012-09-30 14:50:56','OG_hackinWasFun'),(0,'2012-09-30 14:53:37','OH_gr8WrkAdmins'),(0,'2012-09-30 14:53:08','OJ_gr8WrkAdmins'),(0,'2012-09-30 14:51:26','OK_hackinWasFun'),(0,'2012-09-30 14:53:16','OL_gr8WrkAdmins'),(0,'2012-09-30 14:52:32','OM_gr8WrkAdmins'),(0,'2012-09-30 14:51:29','OO_hackinWasFun'),(0,'2012-09-30 14:52:43','OP_gr8WrkAdmins'),(0,'2012-09-30 14:51:54','OS_gr8WrkAdmins'),(0,'2012-09-30 14:51:31','OT_hackinWasFun'),(0,'2012-09-30 14:52:45','OU_gr8WrkAdmins'),(0,'2012-09-30 14:52:00','OX_gr8WrkAdmins'),(0,'2012-09-30 14:51:45','OY_hackinWasFun'),(0,'2012-09-30 14:52:59','OZ_gr8WrkAdmins'),(0,'2012-09-30 14:52:04','Oa_gr8WrkAdmins'),(0,'2012-09-30 14:52:45','Od_gr8WrkAdmins'),(0,'2012-09-30 14:52:45','Ok_gr8WrkAdmins'),(0,'2012-09-30 14:51:26','Ol_hackinWasFun'),(0,'2012-09-30 14:51:09','On_hackinWasFun'),(0,'2012-09-30 14:53:11','Oo_gr8WrkAdmins'),(0,'2012-09-30 14:50:15','Oq_hackinWasFun'),(0,'2012-09-30 14:51:28','Or_hackinWasFun'),(1,'2012-09-28 15:32:32','Orion'),(0,'2012-09-30 14:51:53','Os_gr8WrkAdmins'),(0,'2012-09-30 14:51:13','Os_hackinWasFun'),(0,'2012-09-30 14:52:15','Ot_gr8WrkAdmins'),(0,'2012-09-30 14:52:53','Ou_gr8WrkAdmins'),(0,'2012-09-30 14:51:02','Ou_hackinWasFun'),(0,'2012-09-30 14:52:26','Ov_gr8WrkAdmins'),(0,'2012-09-30 14:51:18','Ow_hackinWasFun'),(0,'2012-09-30 14:52:40','Oz_gr8WrkAdmins'),(0,'2012-09-30 14:50:21','Oz_hackinWasFun'),(0,'2012-09-30 14:52:04','P0_gr8WrkAdmins'),(0,'2012-09-30 14:53:40','P2_gr8WrkAdmins'),(0,'2012-09-30 14:51:55','P4_gr8WrkAdmins'),(0,'2012-09-30 14:51:46','P4_hackinWasFun'),(0,'2012-09-30 14:50:44','P5_hackinWasFun'),(0,'2012-09-30 14:53:35','P6_gr8WrkAdmins'),(0,'2012-09-30 14:52:39','P7_gr8WrkAdmins'),(0,'2012-09-30 14:50:30','P7_hackinWasFun'),(2,'2012-09-28 15:15:37','PAPA'),(0,'2012-09-30 14:52:24','PA_gr8WrkAdmins'),(0,'2012-09-30 14:52:17','PB_gr8WrkAdmins'),(0,'2012-09-30 14:51:13','PB_hackinWasFun'),(0,'2012-09-30 14:52:31','PE_gr8WrkAdmins'),(0,'2012-09-30 14:51:23','PF_hackinWasFun'),(0,'2012-09-30 14:50:23','PH_hackinWasFun'),(0,'2012-09-30 14:53:39','PJ_gr8WrkAdmins'),(0,'2012-09-30 14:53:17','PK_gr8WrkAdmins'),(0,'2012-09-30 14:52:16','PN_gr8WrkAdmins'),(0,'2012-09-30 14:50:23','PO_hackinWasFun'),(0,'2012-09-30 14:52:42','PP_gr8WrkAdmins'),(0,'2012-09-30 14:53:21','PQ_gr8WrkAdmins'),(0,'2012-09-30 14:52:09','PT_gr8WrkAdmins'),(0,'2012-09-30 14:51:54','PU_gr8WrkAdmins'),(0,'2012-09-30 14:51:13','PU_hackinWasFun'),(0,'2012-09-30 14:53:27','PV_gr8WrkAdmins'),(0,'2012-09-30 14:50:25','PV_hackinWasFun'),(0,'2012-09-30 14:53:07','PX_gr8WrkAdmins'),(0,'2012-09-30 14:51:21','PX_hackinWasFun'),(0,'2012-09-30 14:52:35','PZ_gr8WrkAdmins'),(0,'2012-09-30 14:50:24','PZ_hackinWasFun'),(0,'2012-09-30 14:53:10','Pb_gr8WrkAdmins'),(0,'2012-09-30 14:51:01','Pe_hackinWasFun'),(0,'2012-09-30 14:51:27','Pf_hackinWasFun'),(0,'2012-09-30 14:52:53','Pg_gr8WrkAdmins'),(0,'2012-09-30 14:53:41','Pk_gr8WrkAdmins'),(0,'2012-09-30 14:50:41','Pk_hackinWasFun'),(0,'2012-09-30 14:52:46','Pl_gr8WrkAdmins'),(0,'2012-09-30 14:52:01','Po_gr8WrkAdmins'),(0,'2012-09-30 14:50:40','Pp_hackinWasFun'),(0,'2012-09-30 14:53:18','Pr_gr8WrkAdmins'),(0,'2012-09-30 14:50:21','Pr_hackinWasFun'),(0,'2012-09-30 14:52:57','Pt_gr8WrkAdmins'),(0,'2012-09-30 14:51:58','Pu_gr8WrkAdmins'),(0,'2012-09-30 14:51:39','Pu_hackinWasFun'),(0,'2012-09-30 14:53:19','Pv_gr8WrkAdmins'),(0,'2012-09-30 14:53:14','Pw_gr8WrkAdmins'),(0,'2012-09-30 14:51:43','Py_hackinWasFun'),(0,'2012-09-30 14:53:03','Pz_gr8WrkAdmins'),(0,'2012-09-30 14:52:13','Q2_gr8WrkAdmins'),(0,'2012-09-30 14:51:15','Q2_hackinWasFun'),(0,'2012-09-30 14:51:20','Q3_hackinWasFun'),(0,'2012-09-30 14:53:05','Q4_gr8WrkAdmins'),(0,'2012-09-30 14:53:27','Q7_gr8WrkAdmins'),(0,'2012-09-30 14:51:38','Q7_hackinWasFun'),(0,'2012-09-30 14:53:22','Q8_gr8WrkAdmins'),(0,'2012-09-30 14:51:56','Q9_gr8WrkAdmins'),(0,'2012-09-30 14:51:39','Q9_hackinWasFun'),(0,'2012-09-30 14:52:02','QB_gr8WrkAdmins'),(0,'2012-09-30 14:53:09','QC_gr8WrkAdmins'),(0,'2012-09-30 14:50:59','QC_hackinWasFun'),(0,'2012-09-30 14:52:22','QE_gr8WrkAdmins'),(0,'2012-09-30 14:50:25','QE_hackinWasFun'),(0,'2012-09-30 14:53:27','QF_gr8WrkAdmins'),(0,'2012-09-30 14:51:57','QG_gr8WrkAdmins'),(0,'2012-09-30 14:51:35','QG_hackinWasFun'),(0,'2012-09-30 14:52:57','QJ_gr8WrkAdmins'),(0,'2012-09-30 14:51:07','QJ_hackinWasFun'),(0,'2012-09-30 14:50:43','QK_hackinWasFun'),(0,'2012-09-30 14:52:28','QL_gr8WrkAdmins'),(0,'2012-09-30 14:51:34','QO_hackinWasFun'),(0,'2012-09-30 14:53:21','QQ_gr8WrkAdmins'),(0,'2012-09-30 14:52:25','QS_gr8WrkAdmins'),(0,'2012-09-30 14:51:00','QS_hackinWasFun'),(0,'2012-09-30 14:53:18','QU_gr8WrkAdmins'),(0,'2012-09-30 14:51:20','QW_hackinWasFun'),(0,'2012-09-30 14:51:20','QY_hackinWasFun'),(0,'2012-09-30 14:52:20','QZ_gr8WrkAdmins'),(0,'2012-09-30 14:51:44','Qa_hackinWasFun'),(0,'2012-09-30 14:52:24','Qd_gr8WrkAdmins'),(0,'2012-09-30 14:51:03','Qf_hackinWasFun'),(0,'2012-09-30 14:53:21','Qg_gr8WrkAdmins'),(0,'2012-09-30 14:50:18','Qg_hackinWasFun'),(0,'2012-09-30 14:52:16','Qh_gr8WrkAdmins'),(0,'2012-09-30 14:51:09','Qh_hackinWasFun'),(0,'2012-09-30 14:52:09','Qj_gr8WrkAdmins'),(0,'2012-09-30 14:51:45','Qj_hackinWasFun'),(0,'2012-09-30 14:52:11','Ql_gr8WrkAdmins'),(0,'2012-09-30 14:51:51','Qm_gr8WrkAdmins'),(0,'2012-09-30 14:50:36','Qn_hackinWasFun'),(0,'2012-09-30 14:52:50','Qo_gr8WrkAdmins'),(0,'2012-09-30 14:52:28','Qp_gr8WrkAdmins'),(0,'2012-09-30 14:51:09','Qq_hackinWasFun'),(0,'2012-09-30 14:52:33','Qs_gr8WrkAdmins'),(0,'2012-09-30 14:52:09','Qt_gr8WrkAdmins'),(0,'2012-09-30 14:51:52','Qu_gr8WrkAdmins'),(0,'2012-09-30 14:52:15','Qv_gr8WrkAdmins'),(0,'2012-09-30 14:51:18','Qv_hackinWasFun'),(0,'2012-09-30 14:52:19','Qw_gr8WrkAdmins'),(0,'2012-09-30 14:52:23','Qx_gr8WrkAdmins'),(0,'2012-09-30 14:51:44','Qx_hackinWasFun'),(0,'2012-09-30 14:52:19','Qy_gr8WrkAdmins'),(0,'2012-09-30 14:51:14','Qy_hackinWasFun'),(0,'2012-09-30 14:53:06','Qz_gr8WrkAdmins'),(0,'2012-09-30 14:52:11','R0_gr8WrkAdmins'),(0,'2012-09-30 14:51:53','R1_gr8WrkAdmins'),(0,'2012-09-30 14:50:55','R1_hackinWasFun'),(0,'2012-09-30 14:50:59','R5_hackinWasFun'),(0,'2012-09-30 14:51:17','R6_hackinWasFun'),(0,'2012-09-30 14:52:53','R8_gr8WrkAdmins'),(0,'2012-09-30 14:51:20','R9_hackinWasFun'),(0,'2012-09-30 14:51:03','RB_hackinWasFun'),(0,'2012-09-30 14:52:14','RE_gr8WrkAdmins'),(0,'2012-09-30 14:52:26','RF_gr8WrkAdmins'),(0,'2012-09-30 14:52:03','RH_gr8WrkAdmins'),(0,'2012-09-30 14:51:59','RI_gr8WrkAdmins'),(0,'2012-09-30 14:52:37','RJ_gr8WrkAdmins'),(0,'2012-09-30 14:51:28','RJ_hackinWasFun'),(0,'2012-09-30 14:53:07','RK_gr8WrkAdmins'),(0,'2012-09-30 14:51:26','RK_hackinWasFun'),(0,'2012-09-30 14:52:27','RM_gr8WrkAdmins'),(0,'2012-09-30 14:53:22','RN_gr8WrkAdmins'),(0,'2012-09-30 14:51:21','RO_hackinWasFun'),(0,'2012-09-30 14:51:35','RQ_hackinWasFun'),(0,'2012-09-30 14:52:35','RR_gr8WrkAdmins'),(0,'2012-09-30 14:53:18','RT_gr8WrkAdmins'),(0,'2012-09-30 14:52:23','RU_gr8WrkAdmins'),(0,'2012-09-30 14:52:59','RV_gr8WrkAdmins'),(0,'2012-09-30 14:51:02','RZ_hackinWasFun'),(0,'2012-09-30 14:52:10','Ra_gr8WrkAdmins'),(0,'2012-09-30 14:50:56','Rd_hackinWasFun'),(0,'2012-09-30 14:52:52','Re_gr8WrkAdmins'),(0,'2012-09-30 14:51:00','Re_hackinWasFun'),(0,'2012-09-30 14:51:40','Rf_hackinWasFun'),(0,'2012-09-30 14:52:55','Rg_gr8WrkAdmins'),(0,'2012-09-30 14:50:26','Rg_hackinWasFun'),(0,'2012-09-30 14:50:45','Rh_hackinWasFun'),(0,'2012-09-30 14:51:58','Ri_gr8WrkAdmins'),(0,'2012-09-30 14:51:49','Ri_hackinWasFun'),(0,'2012-09-30 14:52:45','Rj_gr8WrkAdmins'),(0,'2012-09-30 14:52:11','Rk_gr8WrkAdmins'),(0,'2012-09-30 14:52:09','Rl_gr8WrkAdmins'),(0,'2012-09-30 14:51:46','Rl_hackinWasFun'),(0,'2012-09-30 14:52:00','Rm_gr8WrkAdmins'),(0,'2012-09-30 14:50:35','Rn_hackinWasFun'),(2,'2012-09-28 15:42:44','Rocker'),(0,'2012-09-30 14:53:23','Rp_gr8WrkAdmins'),(0,'2012-09-30 14:51:15','Rq_hackinWasFun'),(0,'2012-09-30 14:53:03','Rt_gr8WrkAdmins'),(0,'2012-09-30 14:52:46','Rv_gr8WrkAdmins'),(0,'2012-09-30 14:52:24','Ry_gr8WrkAdmins'),(0,'2012-09-30 14:53:36','S0_gr8WrkAdmins'),(0,'2012-09-30 14:50:38','S2_hackinWasFun'),(0,'2012-09-30 14:53:28','S4_gr8WrkAdmins'),(0,'2012-09-30 14:50:28','S6_hackinWasFun'),(0,'2012-09-30 14:52:03','S8_gr8WrkAdmins'),(0,'2012-09-30 14:52:18','S9_gr8WrkAdmins'),(2,'2012-09-28 19:18:43','SAM'),(0,'2012-09-30 14:51:35','SA_hackinWasFun'),(0,'2012-09-30 14:52:03','SB_gr8WrkAdmins'),(0,'2012-09-30 14:50:40','SB_hackinWasFun'),(0,'2012-09-30 14:53:14','SC_gr8WrkAdmins'),(0,'2012-09-30 14:51:26','SD_hackinWasFun'),(0,'2012-09-30 14:52:34','SE_gr8WrkAdmins'),(0,'2012-09-30 14:52:40','SF_gr8WrkAdmins'),(0,'2012-09-30 14:53:04','SG_gr8WrkAdmins'),(0,'2012-09-30 14:50:36','SG_hackinWasFun'),(0,'2012-09-30 14:52:44','SH_gr8WrkAdmins'),(1,'2012-09-28 15:33:30','SIGSEV'),(0,'2012-09-30 14:51:02','SI_hackinWasFun'),(0,'2012-09-30 14:52:44','SJ_gr8WrkAdmins'),(0,'2012-09-30 14:51:31','SJ_hackinWasFun'),(0,'2012-09-30 14:52:59','SN_gr8WrkAdmins'),(0,'2012-09-30 14:53:16','SO_gr8WrkAdmins'),(0,'2012-09-30 14:50:27','SQ_hackinWasFun'),(0,'2012-09-30 14:53:04','SR_gr8WrkAdmins'),(0,'2012-09-30 14:51:48','SR_hackinWasFun'),(0,'2012-09-30 14:50:21','SS_hackinWasFun'),(0,'2012-09-30 14:53:32','ST_gr8WrkAdmins'),(0,'2012-09-30 14:53:18','SU_gr8WrkAdmins'),(0,'2012-09-30 14:51:07','SU_hackinWasFun'),(0,'2012-09-30 14:52:42','SV_gr8WrkAdmins'),(0,'2012-09-30 14:51:18','SV_hackinWasFun'),(0,'2012-09-30 14:53:36','SW_gr8WrkAdmins'),(0,'2012-09-30 14:50:57','SX_hackinWasFun'),(0,'2012-09-30 14:51:06','SZ_hackinWasFun'),(0,'2012-09-30 14:52:17','Sa_gr8WrkAdmins'),(0,'2012-09-30 14:50:44','Sa_hackinWasFun'),(1,'2012-09-28 15:31:43','Sakshi'),(0,'2012-09-30 14:52:34','Sc_gr8WrkAdmins'),(0,'2012-09-30 14:52:52','Sd_gr8WrkAdmins'),(0,'2012-09-30 14:51:16','Sd_hackinWasFun'),(0,'2012-09-30 14:53:10','Se_gr8WrkAdmins'),(0,'2012-09-30 14:51:27','Sf_hackinWasFun'),(0,'2012-09-30 14:51:59','Sj_gr8WrkAdmins'),(0,'2012-09-30 14:52:54','Sk_gr8WrkAdmins'),(0,'2012-09-30 14:53:29','Sl_gr8WrkAdmins'),(0,'2012-09-30 14:50:31','Sl_hackinWasFun'),(0,'2012-09-30 14:53:13','Sm_gr8WrkAdmins'),(0,'2012-09-30 14:52:10','Sn_gr8WrkAdmins'),(0,'2012-09-30 14:51:42','Ss_hackinWasFun'),(0,'2012-09-30 14:51:28','Sx_hackinWasFun'),(0,'2012-09-30 14:52:19','Sy_gr8WrkAdmins'),(0,'2012-09-30 14:50:30','Sy_hackinWasFun'),(0,'2012-09-30 14:50:38','Sz_hackinWasFun'),(0,'2012-09-30 14:52:14','T3_gr8WrkAdmins'),(0,'2012-09-30 14:50:43','T3_hackinWasFun'),(0,'2012-09-30 14:53:37','T4_gr8WrkAdmins'),(0,'2012-09-30 14:52:38','T5_gr8WrkAdmins'),(0,'2012-09-30 14:53:13','T7_gr8WrkAdmins'),(0,'2012-09-30 14:50:27','T7_hackinWasFun'),(0,'2012-09-30 14:51:03','TB_hackinWasFun'),(0,'2012-09-30 14:52:09','TC_gr8WrkAdmins'),(0,'2012-09-30 14:52:00','TD_gr8WrkAdmins'),(0,'2012-09-30 14:50:42','TD_hackinWasFun'),(0,'2012-09-30 14:51:21','TE_hackinWasFun'),(0,'2012-09-30 14:53:18','TF_gr8WrkAdmins'),(0,'2012-09-30 14:51:07','TF_hackinWasFun'),(0,'2012-09-30 14:50:34','TG_hackinWasFun'),(0,'2012-09-30 14:52:13','TH_gr8WrkAdmins'),(0,'2012-09-30 14:51:42','TH_hackinWasFun'),(0,'2012-09-30 14:51:20','TI_hackinWasFun'),(0,'2012-09-30 14:50:37','TJ_hackinWasFun'),(0,'2012-09-30 14:53:14','TL_gr8WrkAdmins'),(0,'2012-09-30 14:51:47','TM_hackinWasFun'),(0,'2012-09-30 14:53:11','TQ_gr8WrkAdmins'),(0,'2012-09-30 14:50:56','TR_hackinWasFun'),(0,'2012-09-30 14:50:37','TS_hackinWasFun'),(0,'2012-09-30 14:52:55','TV_gr8WrkAdmins'),(0,'2012-09-30 14:50:45','TV_hackinWasFun'),(0,'2012-09-30 14:50:45','TW_hackinWasFun'),(0,'2012-09-30 14:52:01','TX_gr8WrkAdmins'),(0,'2012-09-30 14:53:01','TY_gr8WrkAdmins'),(0,'2012-09-30 14:51:03','TY_hackinWasFun'),(0,'2012-09-30 14:52:54','Ta_gr8WrkAdmins'),(0,'2012-09-30 14:53:11','Tb_gr8WrkAdmins'),(0,'2012-09-30 14:51:16','Tb_hackinWasFun'),(0,'2012-09-30 14:51:18','Tf_hackinWasFun'),(0,'2012-09-30 14:53:19','Tg_gr8WrkAdmins'),(0,'2012-09-30 14:51:57','Ti_gr8WrkAdmins'),(0,'2012-09-30 14:52:59','Tj_gr8WrkAdmins'),(0,'2012-09-30 14:52:06','Tk_gr8WrkAdmins'),(0,'2012-09-30 14:50:37','Tl_hackinWasFun'),(0,'2012-09-30 14:52:03','Tm_gr8WrkAdmins'),(0,'2012-09-30 14:52:06','Tn_gr8WrkAdmins'),(0,'2012-09-30 14:52:15','To_gr8WrkAdmins'),(1,'2012-09-28 15:30:05','Toshiro'),(0,'2012-09-30 14:52:11','Tq_gr8WrkAdmins'),(0,'2012-09-30 14:52:20','Tr_gr8WrkAdmins'),(0,'2012-09-30 14:53:26','Ts_gr8WrkAdmins'),(0,'2012-09-30 14:50:15','Tt_hackinWasFun'),(0,'2012-09-30 14:50:37','Tu_hackinWasFun'),(0,'2012-09-30 14:52:21','Tw_gr8WrkAdmins'),(0,'2012-09-30 14:52:42','Tx_gr8WrkAdmins'),(0,'2012-09-30 14:53:20','U0_gr8WrkAdmins'),(0,'2012-09-30 14:52:25','U1_gr8WrkAdmins'),(0,'2012-09-30 14:52:28','U3_gr8WrkAdmins'),(0,'2012-09-30 14:51:16','U9_hackinWasFun'),(0,'2012-09-30 14:53:16','UB_gr8WrkAdmins'),(0,'2012-09-30 14:53:37','UD_gr8WrkAdmins'),(0,'2012-09-30 14:51:01','UD_hackinWasFun'),(0,'2012-09-30 14:53:32','UE_gr8WrkAdmins'),(0,'2012-09-30 14:51:43','UE_hackinWasFun'),(0,'2012-09-30 14:53:07','UG_gr8WrkAdmins'),(0,'2012-09-30 14:50:30','UJ_hackinWasFun'),(0,'2012-09-30 14:52:02','UM_gr8WrkAdmins'),(0,'2012-09-30 14:50:18','UN_hackinWasFun'),(0,'2012-09-30 14:53:19','UP_gr8WrkAdmins'),(0,'2012-09-30 14:52:35','UR_gr8WrkAdmins'),(0,'2012-09-30 14:50:56','UT_hackinWasFun'),(0,'2012-09-30 14:51:42','UV_hackinWasFun'),(0,'2012-09-30 14:53:23','UW_gr8WrkAdmins'),(0,'2012-09-30 14:50:55','UX_hackinWasFun'),(0,'2012-09-30 14:51:57','UY_gr8WrkAdmins'),(0,'2012-09-30 14:50:20','UY_hackinWasFun'),(0,'2012-09-30 14:52:01','UZ_gr8WrkAdmins'),(0,'2012-09-30 14:51:42','UZ_hackinWasFun'),(0,'2012-09-30 14:53:30','Ua_gr8WrkAdmins'),(0,'2012-09-30 14:50:26','Ua_hackinWasFun'),(0,'2012-09-30 14:50:38','Ub_hackinWasFun'),(0,'2012-09-30 14:50:59','Ud_hackinWasFun'),(0,'2012-09-30 05:33:32','UdyanK'),(0,'2012-09-30 14:52:30','Ue_gr8WrkAdmins'),(0,'2012-09-30 14:51:46','Ue_hackinWasFun'),(0,'2012-09-30 14:52:20','Uh_gr8WrkAdmins'),(0,'2012-09-30 14:52:04','Uj_gr8WrkAdmins'),(0,'2012-09-30 14:50:46','Uj_hackinWasFun'),(0,'2012-09-30 14:52:24','Uk_gr8WrkAdmins'),(0,'2012-09-30 14:51:50','Um_gr8WrkAdmins'),(0,'2012-09-30 14:51:07','Un_hackinWasFun'),(0,'2012-09-30 14:50:42','Uo_hackinWasFun'),(0,'2012-09-30 14:52:01','Up_gr8WrkAdmins'),(0,'2012-09-30 14:51:23','Up_hackinWasFun'),(0,'2012-09-30 14:52:33','Ur_gr8WrkAdmins'),(0,'2012-09-30 14:50:43','Ur_hackinWasFun'),(0,'2012-09-30 14:52:45','Us_gr8WrkAdmins'),(0,'2012-09-30 14:53:21','Ut_gr8WrkAdmins'),(0,'2012-09-30 14:52:33','Uu_gr8WrkAdmins'),(0,'2012-09-30 14:52:21','Uw_gr8WrkAdmins'),(0,'2012-09-30 14:50:56','Uw_hackinWasFun'),(0,'2012-09-30 14:52:01','Ux_gr8WrkAdmins'),(0,'2012-09-30 14:53:08','Uz_gr8WrkAdmins'),(0,'2012-09-30 14:51:57','V1_gr8WrkAdmins'),(0,'2012-09-30 14:53:06','V2_gr8WrkAdmins'),(0,'2012-09-30 14:51:12','V2_hackinWasFun'),(0,'2012-09-30 14:51:59','V3_gr8WrkAdmins'),(0,'2012-09-30 14:52:11','V5_gr8WrkAdmins'),(0,'2012-09-30 14:50:35','V5_hackinWasFun'),(0,'2012-09-30 14:51:02','V7_hackinWasFun'),(0,'2012-09-30 14:52:45','V9_gr8WrkAdmins'),(0,'2012-09-30 14:50:23','VA_hackinWasFun'),(0,'2012-09-30 14:53:03','VB_gr8WrkAdmins'),(0,'2012-09-30 14:52:17','VC_gr8WrkAdmins'),(0,'2012-09-30 14:51:51','VE_gr8WrkAdmins'),(0,'2012-09-30 14:52:04','VG_gr8WrkAdmins'),(0,'2012-09-30 14:50:21','VG_hackinWasFun'),(0,'2012-09-30 14:51:24','VK_hackinWasFun'),(2,'2012-09-28 19:53:19','VM'),(0,'2012-09-30 14:51:36','VM_hackinWasFun'),(2,'2012-09-28 19:51:13','VMware'),(0,'2012-09-30 14:52:24','VR_gr8WrkAdmins'),(0,'2012-09-30 14:51:17','VR_hackinWasFun'),(0,'2012-09-30 14:52:09','VT_gr8WrkAdmins'),(0,'2012-09-30 14:52:27','VU_gr8WrkAdmins'),(0,'2012-09-30 14:52:39','VZ_gr8WrkAdmins'),(0,'2012-09-30 14:50:35','VZ_hackinWasFun'),(1,'2012-09-28 15:31:02','VanHohenheim'),(0,'2012-09-30 14:50:40','Vb_hackinWasFun'),(0,'2012-09-30 14:51:20','Vc_hackinWasFun'),(0,'2012-09-30 14:51:43','Vf_hackinWasFun'),(0,'2012-09-30 14:50:16','Vg_hackinWasFun'),(0,'2012-09-30 14:53:08','Vh_gr8WrkAdmins'),(0,'2012-09-30 14:50:16','Vi_hackinWasFun'),(0,'2012-09-30 14:52:20','Vj_gr8WrkAdmins'),(0,'2012-09-30 14:53:22','Vl_gr8WrkAdmins'),(0,'2012-09-30 14:50:42','Vn_hackinWasFun'),(0,'2012-09-30 14:53:38','Vo_gr8WrkAdmins'),(0,'2012-09-30 14:50:40','Vo_hackinWasFun'),(0,'2012-09-30 14:52:22','Vp_gr8WrkAdmins'),(0,'2012-09-30 14:51:04','Vp_hackinWasFun'),(0,'2012-09-30 14:50:24','Vq_hackinWasFun'),(0,'2012-09-30 14:52:55','Vr_gr8WrkAdmins'),(0,'2012-09-30 14:51:12','Vr_hackinWasFun'),(0,'2012-09-30 14:52:03','Vs_gr8WrkAdmins'),(0,'2012-09-30 14:52:29','Vt_gr8WrkAdmins'),(0,'2012-09-30 14:50:40','Vt_hackinWasFun'),(0,'2012-09-30 14:52:37','Vu_gr8WrkAdmins'),(0,'2012-09-30 14:51:14','Vu_hackinWasFun'),(0,'2012-09-30 14:51:35','Vw_hackinWasFun'),(0,'2012-09-30 14:51:26','Vx_hackinWasFun'),(0,'2012-09-30 14:52:22','Vz_gr8WrkAdmins'),(0,'2012-09-30 14:53:28','W2_gr8WrkAdmins'),(0,'2012-09-30 14:51:44','W2_hackinWasFun'),(0,'2012-09-30 14:53:13','W3_gr8WrkAdmins'),(0,'2012-09-30 14:53:40','W5_gr8WrkAdmins'),(0,'2012-09-30 14:52:53','W6_gr8WrkAdmins'),(0,'2012-09-30 14:51:18','WA_hackinWasFun'),(0,'2012-09-30 14:51:49','WD_gr8WrkAdmins'),(0,'2012-09-30 14:51:10','WE_hackinWasFun'),(0,'2012-09-30 14:52:53','WF_gr8WrkAdmins'),(0,'2012-09-30 14:51:23','WF_hackinWasFun'),(0,'2012-09-30 14:51:40','WH_hackinWasFun'),(0,'2012-09-30 14:51:49','WJ_hackinWasFun'),(0,'2012-09-30 14:51:57','WL_gr8WrkAdmins'),(0,'2012-09-30 14:53:15','WM_gr8WrkAdmins'),(0,'2012-09-30 14:50:17','WM_hackinWasFun'),(0,'2012-09-30 14:52:48','WO_gr8WrkAdmins'),(0,'2012-09-30 14:53:11','WP_gr8WrkAdmins'),(0,'2012-09-30 14:50:45','WQ_hackinWasFun'),(0,'2012-09-30 14:51:48','WR_hackinWasFun'),(0,'2012-09-30 14:51:55','WS_gr8WrkAdmins'),(0,'2012-09-30 14:50:18','WU_hackinWasFun'),(0,'2012-09-30 14:53:17','WV_gr8WrkAdmins'),(0,'2012-09-30 14:53:10','WX_gr8WrkAdmins'),(0,'2012-09-30 14:51:42','WX_hackinWasFun'),(0,'2012-09-30 14:51:52','Wb_gr8WrkAdmins'),(0,'2012-09-30 14:51:05','Wb_hackinWasFun'),(0,'2012-09-30 14:53:01','Wc_gr8WrkAdmins'),(0,'2012-09-30 14:50:30','Wc_hackinWasFun'),(0,'2012-09-30 14:52:59','Wd_gr8WrkAdmins'),(0,'2012-09-30 14:52:26','We_gr8WrkAdmins'),(0,'2012-09-30 14:50:19','Wf_hackinWasFun'),(0,'2012-09-30 14:51:46','Wh_hackinWasFun'),(0,'2012-09-30 14:51:34','Wi_hackinWasFun'),(0,'2012-09-30 14:52:00','Wk_gr8WrkAdmins'),(0,'2012-09-30 14:51:07','Wk_hackinWasFun'),(0,'2012-09-30 14:50:33','Wm_hackinWasFun'),(0,'2012-09-30 14:51:05','Wn_hackinWasFun'),(0,'2012-09-30 14:51:41','Wo_hackinWasFun'),(0,'2012-09-30 14:52:28','Wx_gr8WrkAdmins'),(0,'2012-09-30 14:52:28','Wy_gr8WrkAdmins'),(0,'2012-09-30 14:50:34','Wz_hackinWasFun'),(0,'2012-09-30 14:51:58','X0_gr8WrkAdmins'),(0,'2012-09-30 14:51:43','X0_hackinWasFun'),(0,'2012-09-30 14:52:15','X4_gr8WrkAdmins'),(0,'2012-09-30 14:50:23','X4_hackinWasFun'),(0,'2012-09-30 14:53:35','X5_gr8WrkAdmins'),(0,'2012-09-30 14:52:40','X6_gr8WrkAdmins'),(0,'2012-09-30 14:50:40','X6_hackinWasFun'),(0,'2012-09-30 14:52:14','X8_gr8WrkAdmins'),(0,'2012-09-30 14:51:09','X9_hackinWasFun'),(0,'2012-09-30 14:51:57','XA_gr8WrkAdmins'),(0,'2012-09-30 14:53:21','XB_gr8WrkAdmins'),(0,'2012-09-30 14:51:25','XC_hackinWasFun'),(0,'2012-09-30 14:53:06','XD_gr8WrkAdmins'),(0,'2012-09-30 14:52:18','XE_gr8WrkAdmins'),(0,'2012-09-30 14:51:51','XF_gr8WrkAdmins'),(0,'2012-09-30 14:51:07','XF_hackinWasFun'),(0,'2012-09-30 14:53:06','XH_gr8WrkAdmins'),(0,'2012-09-30 14:51:23','XH_hackinWasFun'),(0,'2012-09-30 14:52:36','XK_gr8WrkAdmins'),(0,'2012-09-30 14:52:46','XQ_gr8WrkAdmins'),(0,'2012-09-30 14:53:32','XR_gr8WrkAdmins'),(0,'2012-09-30 14:50:20','XR_hackinWasFun'),(0,'2012-09-30 14:52:51','XS_gr8WrkAdmins'),(0,'2012-09-30 14:51:41','XT_hackinWasFun'),(0,'2012-09-30 14:51:39','XU_hackinWasFun'),(0,'2012-09-30 14:53:03','XV_gr8WrkAdmins'),(0,'2012-09-30 14:53:15','XW_gr8WrkAdmins'),(0,'2012-09-30 14:53:19','XY_gr8WrkAdmins'),(0,'2012-09-30 14:51:28','Xa_hackinWasFun'),(0,'2012-09-30 14:53:13','Xc_gr8WrkAdmins'),(0,'2012-09-30 14:53:03','Xe_gr8WrkAdmins'),(0,'2012-09-30 14:53:04','Xf_gr8WrkAdmins'),(0,'2012-09-30 14:50:19','Xf_hackinWasFun'),(0,'2012-09-30 14:50:39','Xj_hackinWasFun'),(0,'2012-09-30 14:52:07','Xk_gr8WrkAdmins'),(0,'2012-09-30 14:51:34','Xp_hackinWasFun'),(0,'2012-09-30 14:51:31','Xr_hackinWasFun'),(0,'2012-09-30 14:52:19','Xs_gr8WrkAdmins'),(0,'2012-09-30 14:51:33','Xs_hackinWasFun'),(0,'2012-09-30 14:51:22','Xu_hackinWasFun'),(0,'2012-09-30 14:51:27','Xv_hackinWasFun'),(0,'2012-09-30 14:51:39','Xz_hackinWasFun'),(0,'2012-09-30 14:53:33','Y0_gr8WrkAdmins'),(0,'2012-09-30 14:52:17','Y1_gr8WrkAdmins'),(0,'2012-09-30 14:51:59','Y2_gr8WrkAdmins'),(0,'2012-09-30 14:51:01','Y2_hackinWasFun'),(0,'2012-09-30 14:53:39','Y5_gr8WrkAdmins'),(0,'2012-09-30 14:51:25','Y7_hackinWasFun'),(0,'2012-09-30 14:51:48','Y8_hackinWasFun'),(0,'2012-09-30 14:50:23','YA_hackinWasFun'),(0,'2012-09-30 14:50:41','YB_hackinWasFun'),(0,'2012-09-30 14:52:51','YC_gr8WrkAdmins'),(0,'2012-09-30 14:53:09','YD_gr8WrkAdmins'),(0,'2012-09-30 14:51:16','YE_hackinWasFun'),(0,'2012-09-30 14:50:21','YG_hackinWasFun'),(0,'2012-09-30 14:53:16','YI_gr8WrkAdmins'),(0,'2012-09-30 14:51:57','YJ_gr8WrkAdmins'),(0,'2012-09-30 14:53:25','YK_gr8WrkAdmins'),(0,'2012-09-30 14:51:36','YK_hackinWasFun'),(0,'2012-09-30 14:52:51','YL_gr8WrkAdmins'),(0,'2012-09-30 14:51:18','YO_hackinWasFun'),(0,'2012-09-30 14:52:27','YP_gr8WrkAdmins'),(0,'2012-09-30 14:51:10','YQ_hackinWasFun'),(0,'2012-09-30 14:52:44','YS_gr8WrkAdmins'),(0,'2012-09-30 14:51:52','YT_gr8WrkAdmins'),(0,'2012-09-30 14:52:34','YY_gr8WrkAdmins'),(0,'2012-09-30 14:51:24','YZ_hackinWasFun'),(0,'2012-09-30 14:52:27','Ya_gr8WrkAdmins'),(0,'2012-09-30 14:53:34','Yb_gr8WrkAdmins'),(0,'2012-09-30 14:50:40','Yd_hackinWasFun'),(0,'2012-09-30 14:52:26','Ye_gr8WrkAdmins'),(0,'2012-09-30 14:50:33','Ye_hackinWasFun'),(0,'2012-09-30 14:50:45','Yf_hackinWasFun'),(0,'2012-09-30 14:51:44','Yh_hackinWasFun'),(0,'2012-09-30 14:51:23','Yi_hackinWasFun'),(0,'2012-09-30 14:53:07','Yk_gr8WrkAdmins'),(0,'2012-09-30 14:51:18','Yk_hackinWasFun'),(0,'2012-09-30 14:52:54','Yl_gr8WrkAdmins'),(0,'2012-09-30 14:51:21','Yl_hackinWasFun'),(0,'2012-09-30 14:50:32','Ym_hackinWasFun'),(0,'2012-09-30 14:52:18','Yp_gr8WrkAdmins'),(0,'2012-09-30 14:51:11','Yu_hackinWasFun'),(0,'2012-09-30 14:50:23','Yy_hackinWasFun'),(0,'2012-09-30 14:53:25','Z0_gr8WrkAdmins'),(0,'2012-09-30 14:52:16','Z4_gr8WrkAdmins'),(0,'2012-09-30 14:50:25','Z4_hackinWasFun'),(0,'2012-09-30 14:52:54','Z5_gr8WrkAdmins'),(0,'2012-09-30 14:51:45','Z5_hackinWasFun'),(0,'2012-09-30 14:50:55','Z6_hackinWasFun'),(0,'2012-09-30 14:53:13','Z7_gr8WrkAdmins'),(0,'2012-09-30 14:50:41','Z9_hackinWasFun'),(0,'2012-09-30 14:53:05','ZA_gr8WrkAdmins'),(0,'2012-09-30 14:52:13','ZD_gr8WrkAdmins'),(0,'2012-09-30 14:52:18','ZE_gr8WrkAdmins'),(0,'2012-09-30 14:52:42','ZF_gr8WrkAdmins'),(0,'2012-09-30 14:52:50','ZG_gr8WrkAdmins'),(0,'2012-09-30 14:50:24','ZI_hackinWasFun'),(0,'2012-09-30 14:51:56','ZJ_gr8WrkAdmins'),(0,'2012-09-30 14:50:15','ZJ_hackinWasFun'),(0,'2012-09-30 14:53:22','ZL_gr8WrkAdmins'),(0,'2012-09-30 14:53:15','ZM_gr8WrkAdmins'),(0,'2012-09-30 14:51:35','ZO_hackinWasFun'),(0,'2012-09-30 14:51:43','ZP_hackinWasFun'),(0,'2012-09-30 14:53:24','ZR_gr8WrkAdmins'),(0,'2012-09-30 14:52:51','ZS_gr8WrkAdmins'),(0,'2012-09-30 14:53:40','ZU_gr8WrkAdmins'),(0,'2012-09-30 14:53:20','ZX_gr8WrkAdmins'),(0,'2012-09-30 14:51:00','ZY_hackinWasFun'),(0,'2012-09-30 14:53:11','ZZ_gr8WrkAdmins'),(0,'2012-09-30 14:50:19','Zb_hackinWasFun'),(0,'2012-09-30 14:53:01','Zd_gr8WrkAdmins'),(0,'2012-09-30 14:50:29','Zd_hackinWasFun'),(0,'2012-09-30 14:52:05','Ze_gr8WrkAdmins'),(0,'2012-09-30 14:51:46','Zf_hackinWasFun'),(0,'2012-09-30 14:52:18','Zi_gr8WrkAdmins'),(0,'2012-09-30 14:52:42','Zj_gr8WrkAdmins'),(0,'2012-09-30 14:53:13','Zk_gr8WrkAdmins'),(0,'2012-09-30 14:50:56','Zk_hackinWasFun'),(0,'2012-09-30 14:52:24','Zl_gr8WrkAdmins'),(0,'2012-09-30 14:51:41','Zm_hackinWasFun'),(0,'2012-09-30 14:50:28','Zo_hackinWasFun'),(0,'2012-09-30 14:51:10','Zp_hackinWasFun'),(0,'2012-09-30 14:51:28','Zq_hackinWasFun'),(0,'2012-09-30 14:50:44','Zr_hackinWasFun'),(0,'2012-09-30 14:52:24','Zs_gr8WrkAdmins'),(0,'2012-09-30 14:51:53','Zt_gr8WrkAdmins'),(0,'2012-09-30 14:52:35','Zu_gr8WrkAdmins'),(0,'2012-09-30 14:50:39','Zu_hackinWasFun'),(0,'2012-09-30 14:52:16','Zv_gr8WrkAdmins'),(0,'2012-09-30 14:52:50','Zw_gr8WrkAdmins'),(0,'2012-09-30 14:51:24','Zw_hackinWasFun'),(0,'2012-09-30 14:53:06','Zx_gr8WrkAdmins'),(0,'2012-09-30 14:51:19','Zx_hackinWasFun'),(0,'2012-09-30 14:51:00','Zy_hackinWasFun'),(0,'2012-09-30 14:53:01','Zz_gr8WrkAdmins'),(6,'2012-09-29 08:32:52','a1461'),(0,'2012-09-30 14:51:53','a3_gr8WrkAdmins'),(0,'2012-09-30 14:53:31','a4_gr8WrkAdmins'),(0,'2012-09-30 14:51:52','a8_gr8WrkAdmins'),(0,'2012-09-30 14:52:08','aA_gr8WrkAdmins'),(0,'2012-09-30 14:50:33','aC_hackinWasFun'),(0,'2012-09-30 14:51:34','aG_hackinWasFun'),(0,'2012-09-30 14:53:36','aH_gr8WrkAdmins'),(0,'2012-09-30 14:53:21','aJ_gr8WrkAdmins'),(0,'2012-09-30 14:51:14','aK_hackinWasFun'),(0,'2012-09-30 14:53:11','aM_gr8WrkAdmins'),(0,'2012-09-30 14:52:44','aO_gr8WrkAdmins'),(0,'2012-09-30 14:53:12','aP_gr8WrkAdmins'),(0,'2012-09-30 14:51:41','aQ_hackinWasFun'),(0,'2012-09-30 14:52:29','aT_gr8WrkAdmins'),(0,'2012-09-30 14:52:06','aU_gr8WrkAdmins'),(0,'2012-09-30 14:50:24','aV_hackinWasFun'),(0,'2012-09-30 14:53:37','aY_gr8WrkAdmins'),(1,'2012-09-29 10:48:10','aaaaa'),(3,'2012-09-28 21:03:56','aaj_ka_aadmi'),(0,'2012-09-28 15:40:17','abcd'),(3,'2012-09-29 03:04:53','abhinandan'),(0,'2012-09-30 14:50:55','ac_hackinWasFun'),(0,'2012-09-30 14:51:08','ad_hackinWasFun'),(0,'2012-09-28 15:38:46','aditya.c'),(1,'2012-09-28 15:30:24','admin1'),(0,'2012-09-28 20:22:45','adsmylol'),(0,'2012-09-30 14:53:04','ag_gr8WrkAdmins'),(0,'2012-09-30 14:51:04','ag_hackinWasFun'),(1,'2012-09-28 15:34:39','aha'),(0,'2012-09-28 15:38:00','aishvarya'),(0,'2012-09-30 14:53:00','ak_gr8WrkAdmins'),(0,'2012-09-28 15:35:54','akash'),(0,'2012-09-28 15:39:24','aladin'),(2,'2012-09-28 15:15:17','aman'),(0,'2012-09-30 14:53:11','an_gr8WrkAdmins'),(0,'2012-09-30 14:51:32','ao_hackinWasFun'),(0,'2012-09-30 14:52:14','ap_gr8WrkAdmins'),(0,'2012-09-30 14:50:24','ap_hackinWasFun'),(0,'2012-09-30 14:50:42','ar_hackinWasFun'),(0,'2012-09-28 15:37:14','archit'),(0,'2012-09-28 15:36:08','army'),(0,'2012-09-30 14:51:25','as_hackinWasFun'),(0,'2012-09-28 15:39:48','asdfghjkl'),(0,'2012-09-28 20:12:45','asdhasdjsahda'),(0,'2012-09-28 20:01:44','asdsadsa'),(1,'2012-09-28 15:31:30','ashish'),(0,'2012-09-28 15:31:03','ass'),(0,'2012-09-30 14:52:46','at_gr8WrkAdmins'),(0,'2012-09-30 14:52:49','au_gr8WrkAdmins'),(0,'2012-09-30 14:52:47','av_gr8WrkAdmins'),(0,'2012-09-30 14:51:51','aw_gr8WrkAdmins'),(0,'2012-09-30 14:51:14','aw_hackinWasFun'),(0,'2012-09-30 14:52:10','ax_gr8WrkAdmins'),(0,'2012-09-30 14:50:32','ay_hackinWasFun'),(0,'2012-09-30 14:51:42','az_hackinWasFun'),(0,'2012-09-30 14:53:38','b1_gr8WrkAdmins'),(0,'2012-09-30 14:52:24','b2_gr8WrkAdmins'),(0,'2012-09-30 14:50:36','b2_hackinWasFun'),(0,'2012-09-30 14:51:28','b3_hackinWasFun'),(0,'2012-09-30 14:51:05','b4_hackinWasFun'),(0,'2012-09-30 14:52:43','b5_gr8WrkAdmins'),(0,'2012-09-30 14:52:08','b6_gr8WrkAdmins'),(0,'2012-09-30 14:50:18','b6_hackinWasFun'),(0,'2012-09-30 14:53:00','b7_gr8WrkAdmins'),(0,'2012-09-30 14:52:27','bA_gr8WrkAdmins'),(0,'2012-09-30 14:51:24','bA_hackinWasFun'),(0,'2012-09-30 14:52:57','bC_gr8WrkAdmins'),(0,'2012-09-30 14:53:31','bD_gr8WrkAdmins'),(0,'2012-09-30 14:50:29','bD_hackinWasFun'),(0,'2012-09-30 14:52:52','bE_gr8WrkAdmins'),(0,'2012-09-30 14:53:30','bF_gr8WrkAdmins'),(0,'2012-09-30 14:51:30','bF_hackinWasFun'),(0,'2012-09-30 14:52:35','bH_gr8WrkAdmins'),(0,'2012-09-30 14:50:38','bH_hackinWasFun'),(0,'2012-09-30 14:52:25','bI_gr8WrkAdmins'),(0,'2012-09-30 14:50:30','bI_hackinWasFun'),(0,'2012-09-30 14:51:48','bK_hackinWasFun'),(0,'2012-09-30 14:51:04','bL_hackinWasFun'),(0,'2012-09-30 14:53:09','bM_gr8WrkAdmins'),(0,'2012-09-30 14:50:35','bM_hackinWasFun'),(0,'2012-09-30 14:52:13','bO_gr8WrkAdmins'),(0,'2012-09-30 14:52:11','bR_gr8WrkAdmins'),(0,'2012-09-30 14:52:10','bS_gr8WrkAdmins'),(0,'2012-09-30 14:51:49','bS_hackinWasFun'),(0,'2012-09-30 14:51:48','bU_hackinWasFun'),(0,'2012-09-30 14:51:42','bV_hackinWasFun'),(0,'2012-09-30 14:51:42','bW_hackinWasFun'),(0,'2012-09-30 14:50:20','bY_hackinWasFun'),(1,'2012-09-28 15:33:26','bamboo'),(1,'2012-09-28 15:31:39','bauer'),(0,'2012-09-30 14:52:41','bb_gr8WrkAdmins'),(0,'2012-09-30 14:50:41','bb_hackinWasFun'),(0,'2012-09-30 14:53:12','bh_gr8WrkAdmins'),(0,'2012-09-30 14:50:57','bi_hackinWasFun'),(0,'2012-09-30 14:52:27','bj_gr8WrkAdmins'),(0,'2012-09-30 14:52:38','bk_gr8WrkAdmins'),(0,'2012-09-30 14:51:27','bk_hackinWasFun'),(0,'2012-09-28 15:36:13','bla'),(1,'2012-09-29 18:44:26','blah'),(0,'2012-09-30 14:52:56','bm_gr8WrkAdmins'),(0,'2012-09-30 14:51:47','bm_hackinWasFun'),(0,'2012-09-30 14:53:15','bn_gr8WrkAdmins'),(0,'2012-09-30 14:51:27','bo_hackinWasFun'),(1,'2012-09-28 15:31:25','boom!'),(0,'2012-09-30 14:51:59','br_gr8WrkAdmins'),(1,'2012-09-28 15:34:43','break-in!'),(1,'2012-09-28 19:31:50','brutal'),(0,'2012-09-30 14:53:19','bs_gr8WrkAdmins'),(0,'2012-09-30 14:52:07','bu_gr8WrkAdmins'),(0,'2012-09-30 14:51:34','bu_hackinWasFun'),(0,'2012-09-30 14:50:33','bw_hackinWasFun'),(0,'2012-09-30 14:52:11','bx_gr8WrkAdmins'),(0,'2012-09-30 14:52:55','by_gr8WrkAdmins'),(0,'2012-09-30 14:53:18','bz_gr8WrkAdmins'),(0,'2012-09-30 14:51:51','c0_gr8WrkAdmins'),(0,'2012-09-30 14:51:55','c1_gr8WrkAdmins'),(0,'2012-09-30 14:52:58','c3_gr8WrkAdmins'),(0,'2012-09-30 14:53:22','c7_gr8WrkAdmins'),(0,'2012-09-30 14:50:29','c7_hackinWasFun'),(0,'2012-09-30 14:52:32','c8_gr8WrkAdmins'),(0,'2012-09-30 14:51:04','c8_hackinWasFun'),(0,'2012-09-30 14:50:17','c9_hackinWasFun'),(0,'2012-09-30 14:50:41','cA_hackinWasFun'),(0,'2012-09-30 14:52:25','cE_gr8WrkAdmins'),(0,'2012-09-30 14:53:12','cG_gr8WrkAdmins'),(0,'2012-09-30 14:51:44','cG_hackinWasFun'),(0,'2012-09-30 14:52:28','cI_gr8WrkAdmins'),(0,'2012-09-30 14:53:31','cJ_gr8WrkAdmins'),(0,'2012-09-30 14:53:25','cK_gr8WrkAdmins'),(0,'2012-09-30 14:52:45','cL_gr8WrkAdmins'),(0,'2012-09-30 14:50:38','cM_hackinWasFun'),(0,'2012-09-30 14:52:34','cO_gr8WrkAdmins'),(0,'2012-09-30 14:50:32','cO_hackinWasFun'),(0,'2012-09-30 14:53:24','cS_gr8WrkAdmins'),(0,'2012-09-30 14:50:57','cS_hackinWasFun'),(0,'2012-09-30 14:51:54','cU_gr8WrkAdmins'),(0,'2012-09-30 14:50:33','cU_hackinWasFun'),(0,'2012-09-30 14:52:25','cY_gr8WrkAdmins'),(0,'2012-09-30 14:52:17','cZ_gr8WrkAdmins'),(0,'2012-09-30 14:53:25','cb_gr8WrkAdmins'),(0,'2012-09-30 14:53:05','cc_gr8WrkAdmins'),(0,'2012-09-30 14:50:37','cd_hackinWasFun'),(0,'2012-09-30 14:51:01','ce_hackinWasFun'),(0,'2012-09-30 14:50:21','cf_hackinWasFun'),(0,'2012-09-30 14:52:34','ch_gr8WrkAdmins'),(0,'2012-09-28 15:35:50','chacha'),(1,'2012-09-28 15:33:06','chati'),(0,'2012-09-28 15:07:39','cheat'),(0,'2012-09-29 02:34:43','checkagain'),(1,'2012-09-28 15:31:55','chotu'),(0,'2012-09-30 14:52:29','ck_gr8WrkAdmins'),(0,'2012-09-30 14:50:26','ck_hackinWasFun'),(0,'2012-09-30 14:52:43','cm_gr8WrkAdmins'),(0,'2012-09-30 14:52:44','co_gr8WrkAdmins'),(0,'2012-09-30 14:51:14','co_hackinWasFun'),(0,'2012-09-28 15:38:34','coder46'),(6,'2012-09-29 17:13:45','cooper'),(0,'2012-09-30 14:52:55','cp_gr8WrkAdmins'),(0,'2012-09-30 14:52:42','cq_gr8WrkAdmins'),(0,'2012-09-30 14:53:28','cr_gr8WrkAdmins'),(0,'2012-09-30 14:50:45','cr_hackinWasFun'),(0,'2012-09-30 14:53:10','ct_gr8WrkAdmins'),(0,'2012-09-30 14:50:26','cu_hackinWasFun'),(0,'2012-09-30 14:50:26','cv_hackinWasFun'),(0,'2012-09-30 14:52:49','cw_gr8WrkAdmins'),(0,'2012-09-30 14:51:36','cx_hackinWasFun'),(0,'2012-09-30 14:53:05','cy_gr8WrkAdmins'),(0,'2012-09-30 14:53:02','d0_gr8WrkAdmins'),(0,'2012-09-30 14:51:23','d0_hackinWasFun'),(0,'2012-09-30 14:53:34','d1_gr8WrkAdmins'),(0,'2012-09-30 14:50:18','d2_hackinWasFun'),(0,'2012-09-30 14:53:22','d3_gr8WrkAdmins'),(0,'2012-09-30 14:51:15','d3_hackinWasFun'),(0,'2012-09-30 14:52:09','d4_gr8WrkAdmins'),(0,'2012-09-30 14:50:39','d4_hackinWasFun'),(0,'2012-09-30 14:53:39','d7_gr8WrkAdmins'),(0,'2012-09-30 14:52:07','d9_gr8WrkAdmins'),(0,'2012-09-30 14:51:12','dA_hackinWasFun'),(0,'2012-09-30 14:51:38','dB_hackinWasFun'),(0,'2012-09-30 14:53:10','dD_gr8WrkAdmins'),(0,'2012-09-30 14:52:21','dE_gr8WrkAdmins'),(0,'2012-09-30 14:50:23','dF_hackinWasFun'),(0,'2012-09-30 14:53:00','dH_gr8WrkAdmins'),(0,'2012-09-30 14:52:32','dI_gr8WrkAdmins'),(0,'2012-09-30 14:53:24','dJ_gr8WrkAdmins'),(0,'2012-09-30 14:53:27','dK_gr8WrkAdmins'),(0,'2012-09-30 14:51:11','dL_hackinWasFun'),(0,'2012-09-30 14:53:33','dN_gr8WrkAdmins'),(0,'2012-09-30 14:51:33','dP_hackinWasFun'),(0,'2012-09-30 14:52:47','dS_gr8WrkAdmins'),(0,'2012-09-30 14:51:19','dV_hackinWasFun'),(0,'2012-09-30 14:52:57','dY_gr8WrkAdmins'),(0,'2012-09-30 14:52:41','da_gr8WrkAdmins'),(0,'2012-09-30 14:50:28','da_hackinWasFun'),(1,'2012-09-29 12:08:26','darkhorcrux'),(3,'2012-09-28 22:26:57','darkscale'),(0,'2012-09-30 14:52:11','db_gr8WrkAdmins'),(0,'2012-09-30 14:53:20','dc_gr8WrkAdmins'),(0,'2012-09-30 14:53:32','dd_gr8WrkAdmins'),(0,'2012-09-30 14:52:53','de_gr8WrkAdmins'),(0,'2012-09-30 14:51:11','de_hackinWasFun'),(0,'2012-09-28 15:37:05','dex'),(0,'2012-09-30 14:51:08','df_hackinWasFun'),(0,'2012-09-30 14:53:23','dg_gr8WrkAdmins'),(0,'2012-09-30 14:51:15','dg_hackinWasFun'),(0,'2012-09-30 14:52:52','dh_gr8WrkAdmins'),(0,'2012-09-28 21:27:21','diablo'),(1,'2012-09-29 18:24:51','diksha'),(0,'2012-09-30 14:51:55','dm_gr8WrkAdmins'),(0,'2012-09-30 14:50:17','dm_hackinWasFun'),(0,'2012-09-30 14:51:52','dn_gr8WrkAdmins'),(0,'2012-09-30 14:50:55','do_hackinWasFun'),(0,'2012-09-30 14:51:06','dp_hackinWasFun'),(0,'2012-09-30 14:52:16','dq_gr8WrkAdmins'),(0,'2012-09-30 14:51:40','dq_hackinWasFun'),(0,'2012-09-30 14:52:55','dr_gr8WrkAdmins'),(0,'2012-09-30 14:51:14','dr_hackinWasFun'),(3,'2012-09-28 15:13:54','drazen167'),(3,'2012-09-29 04:13:52','drdre'),(5,'2012-09-28 15:25:27','dreamrulez07'),(0,'2012-09-30 14:52:28','dt_gr8WrkAdmins'),(0,'2012-09-30 14:50:33','du_hackinWasFun'),(0,'2012-09-28 15:35:40','dummy'),(0,'2012-09-30 14:52:41','dw_gr8WrkAdmins'),(0,'2012-09-30 14:52:21','e0_gr8WrkAdmins'),(0,'2012-09-30 14:51:19','e1_hackinWasFun'),(0,'2012-09-30 14:50:30','e5_hackinWasFun'),(0,'2012-09-30 14:53:10','e7_gr8WrkAdmins'),(0,'2012-09-30 14:52:52','e8_gr8WrkAdmins'),(0,'2012-09-30 14:51:26','e8_hackinWasFun'),(0,'2012-09-30 14:53:28','e9_gr8WrkAdmins'),(0,'2012-09-30 14:50:29','e9_hackinWasFun'),(0,'2012-09-30 14:51:04','eD_hackinWasFun'),(0,'2012-09-30 14:53:03','eE_gr8WrkAdmins'),(0,'2012-09-30 14:50:24','eE_hackinWasFun'),(0,'2012-09-30 14:52:01','eF_gr8WrkAdmins'),(0,'2012-09-30 14:52:38','eI_gr8WrkAdmins'),(0,'2012-09-30 14:53:13','eJ_gr8WrkAdmins'),(0,'2012-09-30 14:52:17','eK_gr8WrkAdmins'),(0,'2012-09-30 14:51:09','eK_hackinWasFun'),(0,'2012-09-30 14:51:08','eN_hackinWasFun'),(0,'2012-09-30 14:53:13','eQ_gr8WrkAdmins'),(0,'2012-09-30 14:53:05','eR_gr8WrkAdmins'),(0,'2012-09-30 14:51:23','eR_hackinWasFun'),(0,'2012-09-30 14:51:56','eS_gr8WrkAdmins'),(0,'2012-09-30 14:53:01','eT_gr8WrkAdmins'),(0,'2012-09-30 14:52:57','eV_gr8WrkAdmins'),(0,'2012-09-30 14:51:21','eV_hackinWasFun'),(0,'2012-09-30 14:51:25','eW_hackinWasFun'),(0,'2012-09-30 14:51:51','eX_gr8WrkAdmins'),(0,'2012-09-30 14:50:56','eX_hackinWasFun'),(0,'2012-09-30 14:51:02','ea_hackinWasFun'),(0,'2012-09-30 14:52:02','eb_gr8WrkAdmins'),(0,'2012-09-30 14:51:05','ec_hackinWasFun'),(0,'2012-09-30 14:53:15','ed_gr8WrkAdmins'),(0,'2012-09-30 14:52:23','ee_gr8WrkAdmins'),(0,'2012-09-30 14:51:28','ee_hackinWasFun'),(0,'2012-09-30 14:51:31','ei_hackinWasFun'),(0,'2012-09-30 14:50:22','ej_hackinWasFun'),(0,'2012-09-30 14:51:47','em_hackinWasFun'),(1,'2012-09-28 16:36:51','eminem'),(0,'2012-09-30 14:52:12','en_gr8WrkAdmins'),(0,'2012-09-30 14:52:26','eo_gr8WrkAdmins'),(0,'2012-09-30 14:52:38','ep_gr8WrkAdmins'),(0,'2012-09-30 14:52:45','eq_gr8WrkAdmins'),(0,'2012-09-30 14:51:29','er_hackinWasFun'),(0,'2012-09-30 14:52:00','et_gr8WrkAdmins'),(0,'2012-09-30 14:51:27','eu_hackinWasFun'),(0,'2012-09-30 14:53:17','ew_gr8WrkAdmins'),(0,'2012-09-30 14:50:43','ew_hackinWasFun'),(0,'2012-09-30 14:53:14','ex_gr8WrkAdmins'),(0,'2012-09-30 14:51:03','ex_hackinWasFun'),(0,'2012-09-30 14:53:26','ey_gr8WrkAdmins'),(0,'2012-09-30 14:50:19','ey_hackinWasFun'),(0,'2012-09-30 14:52:11','f0_gr8WrkAdmins'),(0,'2012-09-30 14:50:45','f0_hackinWasFun'),(0,'2012-09-30 14:53:41','f2_gr8WrkAdmins'),(0,'2012-09-30 14:52:39','f6_gr8WrkAdmins'),(0,'2012-09-30 14:52:19','fA_gr8WrkAdmins'),(0,'2012-09-30 14:51:00','fA_hackinWasFun'),(0,'2012-09-30 14:53:18','fF_gr8WrkAdmins'),(0,'2012-09-30 14:52:26','fJ_gr8WrkAdmins'),(0,'2012-09-30 14:51:26','fK_hackinWasFun'),(0,'2012-09-30 14:52:35','fM_gr8WrkAdmins'),(0,'2012-09-30 14:52:32','fP_gr8WrkAdmins'),(0,'2012-09-30 14:51:07','fP_hackinWasFun'),(0,'2012-09-30 14:50:21','fQ_hackinWasFun'),(0,'2012-09-30 14:52:25','fR_gr8WrkAdmins'),(0,'2012-09-30 14:50:15','fR_hackinWasFun'),(0,'2012-09-30 14:51:54','fT_gr8WrkAdmins'),(0,'2012-09-30 14:53:33','fU_gr8WrkAdmins'),(0,'2012-09-30 14:53:16','fV_gr8WrkAdmins'),(0,'2012-09-30 14:50:44','fW_hackinWasFun'),(0,'2012-09-30 14:51:46','fX_hackinWasFun'),(0,'2012-09-30 14:52:01','fY_gr8WrkAdmins'),(0,'2012-09-30 14:50:26','fY_hackinWasFun'),(0,'2012-09-30 14:52:03','fc_gr8WrkAdmins'),(0,'2012-09-30 14:52:15','fd_gr8WrkAdmins'),(1,'2012-09-29 10:45:33','ferb'),(0,'2012-09-28 15:36:05','fff'),(0,'2012-09-30 14:50:32','fh_hackinWasFun'),(0,'2012-09-30 14:52:55','fi_gr8WrkAdmins'),(3,'2012-09-29 19:22:12','fifa'),(0,'2012-09-29 00:20:37','finalisthis'),(0,'2012-09-30 14:53:23','fj_gr8WrkAdmins'),(0,'2012-09-30 14:50:33','fk_hackinWasFun'),(0,'2012-09-30 14:52:13','fp_gr8WrkAdmins'),(0,'2012-09-30 14:52:33','fr_gr8WrkAdmins'),(0,'2012-09-30 14:52:39','fs_gr8WrkAdmins'),(0,'2012-09-30 14:50:23','fs_hackinWasFun'),(0,'2012-09-30 14:53:37','fw_gr8WrkAdmins'),(0,'2012-09-30 14:53:01','fx_gr8WrkAdmins'),(0,'2012-09-30 14:52:58','fz_gr8WrkAdmins'),(0,'2012-09-30 14:51:00','fz_hackinWasFun'),(0,'2012-09-30 14:50:22','g1_hackinWasFun'),(0,'2012-09-30 14:51:06','g2_hackinWasFun'),(0,'2012-09-30 14:53:06','g3_gr8WrkAdmins'),(0,'2012-09-30 14:50:44','g3_hackinWasFun'),(0,'2012-09-30 14:50:57','g5_hackinWasFun'),(0,'2012-09-30 14:53:30','g7_gr8WrkAdmins'),(0,'2012-09-30 14:50:31','g7_hackinWasFun'),(0,'2012-09-30 14:52:23','gA_gr8WrkAdmins'),(0,'2012-09-30 14:52:56','gC_gr8WrkAdmins'),(0,'2012-09-30 14:52:13','gD_gr8WrkAdmins'),(0,'2012-09-30 14:50:21','gD_hackinWasFun'),(0,'2012-09-30 14:52:35','gE_gr8WrkAdmins'),(0,'2012-09-30 14:50:27','gE_hackinWasFun'),(0,'2012-09-30 14:51:13','gK_hackinWasFun'),(0,'2012-09-30 14:52:18','gL_gr8WrkAdmins'),(0,'2012-09-30 14:50:25','gM_hackinWasFun'),(0,'2012-09-30 14:51:12','gN_hackinWasFun'),(0,'2012-09-30 14:51:18','gO_hackinWasFun'),(0,'2012-09-30 14:52:48','gS_gr8WrkAdmins'),(0,'2012-09-30 14:50:40','gS_hackinWasFun'),(0,'2012-09-30 14:53:39','gT_gr8WrkAdmins'),(0,'2012-09-30 14:52:25','gU_gr8WrkAdmins'),(0,'2012-09-30 14:50:58','gU_hackinWasFun'),(0,'2012-09-30 14:51:45','gV_hackinWasFun'),(0,'2012-09-30 14:50:42','gX_hackinWasFun'),(1,'2012-09-29 04:12:52','ganganam_style'),(0,'2012-09-30 14:51:34','gc_hackinWasFun'),(0,'2012-09-30 14:51:55','ge_gr8WrkAdmins'),(0,'2012-09-30 14:51:07','ge_hackinWasFun'),(0,'2012-09-30 14:51:20','gh_hackinWasFun'),(0,'2012-09-30 14:53:28','gi_gr8WrkAdmins'),(0,'2012-09-30 14:51:36','gi_hackinWasFun'),(0,'2012-09-30 14:52:35','gm_gr8WrkAdmins'),(0,'2012-09-30 14:52:06','gn_gr8WrkAdmins'),(0,'2012-09-29 04:39:57','gp'),(0,'2012-09-30 14:50:56','gp_hackinWasFun'),(0,'2012-09-30 14:52:54','gq_gr8WrkAdmins'),(0,'2012-09-30 14:53:06','gr_gr8WrkAdmins'),(0,'2012-09-30 14:51:23','gr_hackinWasFun'),(0,'2012-09-30 14:52:41','gu_gr8WrkAdmins'),(0,'2012-09-30 14:51:33','gv_hackinWasFun'),(0,'2012-09-30 14:52:08','gx_gr8WrkAdmins'),(0,'2012-09-30 14:51:07','gx_hackinWasFun'),(0,'2012-09-30 14:50:22','gz_hackinWasFun'),(0,'2012-09-30 14:52:46','h0_gr8WrkAdmins'),(0,'2012-09-30 14:50:46','h1_hackinWasFun'),(0,'2012-09-30 14:51:13','h3_hackinWasFun'),(0,'2012-09-30 14:53:40','h4_gr8WrkAdmins'),(0,'2012-09-30 14:50:33','h4_hackinWasFun'),(0,'2012-09-30 14:53:09','h6_gr8WrkAdmins'),(0,'2012-09-30 14:52:16','h7_gr8WrkAdmins'),(0,'2012-09-30 14:51:32','h8_hackinWasFun'),(0,'2012-09-30 14:51:54','h9_gr8WrkAdmins'),(0,'2012-09-30 14:53:06','hA_gr8WrkAdmins'),(0,'2012-09-30 14:51:03','hA_hackinWasFun'),(0,'2012-09-30 14:52:58','hC_gr8WrkAdmins'),(0,'2012-09-30 14:50:36','hC_hackinWasFun'),(0,'2012-09-30 14:52:08','hD_gr8WrkAdmins'),(0,'2012-09-30 14:50:21','hD_hackinWasFun'),(0,'2012-09-30 14:53:13','hE_gr8WrkAdmins'),(0,'2012-09-30 14:51:16','hE_hackinWasFun'),(0,'2012-09-30 14:51:11','hF_hackinWasFun'),(0,'2012-09-30 14:52:08','hG_gr8WrkAdmins'),(0,'2012-09-30 14:51:31','hG_hackinWasFun'),(0,'2012-09-30 14:51:58','hJ_gr8WrkAdmins'),(0,'2012-09-30 14:53:37','hK_gr8WrkAdmins'),(0,'2012-09-30 14:51:52','hM_gr8WrkAdmins'),(0,'2012-09-30 14:50:17','hO_hackinWasFun'),(0,'2012-09-30 14:52:09','hP_gr8WrkAdmins'),(0,'2012-09-30 14:50:42','hP_hackinWasFun'),(0,'2012-09-30 14:53:09','hQ_gr8WrkAdmins'),(0,'2012-09-30 14:50:32','hR_hackinWasFun'),(0,'2012-09-30 14:53:03','hT_gr8WrkAdmins'),(0,'2012-09-30 14:53:34','hU_gr8WrkAdmins'),(0,'2012-09-30 14:50:39','hU_hackinWasFun'),(0,'2012-09-30 14:53:31','hZ_gr8WrkAdmins'),(0,'2012-09-30 14:51:33','ha_hackinWasFun'),(0,'2012-09-28 15:37:26','hack'),(1,'2012-09-28 16:33:39','hackin'),(0,'2012-09-29 00:07:37','hackit'),(0,'2012-09-28 20:01:05','hahahahaha'),(0,'2012-09-28 20:04:36','hahasdjadhsadjh'),(2,'2012-09-28 15:15:07','halloween'),(1,'2012-09-28 15:32:17','hardy'),(0,'2012-09-28 15:39:54','harekrishna'),(0,'2012-09-28 15:37:40','harsh'),(10,'2012-09-30 13:02:32','hash'),(0,'2012-09-30 14:52:50','hb_gr8WrkAdmins'),(0,'2012-09-30 14:52:03','hc_gr8WrkAdmins'),(0,'2012-09-30 14:52:17','he_gr8WrkAdmins'),(0,'2012-09-30 14:50:24','he_hackinWasFun'),(5,'2012-09-29 13:39:31','hehe'),(0,'2012-09-30 14:53:38','hf_gr8WrkAdmins'),(0,'2012-09-30 14:51:33','hf_hackinWasFun'),(0,'2012-09-30 14:51:24','hg_hackinWasFun'),(0,'2012-09-30 14:53:37','hi_gr8WrkAdmins'),(1,'2012-09-28 15:35:18','himanshu_ny'),(0,'2012-09-30 14:51:14','hj_hackinWasFun'),(0,'2012-09-30 14:52:48','hk_gr8WrkAdmins'),(0,'2012-09-30 14:53:36','hl_gr8WrkAdmins'),(0,'2012-09-30 14:51:21','hn_hackinWasFun'),(0,'2012-09-30 14:50:35','hp_hackinWasFun'),(0,'2012-09-30 14:52:06','hs_gr8WrkAdmins'),(0,'2012-09-30 14:52:24','hu_gr8WrkAdmins'),(0,'2012-09-30 14:53:02','hw_gr8WrkAdmins'),(0,'2012-09-30 14:51:01','hw_hackinWasFun'),(0,'2012-09-30 14:53:03','hx_gr8WrkAdmins'),(0,'2012-09-30 14:51:22','hx_hackinWasFun'),(0,'2012-09-30 14:53:26','i1_gr8WrkAdmins'),(0,'2012-09-30 14:51:28','i2_hackinWasFun'),(0,'2012-09-30 14:52:57','i3_gr8WrkAdmins'),(0,'2012-09-30 14:50:25','i4_hackinWasFun'),(0,'2012-09-30 14:52:47','i7_gr8WrkAdmins'),(0,'2012-09-30 14:51:02','i8_hackinWasFun'),(0,'2012-09-30 14:52:28','i9_gr8WrkAdmins'),(0,'2012-09-30 14:51:12','i9_hackinWasFun'),(0,'2012-09-30 14:53:07','iA_gr8WrkAdmins'),(0,'2012-09-30 14:51:30','iB_hackinWasFun'),(0,'2012-09-30 14:53:29','iC_gr8WrkAdmins'),(0,'2012-09-30 14:51:57','iD_gr8WrkAdmins'),(0,'2012-09-30 14:52:33','iF_gr8WrkAdmins'),(0,'2012-09-30 14:51:49','iG_hackinWasFun'),(0,'2012-09-30 14:52:10','iH_gr8WrkAdmins'),(0,'2012-09-30 14:51:13','iH_hackinWasFun'),(0,'2012-09-30 14:50:41','iI_hackinWasFun'),(0,'2012-09-30 14:52:32','iJ_gr8WrkAdmins'),(0,'2012-09-30 14:51:34','iJ_hackinWasFun'),(0,'2012-09-30 14:53:01','iK_gr8WrkAdmins'),(0,'2012-09-30 14:52:36','iL_gr8WrkAdmins'),(0,'2012-09-30 14:50:15','iM_hackinWasFun'),(0,'2012-09-30 14:52:56','iN_gr8WrkAdmins'),(0,'2012-09-30 14:50:39','iN_hackinWasFun'),(0,'2012-09-30 14:52:31','iO_gr8WrkAdmins'),(0,'2012-09-30 14:50:57','iO_hackinWasFun'),(0,'2012-09-30 14:52:02','iP_gr8WrkAdmins'),(0,'2012-09-30 14:50:34','iP_hackinWasFun'),(0,'2012-09-30 14:51:12','iR_hackinWasFun'),(0,'2012-09-30 14:51:12','iS_hackinWasFun'),(0,'2012-09-30 14:51:57','iV_gr8WrkAdmins'),(0,'2012-09-30 14:53:02','iW_gr8WrkAdmins'),(0,'2012-09-30 14:51:40','iX_hackinWasFun'),(0,'2012-09-30 14:52:49','ia_gr8WrkAdmins'),(0,'2012-09-30 14:52:39','ic_gr8WrkAdmins'),(0,'2012-09-30 14:52:19','ie_gr8WrkAdmins'),(0,'2012-09-30 14:51:58','if_gr8WrkAdmins'),(0,'2012-09-30 14:52:00','ig_gr8WrkAdmins'),(0,'2012-09-30 14:51:39','ig_hackinWasFun'),(0,'2012-09-30 14:51:24','ij_hackinWasFun'),(0,'2012-09-30 14:52:42','im_gr8WrkAdmins'),(0,'2012-09-29 00:05:20','imlegit'),(1,'2012-09-28 15:34:08','intruder'),(0,'2012-09-30 14:51:40','io_hackinWasFun'),(2,'2012-09-29 08:23:46','iota'),(0,'2012-09-30 14:53:30','ip_gr8WrkAdmins'),(0,'2012-09-30 14:53:22','iq_gr8WrkAdmins'),(0,'2012-09-30 14:51:31','ir_hackinWasFun'),(0,'2012-09-30 14:52:12','is_gr8WrkAdmins'),(0,'2012-09-30 14:52:28','it_gr8WrkAdmins'),(0,'2012-09-30 14:51:16','it_hackinWasFun'),(0,'2012-09-30 14:53:06','iu_gr8WrkAdmins'),(0,'2012-09-30 14:53:02','iv_gr8WrkAdmins'),(0,'2012-09-30 14:53:19','iw_gr8WrkAdmins'),(0,'2012-09-30 14:51:42','ix_hackinWasFun'),(0,'2012-09-30 14:52:49','iz_gr8WrkAdmins'),(0,'2012-09-30 14:53:33','j0_gr8WrkAdmins'),(0,'2012-09-30 14:52:15','j1_gr8WrkAdmins'),(0,'2012-09-30 14:51:50','j2_gr8WrkAdmins'),(0,'2012-09-30 14:52:40','j6_gr8WrkAdmins'),(0,'2012-09-30 14:51:41','jB_hackinWasFun'),(0,'2012-09-30 14:50:25','jD_hackinWasFun'),(0,'2012-09-30 14:53:25','jE_gr8WrkAdmins'),(0,'2012-09-30 14:52:32','jG_gr8WrkAdmins'),(0,'2012-09-30 14:52:54','jJ_gr8WrkAdmins'),(0,'2012-09-30 14:51:41','jJ_hackinWasFun'),(0,'2012-09-30 14:51:33','jL_hackinWasFun'),(0,'2012-09-30 14:52:51','jN_gr8WrkAdmins'),(0,'2012-09-30 14:53:38','jP_gr8WrkAdmins'),(0,'2012-09-30 14:50:33','jQ_hackinWasFun'),(0,'2012-09-30 14:52:21','jU_gr8WrkAdmins'),(0,'2012-09-30 14:50:38','jV_hackinWasFun'),(0,'2012-09-30 14:51:09','jX_hackinWasFun'),(0,'2012-09-30 14:53:10','jY_gr8WrkAdmins'),(0,'2012-09-30 14:52:48','jZ_gr8WrkAdmins'),(0,'2012-09-30 14:50:57','ja_hackinWasFun'),(1,'2012-09-28 15:33:36','jack'),(0,'2012-09-28 15:38:42','jacktheripper'),(0,'2012-09-28 15:36:26','james'),(1,'2012-09-28 15:33:23','jayesh'),(0,'2012-09-30 14:52:04','jb_gr8WrkAdmins'),(0,'2012-09-30 14:51:25','jb_hackinWasFun'),(1,'2012-09-28 15:30:17','jbond'),(0,'2012-09-30 14:52:42','jc_gr8WrkAdmins'),(0,'2012-09-30 14:52:32','jd_gr8WrkAdmins'),(0,'2012-09-28 21:34:14','jenniferaniston'),(0,'2012-09-30 14:53:37','jf_gr8WrkAdmins'),(0,'2012-09-30 14:53:17','jh_gr8WrkAdmins'),(0,'2012-09-30 14:50:18','jh_hackinWasFun'),(0,'2012-09-30 14:52:03','ji_gr8WrkAdmins'),(0,'2012-09-30 14:51:18','jl_hackinWasFun'),(0,'2012-09-30 14:50:22','jm_hackinWasFun'),(0,'2012-09-30 14:51:37','jn_hackinWasFun'),(1,'2012-09-28 15:31:52','johndoe'),(0,'2012-09-30 14:53:15','jq_gr8WrkAdmins'),(1,'2012-09-28 16:28:26','junzy94'),(0,'2012-09-30 14:51:09','jw_hackinWasFun'),(0,'2012-09-30 14:51:08','jx_hackinWasFun'),(0,'2012-09-30 14:51:13','jz_hackinWasFun'),(2,'2012-09-29 14:19:26','k.one'),(0,'2012-09-30 14:52:19','k1_gr8WrkAdmins'),(0,'2012-09-30 14:52:36','k2_gr8WrkAdmins'),(0,'2012-09-30 14:51:25','k2_hackinWasFun'),(0,'2012-09-30 14:51:53','k3_gr8WrkAdmins'),(0,'2012-09-30 14:53:38','k6_gr8WrkAdmins'),(0,'2012-09-30 14:52:34','k8_gr8WrkAdmins'),(0,'2012-09-30 14:52:43','kB_gr8WrkAdmins'),(0,'2012-09-30 14:52:45','kF_gr8WrkAdmins'),(0,'2012-09-30 14:50:40','kF_hackinWasFun'),(0,'2012-09-30 14:51:21','kG_hackinWasFun'),(0,'2012-09-30 14:52:04','kH_gr8WrkAdmins'),(0,'2012-09-30 14:53:08','kI_gr8WrkAdmins'),(0,'2012-09-30 14:52:40','kJ_gr8WrkAdmins'),(0,'2012-09-30 14:52:14','kM_gr8WrkAdmins'),(0,'2012-09-30 14:51:44','kN_hackinWasFun'),(0,'2012-09-30 14:50:39','kQ_hackinWasFun'),(0,'2012-09-30 14:51:00','kR_hackinWasFun'),(0,'2012-09-30 14:52:47','kS_gr8WrkAdmins'),(0,'2012-09-30 14:53:10','kT_gr8WrkAdmins'),(0,'2012-09-30 14:53:40','kV_gr8WrkAdmins'),(0,'2012-09-30 14:51:38','kV_hackinWasFun'),(0,'2012-09-30 14:52:56','kW_gr8WrkAdmins'),(0,'2012-09-30 14:52:39','ka_gr8WrkAdmins'),(0,'2012-09-30 14:50:17','ka_hackinWasFun'),(1,'2012-09-28 15:32:50','karanaggarwal'),(0,'2012-09-30 14:50:17','kc_hackinWasFun'),(1,'2012-09-28 15:30:41','kevkeka'),(0,'2012-09-30 14:52:09','kg_gr8WrkAdmins'),(0,'2012-09-30 14:50:32','kh_hackinWasFun'),(0,'2012-09-30 14:52:45','kj_gr8WrkAdmins'),(2,'2012-09-28 15:15:12','kkk'),(0,'2012-09-30 14:50:37','kl_hackinWasFun'),(0,'2012-09-30 14:53:08','km_gr8WrkAdmins'),(0,'2012-09-30 14:52:08','kn_gr8WrkAdmins'),(0,'2012-09-30 14:51:32','kt_hackinWasFun'),(0,'2012-09-28 20:55:46','kuchbhi'),(0,'2012-09-28 20:59:53','kuchbhi23'),(0,'2012-09-30 14:50:59','kv_hackinWasFun'),(0,'2012-09-30 14:52:48','l0_gr8WrkAdmins'),(0,'2012-09-30 14:52:38','l1_gr8WrkAdmins'),(0,'2012-09-30 14:50:16','l1_hackinWasFun'),(0,'2012-09-30 14:53:24','l2_gr8WrkAdmins'),(0,'2012-09-30 14:50:57','l3_hackinWasFun'),(0,'2012-09-30 14:50:29','l4_hackinWasFun'),(0,'2012-09-30 14:52:58','l6_gr8WrkAdmins'),(0,'2012-09-30 14:53:14','l9_gr8WrkAdmins'),(0,'2012-09-30 14:51:13','l9_hackinWasFun'),(0,'2012-09-30 14:50:41','lB_hackinWasFun'),(0,'2012-09-30 14:52:15','lC_gr8WrkAdmins'),(0,'2012-09-30 14:53:11','lD_gr8WrkAdmins'),(0,'2012-09-30 14:50:24','lE_hackinWasFun'),(0,'2012-09-30 14:51:10','lF_hackinWasFun'),(0,'2012-09-30 14:52:30','lK_gr8WrkAdmins'),(0,'2012-09-30 14:50:43','lL_hackinWasFun'),(0,'2012-09-30 14:53:12','lO_gr8WrkAdmins'),(0,'2012-09-30 14:51:35','lP_hackinWasFun'),(0,'2012-09-30 14:52:48','lQ_gr8WrkAdmins'),(0,'2012-09-30 14:53:03','lR_gr8WrkAdmins'),(0,'2012-09-30 14:50:58','lR_hackinWasFun'),(0,'2012-09-30 14:50:34','lS_hackinWasFun'),(0,'2012-09-30 14:52:10','lT_gr8WrkAdmins'),(0,'2012-09-30 14:50:39','lT_hackinWasFun'),(0,'2012-09-30 14:51:20','lU_hackinWasFun'),(0,'2012-09-30 14:52:24','lW_gr8WrkAdmins'),(0,'2012-09-30 14:50:35','lX_hackinWasFun'),(1,'2012-09-28 15:29:25','lahori'),(1,'2012-09-28 15:35:09','lakyran'),(0,'2012-09-30 14:52:22','li_gr8WrkAdmins'),(12,'2012-09-30 10:54:38','liteitis'),(0,'2012-09-30 14:53:04','lk_gr8WrkAdmins'),(0,'2012-09-30 14:51:42','lk_hackinWasFun'),(0,'2012-09-30 14:51:52','ll_gr8WrkAdmins'),(0,'2012-09-30 14:51:47','ll_hackinWasFun'),(0,'2012-09-30 14:53:40','lo_gr8WrkAdmins'),(0,'2012-09-30 14:51:00','lo_hackinWasFun'),(2,'2012-09-29 09:02:39','lol'),(0,'2012-09-30 14:51:09','lp_hackinWasFun'),(0,'2012-09-30 14:52:34','lr_gr8WrkAdmins'),(0,'2012-09-30 14:53:07','ls_gr8WrkAdmins'),(0,'2012-09-30 14:52:42','lu_gr8WrkAdmins'),(0,'2012-09-30 14:52:41','lv_gr8WrkAdmins'),(0,'2012-09-30 14:51:02','lw_hackinWasFun'),(0,'2012-09-30 14:52:39','ly_gr8WrkAdmins'),(0,'2012-09-30 14:51:28','ly_hackinWasFun'),(0,'2012-09-30 14:52:05','lz_gr8WrkAdmins'),(0,'2012-09-30 14:50:25','lz_hackinWasFun'),(0,'2012-09-30 14:52:02','m0_gr8WrkAdmins'),(0,'2012-09-30 14:50:36','m0_hackinWasFun'),(0,'2012-09-30 14:51:20','m2_hackinWasFun'),(0,'2012-09-30 14:53:23','m4_gr8WrkAdmins'),(0,'2012-09-30 14:51:49','m7_hackinWasFun'),(0,'2012-09-30 14:52:15','mC_gr8WrkAdmins'),(0,'2012-09-30 14:52:17','mD_gr8WrkAdmins'),(0,'2012-09-30 14:50:20','mD_hackinWasFun'),(0,'2012-09-30 14:52:01','mF_gr8WrkAdmins'),(0,'2012-09-30 14:50:29','mF_hackinWasFun'),(0,'2012-09-30 14:52:41','mG_gr8WrkAdmins'),(0,'2012-09-30 14:53:35','mI_gr8WrkAdmins'),(0,'2012-09-30 14:52:30','mJ_gr8WrkAdmins'),(0,'2012-09-30 14:51:21','mK_hackinWasFun'),(0,'2012-09-30 14:53:23','mM_gr8WrkAdmins'),(0,'2012-09-30 14:50:17','mM_hackinWasFun'),(0,'2012-09-30 14:52:11','mO_gr8WrkAdmins'),(0,'2012-09-30 14:53:19','mR_gr8WrkAdmins'),(0,'2012-09-30 14:53:08','mU_gr8WrkAdmins'),(1,'2012-09-28 15:32:40','m_d_luffy'),(0,'2012-09-30 14:53:06','ma_gr8WrkAdmins'),(0,'2012-09-30 14:50:17','ma_hackinWasFun'),(11,'2012-09-29 17:25:23','mach18'),(2,'2012-09-30 05:47:55','maddy'),(0,'2012-09-30 14:52:43','md_gr8WrkAdmins'),(0,'2012-09-30 14:50:29','mf_hackinWasFun'),(0,'2012-09-30 14:52:10','mg_gr8WrkAdmins'),(0,'2012-09-30 14:50:36','mg_hackinWasFun'),(0,'2012-09-30 14:50:31','mh_hackinWasFun'),(0,'2012-09-30 14:53:28','mi_gr8WrkAdmins'),(0,'2012-09-30 14:50:34','mi_hackinWasFun'),(1,'2012-09-28 15:30:35','mithunkumarn'),(0,'2012-09-30 14:50:32','mk_hackinWasFun'),(0,'2012-09-30 14:53:26','ml_gr8WrkAdmins'),(0,'2012-09-30 14:50:30','mm_hackinWasFun'),(0,'2012-09-30 14:53:32','mn_gr8WrkAdmins'),(0,'2012-09-30 14:50:28','mn_hackinWasFun'),(0,'2012-09-30 14:53:14','mo_gr8WrkAdmins'),(0,'2012-09-30 14:51:17','mo_hackinWasFun'),(0,'2012-09-30 14:51:29','mr_hackinWasFun'),(1,'2012-09-28 15:33:17','msuresh'),(0,'2012-09-30 14:52:12','mt_gr8WrkAdmins'),(0,'2012-09-30 14:50:35','mt_hackinWasFun'),(6,'2012-09-29 07:55:40','mthebond'),(0,'2012-09-30 14:53:34','mu_gr8WrkAdmins'),(0,'2012-09-30 14:51:30','mw_hackinWasFun'),(0,'2012-09-30 14:53:26','my_gr8WrkAdmins'),(0,'2012-09-30 14:52:16','n0_gr8WrkAdmins'),(0,'2012-09-30 14:52:32','n2_gr8WrkAdmins'),(0,'2012-09-30 14:50:59','n4_hackinWasFun'),(0,'2012-09-30 14:52:14','n5_gr8WrkAdmins'),(0,'2012-09-30 14:51:47','n5_hackinWasFun'),(0,'2012-09-30 14:53:01','n6_gr8WrkAdmins'),(0,'2012-09-30 14:51:15','n6_hackinWasFun'),(0,'2012-09-30 14:53:30','n7_gr8WrkAdmins'),(0,'2012-09-30 14:51:36','n7_hackinWasFun'),(0,'2012-09-30 14:51:37','n9_hackinWasFun'),(0,'2012-09-30 14:53:25','nA_gr8WrkAdmins'),(0,'2012-09-30 14:51:38','nA_hackinWasFun'),(0,'2012-09-30 14:50:34','nC_hackinWasFun'),(0,'2012-09-30 14:52:22','nD_gr8WrkAdmins'),(0,'2012-09-30 14:51:51','nF_gr8WrkAdmins'),(0,'2012-09-30 14:51:38','nH_hackinWasFun'),(0,'2012-09-30 14:51:27','nI_hackinWasFun'),(0,'2012-09-30 14:53:22','nJ_gr8WrkAdmins'),(0,'2012-09-30 14:53:23','nL_gr8WrkAdmins'),(0,'2012-09-30 14:52:26','nM_gr8WrkAdmins'),(0,'2012-09-30 14:51:31','nM_hackinWasFun'),(0,'2012-09-30 14:52:12','nN_gr8WrkAdmins'),(0,'2012-09-30 14:52:29','nO_gr8WrkAdmins'),(0,'2012-09-30 14:50:31','nO_hackinWasFun'),(0,'2012-09-30 14:51:22','nQ_hackinWasFun'),(0,'2012-09-30 14:52:51','nT_gr8WrkAdmins'),(0,'2012-09-30 14:52:03','nV_gr8WrkAdmins'),(0,'2012-09-30 14:50:58','nV_hackinWasFun'),(0,'2012-09-30 14:51:45','nW_hackinWasFun'),(0,'2012-09-30 14:51:22','nZ_hackinWasFun'),(0,'2012-09-30 14:50:41','na_hackinWasFun'),(2,'2012-09-29 17:57:51','nash'),(0,'2012-09-30 14:52:15','nb_gr8WrkAdmins'),(0,'2012-09-30 14:51:25','ne_hackinWasFun'),(0,'2012-09-28 15:37:32','neel'),(3,'2012-09-28 16:33:29','neo'),(0,'2012-09-28 15:36:19','neo_mat'),(0,'2012-09-30 14:52:31','ng_gr8WrkAdmins'),(0,'2012-09-30 14:51:04','ng_hackinWasFun'),(0,'2012-09-30 14:50:33','ni_hackinWasFun'),(1,'2012-09-28 15:32:13','nik'),(3,'2012-09-28 15:14:28','nirvana'),(1,'2012-09-28 15:35:02','nisha123'),(0,'2012-09-30 14:52:53','nj_gr8WrkAdmins'),(0,'2012-09-30 14:53:26','nk_gr8WrkAdmins'),(0,'2012-09-30 14:51:28','nk_hackinWasFun'),(0,'2012-09-30 14:50:21','nl_hackinWasFun'),(0,'2012-09-30 14:51:10','nn_hackinWasFun'),(1,'2012-09-29 16:51:26','novak'),(0,'2012-09-30 14:51:30','nq_hackinWasFun'),(0,'2012-09-30 14:50:29','nr_hackinWasFun'),(0,'2012-09-30 14:52:13','nu_gr8WrkAdmins'),(0,'2012-09-30 14:50:58','nu_hackinWasFun'),(0,'2012-09-28 15:37:02','nuke'),(0,'2012-09-28 15:40:19','nut'),(0,'2012-09-30 14:53:03','nv_gr8WrkAdmins'),(0,'2012-09-30 14:50:27','nv_hackinWasFun'),(0,'2012-09-30 14:51:06','nw_hackinWasFun'),(0,'2012-09-30 14:53:36','nx_gr8WrkAdmins'),(0,'2012-09-30 14:50:22','ny_hackinWasFun'),(0,'2012-09-30 14:52:48','nz_gr8WrkAdmins'),(0,'2012-09-30 14:51:52','o0_gr8WrkAdmins'),(0,'2012-09-30 14:51:36','o1_hackinWasFun'),(0,'2012-09-30 14:53:39','o4_gr8WrkAdmins'),(0,'2012-09-30 14:51:02','o7_hackinWasFun'),(0,'2012-09-30 14:50:44','o9_hackinWasFun'),(0,'2012-09-30 14:52:33','oB_gr8WrkAdmins'),(0,'2012-09-30 14:53:01','oC_gr8WrkAdmins'),(0,'2012-09-30 14:52:44','oD_gr8WrkAdmins'),(0,'2012-09-30 14:53:31','oG_gr8WrkAdmins'),(0,'2012-09-30 14:51:01','oG_hackinWasFun'),(0,'2012-09-30 14:53:19','oH_gr8WrkAdmins'),(0,'2012-09-30 14:53:24','oK_gr8WrkAdmins'),(0,'2012-09-30 14:50:59','oK_hackinWasFun'),(0,'2012-09-30 14:52:45','oL_gr8WrkAdmins'),(0,'2012-09-30 14:50:31','oM_hackinWasFun'),(0,'2012-09-30 14:52:33','oP_gr8WrkAdmins'),(0,'2012-09-30 14:51:42','oP_hackinWasFun'),(0,'2012-09-30 14:53:05','oQ_gr8WrkAdmins'),(0,'2012-09-30 14:51:08','oR_hackinWasFun'),(0,'2012-09-30 14:50:17','oU_hackinWasFun'),(0,'2012-09-30 14:50:58','oW_hackinWasFun'),(0,'2012-09-30 14:53:27','oX_gr8WrkAdmins'),(0,'2012-09-30 14:53:07','oZ_gr8WrkAdmins'),(0,'2012-09-30 14:51:37','oZ_hackinWasFun'),(0,'2012-09-30 14:50:29','oa_hackinWasFun'),(0,'2012-09-30 14:53:07','ob_gr8WrkAdmins'),(0,'2012-09-30 14:53:05','oc_gr8WrkAdmins'),(0,'2012-09-30 14:52:27','od_gr8WrkAdmins'),(0,'2012-09-30 14:50:33','oe_hackinWasFun'),(0,'2012-09-30 14:52:33','of_gr8WrkAdmins'),(0,'2012-09-30 14:52:32','oj_gr8WrkAdmins'),(0,'2012-09-30 14:53:21','ok_gr8WrkAdmins'),(0,'2012-09-30 14:50:28','ol_hackinWasFun'),(0,'2012-09-30 14:52:37','om_gr8WrkAdmins'),(0,'2012-09-30 14:52:47','on_gr8WrkAdmins'),(0,'2012-09-30 14:53:08','oo_gr8WrkAdmins'),(0,'2012-09-30 14:50:39','op_hackinWasFun'),(0,'2012-09-30 14:52:00','oq_gr8WrkAdmins'),(0,'2012-09-30 14:51:09','or_hackinWasFun'),(0,'2012-09-30 14:52:08','os_gr8WrkAdmins'),(0,'2012-09-30 14:51:54','ot_gr8WrkAdmins'),(0,'2012-09-30 14:51:35','ou_hackinWasFun'),(0,'2012-09-30 14:50:20','ox_hackinWasFun'),(0,'2012-09-30 14:53:00','oy_gr8WrkAdmins'),(0,'2012-09-30 14:51:48','oy_hackinWasFun'),(0,'2012-09-30 14:51:12','oz_hackinWasFun'),(0,'2012-09-30 14:52:12','p0_gr8WrkAdmins'),(0,'2012-09-30 14:52:52','p2_gr8WrkAdmins'),(0,'2012-09-30 14:51:23','p2_hackinWasFun'),(0,'2012-09-30 14:53:02','p3_gr8WrkAdmins'),(0,'2012-09-30 14:52:07','p4_gr8WrkAdmins'),(0,'2012-09-30 14:50:42','p6_hackinWasFun'),(0,'2012-09-30 14:52:31','p7_gr8WrkAdmins'),(0,'2012-09-30 14:51:50','pA_gr8WrkAdmins'),(0,'2012-09-30 14:52:41','pB_gr8WrkAdmins'),(0,'2012-09-30 14:50:17','pB_hackinWasFun'),(0,'2012-09-30 14:52:28','pC_gr8WrkAdmins'),(0,'2012-09-30 14:50:23','pC_hackinWasFun'),(0,'2012-09-30 14:53:38','pD_gr8WrkAdmins'),(0,'2012-09-30 14:52:07','pE_gr8WrkAdmins'),(0,'2012-09-30 14:50:26','pE_hackinWasFun'),(0,'2012-09-30 14:51:49','pF_gr8WrkAdmins'),(0,'2012-09-30 14:51:11','pF_hackinWasFun'),(0,'2012-09-30 14:50:38','pH_hackinWasFun'),(0,'2012-09-30 14:51:11','pK_hackinWasFun'),(0,'2012-09-30 14:52:19','pM_gr8WrkAdmins'),(0,'2012-09-30 14:51:32','pQ_hackinWasFun'),(0,'2012-09-30 14:52:30','pS_gr8WrkAdmins'),(0,'2012-09-30 14:53:27','pT_gr8WrkAdmins'),(0,'2012-09-30 14:50:20','pU_hackinWasFun'),(0,'2012-09-30 14:53:08','pW_gr8WrkAdmins'),(0,'2012-09-30 14:52:20','pa_gr8WrkAdmins'),(0,'2012-09-30 14:51:57','pb_gr8WrkAdmins'),(0,'2012-09-30 14:50:23','pb_hackinWasFun'),(0,'2012-09-30 14:52:03','pc_gr8WrkAdmins'),(0,'2012-09-30 14:50:27','pd_hackinWasFun'),(0,'2012-09-30 14:52:08','pe_gr8WrkAdmins'),(0,'2012-09-30 14:50:37','pe_hackinWasFun'),(0,'2012-09-30 14:52:46','pf_gr8WrkAdmins'),(0,'2012-09-30 14:50:37','pf_hackinWasFun'),(1,'2012-09-28 15:32:29','pg'),(0,'2012-09-30 14:53:24','ph_gr8WrkAdmins'),(12,'2012-09-30 11:53:30','phinfinity'),(1,'2012-09-28 15:33:01','pingOfDeath'),(3,'2012-09-28 15:24:13','piota'),(1,'2012-09-28 15:30:46','pirate'),(0,'2012-09-30 14:53:34','pj_gr8WrkAdmins'),(0,'2012-09-30 14:52:57','pk_gr8WrkAdmins'),(0,'2012-09-30 14:51:30','pk_hackinWasFun'),(0,'2012-09-30 14:53:30','pl_gr8WrkAdmins'),(0,'2012-09-30 14:52:16','pm_gr8WrkAdmins'),(0,'2012-09-30 14:50:57','pm_hackinWasFun'),(0,'2012-09-30 14:52:38','pn_gr8WrkAdmins'),(0,'2012-09-30 14:51:45','pn_hackinWasFun'),(0,'2012-09-30 14:53:30','pp_gr8WrkAdmins'),(0,'2012-09-30 14:51:48','pt_hackinWasFun'),(0,'2012-09-30 14:53:07','pw_gr8WrkAdmins'),(0,'2012-09-30 14:51:57','py_gr8WrkAdmins'),(0,'2012-09-30 14:51:54','pz_gr8WrkAdmins'),(0,'2012-09-30 14:50:44','q5_hackinWasFun'),(0,'2012-09-30 14:51:34','q8_hackinWasFun'),(0,'2012-09-30 14:53:14','qA_gr8WrkAdmins'),(0,'2012-09-30 14:53:05','qD_gr8WrkAdmins'),(0,'2012-09-30 14:51:03','qF_hackinWasFun'),(0,'2012-09-30 14:52:49','qH_gr8WrkAdmins'),(0,'2012-09-30 14:51:10','qI_hackinWasFun'),(0,'2012-09-30 14:53:29','qJ_gr8WrkAdmins'),(0,'2012-09-30 14:50:28','qJ_hackinWasFun'),(0,'2012-09-30 14:50:36','qN_hackinWasFun'),(0,'2012-09-30 14:52:59','qO_gr8WrkAdmins'),(0,'2012-09-30 14:51:15','qQ_hackinWasFun'),(0,'2012-09-30 14:53:09','qR_gr8WrkAdmins'),(0,'2012-09-30 14:51:03','qT_hackinWasFun'),(0,'2012-09-30 14:50:39','qV_hackinWasFun'),(0,'2012-09-30 14:53:21','qW_gr8WrkAdmins'),(0,'2012-09-30 14:53:35','qX_gr8WrkAdmins'),(0,'2012-09-30 14:50:31','qX_hackinWasFun'),(0,'2012-09-30 14:52:50','qc_gr8WrkAdmins'),(0,'2012-09-30 14:51:37','qe_hackinWasFun'),(0,'2012-09-30 14:50:45','qk_hackinWasFun'),(0,'2012-09-30 14:51:50','ql_gr8WrkAdmins'),(0,'2012-09-30 14:53:27','qn_gr8WrkAdmins'),(0,'2012-09-30 14:50:24','qn_hackinWasFun'),(0,'2012-09-30 14:51:51','qr_gr8WrkAdmins'),(0,'2012-09-30 14:53:03','qu_gr8WrkAdmins'),(0,'2012-09-30 14:50:42','qu_hackinWasFun'),(1,'2012-09-29 20:00:03','qwer'),(0,'2012-09-28 16:38:49','qwert'),(0,'2012-09-28 15:39:42','qwerty'),(0,'2012-09-30 14:51:01','qx_hackinWasFun'),(0,'2012-09-30 14:52:42','r0_gr8WrkAdmins'),(0,'2012-09-30 14:52:43','r7_gr8WrkAdmins'),(0,'2012-09-30 14:53:16','r8_gr8WrkAdmins'),(0,'2012-09-30 14:50:19','r8_hackinWasFun'),(0,'2012-09-30 14:51:38','r9_hackinWasFun'),(0,'2012-09-30 14:51:21','rA_hackinWasFun'),(0,'2012-09-30 14:52:01','rB_gr8WrkAdmins'),(0,'2012-09-30 14:51:32','rB_hackinWasFun'),(0,'2012-09-30 14:50:28','rC_hackinWasFun'),(0,'2012-09-30 14:50:34','rD_hackinWasFun'),(0,'2012-09-30 14:52:00','rE_gr8WrkAdmins'),(0,'2012-09-30 14:50:59','rE_hackinWasFun'),(0,'2012-09-30 14:53:26','rG_gr8WrkAdmins'),(0,'2012-09-30 14:50:18','rG_hackinWasFun'),(0,'2012-09-30 14:51:05','rI_hackinWasFun'),(0,'2012-09-30 14:52:11','rJ_gr8WrkAdmins'),(0,'2012-09-30 14:51:34','rK_hackinWasFun'),(0,'2012-09-30 14:52:47','rL_gr8WrkAdmins'),(0,'2012-09-30 14:53:41','rM_gr8WrkAdmins'),(0,'2012-09-30 14:50:19','rP_hackinWasFun'),(0,'2012-09-30 14:51:17','rR_hackinWasFun'),(0,'2012-09-30 14:52:10','rS_gr8WrkAdmins'),(0,'2012-09-30 14:50:34','rS_hackinWasFun'),(0,'2012-09-30 14:52:59','rT_gr8WrkAdmins'),(0,'2012-09-30 14:51:49','rU_gr8WrkAdmins'),(0,'2012-09-30 14:51:40','rX_hackinWasFun'),(0,'2012-09-30 14:51:46','rY_hackinWasFun'),(0,'2012-09-30 14:53:10','rZ_gr8WrkAdmins'),(0,'2012-09-30 14:50:27','rZ_hackinWasFun'),(0,'2012-09-30 14:52:25','ra_gr8WrkAdmins'),(0,'2012-09-28 20:26:55','random'),(0,'2012-09-28 20:28:36','random1'),(0,'2012-09-28 21:27:18','random123'),(0,'2012-09-30 14:53:09','rb_gr8WrkAdmins'),(0,'2012-09-30 14:51:09','rd_hackinWasFun'),(0,'2012-09-28 15:34:39','recycle'),(1,'2012-09-28 15:31:20','retard'),(0,'2012-09-30 14:51:12','rh_hackinWasFun'),(0,'2012-09-30 14:52:50','rk_gr8WrkAdmins'),(0,'2012-09-30 14:51:38','rm_hackinWasFun'),(0,'2012-09-30 14:52:12','rn_gr8WrkAdmins'),(1,'2012-09-28 15:32:01','rock the hell'),(3,'2012-09-29 10:49:09','rocko'),(1,'2012-09-28 15:34:31','rockstar'),(2,'2012-09-28 15:14:55','roxor'),(0,'2012-09-30 14:52:16','rr_gr8WrkAdmins'),(0,'2012-09-30 14:53:16','ru_gr8WrkAdmins'),(0,'2012-09-30 14:53:33','rx_gr8WrkAdmins'),(0,'2012-09-30 14:52:35','rz_gr8WrkAdmins'),(0,'2012-09-30 14:50:36','rz_hackinWasFun'),(1,'2012-09-28 20:55:47','s'),(0,'2012-09-30 14:50:32','s0_hackinWasFun'),(0,'2012-09-30 14:53:36','s1_gr8WrkAdmins'),(0,'2012-09-30 14:51:49','s1_hackinWasFun'),(0,'2012-09-30 14:51:03','s2_hackinWasFun'),(0,'2012-09-30 14:53:25','s4_gr8WrkAdmins'),(0,'2012-09-30 14:50:56','s4_hackinWasFun'),(0,'2012-09-30 14:53:03','s6_gr8WrkAdmins'),(0,'2012-09-30 14:53:03','s7_gr8WrkAdmins'),(0,'2012-09-30 14:52:04','s8_gr8WrkAdmins'),(0,'2012-09-30 14:53:26','s9_gr8WrkAdmins'),(0,'2012-09-30 14:51:52','sB_gr8WrkAdmins'),(0,'2012-09-30 14:52:13','sD_gr8WrkAdmins'),(0,'2012-09-30 14:50:22','sD_hackinWasFun'),(0,'2012-09-30 14:53:25','sE_gr8WrkAdmins'),(0,'2012-09-30 14:52:07','sF_gr8WrkAdmins'),(0,'2012-09-30 14:53:10','sG_gr8WrkAdmins'),(0,'2012-09-30 14:51:38','sG_hackinWasFun'),(0,'2012-09-30 14:52:01','sH_gr8WrkAdmins'),(0,'2012-09-30 14:50:31','sH_hackinWasFun'),(0,'2012-09-30 14:53:31','sI_gr8WrkAdmins'),(0,'2012-09-30 14:50:23','sI_hackinWasFun'),(0,'2012-09-30 14:52:36','sJ_gr8WrkAdmins'),(0,'2012-09-30 14:52:37','sK_gr8WrkAdmins'),(0,'2012-09-30 14:53:02','sO_gr8WrkAdmins'),(0,'2012-09-30 14:53:22','sP_gr8WrkAdmins'),(0,'2012-09-30 14:50:20','sP_hackinWasFun'),(0,'2012-09-30 14:51:23','sS_hackinWasFun'),(0,'2012-09-30 14:53:12','sW_gr8WrkAdmins'),(0,'2012-09-30 14:53:27','sX_gr8WrkAdmins'),(0,'2012-09-30 14:53:19','sY_gr8WrkAdmins'),(0,'2012-09-30 14:53:15','sZ_gr8WrkAdmins'),(0,'2012-09-30 14:51:15','sZ_hackinWasFun'),(0,'2012-09-30 14:51:19','sa_hackinWasFun'),(5,'2012-09-30 09:36:52','saaxx'),(0,'2012-09-28 20:51:00','sadsad'),(0,'2012-09-29 00:29:06','sakdjsakdj'),(0,'2012-09-30 14:52:43','sd_gr8WrkAdmins'),(0,'2012-09-30 14:52:06','se_gr8WrkAdmins'),(0,'2012-09-30 14:51:22','se_hackinWasFun'),(1,'2012-09-28 15:30:11','serial_killer'),(0,'2012-09-30 14:53:20','sg_gr8WrkAdmins'),(1,'2012-09-29 14:07:56','shantanu'),(0,'2012-09-30 14:51:07','si_hackinWasFun'),(0,'2012-09-30 14:51:53','sk_gr8WrkAdmins'),(0,'2012-09-30 14:51:38','sk_hackinWasFun'),(2,'2012-09-29 08:54:05','skt'),(0,'2012-09-30 14:51:52','sl_gr8WrkAdmins'),(1,'2012-09-28 15:29:59','slate'),(0,'2012-09-30 14:53:40','sn_gr8WrkAdmins'),(0,'2012-09-30 14:51:18','sn_hackinWasFun'),(0,'2012-09-28 16:40:36','soumya'),(0,'2012-09-30 14:51:55','sp_gr8WrkAdmins'),(1,'2012-09-28 15:31:09','space'),(0,'2012-09-30 14:53:00','sr_gr8WrkAdmins'),(0,'2012-09-30 14:51:22','su_hackinWasFun'),(0,'2012-09-30 14:52:39','sv_gr8WrkAdmins'),(0,'2012-09-30 14:51:38','sv_hackinWasFun'),(0,'2012-09-30 14:53:29','sw_gr8WrkAdmins'),(0,'2012-09-30 14:51:41','sw_hackinWasFun'),(0,'2012-09-30 14:52:14','sx_gr8WrkAdmins'),(0,'2012-09-30 14:53:05','sy_gr8WrkAdmins'),(0,'2012-09-30 14:51:39','sy_hackinWasFun'),(0,'2012-09-30 14:51:05','t0_hackinWasFun'),(0,'2012-09-30 14:50:29','t1_hackinWasFun'),(0,'2012-09-30 14:50:19','t2_hackinWasFun'),(0,'2012-09-30 14:51:05','t4_hackinWasFun'),(0,'2012-09-30 14:52:15','t7_gr8WrkAdmins'),(0,'2012-09-30 14:53:06','t8_gr8WrkAdmins'),(0,'2012-09-30 14:51:33','t8_hackinWasFun'),(0,'2012-09-30 14:51:23','tA_hackinWasFun'),(0,'2012-09-30 14:51:59','tB_gr8WrkAdmins'),(0,'2012-09-30 14:51:33','tB_hackinWasFun'),(0,'2012-09-30 14:50:40','tC_hackinWasFun'),(0,'2012-09-30 14:52:31','tE_gr8WrkAdmins'),(0,'2012-09-30 14:51:31','tE_hackinWasFun'),(0,'2012-09-30 14:52:56','tI_gr8WrkAdmins'),(0,'2012-09-30 14:52:37','tJ_gr8WrkAdmins'),(0,'2012-09-30 14:50:44','tK_hackinWasFun'),(0,'2012-09-30 14:51:53','tL_gr8WrkAdmins'),(0,'2012-09-30 14:52:52','tN_gr8WrkAdmins'),(0,'2012-09-30 14:50:57','tN_hackinWasFun'),(0,'2012-09-30 14:52:38','tO_gr8WrkAdmins'),(0,'2012-09-30 14:52:52','tP_gr8WrkAdmins'),(0,'2012-09-30 14:51:12','tP_hackinWasFun'),(0,'2012-09-30 14:52:55','tU_gr8WrkAdmins'),(0,'2012-09-30 14:51:45','tU_hackinWasFun'),(0,'2012-09-30 14:50:38','tW_hackinWasFun'),(0,'2012-09-30 14:51:53','tY_gr8WrkAdmins'),(0,'2012-09-30 14:52:23','tZ_gr8WrkAdmins'),(0,'2012-09-30 14:51:08','tZ_hackinWasFun'),(0,'2012-09-30 14:52:34','ta_gr8WrkAdmins'),(0,'2012-09-30 14:53:31','tb_gr8WrkAdmins'),(0,'2012-09-30 14:50:26','tb_hackinWasFun'),(0,'2012-09-30 14:51:18','te_hackinWasFun'),(1,'2012-09-28 15:29:53','tejasvs'),(0,'2012-09-28 15:11:58','test'),(3,'2012-09-28 15:14:46','test99'),(0,'2012-09-28 16:37:34','testbooboo'),(0,'2012-09-28 15:49:50','testregister'),(0,'2012-09-30 14:51:58','tg_gr8WrkAdmins'),(0,'2012-09-30 14:51:20','th_hackinWasFun'),(0,'2012-09-30 14:52:15','tj_gr8WrkAdmins'),(0,'2012-09-30 14:53:04','tk_gr8WrkAdmins'),(0,'2012-09-30 14:50:57','tk_hackinWasFun'),(0,'2012-09-30 14:50:25','tl_hackinWasFun'),(0,'2012-09-30 14:53:39','tm_gr8WrkAdmins'),(0,'2012-09-30 14:52:10','tn_gr8WrkAdmins'),(0,'2012-09-30 14:53:03','tq_gr8WrkAdmins'),(0,'2012-09-30 14:51:50','tr_gr8WrkAdmins'),(0,'2012-09-30 14:51:16','tr_hackinWasFun'),(12,'2012-09-30 11:01:58','trying'),(0,'2012-09-30 14:50:17','ts_hackinWasFun'),(0,'2012-09-30 14:51:08','tt_hackinWasFun'),(0,'2012-09-30 14:52:26','tv_gr8WrkAdmins'),(0,'2012-09-30 14:53:03','tz_gr8WrkAdmins'),(0,'2012-09-30 14:52:06','u1_gr8WrkAdmins'),(0,'2012-09-30 14:51:45','u1_hackinWasFun'),(0,'2012-09-30 14:52:17','u2_gr8WrkAdmins'),(0,'2012-09-30 14:53:21','u3_gr8WrkAdmins'),(0,'2012-09-30 14:52:19','u4_gr8WrkAdmins'),(0,'2012-09-30 14:53:22','u6_gr8WrkAdmins'),(0,'2012-09-30 14:51:11','u7_hackinWasFun'),(0,'2012-09-30 14:52:06','u8_gr8WrkAdmins'),(0,'2012-09-30 14:51:47','u9_hackinWasFun'),(0,'2012-09-30 14:51:35','uA_hackinWasFun'),(0,'2012-09-30 14:53:36','uB_gr8WrkAdmins'),(0,'2012-09-30 14:51:28','uB_hackinWasFun'),(0,'2012-09-30 14:53:18','uC_gr8WrkAdmins'),(0,'2012-09-30 14:51:40','uD_hackinWasFun'),(0,'2012-09-30 14:51:55','uE_gr8WrkAdmins'),(0,'2012-09-30 14:51:57','uG_gr8WrkAdmins'),(0,'2012-09-30 14:50:44','uG_hackinWasFun'),(0,'2012-09-30 14:53:02','uJ_gr8WrkAdmins'),(0,'2012-09-30 14:53:38','uM_gr8WrkAdmins'),(0,'2012-09-30 14:51:46','uM_hackinWasFun'),(0,'2012-09-30 14:52:46','uQ_gr8WrkAdmins'),(0,'2012-09-30 14:51:28','uQ_hackinWasFun'),(0,'2012-09-30 14:53:41','uS_gr8WrkAdmins'),(0,'2012-09-30 14:51:41','uT_hackinWasFun'),(0,'2012-09-30 14:52:48','uU_gr8WrkAdmins'),(0,'2012-09-30 14:52:27','uV_gr8WrkAdmins'),(0,'2012-09-30 14:51:34','uX_hackinWasFun'),(0,'2012-09-30 14:51:31','uY_hackinWasFun'),(0,'2012-09-30 14:50:58','uZ_hackinWasFun'),(0,'2012-09-30 14:52:27','ua_gr8WrkAdmins'),(0,'2012-09-30 14:51:55','ub_gr8WrkAdmins'),(0,'2012-09-30 14:51:19','uc_hackinWasFun'),(0,'2012-09-30 14:50:40','ud_hackinWasFun'),(0,'2012-09-30 14:53:20','uj_gr8WrkAdmins'),(0,'2012-09-30 14:51:30','uk_hackinWasFun'),(0,'2012-09-30 14:53:02','ul_gr8WrkAdmins'),(0,'2012-09-30 14:50:16','ul_hackinWasFun'),(0,'2012-09-30 14:50:17','um_hackinWasFun'),(0,'2012-09-30 14:50:26','uo_hackinWasFun'),(0,'2012-09-30 14:51:42','up_hackinWasFun'),(1,'2012-09-28 15:30:21','user'),(0,'2012-09-28 15:40:12','user9'),(0,'2012-09-28 20:51:40','username'),(0,'2012-09-30 14:52:49','ut_gr8WrkAdmins'),(0,'2012-09-30 14:50:15','ut_hackinWasFun'),(0,'2012-09-30 14:52:44','uu_gr8WrkAdmins'),(0,'2012-09-30 14:51:38','uu_hackinWasFun'),(0,'2012-09-30 14:51:43','uw_hackinWasFun'),(0,'2012-09-30 14:52:05','ux_gr8WrkAdmins'),(0,'2012-09-30 14:50:26','ux_hackinWasFun'),(0,'2012-09-30 14:51:58','uy_gr8WrkAdmins'),(0,'2012-09-30 14:50:18','uy_hackinWasFun'),(0,'2012-09-30 14:53:09','uz_gr8WrkAdmins'),(0,'2012-09-30 14:52:58','v0_gr8WrkAdmins'),(0,'2012-09-30 14:52:23','v1_gr8WrkAdmins'),(0,'2012-09-30 14:50:20','v4_hackinWasFun'),(0,'2012-09-30 14:53:05','v5_gr8WrkAdmins'),(0,'2012-09-30 14:51:37','v5_hackinWasFun'),(0,'2012-09-30 14:51:37','v6_hackinWasFun'),(0,'2012-09-30 14:51:44','v7_hackinWasFun'),(0,'2012-09-30 14:50:32','v8_hackinWasFun'),(0,'2012-09-30 14:51:12','v9_hackinWasFun'),(0,'2012-09-30 14:50:21','vA_hackinWasFun'),(0,'2012-09-30 14:50:16','vB_hackinWasFun'),(0,'2012-09-30 14:52:53','vD_gr8WrkAdmins'),(0,'2012-09-30 14:51:56','vE_gr8WrkAdmins'),(0,'2012-09-30 14:51:20','vG_hackinWasFun'),(0,'2012-09-30 14:51:49','vH_hackinWasFun'),(0,'2012-09-30 14:51:19','vI_hackinWasFun'),(0,'2012-09-30 14:51:25','vJ_hackinWasFun'),(0,'2012-09-30 14:50:58','vK_hackinWasFun'),(0,'2012-09-30 14:51:55','vM_gr8WrkAdmins'),(0,'2012-09-30 14:51:05','vM_hackinWasFun'),(0,'2012-09-30 14:50:45','vP_hackinWasFun'),(0,'2012-09-30 14:51:32','vR_hackinWasFun'),(0,'2012-09-30 14:52:44','vS_gr8WrkAdmins'),(0,'2012-09-30 14:50:59','vU_hackinWasFun'),(0,'2012-09-30 14:50:34','vV_hackinWasFun'),(0,'2012-09-30 14:51:50','vX_gr8WrkAdmins'),(0,'2012-09-30 14:51:11','vX_hackinWasFun'),(0,'2012-09-30 14:53:20','vY_gr8WrkAdmins'),(0,'2012-09-30 14:51:12','vZ_hackinWasFun'),(1,'2012-09-28 15:34:17','vamsi1899'),(0,'2012-09-30 14:50:20','vb_hackinWasFun'),(0,'2012-09-30 14:53:31','vd_gr8WrkAdmins'),(0,'2012-09-30 14:50:39','vd_hackinWasFun'),(0,'2012-09-30 14:51:13','ve_hackinWasFun'),(0,'2012-09-30 14:52:02','vf_gr8WrkAdmins'),(0,'2012-09-30 14:51:09','vf_hackinWasFun'),(0,'2012-09-30 14:53:08','vg_gr8WrkAdmins'),(0,'2012-09-30 14:53:14','vh_gr8WrkAdmins'),(0,'2012-09-30 14:50:39','vh_hackinWasFun'),(0,'2012-09-30 14:53:05','vi_gr8WrkAdmins'),(0,'2012-09-30 14:51:11','vi_hackinWasFun'),(6,'2012-09-28 15:12:36','viv001'),(0,'2012-09-30 14:50:56','vj_hackinWasFun'),(0,'2012-09-30 14:52:01','vk_gr8WrkAdmins'),(0,'2012-09-30 14:51:47','vk_hackinWasFun'),(0,'2012-09-30 14:50:29','vm_hackinWasFun'),(0,'2012-09-30 14:53:07','vn_gr8WrkAdmins'),(0,'2012-09-30 14:51:25','vn_hackinWasFun'),(0,'2012-09-30 14:52:51','vo_gr8WrkAdmins'),(0,'2012-09-30 14:52:31','vp_gr8WrkAdmins'),(0,'2012-09-30 14:51:16','vp_hackinWasFun'),(0,'2012-09-30 14:51:53','vq_gr8WrkAdmins'),(0,'2012-09-30 14:53:24','vr_gr8WrkAdmins'),(1,'2012-09-28 15:34:51','vrajesh'),(0,'2012-09-30 14:51:48','vs_hackinWasFun'),(0,'2012-09-30 14:51:59','vu_gr8WrkAdmins'),(0,'2012-09-30 14:51:43','vu_hackinWasFun'),(0,'2012-09-30 14:52:04','vv_gr8WrkAdmins'),(0,'2012-09-30 14:53:34','vz_gr8WrkAdmins'),(0,'2012-09-30 14:51:29','w0_hackinWasFun'),(0,'2012-09-30 14:52:51','w1_gr8WrkAdmins'),(0,'2012-09-30 14:52:05','w2_gr8WrkAdmins'),(0,'2012-09-30 14:51:13','w2_hackinWasFun'),(0,'2012-09-30 14:50:42','w3_hackinWasFun'),(0,'2012-09-30 14:52:21','w4_gr8WrkAdmins'),(0,'2012-09-30 14:52:26','w6_gr8WrkAdmins'),(0,'2012-09-30 14:50:30','w6_hackinWasFun'),(0,'2012-09-30 14:53:36','w9_gr8WrkAdmins'),(0,'2012-09-30 14:51:04','w9_hackinWasFun'),(0,'2012-09-30 14:51:06','wA_hackinWasFun'),(0,'2012-09-30 14:51:27','wE_hackinWasFun'),(0,'2012-09-30 14:53:12','wF_gr8WrkAdmins'),(0,'2012-09-30 14:52:49','wG_gr8WrkAdmins'),(0,'2012-09-30 14:53:37','wH_gr8WrkAdmins'),(0,'2012-09-30 14:50:37','wJ_hackinWasFun'),(0,'2012-09-30 14:52:50','wK_gr8WrkAdmins'),(0,'2012-09-30 14:53:27','wL_gr8WrkAdmins'),(0,'2012-09-30 14:50:18','wL_hackinWasFun'),(0,'2012-09-30 14:53:38','wM_gr8WrkAdmins'),(0,'2012-09-30 14:50:18','wN_hackinWasFun'),(0,'2012-09-30 14:51:51','wO_gr8WrkAdmins'),(0,'2012-09-30 14:50:16','wO_hackinWasFun'),(0,'2012-09-30 14:52:22','wR_gr8WrkAdmins'),(0,'2012-09-30 14:52:27','wS_gr8WrkAdmins'),(0,'2012-09-30 14:51:01','wS_hackinWasFun'),(0,'2012-09-30 14:51:43','wV_hackinWasFun'),(0,'2012-09-30 14:51:36','wX_hackinWasFun'),(0,'2012-09-30 14:52:47','wZ_gr8WrkAdmins'),(0,'2012-09-30 14:51:46','wZ_hackinWasFun'),(0,'2012-09-30 14:52:23','wa_gr8WrkAdmins'),(0,'2012-09-30 14:53:29','wc_gr8WrkAdmins'),(0,'2012-09-30 14:51:30','wc_hackinWasFun'),(0,'2012-09-30 14:52:33','we_gr8WrkAdmins'),(0,'2012-09-30 14:50:16','we_hackinWasFun'),(3,'2012-09-28 15:13:47','wee'),(0,'2012-09-30 14:50:39','wg_hackinWasFun'),(0,'2012-09-30 14:51:28','wh_hackinWasFun'),(0,'2012-09-30 14:53:00','wi_gr8WrkAdmins'),(0,'2012-09-30 14:52:01','wj_gr8WrkAdmins'),(0,'2012-09-30 14:51:43','wk_hackinWasFun'),(0,'2012-09-30 14:53:01','wl_gr8WrkAdmins'),(0,'2012-09-30 14:52:43','wm_gr8WrkAdmins'),(0,'2012-09-30 14:52:05','wn_gr8WrkAdmins'),(0,'2012-09-30 14:51:54','wo_gr8WrkAdmins'),(6,'2012-09-28 15:12:42','worldwide'),(0,'2012-09-30 14:53:28','wq_gr8WrkAdmins'),(0,'2012-09-30 14:50:31','wq_hackinWasFun'),(0,'2012-09-30 14:51:29','wr_hackinWasFun'),(12,'2012-09-29 13:01:12','wrumf'),(0,'2012-09-30 14:50:45','ws_hackinWasFun'),(0,'2012-09-30 14:50:43','wu_hackinWasFun'),(0,'2012-09-30 14:53:32','wv_gr8WrkAdmins'),(0,'2012-09-30 14:51:43','wy_hackinWasFun'),(0,'2012-09-30 14:51:55','wz_gr8WrkAdmins'),(0,'2012-09-30 14:52:36','x0_gr8WrkAdmins'),(0,'2012-09-30 14:52:13','x3_gr8WrkAdmins'),(0,'2012-09-30 14:52:23','x5_gr8WrkAdmins'),(0,'2012-09-30 14:50:36','x5_hackinWasFun'),(0,'2012-09-30 14:52:44','x6_gr8WrkAdmins'),(0,'2012-09-30 14:50:43','x6_hackinWasFun'),(0,'2012-09-30 14:51:55','x8_gr8WrkAdmins'),(0,'2012-09-30 14:53:30','xA_gr8WrkAdmins'),(0,'2012-09-30 14:53:30','xB_gr8WrkAdmins'),(0,'2012-09-30 14:51:58','xH_gr8WrkAdmins'),(0,'2012-09-30 14:52:32','xI_gr8WrkAdmins'),(0,'2012-09-30 14:50:23','xI_hackinWasFun'),(0,'2012-09-30 14:52:22','xJ_gr8WrkAdmins'),(0,'2012-09-30 14:52:12','xM_gr8WrkAdmins'),(0,'2012-09-30 14:51:54','xO_gr8WrkAdmins'),(0,'2012-09-30 14:53:37','xP_gr8WrkAdmins'),(0,'2012-09-30 14:51:54','xT_gr8WrkAdmins'),(0,'2012-09-30 14:51:39','xT_hackinWasFun'),(0,'2012-09-30 14:53:29','xV_gr8WrkAdmins'),(0,'2012-09-30 14:52:27','xY_gr8WrkAdmins'),(0,'2012-09-30 14:51:50','xZ_gr8WrkAdmins'),(0,'2012-09-30 14:52:07','xa_gr8WrkAdmins'),(0,'2012-09-30 14:51:03','xa_hackinWasFun'),(0,'2012-09-30 14:51:35','xc_hackinWasFun'),(0,'2012-09-30 14:52:46','xd_gr8WrkAdmins'),(0,'2012-09-30 14:51:33','xd_hackinWasFun'),(0,'2012-09-30 14:50:55','xf_hackinWasFun'),(0,'2012-09-30 14:53:30','xh_gr8WrkAdmins'),(0,'2012-09-30 14:53:39','xi_gr8WrkAdmins'),(0,'2012-09-30 14:50:35','xi_hackinWasFun'),(0,'2012-09-30 14:53:07','xj_gr8WrkAdmins'),(0,'2012-09-30 14:51:41','xj_hackinWasFun'),(0,'2012-09-30 14:52:29','xm_gr8WrkAdmins'),(0,'2012-09-30 14:53:25','xn_gr8WrkAdmins'),(0,'2012-09-30 14:50:41','xp_hackinWasFun'),(0,'2012-09-30 14:52:01','xq_gr8WrkAdmins'),(0,'2012-09-30 14:51:47','xq_hackinWasFun'),(0,'2012-09-30 14:52:53','xs_gr8WrkAdmins'),(0,'2012-09-30 14:51:59','xt_gr8WrkAdmins'),(0,'2012-09-30 14:51:02','xu_hackinWasFun'),(0,'2012-09-28 15:36:03','xxx'),(0,'2012-09-30 14:52:24','xy_gr8WrkAdmins'),(0,'2012-09-30 14:50:35','xy_hackinWasFun'),(0,'2012-09-30 14:52:57','xz_gr8WrkAdmins'),(0,'2012-09-30 14:52:40','y0_gr8WrkAdmins'),(0,'2012-09-30 14:51:11','y0_hackinWasFun'),(0,'2012-09-30 14:52:57','y2_gr8WrkAdmins'),(0,'2012-09-30 14:50:26','y2_hackinWasFun'),(0,'2012-09-30 14:51:55','y3_gr8WrkAdmins'),(0,'2012-09-30 14:52:55','y7_gr8WrkAdmins'),(0,'2012-09-30 14:50:40','y8_hackinWasFun'),(0,'2012-09-30 14:52:51','y9_gr8WrkAdmins'),(0,'2012-09-30 14:51:32','yA_hackinWasFun'),(0,'2012-09-30 14:52:13','yC_gr8WrkAdmins'),(0,'2012-09-30 14:50:21','yF_hackinWasFun'),(0,'2012-09-30 14:51:53','yG_gr8WrkAdmins'),(0,'2012-09-30 14:51:03','yJ_hackinWasFun'),(0,'2012-09-30 14:52:31','yL_gr8WrkAdmins'),(0,'2012-09-30 14:53:40','yM_gr8WrkAdmins'),(0,'2012-09-30 14:50:58','yN_hackinWasFun'),(0,'2012-09-30 14:52:01','yO_gr8WrkAdmins'),(0,'2012-09-30 14:52:05','yP_gr8WrkAdmins'),(0,'2012-09-30 14:52:22','yR_gr8WrkAdmins'),(0,'2012-09-30 14:50:55','yR_hackinWasFun'),(0,'2012-09-30 14:52:02','yS_gr8WrkAdmins'),(0,'2012-09-30 14:52:19','yV_gr8WrkAdmins'),(0,'2012-09-30 14:51:28','yV_hackinWasFun'),(0,'2012-09-30 14:52:08','yW_gr8WrkAdmins'),(0,'2012-09-30 14:51:10','yW_hackinWasFun'),(0,'2012-09-30 14:52:37','yX_gr8WrkAdmins'),(0,'2012-09-30 14:52:57','yZ_gr8WrkAdmins'),(1,'2012-09-28 21:36:24','yash'),(0,'2012-09-30 14:51:55','yc_gr8WrkAdmins'),(0,'2012-09-30 14:51:38','yc_hackinWasFun'),(0,'2012-09-30 14:52:17','yd_gr8WrkAdmins'),(0,'2012-09-30 14:51:45','yd_hackinWasFun'),(0,'2012-09-30 14:50:38','yg_hackinWasFun'),(0,'2012-09-30 14:53:33','yh_gr8WrkAdmins'),(0,'2012-09-30 14:53:13','yi_gr8WrkAdmins'),(0,'2012-09-30 14:51:57','ym_gr8WrkAdmins'),(0,'2012-09-30 14:51:55','yo_gr8WrkAdmins'),(0,'2012-09-30 14:51:38','yp_hackinWasFun'),(0,'2012-09-30 14:53:26','yr_gr8WrkAdmins'),(1,'2012-09-29 19:51:34','yureka'),(0,'2012-09-30 14:52:42','yw_gr8WrkAdmins'),(0,'2012-09-30 14:52:29','yx_gr8WrkAdmins'),(0,'2012-09-30 14:51:44','yx_hackinWasFun'),(0,'2012-09-30 14:52:20','z0_gr8WrkAdmins'),(0,'2012-09-30 14:51:39','z2_hackinWasFun'),(0,'2012-09-30 14:50:55','z6_hackinWasFun'),(0,'2012-09-30 14:51:03','z7_hackinWasFun'),(0,'2012-09-30 14:51:29','z9_hackinWasFun'),(0,'2012-09-30 14:52:32','zA_gr8WrkAdmins'),(0,'2012-09-30 14:52:05','zB_gr8WrkAdmins'),(0,'2012-09-30 14:51:10','zC_hackinWasFun'),(0,'2012-09-30 14:52:32','zD_gr8WrkAdmins'),(0,'2012-09-30 14:50:18','zH_hackinWasFun'),(0,'2012-09-30 14:51:56','zI_gr8WrkAdmins'),(0,'2012-09-30 14:51:04','zI_hackinWasFun'),(0,'2012-09-30 14:52:56','zK_gr8WrkAdmins'),(0,'2012-09-30 14:51:01','zK_hackinWasFun'),(0,'2012-09-30 14:52:46','zL_gr8WrkAdmins'),(0,'2012-09-30 14:51:37','zL_hackinWasFun'),(0,'2012-09-30 14:50:20','zN_hackinWasFun'),(0,'2012-09-30 14:53:29','zO_gr8WrkAdmins'),(0,'2012-09-30 14:53:27','zR_gr8WrkAdmins'),(0,'2012-09-30 14:52:20','zS_gr8WrkAdmins'),(0,'2012-09-30 14:50:28','zS_hackinWasFun'),(0,'2012-09-30 14:51:40','zT_hackinWasFun'),(0,'2012-09-30 14:51:37','zU_hackinWasFun'),(0,'2012-09-30 14:53:04','zW_gr8WrkAdmins'),(0,'2012-09-30 14:51:55','zY_gr8WrkAdmins'),(0,'2012-09-30 14:50:44','zY_hackinWasFun'),(0,'2012-09-30 14:53:30','zd_gr8WrkAdmins'),(0,'2012-09-30 14:51:17','ze_hackinWasFun'),(3,'2012-09-28 15:14:15','zero'),(1,'2012-09-28 15:32:08','zeus'),(0,'2012-09-30 14:51:02','zf_hackinWasFun'),(0,'2012-09-30 14:52:57','zg_gr8WrkAdmins'),(0,'2012-09-30 14:52:57','zk_gr8WrkAdmins'),(0,'2012-09-30 14:50:24','zk_hackinWasFun'),(0,'2012-09-30 14:52:58','zl_gr8WrkAdmins'),(0,'2012-09-30 14:52:36','zn_gr8WrkAdmins'),(0,'2012-09-30 14:51:18','zo_hackinWasFun'),(0,'2012-09-30 14:50:57','zp_hackinWasFun'),(0,'2012-09-30 14:52:09','zq_gr8WrkAdmins'),(0,'2012-09-30 14:51:26','zt_hackinWasFun'),(0,'2012-09-30 14:53:36','zu_gr8WrkAdmins'),(0,'2012-09-30 14:50:32','zu_hackinWasFun'),(2,'2012-09-28 15:15:51','zunk_yard'),(0,'2012-09-30 14:53:26','zw_gr8WrkAdmins'),(0,'2012-09-30 14:50:23','zw_hackinWasFun'),(0,'2012-09-30 14:51:52','zx_gr8WrkAdmins');
/*!40000 ALTER TABLE `userdata` ENABLE KEYS */;
UNLOCK TABLES;
/*!40103 SET TIME_ZONE=@OLD_TIME_ZONE */;

/*!40101 SET SQL_MODE=@OLD_SQL_MODE */;
/*!40014 SET FOREIGN_KEY_CHECKS=@OLD_FOREIGN_KEY_CHECKS */;
/*!40014 SET UNIQUE_CHECKS=@OLD_UNIQUE_CHECKS */;
/*!40101 SET CHARACTER_SET_CLIENT=@OLD_CHARACTER_SET_CLIENT */;
/*!40101 SET CHARACTER_SET_RESULTS=@OLD_CHARACTER_SET_RESULTS */;
/*!40101 SET COLLATION_CONNECTION=@OLD_COLLATION_CONNECTION */;
/*!40111 SET SQL_NOTES=@OLD_SQL_NOTES */;

-- Dump completed on 2012-09-30 20:38:45
