-- MySQL dump 10.13  Distrib 5.1.61, for redhat-linux-gnu (x86_64)
--
-- Host: localhost    Database: 
-- ------------------------------------------------------
-- Server version	5.1.61

/*!40101 SET @OLD_CHARACTER_SET_CLIENT=@@CHARACTER_SET_CLIENT */;
/*!40101 SET @OLD_CHARACTER_SET_RESULTS=@@CHARACTER_SET_RESULTS */;
/*!40101 SET @OLD_COLLATION_CONNECTION=@@COLLATION_CONNECTION */;
/*!40101 SET NAMES utf8 */;
/*!40103 SET @OLD_TIME_ZONE=@@TIME_ZONE */;
/*!40103 SET TIME_ZONE='+00:00' */;
/*!40014 SET @OLD_UNIQUE_CHECKS=@@UNIQUE_CHECKS, UNIQUE_CHECKS=0 */;
/*!40014 SET @OLD_FOREIGN_KEY_CHECKS=@@FOREIGN_KEY_CHECKS, FOREIGN_KEY_CHECKS=0 */;
/*!40101 SET @OLD_SQL_MODE=@@SQL_MODE, SQL_MODE='NO_AUTO_VALUE_ON_ZERO' */;
/*!40111 SET @OLD_SQL_NOTES=@@SQL_NOTES, SQL_NOTES=0 */;

--
-- Current Database: `buzz`
--

CREATE DATABASE /*!32312 IF NOT EXISTS*/ `buzz` /*!40100 DEFAULT CHARACTER SET latin1 */;

USE `buzz`;

--
-- Table structure for table `feedback`
--

DROP TABLE IF EXISTS `feedback`;
/*!40101 SET @saved_cs_client     = @@character_set_client */;
/*!40101 SET character_set_client = utf8 */;
CREATE TABLE `feedback` (
  `name` varchar(100) DEFAULT NULL,
  `email` varchar(200) DEFAULT NULL,
  `message` varchar(2000) DEFAULT NULL
) ENGINE=MyISAM DEFAULT CHARSET=latin1;
/*!40101 SET character_set_client = @saved_cs_client */;

--
-- Dumping data for table `feedback`
--

LOCK TABLES `feedback` WRITE;
/*!40000 ALTER TABLE `feedback` DISABLE KEYS */;
INSERT INTO `feedback` VALUES ('Ankush','kkiddu@yahoo.com','Test feedback'),('Madhavan','madhavan.chetlur@students.iiit.ac.in','Hi,\r\nPlease add event descriptions :)\r\nOtherwise neat site '),('test','test','test'),('Ankush','kkiddu@yahoo.com','Some message'),('Prathyush','prathyush.sambaturu@research.iiit.ac.in','Where do we get the T shirts and from when??\r\n'),('test2','test2','test2'),('Test','test@user.com','Tssata'),('N Krishna','krishna.n@students.iiit.ac.in','where do i buy these t-shirts ?'),('','',''),('','',''),('xyz','abc','abc'),('\'','\'','\''),('','',''),('Ankush Jain','kkiddu@yahoo.com','Test message'),('Ankush Jain','kkiddu@yahoo.com','Test message'),('Harry Potter','harry@potter.com','harry potter is no more'),('Rabbi','rabbi@shergill.com','Helloes, I\'m a singer.'),('Tun tun','Chun Chun','Mun Mun'),('Ankush Jain','abc@def.com','Ankush'),('Ankush Jain','abc@def.com','Ankush'),('Ankush Jain','kkiddu@yahoo.com','Test message'),('test1','test@user.com','test1'),('test2','test@user.com','test2'),('Genuine feedbacker','genuine@feedback.com','I have a genuine feedback'),('test4','test@user.com','test4'),('Himani Upadhyay','himani.upadhyay@research.iiit.ac.in','Will there be any other designs upcoming for the t-shirt later??'),('Pulkit','pulkit.dilip@students.iiit.ac.in','Can PG student tak part in events...Gully cricket n all..up2 when v hv 2 register our team..and to whom??'),('Test AJ','test@user.com','AJ AJ AJ'),('Test','Test@test.in','Blah'),('divya','sai_divya1807@yahoo.com','any events like paper presentations or power point presentations are being conducted??');
/*!40000 ALTER TABLE `feedback` ENABLE KEYS */;
UNLOCK TABLES;

--
-- Table structure for table `logxxx`
--

DROP TABLE IF EXISTS `logxxx`;
/*!40101 SET @saved_cs_client     = @@character_set_client */;
/*!40101 SET character_set_client = utf8 */;
CREATE TABLE `logxxx` (
  `nick_nm` varchar(15) NOT NULL DEFAULT '',
  `timex` timestamp NOT NULL DEFAULT CURRENT_TIMESTAMP ON UPDATE CURRENT_TIMESTAMP,
  `levelx` int(11) DEFAULT NULL,
  PRIMARY KEY (`nick_nm`)
) ENGINE=MyISAM DEFAULT CHARSET=latin1;
/*!40101 SET character_set_client = @saved_cs_client */;

--
-- Dumping data for table `logxxx`
--

LOCK TABLES `logxxx` WRITE;
/*!40000 ALTER TABLE `logxxx` DISABLE KEYS */;
/*!40000 ALTER TABLE `logxxx` ENABLE KEYS */;
UNLOCK TABLES;

--
-- Table structure for table `phpbb_acl_groups`
--

DROP TABLE IF EXISTS `phpbb_acl_groups`;
/*!40101 SET @saved_cs_client     = @@character_set_client */;
/*!40101 SET character_set_client = utf8 */;
CREATE TABLE `phpbb_acl_groups` (
  `group_id` mediumint(8) unsigned NOT NULL DEFAULT '0',
  `forum_id` mediumint(8) unsigned NOT NULL DEFAULT '0',
  `auth_option_id` mediumint(8) unsigned NOT NULL DEFAULT '0',
  `auth_role_id` mediumint(8) unsigned NOT NULL DEFAULT '0',
  `auth_setting` tinyint(2) NOT NULL DEFAULT '0',
  KEY `group_id` (`group_id`),
  KEY `auth_opt_id` (`auth_option_id`),
  KEY `auth_role_id` (`auth_role_id`)
) ENGINE=MyISAM DEFAULT CHARSET=utf8 COLLATE=utf8_bin;
/*!40101 SET character_set_client = @saved_cs_client */;

--
-- Dumping data for table `phpbb_acl_groups`
--

LOCK TABLES `phpbb_acl_groups` WRITE;
/*!40000 ALTER TABLE `phpbb_acl_groups` DISABLE KEYS */;
INSERT INTO `phpbb_acl_groups` VALUES (1,0,85,0,1),(1,0,93,0,1),(1,0,111,0,1),(5,0,0,5,0),(5,0,0,1,0),(2,0,0,6,0),(3,0,0,6,0),(4,0,0,5,0),(4,0,0,10,0),(1,1,0,17,0),(2,1,0,17,0),(3,1,0,17,0),(6,1,0,17,0),(8,2,0,10,0),(8,2,0,14,0),(6,2,0,17,0),(7,0,0,23,0),(3,2,0,17,0),(1,3,0,17,0),(2,3,0,15,0),(3,3,0,17,0),(6,3,0,17,0),(8,0,0,2,0),(8,0,0,5,0),(1,4,0,17,0),(2,4,0,15,0),(3,4,0,17,0),(6,4,0,17,0),(2,2,0,15,0),(1,2,0,17,0),(8,3,0,14,0),(8,3,0,10,0),(8,4,0,14,0),(8,4,0,10,0),(8,0,0,10,0);
/*!40000 ALTER TABLE `phpbb_acl_groups` ENABLE KEYS */;
UNLOCK TABLES;

--
-- Table structure for table `phpbb_acl_options`
--

DROP TABLE IF EXISTS `phpbb_acl_options`;
/*!40101 SET @saved_cs_client     = @@character_set_client */;
/*!40101 SET character_set_client = utf8 */;
CREATE TABLE `phpbb_acl_options` (
  `auth_option_id` mediumint(8) unsigned NOT NULL AUTO_INCREMENT,
  `auth_option` varchar(50) COLLATE utf8_bin NOT NULL DEFAULT '',
  `is_global` tinyint(1) unsigned NOT NULL DEFAULT '0',
  `is_local` tinyint(1) unsigned NOT NULL DEFAULT '0',
  `founder_only` tinyint(1) unsigned NOT NULL DEFAULT '0',
  PRIMARY KEY (`auth_option_id`),
  UNIQUE KEY `auth_option` (`auth_option`)
) ENGINE=MyISAM AUTO_INCREMENT=118 DEFAULT CHARSET=utf8 COLLATE=utf8_bin;
/*!40101 SET character_set_client = @saved_cs_client */;

--
-- Dumping data for table `phpbb_acl_options`
--

LOCK TABLES `phpbb_acl_options` WRITE;
/*!40000 ALTER TABLE `phpbb_acl_options` DISABLE KEYS */;
INSERT INTO `phpbb_acl_options` VALUES (1,'f_',0,1,0),(2,'f_announce',0,1,0),(3,'f_attach',0,1,0),(4,'f_bbcode',0,1,0),(5,'f_bump',0,1,0),(6,'f_delete',0,1,0),(7,'f_download',0,1,0),(8,'f_edit',0,1,0),(9,'f_email',0,1,0),(10,'f_flash',0,1,0),(11,'f_icons',0,1,0),(12,'f_ignoreflood',0,1,0),(13,'f_img',0,1,0),(14,'f_list',0,1,0),(15,'f_noapprove',0,1,0),(16,'f_poll',0,1,0),(17,'f_post',0,1,0),(18,'f_postcount',0,1,0),(19,'f_print',0,1,0),(20,'f_read',0,1,0),(21,'f_reply',0,1,0),(22,'f_report',0,1,0),(23,'f_search',0,1,0),(24,'f_sigs',0,1,0),(25,'f_smilies',0,1,0),(26,'f_sticky',0,1,0),(27,'f_subscribe',0,1,0),(28,'f_user_lock',0,1,0),(29,'f_vote',0,1,0),(30,'f_votechg',0,1,0),(31,'m_',1,1,0),(32,'m_approve',1,1,0),(33,'m_chgposter',1,1,0),(34,'m_delete',1,1,0),(35,'m_edit',1,1,0),(36,'m_info',1,1,0),(37,'m_lock',1,1,0),(38,'m_merge',1,1,0),(39,'m_move',1,1,0),(40,'m_report',1,1,0),(41,'m_split',1,1,0),(42,'m_ban',1,0,0),(43,'m_warn',1,0,0),(44,'a_',1,0,0),(45,'a_aauth',1,0,0),(46,'a_attach',1,0,0),(47,'a_authgroups',1,0,0),(48,'a_authusers',1,0,0),(49,'a_backup',1,0,0),(50,'a_ban',1,0,0),(51,'a_bbcode',1,0,0),(52,'a_board',1,0,0),(53,'a_bots',1,0,0),(54,'a_clearlogs',1,0,0),(55,'a_email',1,0,0),(56,'a_fauth',1,0,0),(57,'a_forum',1,0,0),(58,'a_forumadd',1,0,0),(59,'a_forumdel',1,0,0),(60,'a_group',1,0,0),(61,'a_groupadd',1,0,0),(62,'a_groupdel',1,0,0),(63,'a_icons',1,0,0),(64,'a_jabber',1,0,0),(65,'a_language',1,0,0),(66,'a_mauth',1,0,0),(67,'a_modules',1,0,0),(68,'a_names',1,0,0),(69,'a_phpinfo',1,0,0),(70,'a_profile',1,0,0),(71,'a_prune',1,0,0),(72,'a_ranks',1,0,0),(73,'a_reasons',1,0,0),(74,'a_roles',1,0,0),(75,'a_search',1,0,0),(76,'a_server',1,0,0),(77,'a_styles',1,0,0),(78,'a_switchperm',1,0,0),(79,'a_uauth',1,0,0),(80,'a_user',1,0,0),(81,'a_userdel',1,0,0),(82,'a_viewauth',1,0,0),(83,'a_viewlogs',1,0,0),(84,'a_words',1,0,0),(85,'u_',1,0,0),(86,'u_attach',1,0,0),(87,'u_chgavatar',1,0,0),(88,'u_chgcensors',1,0,0),(89,'u_chgemail',1,0,0),(90,'u_chggrp',1,0,0),(91,'u_chgname',1,0,0),(92,'u_chgpasswd',1,0,0),(93,'u_download',1,0,0),(94,'u_hideonline',1,0,0),(95,'u_ignoreflood',1,0,0),(96,'u_masspm',1,0,0),(97,'u_masspm_group',1,0,0),(98,'u_pm_attach',1,0,0),(99,'u_pm_bbcode',1,0,0),(100,'u_pm_delete',1,0,0),(101,'u_pm_download',1,0,0),(102,'u_pm_edit',1,0,0),(103,'u_pm_emailpm',1,0,0),(104,'u_pm_flash',1,0,0),(105,'u_pm_forward',1,0,0),(106,'u_pm_img',1,0,0),(107,'u_pm_printpm',1,0,0),(108,'u_pm_smilies',1,0,0),(109,'u_readpm',1,0,0),(110,'u_savedrafts',1,0,0),(111,'u_search',1,0,0),(112,'u_sendemail',1,0,0),(113,'u_sendim',1,0,0),(114,'u_sendpm',1,0,0),(115,'u_sig',1,0,0),(116,'u_viewonline',1,0,0),(117,'u_viewprofile',1,0,0);
/*!40000 ALTER TABLE `phpbb_acl_options` ENABLE KEYS */;
UNLOCK TABLES;

--
-- Table structure for table `phpbb_acl_roles`
--

DROP TABLE IF EXISTS `phpbb_acl_roles`;
/*!40101 SET @saved_cs_client     = @@character_set_client */;
/*!40101 SET character_set_client = utf8 */;
CREATE TABLE `phpbb_acl_roles` (
  `role_id` mediumint(8) unsigned NOT NULL AUTO_INCREMENT,
  `role_name` varchar(255) COLLATE utf8_bin NOT NULL DEFAULT '',
  `role_description` text COLLATE utf8_bin NOT NULL,
  `role_type` varchar(10) COLLATE utf8_bin NOT NULL DEFAULT '',
  `role_order` smallint(4) unsigned NOT NULL DEFAULT '0',
  PRIMARY KEY (`role_id`),
  KEY `role_type` (`role_type`),
  KEY `role_order` (`role_order`)
) ENGINE=MyISAM AUTO_INCREMENT=25 DEFAULT CHARSET=utf8 COLLATE=utf8_bin;
/*!40101 SET character_set_client = @saved_cs_client */;

--
-- Dumping data for table `phpbb_acl_roles`
--

LOCK TABLES `phpbb_acl_roles` WRITE;
/*!40000 ALTER TABLE `phpbb_acl_roles` DISABLE KEYS */;
INSERT INTO `phpbb_acl_roles` VALUES (1,'ROLE_ADMIN_STANDARD','ROLE_DESCRIPTION_ADMIN_STANDARD','a_',1),(2,'ROLE_ADMIN_FORUM','ROLE_DESCRIPTION_ADMIN_FORUM','a_',3),(3,'ROLE_ADMIN_USERGROUP','ROLE_DESCRIPTION_ADMIN_USERGROUP','a_',4),(4,'ROLE_ADMIN_FULL','ROLE_DESCRIPTION_ADMIN_FULL','a_',2),(5,'ROLE_USER_FULL','ROLE_DESCRIPTION_USER_FULL','u_',3),(6,'ROLE_USER_STANDARD','ROLE_DESCRIPTION_USER_STANDARD','u_',1),(7,'ROLE_USER_LIMITED','ROLE_DESCRIPTION_USER_LIMITED','u_',2),(8,'ROLE_USER_NOPM','ROLE_DESCRIPTION_USER_NOPM','u_',4),(9,'ROLE_USER_NOAVATAR','ROLE_DESCRIPTION_USER_NOAVATAR','u_',5),(10,'ROLE_MOD_FULL','ROLE_DESCRIPTION_MOD_FULL','m_',3),(11,'ROLE_MOD_STANDARD','ROLE_DESCRIPTION_MOD_STANDARD','m_',1),(12,'ROLE_MOD_SIMPLE','ROLE_DESCRIPTION_MOD_SIMPLE','m_',2),(13,'ROLE_MOD_QUEUE','ROLE_DESCRIPTION_MOD_QUEUE','m_',4),(14,'ROLE_FORUM_FULL','ROLE_DESCRIPTION_FORUM_FULL','f_',7),(15,'ROLE_FORUM_STANDARD','ROLE_DESCRIPTION_FORUM_STANDARD','f_',5),(16,'ROLE_FORUM_NOACCESS','ROLE_DESCRIPTION_FORUM_NOACCESS','f_',1),(17,'ROLE_FORUM_READONLY','ROLE_DESCRIPTION_FORUM_READONLY','f_',2),(18,'ROLE_FORUM_LIMITED','ROLE_DESCRIPTION_FORUM_LIMITED','f_',3),(19,'ROLE_FORUM_BOT','ROLE_DESCRIPTION_FORUM_BOT','f_',9),(20,'ROLE_FORUM_ONQUEUE','ROLE_DESCRIPTION_FORUM_ONQUEUE','f_',8),(21,'ROLE_FORUM_POLLS','ROLE_DESCRIPTION_FORUM_POLLS','f_',6),(22,'ROLE_FORUM_LIMITED_POLLS','ROLE_DESCRIPTION_FORUM_LIMITED_POLLS','f_',4),(23,'ROLE_USER_NEW_MEMBER','ROLE_DESCRIPTION_USER_NEW_MEMBER','u_',6),(24,'ROLE_FORUM_NEW_MEMBER','ROLE_DESCRIPTION_FORUM_NEW_MEMBER','f_',10);
/*!40000 ALTER TABLE `phpbb_acl_roles` ENABLE KEYS */;
UNLOCK TABLES;

--
-- Table structure for table `phpbb_acl_roles_data`
--

DROP TABLE IF EXISTS `phpbb_acl_roles_data`;
/*!40101 SET @saved_cs_client     = @@character_set_client */;
/*!40101 SET character_set_client = utf8 */;
CREATE TABLE `phpbb_acl_roles_data` (
  `role_id` mediumint(8) unsigned NOT NULL DEFAULT '0',
  `auth_option_id` mediumint(8) unsigned NOT NULL DEFAULT '0',
  `auth_setting` tinyint(2) NOT NULL DEFAULT '0',
  PRIMARY KEY (`role_id`,`auth_option_id`),
  KEY `ath_op_id` (`auth_option_id`)
) ENGINE=MyISAM DEFAULT CHARSET=utf8 COLLATE=utf8_bin;
/*!40101 SET character_set_client = @saved_cs_client */;

--
-- Dumping data for table `phpbb_acl_roles_data`
--

LOCK TABLES `phpbb_acl_roles_data` WRITE;
/*!40000 ALTER TABLE `phpbb_acl_roles_data` DISABLE KEYS */;
INSERT INTO `phpbb_acl_roles_data` VALUES (1,44,1),(1,46,1),(1,47,1),(1,48,1),(1,50,1),(1,51,1),(1,52,1),(1,56,1),(1,57,1),(1,58,1),(1,59,1),(1,60,1),(1,61,1),(1,62,1),(1,63,1),(1,66,1),(1,68,1),(1,70,1),(1,71,1),(1,72,1),(1,73,1),(1,79,1),(1,80,1),(1,81,1),(1,82,1),(1,83,1),(1,84,1),(2,44,1),(2,47,1),(2,48,1),(2,56,1),(2,57,1),(2,58,1),(2,59,1),(2,66,1),(2,71,1),(2,79,1),(2,82,1),(2,83,1),(3,44,1),(3,47,1),(3,48,1),(3,50,1),(3,60,1),(3,61,1),(3,62,1),(3,72,1),(3,79,1),(3,80,1),(3,82,1),(3,83,1),(4,44,1),(4,45,1),(4,46,1),(4,47,1),(4,48,1),(4,49,1),(4,50,1),(4,51,1),(4,52,1),(4,53,1),(4,54,1),(4,55,1),(4,56,1),(4,57,1),(4,58,1),(4,59,1),(4,60,1),(4,61,1),(4,62,1),(4,63,1),(4,64,1),(4,65,1),(4,66,1),(4,67,1),(4,68,1),(4,69,1),(4,70,1),(4,71,1),(4,72,1),(4,73,1),(4,74,1),(4,75,1),(4,76,1),(4,77,1),(4,78,1),(4,79,1),(4,80,1),(4,81,1),(4,82,1),(4,83,1),(4,84,1),(5,85,1),(5,86,1),(5,87,1),(5,88,1),(5,89,1),(5,90,1),(5,91,1),(5,92,1),(5,93,1),(5,94,1),(5,95,1),(5,96,1),(5,97,1),(5,98,1),(5,99,1),(5,100,1),(5,101,1),(5,102,1),(5,103,1),(5,104,1),(5,105,1),(5,106,1),(5,107,1),(5,108,1),(5,109,1),(5,110,1),(5,111,1),(5,112,1),(5,113,1),(5,114,1),(5,115,1),(5,116,1),(5,117,1),(6,85,1),(6,86,1),(6,87,1),(6,88,1),(6,89,1),(6,92,1),(6,93,1),(6,94,1),(6,96,1),(6,97,1),(6,98,1),(6,99,1),(6,100,1),(6,101,1),(6,102,1),(6,103,1),(6,106,1),(6,107,1),(6,108,1),(6,109,1),(6,110,1),(6,111,1),(6,112,1),(6,113,1),(6,114,1),(6,115,1),(6,117,1),(7,85,1),(7,87,1),(7,88,1),(7,89,1),(7,92,1),(7,93,1),(7,94,1),(7,99,1),(7,100,1),(7,101,1),(7,102,1),(7,105,1),(7,106,1),(7,107,1),(7,108,1),(7,109,1),(7,114,1),(7,115,1),(7,117,1),(8,85,1),(8,87,1),(8,88,1),(8,89,1),(8,92,1),(8,93,1),(8,94,1),(8,115,1),(8,117,1),(8,96,0),(8,97,0),(8,109,0),(8,114,0),(9,85,1),(9,88,1),(9,89,1),(9,92,1),(9,93,1),(9,94,1),(9,99,1),(9,100,1),(9,101,1),(9,102,1),(9,105,1),(9,106,1),(9,107,1),(9,108,1),(9,109,1),(9,114,1),(9,115,1),(9,117,1),(9,87,0),(10,31,1),(10,32,1),(10,42,1),(10,33,1),(10,34,1),(10,35,1),(10,36,1),(10,37,1),(10,38,1),(10,39,1),(10,40,1),(10,41,1),(10,43,1),(11,31,1),(11,32,1),(11,34,1),(11,35,1),(11,36,1),(11,37,1),(11,38,1),(11,39,1),(11,40,1),(11,41,1),(11,43,1),(12,31,1),(12,34,1),(12,35,1),(12,36,1),(12,40,1),(13,31,1),(13,32,1),(13,35,1),(14,1,1),(14,2,1),(14,3,1),(14,4,1),(14,5,1),(14,6,1),(14,7,1),(14,8,1),(14,9,1),(14,10,1),(14,11,1),(14,12,1),(14,13,1),(14,14,1),(14,15,1),(14,16,1),(14,17,1),(14,18,1),(14,19,1),(14,20,1),(14,21,1),(14,22,1),(14,23,1),(14,24,1),(14,25,1),(14,26,1),(14,27,1),(14,28,1),(14,29,1),(14,30,1),(15,1,1),(15,3,1),(15,4,1),(15,5,1),(15,6,1),(15,7,1),(15,8,1),(15,9,1),(15,11,1),(15,13,1),(15,14,1),(15,15,1),(15,17,1),(15,18,1),(15,19,1),(15,20,1),(15,21,1),(15,22,1),(15,23,1),(15,24,1),(15,25,1),(15,27,1),(15,29,1),(15,30,1),(16,1,0),(17,1,1),(17,7,1),(17,14,1),(17,19,1),(17,20,1),(17,23,1),(17,27,1),(18,1,1),(18,4,1),(18,7,1),(18,8,1),(18,9,1),(18,13,1),(18,14,1),(18,15,1),(18,17,1),(18,18,1),(18,19,1),(18,20,1),(18,21,1),(18,22,1),(18,23,1),(18,24,1),(18,25,1),(18,27,1),(18,29,1),(19,1,1),(19,7,1),(19,14,1),(19,19,1),(19,20,1),(20,1,1),(20,3,1),(20,4,1),(20,7,1),(20,8,1),(20,9,1),(20,13,1),(20,14,1),(20,17,1),(20,18,1),(20,19,1),(20,20,1),(20,21,1),(20,22,1),(20,23,1),(20,24,1),(20,25,1),(20,27,1),(20,29,1),(20,15,0),(21,1,1),(21,3,1),(21,4,1),(21,5,1),(21,6,1),(21,7,1),(21,8,1),(21,9,1),(21,11,1),(21,13,1),(21,14,1),(21,15,1),(21,16,1),(21,17,1),(21,18,1),(21,19,1),(21,20,1),(21,21,1),(21,22,1),(21,23,1),(21,24,1),(21,25,1),(21,27,1),(21,29,1),(21,30,1),(22,1,1),(22,4,1),(22,7,1),(22,8,1),(22,9,1),(22,13,1),(22,14,1),(22,15,1),(22,16,1),(22,17,1),(22,18,1),(22,19,1),(22,20,1),(22,21,1),(22,22,1),(22,23,1),(22,24,1),(22,25,1),(22,27,1),(22,29,1),(23,96,0),(23,97,0),(23,114,0),(24,15,0);
/*!40000 ALTER TABLE `phpbb_acl_roles_data` ENABLE KEYS */;
UNLOCK TABLES;

--
-- Table structure for table `phpbb_acl_users`
--

DROP TABLE IF EXISTS `phpbb_acl_users`;
/*!40101 SET @saved_cs_client     = @@character_set_client */;
/*!40101 SET character_set_client = utf8 */;
CREATE TABLE `phpbb_acl_users` (
  `user_id` mediumint(8) unsigned NOT NULL DEFAULT '0',
  `forum_id` mediumint(8) unsigned NOT NULL DEFAULT '0',
  `auth_option_id` mediumint(8) unsigned NOT NULL DEFAULT '0',
  `auth_role_id` mediumint(8) unsigned NOT NULL DEFAULT '0',
  `auth_setting` tinyint(2) NOT NULL DEFAULT '0',
  KEY `user_id` (`user_id`),
  KEY `auth_option_id` (`auth_option_id`),
  KEY `auth_role_id` (`auth_role_id`)
) ENGINE=MyISAM DEFAULT CHARSET=utf8 COLLATE=utf8_bin;
/*!40101 SET character_set_client = @saved_cs_client */;

--
-- Dumping data for table `phpbb_acl_users`
--

LOCK TABLES `phpbb_acl_users` WRITE;
/*!40000 ALTER TABLE `phpbb_acl_users` DISABLE KEYS */;
INSERT INTO `phpbb_acl_users` VALUES (2,0,0,5,0),(57,0,0,7,0),(77,2,0,10,0),(57,3,0,14,0),(57,3,0,10,0),(73,4,0,10,0),(54,2,0,10,0);
/*!40000 ALTER TABLE `phpbb_acl_users` ENABLE KEYS */;
UNLOCK TABLES;

--
-- Table structure for table `phpbb_attachments`
--

DROP TABLE IF EXISTS `phpbb_attachments`;
/*!40101 SET @saved_cs_client     = @@character_set_client */;
/*!40101 SET character_set_client = utf8 */;
CREATE TABLE `phpbb_attachments` (
  `attach_id` mediumint(8) unsigned NOT NULL AUTO_INCREMENT,
  `post_msg_id` mediumint(8) unsigned NOT NULL DEFAULT '0',
  `topic_id` mediumint(8) unsigned NOT NULL DEFAULT '0',
  `in_message` tinyint(1) unsigned NOT NULL DEFAULT '0',
  `poster_id` mediumint(8) unsigned NOT NULL DEFAULT '0',
  `is_orphan` tinyint(1) unsigned NOT NULL DEFAULT '1',
  `physical_filename` varchar(255) COLLATE utf8_bin NOT NULL DEFAULT '',
  `real_filename` varchar(255) COLLATE utf8_bin NOT NULL DEFAULT '',
  `download_count` mediumint(8) unsigned NOT NULL DEFAULT '0',
  `attach_comment` text COLLATE utf8_bin NOT NULL,
  `extension` varchar(100) COLLATE utf8_bin NOT NULL DEFAULT '',
  `mimetype` varchar(100) COLLATE utf8_bin NOT NULL DEFAULT '',
  `filesize` int(20) unsigned NOT NULL DEFAULT '0',
  `filetime` int(11) unsigned NOT NULL DEFAULT '0',
  `thumbnail` tinyint(1) unsigned NOT NULL DEFAULT '0',
  PRIMARY KEY (`attach_id`),
  KEY `filetime` (`filetime`),
  KEY `post_msg_id` (`post_msg_id`),
  KEY `topic_id` (`topic_id`),
  KEY `poster_id` (`poster_id`),
  KEY `is_orphan` (`is_orphan`)
) ENGINE=MyISAM DEFAULT CHARSET=utf8 COLLATE=utf8_bin;
/*!40101 SET character_set_client = @saved_cs_client */;

--
-- Dumping data for table `phpbb_attachments`
--

LOCK TABLES `phpbb_attachments` WRITE;
/*!40000 ALTER TABLE `phpbb_attachments` DISABLE KEYS */;
/*!40000 ALTER TABLE `phpbb_attachments` ENABLE KEYS */;
UNLOCK TABLES;

--
-- Table structure for table `phpbb_banlist`
--

DROP TABLE IF EXISTS `phpbb_banlist`;
/*!40101 SET @saved_cs_client     = @@character_set_client */;
/*!40101 SET character_set_client = utf8 */;
CREATE TABLE `phpbb_banlist` (
  `ban_id` mediumint(8) unsigned NOT NULL AUTO_INCREMENT,
  `ban_userid` mediumint(8) unsigned NOT NULL DEFAULT '0',
  `ban_ip` varchar(40) COLLATE utf8_bin NOT NULL DEFAULT '',
  `ban_email` varchar(100) COLLATE utf8_bin NOT NULL DEFAULT '',
  `ban_start` int(11) unsigned NOT NULL DEFAULT '0',
  `ban_end` int(11) unsigned NOT NULL DEFAULT '0',
  `ban_exclude` tinyint(1) unsigned NOT NULL DEFAULT '0',
  `ban_reason` varchar(255) COLLATE utf8_bin NOT NULL DEFAULT '',
  `ban_give_reason` varchar(255) COLLATE utf8_bin NOT NULL DEFAULT '',
  PRIMARY KEY (`ban_id`),
  KEY `ban_end` (`ban_end`),
  KEY `ban_user` (`ban_userid`,`ban_exclude`),
  KEY `ban_email` (`ban_email`,`ban_exclude`),
  KEY `ban_ip` (`ban_ip`,`ban_exclude`)
) ENGINE=MyISAM DEFAULT CHARSET=utf8 COLLATE=utf8_bin;
/*!40101 SET character_set_client = @saved_cs_client */;

--
-- Dumping data for table `phpbb_banlist`
--

LOCK TABLES `phpbb_banlist` WRITE;
/*!40000 ALTER TABLE `phpbb_banlist` DISABLE KEYS */;
/*!40000 ALTER TABLE `phpbb_banlist` ENABLE KEYS */;
UNLOCK TABLES;

--
-- Table structure for table `phpbb_bbcodes`
--

DROP TABLE IF EXISTS `phpbb_bbcodes`;
/*!40101 SET @saved_cs_client     = @@character_set_client */;
/*!40101 SET character_set_client = utf8 */;
CREATE TABLE `phpbb_bbcodes` (
  `bbcode_id` smallint(4) unsigned NOT NULL DEFAULT '0',
  `bbcode_tag` varchar(16) COLLATE utf8_bin NOT NULL DEFAULT '',
  `bbcode_helpline` varchar(255) COLLATE utf8_bin NOT NULL DEFAULT '',
  `display_on_posting` tinyint(1) unsigned NOT NULL DEFAULT '0',
  `bbcode_match` text COLLATE utf8_bin NOT NULL,
  `bbcode_tpl` mediumtext COLLATE utf8_bin NOT NULL,
  `first_pass_match` mediumtext COLLATE utf8_bin NOT NULL,
  `first_pass_replace` mediumtext COLLATE utf8_bin NOT NULL,
  `second_pass_match` mediumtext COLLATE utf8_bin NOT NULL,
  `second_pass_replace` mediumtext COLLATE utf8_bin NOT NULL,
  PRIMARY KEY (`bbcode_id`),
  KEY `display_on_post` (`display_on_posting`)
) ENGINE=MyISAM DEFAULT CHARSET=utf8 COLLATE=utf8_bin;
/*!40101 SET character_set_client = @saved_cs_client */;

--
-- Dumping data for table `phpbb_bbcodes`
--

LOCK TABLES `phpbb_bbcodes` WRITE;
/*!40000 ALTER TABLE `phpbb_bbcodes` DISABLE KEYS */;
/*!40000 ALTER TABLE `phpbb_bbcodes` ENABLE KEYS */;
UNLOCK TABLES;

--
-- Table structure for table `phpbb_bookmarks`
--

DROP TABLE IF EXISTS `phpbb_bookmarks`;
/*!40101 SET @saved_cs_client     = @@character_set_client */;
/*!40101 SET character_set_client = utf8 */;
CREATE TABLE `phpbb_bookmarks` (
  `topic_id` mediumint(8) unsigned NOT NULL DEFAULT '0',
  `user_id` mediumint(8) unsigned NOT NULL DEFAULT '0',
  PRIMARY KEY (`topic_id`,`user_id`)
) ENGINE=MyISAM DEFAULT CHARSET=utf8 COLLATE=utf8_bin;
/*!40101 SET character_set_client = @saved_cs_client */;

--
-- Dumping data for table `phpbb_bookmarks`
--

LOCK TABLES `phpbb_bookmarks` WRITE;
/*!40000 ALTER TABLE `phpbb_bookmarks` DISABLE KEYS */;
/*!40000 ALTER TABLE `phpbb_bookmarks` ENABLE KEYS */;
UNLOCK TABLES;

--
-- Table structure for table `phpbb_bots`
--

DROP TABLE IF EXISTS `phpbb_bots`;
/*!40101 SET @saved_cs_client     = @@character_set_client */;
/*!40101 SET character_set_client = utf8 */;
CREATE TABLE `phpbb_bots` (
  `bot_id` mediumint(8) unsigned NOT NULL AUTO_INCREMENT,
  `bot_active` tinyint(1) unsigned NOT NULL DEFAULT '1',
  `bot_name` varchar(255) COLLATE utf8_bin NOT NULL DEFAULT '',
  `user_id` mediumint(8) unsigned NOT NULL DEFAULT '0',
  `bot_agent` varchar(255) COLLATE utf8_bin NOT NULL DEFAULT '',
  `bot_ip` varchar(255) COLLATE utf8_bin NOT NULL DEFAULT '',
  PRIMARY KEY (`bot_id`),
  KEY `bot_active` (`bot_active`)
) ENGINE=MyISAM AUTO_INCREMENT=52 DEFAULT CHARSET=utf8 COLLATE=utf8_bin;
/*!40101 SET character_set_client = @saved_cs_client */;

--
-- Dumping data for table `phpbb_bots`
--

LOCK TABLES `phpbb_bots` WRITE;
/*!40000 ALTER TABLE `phpbb_bots` DISABLE KEYS */;
INSERT INTO `phpbb_bots` VALUES (1,1,'AdsBot [Google]',3,'AdsBot-Google',''),(2,1,'Alexa [Bot]',4,'ia_archiver',''),(3,1,'Alta Vista [Bot]',5,'Scooter/',''),(4,1,'Ask Jeeves [Bot]',6,'Ask Jeeves',''),(5,1,'Baidu [Spider]',7,'Baiduspider+(',''),(6,1,'Bing [Bot]',8,'bingbot/',''),(7,1,'Exabot [Bot]',9,'Exabot/',''),(8,1,'FAST Enterprise [Crawler]',10,'FAST Enterprise Crawler',''),(9,1,'FAST WebCrawler [Crawler]',11,'FAST-WebCrawler/',''),(10,1,'Francis [Bot]',12,'http://www.neomo.de/',''),(11,1,'Gigabot [Bot]',13,'Gigabot/',''),(12,1,'Google Adsense [Bot]',14,'Mediapartners-Google',''),(13,1,'Google Desktop',15,'Google Desktop',''),(14,1,'Google Feedfetcher',16,'Feedfetcher-Google',''),(15,1,'Google [Bot]',17,'Googlebot',''),(16,1,'Heise IT-Markt [Crawler]',18,'heise-IT-Markt-Crawler',''),(17,1,'Heritrix [Crawler]',19,'heritrix/1.',''),(18,1,'IBM Research [Bot]',20,'ibm.com/cs/crawler',''),(19,1,'ICCrawler - ICjobs',21,'ICCrawler - ICjobs',''),(20,1,'ichiro [Crawler]',22,'ichiro/',''),(21,1,'Majestic-12 [Bot]',23,'MJ12bot/',''),(22,1,'Metager [Bot]',24,'MetagerBot/',''),(23,1,'MSN NewsBlogs',25,'msnbot-NewsBlogs/',''),(24,1,'MSN [Bot]',26,'msnbot/',''),(25,1,'MSNbot Media',27,'msnbot-media/',''),(26,1,'NG-Search [Bot]',28,'NG-Search/',''),(27,1,'Nutch [Bot]',29,'http://lucene.apache.org/nutch/',''),(28,1,'Nutch/CVS [Bot]',30,'NutchCVS/',''),(29,1,'OmniExplorer [Bot]',31,'OmniExplorer_Bot/',''),(30,1,'Online link [Validator]',32,'online link validator',''),(31,1,'psbot [Picsearch]',33,'psbot/0',''),(32,1,'Seekport [Bot]',34,'Seekbot/',''),(33,1,'Sensis [Crawler]',35,'Sensis Web Crawler',''),(34,1,'SEO Crawler',36,'SEO search Crawler/',''),(35,1,'Seoma [Crawler]',37,'Seoma [SEO Crawler]',''),(36,1,'SEOSearch [Crawler]',38,'SEOsearch/',''),(37,1,'Snappy [Bot]',39,'Snappy/1.1 ( http://www.urltrends.com/ )',''),(38,1,'Steeler [Crawler]',40,'http://www.tkl.iis.u-tokyo.ac.jp/~crawler/',''),(39,1,'Synoo [Bot]',41,'SynooBot/',''),(40,1,'Telekom [Bot]',42,'crawleradmin.t-info@telekom.de',''),(41,1,'TurnitinBot [Bot]',43,'TurnitinBot/',''),(42,1,'Voyager [Bot]',44,'voyager/1.0',''),(43,1,'W3 [Sitesearch]',45,'W3 SiteSearch Crawler',''),(44,1,'W3C [Linkcheck]',46,'W3C-checklink/',''),(45,1,'W3C [Validator]',47,'W3C_*Validator',''),(46,1,'WiseNut [Bot]',48,'http://www.WISEnutbot.com',''),(47,1,'YaCy [Bot]',49,'yacybot',''),(48,1,'Yahoo MMCrawler [Bot]',50,'Yahoo-MMCrawler/',''),(49,1,'Yahoo Slurp [Bot]',51,'Yahoo! DE Slurp',''),(50,1,'Yahoo [Bot]',52,'Yahoo! Slurp',''),(51,1,'YahooSeeker [Bot]',53,'YahooSeeker/','');
/*!40000 ALTER TABLE `phpbb_bots` ENABLE KEYS */;
UNLOCK TABLES;

--
-- Table structure for table `phpbb_config`
--

DROP TABLE IF EXISTS `phpbb_config`;
/*!40101 SET @saved_cs_client     = @@character_set_client */;
/*!40101 SET character_set_client = utf8 */;
CREATE TABLE `phpbb_config` (
  `config_name` varchar(255) COLLATE utf8_bin NOT NULL DEFAULT '',
  `config_value` varchar(255) COLLATE utf8_bin NOT NULL DEFAULT '',
  `is_dynamic` tinyint(1) unsigned NOT NULL DEFAULT '0',
  PRIMARY KEY (`config_name`),
  KEY `is_dynamic` (`is_dynamic`)
) ENGINE=MyISAM DEFAULT CHARSET=utf8 COLLATE=utf8_bin;
/*!40101 SET character_set_client = @saved_cs_client */;

--
-- Dumping data for table `phpbb_config`
--

LOCK TABLES `phpbb_config` WRITE;
/*!40000 ALTER TABLE `phpbb_config` DISABLE KEYS */;
INSERT INTO `phpbb_config` VALUES ('active_sessions','0',0),('allow_attachments','1',0),('allow_autologin','1',0),('allow_avatar','1',0),('allow_avatar_local','0',0),('allow_avatar_remote','0',0),('allow_avatar_upload','1',0),('allow_avatar_remote_upload','0',0),('allow_bbcode','1',0),('allow_birthdays','1',0),('allow_bookmarks','1',0),('allow_emailreuse','0',0),('allow_forum_notify','1',0),('allow_mass_pm','1',0),('allow_name_chars','USERNAME_CHARS_ANY',0),('allow_namechange','0',0),('allow_nocensors','0',0),('allow_pm_attach','0',0),('allow_pm_report','1',0),('allow_post_flash','1',0),('allow_post_links','1',0),('allow_privmsg','1',0),('allow_quick_reply','0',0),('allow_sig','1',0),('allow_sig_bbcode','1',0),('allow_sig_flash','0',0),('allow_sig_img','1',0),('allow_sig_links','1',0),('allow_sig_pm','1',0),('allow_sig_smilies','1',0),('allow_smilies','1',0),('allow_topic_notify','1',0),('attachment_quota','52428800',0),('auth_bbcode_pm','1',0),('auth_flash_pm','0',0),('auth_img_pm','1',0),('auth_method','db',0),('auth_smilies_pm','1',0),('avatar_filesize','6144',0),('avatar_gallery_path','images/avatars/gallery',0),('avatar_max_height','90',0),('avatar_max_width','90',0),('avatar_min_height','20',0),('avatar_min_width','20',0),('avatar_path','images/avatars/upload',0),('avatar_salt','32ab0a92d38744682b073f48d03e102d',0),('board_contact','admin@felicitybuzz.com',0),('board_disable','0',0),('board_disable_msg','',0),('board_dst','0',0),('board_email','admin@felicitybuzz.com',0),('board_email_form','0',0),('board_email_sig','Thanks, The Management',0),('board_hide_emails','1',0),('board_timezone','5.5',0),('browser_check','1',0),('bump_interval','10',0),('bump_type','d',0),('cache_gc','7200',0),('captcha_plugin','phpbb_captcha_gd',0),('captcha_gd','1',0),('captcha_gd_foreground_noise','0',0),('captcha_gd_x_grid','25',0),('captcha_gd_y_grid','25',0),('captcha_gd_wave','0',0),('captcha_gd_3d_noise','1',0),('captcha_gd_fonts','1',0),('confirm_refresh','1',0),('check_attachment_content','1',0),('check_dnsbl','0',0),('chg_passforce','0',0),('cookie_domain','felicity.iiit.ac.in',0),('cookie_name','phpbb3_hx2fk',0),('cookie_path','/',0),('cookie_secure','0',0),('coppa_enable','0',0),('coppa_fax','',0),('coppa_mail','',0),('database_gc','604800',0),('dbms_version','5.1.61',0),('default_dateformat','D M d, Y g:i a',0),('default_style','6',0),('display_last_edited','1',0),('display_order','0',0),('edit_time','0',0),('delete_time','0',0),('email_check_mx','1',0),('email_enable','0',0),('email_function_name','mail',0),('email_max_chunk_size','50',0),('email_package_size','20',0),('enable_confirm','1',0),('enable_pm_icons','1',0),('enable_post_confirm','1',0),('feed_enable','1',0),('feed_http_auth','0',0),('feed_limit_post','15',0),('feed_limit_topic','10',0),('feed_overall_forums','0',0),('feed_overall','1',0),('feed_forum','1',0),('feed_topic','1',0),('feed_topics_new','1',0),('feed_topics_active','0',0),('feed_item_statistics','1',0),('flood_interval','15',0),('force_server_vars','0',0),('form_token_lifetime','7200',0),('form_token_mintime','0',0),('form_token_sid_guests','1',0),('forward_pm','1',0),('forwarded_for_check','0',0),('full_folder_action','2',0),('fulltext_mysql_max_word_len','254',0),('fulltext_mysql_min_word_len','4',0),('fulltext_native_common_thres','5',0),('fulltext_native_load_upd','1',0),('fulltext_native_max_chars','14',0),('fulltext_native_min_chars','3',0),('gzip_compress','0',0),('hot_threshold','25',0),('icons_path','images/icons',0),('img_create_thumbnail','0',0),('img_display_inlined','1',0),('img_imagick','/usr/bin/',0),('img_link_height','0',0),('img_link_width','0',0),('img_max_height','0',0),('img_max_thumb_width','400',0),('img_max_width','0',0),('img_min_thumb_filesize','12000',0),('ip_check','3',0),('ip_login_limit_max','50',0),('ip_login_limit_time','21600',0),('ip_login_limit_use_forwarded','0',0),('jab_enable','0',0),('jab_host','',0),('jab_password','',0),('jab_package_size','20',0),('jab_port','5222',0),('jab_use_ssl','0',0),('jab_username','',0),('ldap_base_dn','',0),('ldap_email','',0),('ldap_password','',0),('ldap_port','',0),('ldap_server','',0),('ldap_uid','',0),('ldap_user','',0),('ldap_user_filter','',0),('limit_load','0',0),('limit_search_load','0',0),('load_anon_lastread','0',0),('load_birthdays','1',0),('load_cpf_memberlist','0',0),('load_cpf_viewprofile','1',0),('load_cpf_viewtopic','0',0),('load_db_lastread','1',0),('load_db_track','1',0),('load_jumpbox','1',0),('load_moderators','1',0),('load_online','1',0),('load_online_guests','1',0),('load_online_time','5',0),('load_onlinetrack','1',0),('load_search','1',0),('load_tplcompile','0',0),('load_unreads_search','1',0),('load_user_activity','1',0),('max_attachments','3',0),('max_attachments_pm','1',0),('max_autologin_time','0',0),('max_filesize','262144',0),('max_filesize_pm','262144',0),('max_login_attempts','3',0),('max_name_chars','20',0),('max_num_search_keywords','10',0),('max_pass_chars','100',0),('max_poll_options','10',0),('max_post_chars','60000',0),('max_post_font_size','200',0),('max_post_img_height','0',0),('max_post_img_width','0',0),('max_post_smilies','0',0),('max_post_urls','0',0),('max_quote_depth','3',0),('max_reg_attempts','5',0),('max_sig_chars','255',0),('max_sig_font_size','200',0),('max_sig_img_height','0',0),('max_sig_img_width','0',0),('max_sig_smilies','0',0),('max_sig_urls','5',0),('min_name_chars','3',0),('min_pass_chars','6',0),('min_post_chars','1',0),('min_search_author_chars','3',0),('mime_triggers','body|head|html|img|plaintext|a href|pre|script|table|title',0),('new_member_post_limit','3',0),('new_member_group_default','0',0),('override_user_style','1',0),('pass_complex','PASS_TYPE_ANY',0),('pm_edit_time','0',0),('pm_max_boxes','4',0),('pm_max_msgs','50',0),('pm_max_recipients','0',0),('posts_per_page','10',0),('print_pm','1',0),('queue_interval','60',0),('ranks_path','images/ranks',0),('require_activation','0',0),('referer_validation','1',0),('script_path','/~buzz/phpBB3',0),('search_block_size','250',0),('search_gc','7200',0),('search_interval','0',0),('search_anonymous_interval','0',0),('search_type','fulltext_native',0),('search_store_results','1800',0),('secure_allow_deny','1',0),('secure_allow_empty_referer','1',0),('secure_downloads','0',0),('server_name','felicity.iiit.ac.in',0),('server_port','80',0),('server_protocol','http://',0),('session_gc','3600',0),('session_length','3600',0),('site_desc','Buzz Forums',0),('sitename','Felicity BUZZ',0),('smilies_path','images/smilies',0),('smilies_per_page','50',0),('smtp_auth_method','PLAIN',0),('smtp_delivery','0',0),('smtp_host','',0),('smtp_password','everydaymaniac',0),('smtp_port','25',0),('smtp_username','buzz',0),('topics_per_page','25',0),('tpl_allow_php','0',0),('upload_icons_path','images/upload_icons',0),('upload_path','files',0),('version','3.0.11',0),('warnings_expire_days','90',0),('warnings_gc','14400',0),('cache_last_gc','1348842999',1),('cron_lock','0',1),('database_last_gc','1348666482',1),('last_queue_run','0',1),('newest_user_colour','',1),('newest_user_id','100',1),('newest_username','hack_it',1),('num_files','0',1),('num_posts','31',1),('num_topics','16',1),('num_users','47',1),('rand_seed','2a359bc43717250b97f9f925c316204f',1),('rand_seed_last_update','1348846643',1),('record_online_date','1348734822',1),('record_online_users','17',1),('search_indexing_state','',1),('search_last_gc','1348843163',1),('session_last_gc','1348844135',1),('upload_dir_size','0',1),('warnings_last_gc','1348835400',1),('board_startdate','1348665736',0),('default_lang','en',0),('questionnaire_unique_id','0a5648ef772db7b0',0);
/*!40000 ALTER TABLE `phpbb_config` ENABLE KEYS */;
UNLOCK TABLES;

--
-- Table structure for table `phpbb_confirm`
--

DROP TABLE IF EXISTS `phpbb_confirm`;
/*!40101 SET @saved_cs_client     = @@character_set_client */;
/*!40101 SET character_set_client = utf8 */;
CREATE TABLE `phpbb_confirm` (
  `confirm_id` char(32) COLLATE utf8_bin NOT NULL DEFAULT '',
  `session_id` char(32) COLLATE utf8_bin NOT NULL DEFAULT '',
  `confirm_type` tinyint(3) NOT NULL DEFAULT '0',
  `code` varchar(8) COLLATE utf8_bin NOT NULL DEFAULT '',
  `seed` int(10) unsigned NOT NULL DEFAULT '0',
  `attempts` mediumint(8) unsigned NOT NULL DEFAULT '0',
  PRIMARY KEY (`session_id`,`confirm_id`),
  KEY `confirm_type` (`confirm_type`)
) ENGINE=MyISAM DEFAULT CHARSET=utf8 COLLATE=utf8_bin;
/*!40101 SET character_set_client = @saved_cs_client */;

--
-- Dumping data for table `phpbb_confirm`
--

LOCK TABLES `phpbb_confirm` WRITE;
/*!40000 ALTER TABLE `phpbb_confirm` DISABLE KEYS */;
INSERT INTO `phpbb_confirm` VALUES ('d3cfcbc0e70bd7bdf772a3d419abc339','f22e32a940164e6c4fcba840e1f541d5',1,'1U8MN',393018322,0),('2ce2e17fe5240fb49f8c627d3afa2a3a','f22e32a940164e6c4fcba840e1f541d5',1,'7CWW',1853251883,0),('130227676a7c3af66848c9e162577308','36fe1ac96d6c6f9498fa8960c28fb16a',3,'29KQD9Y',2016197831,0),('6deba0ea0766dea267e6319a84ec70be','17fc017a812b17eea5b918f9aa264c82',1,'6M12BEB',15223829,0),('47813a89367002fdaeaa25792bedf611','6456d50a29a50a780bc5633d15710ded',1,'2BLM',2054387216,0);
/*!40000 ALTER TABLE `phpbb_confirm` ENABLE KEYS */;
UNLOCK TABLES;

--
-- Table structure for table `phpbb_disallow`
--

DROP TABLE IF EXISTS `phpbb_disallow`;
/*!40101 SET @saved_cs_client     = @@character_set_client */;
/*!40101 SET character_set_client = utf8 */;
CREATE TABLE `phpbb_disallow` (
  `disallow_id` mediumint(8) unsigned NOT NULL AUTO_INCREMENT,
  `disallow_username` varchar(255) COLLATE utf8_bin NOT NULL DEFAULT '',
  PRIMARY KEY (`disallow_id`)
) ENGINE=MyISAM AUTO_INCREMENT=3 DEFAULT CHARSET=utf8 COLLATE=utf8_bin;
/*!40101 SET character_set_client = @saved_cs_client */;

--
-- Dumping data for table `phpbb_disallow`
--

LOCK TABLES `phpbb_disallow` WRITE;
/*!40000 ALTER TABLE `phpbb_disallow` DISABLE KEYS */;
INSERT INTO `phpbb_disallow` VALUES (1,'%sex%'),(2,'%fuck%');
/*!40000 ALTER TABLE `phpbb_disallow` ENABLE KEYS */;
UNLOCK TABLES;

--
-- Table structure for table `phpbb_drafts`
--

DROP TABLE IF EXISTS `phpbb_drafts`;
/*!40101 SET @saved_cs_client     = @@character_set_client */;
/*!40101 SET character_set_client = utf8 */;
CREATE TABLE `phpbb_drafts` (
  `draft_id` mediumint(8) unsigned NOT NULL AUTO_INCREMENT,
  `user_id` mediumint(8) unsigned NOT NULL DEFAULT '0',
  `topic_id` mediumint(8) unsigned NOT NULL DEFAULT '0',
  `forum_id` mediumint(8) unsigned NOT NULL DEFAULT '0',
  `save_time` int(11) unsigned NOT NULL DEFAULT '0',
  `draft_subject` varchar(255) COLLATE utf8_bin NOT NULL DEFAULT '',
  `draft_message` mediumtext COLLATE utf8_bin NOT NULL,
  PRIMARY KEY (`draft_id`),
  KEY `save_time` (`save_time`)
) ENGINE=MyISAM DEFAULT CHARSET=utf8 COLLATE=utf8_bin;
/*!40101 SET character_set_client = @saved_cs_client */;

--
-- Dumping data for table `phpbb_drafts`
--

LOCK TABLES `phpbb_drafts` WRITE;
/*!40000 ALTER TABLE `phpbb_drafts` DISABLE KEYS */;
/*!40000 ALTER TABLE `phpbb_drafts` ENABLE KEYS */;
UNLOCK TABLES;

--
-- Table structure for table `phpbb_extension_groups`
--

DROP TABLE IF EXISTS `phpbb_extension_groups`;
/*!40101 SET @saved_cs_client     = @@character_set_client */;
/*!40101 SET character_set_client = utf8 */;
CREATE TABLE `phpbb_extension_groups` (
  `group_id` mediumint(8) unsigned NOT NULL AUTO_INCREMENT,
  `group_name` varchar(255) COLLATE utf8_bin NOT NULL DEFAULT '',
  `cat_id` tinyint(2) NOT NULL DEFAULT '0',
  `allow_group` tinyint(1) unsigned NOT NULL DEFAULT '0',
  `download_mode` tinyint(1) unsigned NOT NULL DEFAULT '1',
  `upload_icon` varchar(255) COLLATE utf8_bin NOT NULL DEFAULT '',
  `max_filesize` int(20) unsigned NOT NULL DEFAULT '0',
  `allowed_forums` text COLLATE utf8_bin NOT NULL,
  `allow_in_pm` tinyint(1) unsigned NOT NULL DEFAULT '0',
  PRIMARY KEY (`group_id`)
) ENGINE=MyISAM AUTO_INCREMENT=10 DEFAULT CHARSET=utf8 COLLATE=utf8_bin;
/*!40101 SET character_set_client = @saved_cs_client */;

--
-- Dumping data for table `phpbb_extension_groups`
--

LOCK TABLES `phpbb_extension_groups` WRITE;
/*!40000 ALTER TABLE `phpbb_extension_groups` DISABLE KEYS */;
INSERT INTO `phpbb_extension_groups` VALUES (1,'IMAGES',1,1,1,'',0,'',0),(2,'ARCHIVES',0,1,1,'',0,'',0),(3,'PLAIN_TEXT',0,0,1,'',0,'',0),(4,'DOCUMENTS',0,0,1,'',0,'',0),(5,'REAL_MEDIA',3,0,1,'',0,'',0),(6,'WINDOWS_MEDIA',2,0,1,'',0,'',0),(7,'FLASH_FILES',5,0,1,'',0,'',0),(8,'QUICKTIME_MEDIA',6,0,1,'',0,'',0),(9,'DOWNLOADABLE_FILES',0,0,1,'',0,'',0);
/*!40000 ALTER TABLE `phpbb_extension_groups` ENABLE KEYS */;
UNLOCK TABLES;

--
-- Table structure for table `phpbb_extensions`
--

DROP TABLE IF EXISTS `phpbb_extensions`;
/*!40101 SET @saved_cs_client     = @@character_set_client */;
/*!40101 SET character_set_client = utf8 */;
CREATE TABLE `phpbb_extensions` (
  `extension_id` mediumint(8) unsigned NOT NULL AUTO_INCREMENT,
  `group_id` mediumint(8) unsigned NOT NULL DEFAULT '0',
  `extension` varchar(100) COLLATE utf8_bin NOT NULL DEFAULT '',
  PRIMARY KEY (`extension_id`)
) ENGINE=MyISAM AUTO_INCREMENT=67 DEFAULT CHARSET=utf8 COLLATE=utf8_bin;
/*!40101 SET character_set_client = @saved_cs_client */;

--
-- Dumping data for table `phpbb_extensions`
--

LOCK TABLES `phpbb_extensions` WRITE;
/*!40000 ALTER TABLE `phpbb_extensions` DISABLE KEYS */;
INSERT INTO `phpbb_extensions` VALUES (1,1,'gif'),(2,1,'png'),(3,1,'jpeg'),(4,1,'jpg'),(5,1,'tif'),(6,1,'tiff'),(7,1,'tga'),(8,2,'gtar'),(9,2,'gz'),(10,2,'tar'),(11,2,'zip'),(12,2,'rar'),(13,2,'ace'),(14,2,'torrent'),(15,2,'tgz'),(16,2,'bz2'),(17,2,'7z'),(18,3,'txt'),(19,3,'c'),(20,3,'h'),(21,3,'cpp'),(22,3,'hpp'),(23,3,'diz'),(24,3,'csv'),(25,3,'ini'),(26,3,'log'),(27,3,'js'),(28,3,'xml'),(29,4,'xls'),(30,4,'xlsx'),(31,4,'xlsm'),(32,4,'xlsb'),(33,4,'doc'),(34,4,'docx'),(35,4,'docm'),(36,4,'dot'),(37,4,'dotx'),(38,4,'dotm'),(39,4,'pdf'),(40,4,'ai'),(41,4,'ps'),(42,4,'ppt'),(43,4,'pptx'),(44,4,'pptm'),(45,4,'odg'),(46,4,'odp'),(47,4,'ods'),(48,4,'odt'),(49,4,'rtf'),(50,5,'rm'),(51,5,'ram'),(52,6,'wma'),(53,6,'wmv'),(54,7,'swf'),(55,8,'mov'),(56,8,'m4v'),(57,8,'m4a'),(58,8,'mp4'),(59,8,'3gp'),(60,8,'3g2'),(61,8,'qt'),(62,9,'mpeg'),(63,9,'mpg'),(64,9,'mp3'),(65,9,'ogg'),(66,9,'ogm');
/*!40000 ALTER TABLE `phpbb_extensions` ENABLE KEYS */;
UNLOCK TABLES;

--
-- Table structure for table `phpbb_forums`
--

DROP TABLE IF EXISTS `phpbb_forums`;
/*!40101 SET @saved_cs_client     = @@character_set_client */;
/*!40101 SET character_set_client = utf8 */;
CREATE TABLE `phpbb_forums` (
  `forum_id` mediumint(8) unsigned NOT NULL AUTO_INCREMENT,
  `parent_id` mediumint(8) unsigned NOT NULL DEFAULT '0',
  `left_id` mediumint(8) unsigned NOT NULL DEFAULT '0',
  `right_id` mediumint(8) unsigned NOT NULL DEFAULT '0',
  `forum_parents` mediumtext COLLATE utf8_bin NOT NULL,
  `forum_name` varchar(255) COLLATE utf8_bin NOT NULL DEFAULT '',
  `forum_desc` text COLLATE utf8_bin NOT NULL,
  `forum_desc_bitfield` varchar(255) COLLATE utf8_bin NOT NULL DEFAULT '',
  `forum_desc_options` int(11) unsigned NOT NULL DEFAULT '7',
  `forum_desc_uid` varchar(8) COLLATE utf8_bin NOT NULL DEFAULT '',
  `forum_link` varchar(255) COLLATE utf8_bin NOT NULL DEFAULT '',
  `forum_password` varchar(40) COLLATE utf8_bin NOT NULL DEFAULT '',
  `forum_style` mediumint(8) unsigned NOT NULL DEFAULT '0',
  `forum_image` varchar(255) COLLATE utf8_bin NOT NULL DEFAULT '',
  `forum_rules` text COLLATE utf8_bin NOT NULL,
  `forum_rules_link` varchar(255) COLLATE utf8_bin NOT NULL DEFAULT '',
  `forum_rules_bitfield` varchar(255) COLLATE utf8_bin NOT NULL DEFAULT '',
  `forum_rules_options` int(11) unsigned NOT NULL DEFAULT '7',
  `forum_rules_uid` varchar(8) COLLATE utf8_bin NOT NULL DEFAULT '',
  `forum_topics_per_page` tinyint(4) NOT NULL DEFAULT '0',
  `forum_type` tinyint(4) NOT NULL DEFAULT '0',
  `forum_status` tinyint(4) NOT NULL DEFAULT '0',
  `forum_posts` mediumint(8) unsigned NOT NULL DEFAULT '0',
  `forum_topics` mediumint(8) unsigned NOT NULL DEFAULT '0',
  `forum_topics_real` mediumint(8) unsigned NOT NULL DEFAULT '0',
  `forum_last_post_id` mediumint(8) unsigned NOT NULL DEFAULT '0',
  `forum_last_poster_id` mediumint(8) unsigned NOT NULL DEFAULT '0',
  `forum_last_post_subject` varchar(255) COLLATE utf8_bin NOT NULL DEFAULT '',
  `forum_last_post_time` int(11) unsigned NOT NULL DEFAULT '0',
  `forum_last_poster_name` varchar(255) COLLATE utf8_bin NOT NULL DEFAULT '',
  `forum_last_poster_colour` varchar(6) COLLATE utf8_bin NOT NULL DEFAULT '',
  `forum_flags` tinyint(4) NOT NULL DEFAULT '32',
  `forum_options` int(20) unsigned NOT NULL DEFAULT '0',
  `display_subforum_list` tinyint(1) unsigned NOT NULL DEFAULT '1',
  `display_on_index` tinyint(1) unsigned NOT NULL DEFAULT '1',
  `enable_indexing` tinyint(1) unsigned NOT NULL DEFAULT '1',
  `enable_icons` tinyint(1) unsigned NOT NULL DEFAULT '1',
  `enable_prune` tinyint(1) unsigned NOT NULL DEFAULT '0',
  `prune_next` int(11) unsigned NOT NULL DEFAULT '0',
  `prune_days` mediumint(8) unsigned NOT NULL DEFAULT '0',
  `prune_viewed` mediumint(8) unsigned NOT NULL DEFAULT '0',
  `prune_freq` mediumint(8) unsigned NOT NULL DEFAULT '0',
  PRIMARY KEY (`forum_id`),
  KEY `left_right_id` (`left_id`,`right_id`),
  KEY `forum_lastpost_id` (`forum_last_post_id`)
) ENGINE=MyISAM AUTO_INCREMENT=5 DEFAULT CHARSET=utf8 COLLATE=utf8_bin;
/*!40101 SET character_set_client = @saved_cs_client */;

--
-- Dumping data for table `phpbb_forums`
--

LOCK TABLES `phpbb_forums` WRITE;
/*!40000 ALTER TABLE `phpbb_forums` DISABLE KEYS */;
INSERT INTO `phpbb_forums` VALUES (1,0,1,8,'','BUZZ Home','','',7,'','','',6,'','Please do not post answers to questions directly, it could lead to a ban.','','',7,'',0,0,0,1,1,1,1,2,'',1348665736,'sharky_admin','AA0000',96,0,1,1,1,1,0,0,0,0,0),(2,1,2,3,'a:1:{i:1;a:2:{i:0;s:9:\"BUZZ Home\";i:1;i:0;}}','Hack - IN','','',7,'','','',6,'','','','',7,'',0,1,0,3,2,2,35,2,'Re: Welcome to Hack - In Forums',1348790984,'sharky_admin','AA0000',112,0,1,1,1,1,0,0,0,0,0),(3,1,4,5,'a:1:{i:1;a:2:{i:0;s:9:\"BUZZ Home\";i:1;i:0;}}','Cache - IN','','',7,'','','',0,'','','','',7,'',0,1,0,22,10,10,47,57,'Re: question 11',1348841153,'Anuraag','',112,0,1,0,1,1,0,0,7,7,1),(4,1,6,7,'a:1:{i:1;a:2:{i:0;s:9:\"BUZZ Home\";i:1;i:0;}}','Square Root','','',7,'','','',6,'','','','',7,'',0,1,0,6,4,4,42,73,'Re: Problem 14',1348827347,'particle.mania','',112,0,1,0,1,1,0,0,7,7,4);
/*!40000 ALTER TABLE `phpbb_forums` ENABLE KEYS */;
UNLOCK TABLES;

--
-- Table structure for table `phpbb_forums_access`
--

DROP TABLE IF EXISTS `phpbb_forums_access`;
/*!40101 SET @saved_cs_client     = @@character_set_client */;
/*!40101 SET character_set_client = utf8 */;
CREATE TABLE `phpbb_forums_access` (
  `forum_id` mediumint(8) unsigned NOT NULL DEFAULT '0',
  `user_id` mediumint(8) unsigned NOT NULL DEFAULT '0',
  `session_id` char(32) COLLATE utf8_bin NOT NULL DEFAULT '',
  PRIMARY KEY (`forum_id`,`user_id`,`session_id`)
) ENGINE=MyISAM DEFAULT CHARSET=utf8 COLLATE=utf8_bin;
/*!40101 SET character_set_client = @saved_cs_client */;

--
-- Dumping data for table `phpbb_forums_access`
--

LOCK TABLES `phpbb_forums_access` WRITE;
/*!40000 ALTER TABLE `phpbb_forums_access` DISABLE KEYS */;
/*!40000 ALTER TABLE `phpbb_forums_access` ENABLE KEYS */;
UNLOCK TABLES;

--
-- Table structure for table `phpbb_forums_track`
--

DROP TABLE IF EXISTS `phpbb_forums_track`;
/*!40101 SET @saved_cs_client     = @@character_set_client */;
/*!40101 SET character_set_client = utf8 */;
CREATE TABLE `phpbb_forums_track` (
  `user_id` mediumint(8) unsigned NOT NULL DEFAULT '0',
  `forum_id` mediumint(8) unsigned NOT NULL DEFAULT '0',
  `mark_time` int(11) unsigned NOT NULL DEFAULT '0',
  PRIMARY KEY (`user_id`,`forum_id`)
) ENGINE=MyISAM DEFAULT CHARSET=utf8 COLLATE=utf8_bin;
/*!40101 SET character_set_client = @saved_cs_client */;

--
-- Dumping data for table `phpbb_forums_track`
--

LOCK TABLES `phpbb_forums_track` WRITE;
/*!40000 ALTER TABLE `phpbb_forums_track` DISABLE KEYS */;
INSERT INTO `phpbb_forums_track` VALUES (2,2,1348790984),(54,2,1348750491),(57,3,1348749467),(55,3,1348748612),(76,2,1348750468),(77,3,1348788085),(78,2,1348752293),(80,3,1348754728),(62,2,1348829943),(83,3,1348771158),(84,3,1348771777),(64,4,1348777621),(2,4,1348778153),(77,2,1348802121),(85,2,1348791475),(84,2,1348797232),(73,4,1348827347),(93,3,1348828247),(95,3,1348829314),(96,2,1348831561);
/*!40000 ALTER TABLE `phpbb_forums_track` ENABLE KEYS */;
UNLOCK TABLES;

--
-- Table structure for table `phpbb_forums_watch`
--

DROP TABLE IF EXISTS `phpbb_forums_watch`;
/*!40101 SET @saved_cs_client     = @@character_set_client */;
/*!40101 SET character_set_client = utf8 */;
CREATE TABLE `phpbb_forums_watch` (
  `forum_id` mediumint(8) unsigned NOT NULL DEFAULT '0',
  `user_id` mediumint(8) unsigned NOT NULL DEFAULT '0',
  `notify_status` tinyint(1) unsigned NOT NULL DEFAULT '0',
  KEY `forum_id` (`forum_id`),
  KEY `user_id` (`user_id`),
  KEY `notify_stat` (`notify_status`)
) ENGINE=MyISAM DEFAULT CHARSET=utf8 COLLATE=utf8_bin;
/*!40101 SET character_set_client = @saved_cs_client */;

--
-- Dumping data for table `phpbb_forums_watch`
--

LOCK TABLES `phpbb_forums_watch` WRITE;
/*!40000 ALTER TABLE `phpbb_forums_watch` DISABLE KEYS */;
/*!40000 ALTER TABLE `phpbb_forums_watch` ENABLE KEYS */;
UNLOCK TABLES;

--
-- Table structure for table `phpbb_groups`
--

DROP TABLE IF EXISTS `phpbb_groups`;
/*!40101 SET @saved_cs_client     = @@character_set_client */;
/*!40101 SET character_set_client = utf8 */;
CREATE TABLE `phpbb_groups` (
  `group_id` mediumint(8) unsigned NOT NULL AUTO_INCREMENT,
  `group_type` tinyint(4) NOT NULL DEFAULT '1',
  `group_founder_manage` tinyint(1) unsigned NOT NULL DEFAULT '0',
  `group_skip_auth` tinyint(1) unsigned NOT NULL DEFAULT '0',
  `group_name` varchar(255) COLLATE utf8_bin NOT NULL DEFAULT '',
  `group_desc` text COLLATE utf8_bin NOT NULL,
  `group_desc_bitfield` varchar(255) COLLATE utf8_bin NOT NULL DEFAULT '',
  `group_desc_options` int(11) unsigned NOT NULL DEFAULT '7',
  `group_desc_uid` varchar(8) COLLATE utf8_bin NOT NULL DEFAULT '',
  `group_display` tinyint(1) unsigned NOT NULL DEFAULT '0',
  `group_avatar` varchar(255) COLLATE utf8_bin NOT NULL DEFAULT '',
  `group_avatar_type` tinyint(2) NOT NULL DEFAULT '0',
  `group_avatar_width` smallint(4) unsigned NOT NULL DEFAULT '0',
  `group_avatar_height` smallint(4) unsigned NOT NULL DEFAULT '0',
  `group_rank` mediumint(8) unsigned NOT NULL DEFAULT '0',
  `group_colour` varchar(6) COLLATE utf8_bin NOT NULL DEFAULT '',
  `group_sig_chars` mediumint(8) unsigned NOT NULL DEFAULT '0',
  `group_receive_pm` tinyint(1) unsigned NOT NULL DEFAULT '0',
  `group_message_limit` mediumint(8) unsigned NOT NULL DEFAULT '0',
  `group_max_recipients` mediumint(8) unsigned NOT NULL DEFAULT '0',
  `group_legend` tinyint(1) unsigned NOT NULL DEFAULT '1',
  PRIMARY KEY (`group_id`),
  KEY `group_legend_name` (`group_legend`,`group_name`)
) ENGINE=MyISAM AUTO_INCREMENT=9 DEFAULT CHARSET=utf8 COLLATE=utf8_bin;
/*!40101 SET character_set_client = @saved_cs_client */;

--
-- Dumping data for table `phpbb_groups`
--

LOCK TABLES `phpbb_groups` WRITE;
/*!40000 ALTER TABLE `phpbb_groups` DISABLE KEYS */;
INSERT INTO `phpbb_groups` VALUES (1,3,0,0,'GUESTS','','',7,'',0,'',0,0,0,0,'',0,0,0,5,0),(2,3,0,0,'REGISTERED','','',7,'',0,'',0,0,0,0,'',0,0,0,5,0),(3,3,0,0,'REGISTERED_COPPA','','',7,'',0,'',0,0,0,0,'',0,0,0,5,0),(4,3,0,0,'GLOBAL_MODERATORS','','',7,'',0,'',0,0,0,0,'00AA00',0,0,0,0,0),(5,3,1,0,'ADMINISTRATORS','','',7,'',0,'',0,0,0,0,'AA0000',0,0,0,0,0),(6,3,0,0,'BOTS','','',7,'',0,'',0,0,0,0,'9E8DA7',0,0,0,5,0),(7,3,0,0,'NEWLY_REGISTERED','','',7,'',0,'',0,0,0,0,'',0,0,0,5,0),(8,1,0,0,'admin','','',7,'',0,'g8_71377.jpg',1,90,90,1,'FF0033',0,0,0,0,0);
/*!40000 ALTER TABLE `phpbb_groups` ENABLE KEYS */;
UNLOCK TABLES;

--
-- Table structure for table `phpbb_icons`
--

DROP TABLE IF EXISTS `phpbb_icons`;
/*!40101 SET @saved_cs_client     = @@character_set_client */;
/*!40101 SET character_set_client = utf8 */;
CREATE TABLE `phpbb_icons` (
  `icons_id` mediumint(8) unsigned NOT NULL AUTO_INCREMENT,
  `icons_url` varchar(255) COLLATE utf8_bin NOT NULL DEFAULT '',
  `icons_width` tinyint(4) NOT NULL DEFAULT '0',
  `icons_height` tinyint(4) NOT NULL DEFAULT '0',
  `icons_order` mediumint(8) unsigned NOT NULL DEFAULT '0',
  `display_on_posting` tinyint(1) unsigned NOT NULL DEFAULT '1',
  PRIMARY KEY (`icons_id`),
  KEY `display_on_posting` (`display_on_posting`)
) ENGINE=MyISAM AUTO_INCREMENT=11 DEFAULT CHARSET=utf8 COLLATE=utf8_bin;
/*!40101 SET character_set_client = @saved_cs_client */;

--
-- Dumping data for table `phpbb_icons`
--

LOCK TABLES `phpbb_icons` WRITE;
/*!40000 ALTER TABLE `phpbb_icons` DISABLE KEYS */;
INSERT INTO `phpbb_icons` VALUES (1,'misc/fire.gif',16,16,1,1),(2,'smile/redface.gif',16,16,9,1),(3,'smile/mrgreen.gif',16,16,10,1),(4,'misc/heart.gif',16,16,4,1),(5,'misc/star.gif',16,16,2,1),(6,'misc/radioactive.gif',16,16,3,1),(7,'misc/thinking.gif',16,16,5,1),(8,'smile/info.gif',16,16,8,1),(9,'smile/question.gif',16,16,6,1),(10,'smile/alert.gif',16,16,7,1);
/*!40000 ALTER TABLE `phpbb_icons` ENABLE KEYS */;
UNLOCK TABLES;

--
-- Table structure for table `phpbb_lang`
--

DROP TABLE IF EXISTS `phpbb_lang`;
/*!40101 SET @saved_cs_client     = @@character_set_client */;
/*!40101 SET character_set_client = utf8 */;
CREATE TABLE `phpbb_lang` (
  `lang_id` tinyint(4) NOT NULL AUTO_INCREMENT,
  `lang_iso` varchar(30) COLLATE utf8_bin NOT NULL DEFAULT '',
  `lang_dir` varchar(30) COLLATE utf8_bin NOT NULL DEFAULT '',
  `lang_english_name` varchar(100) COLLATE utf8_bin NOT NULL DEFAULT '',
  `lang_local_name` varchar(255) COLLATE utf8_bin NOT NULL DEFAULT '',
  `lang_author` varchar(255) COLLATE utf8_bin NOT NULL DEFAULT '',
  PRIMARY KEY (`lang_id`),
  KEY `lang_iso` (`lang_iso`)
) ENGINE=MyISAM AUTO_INCREMENT=2 DEFAULT CHARSET=utf8 COLLATE=utf8_bin;
/*!40101 SET character_set_client = @saved_cs_client */;

--
-- Dumping data for table `phpbb_lang`
--

LOCK TABLES `phpbb_lang` WRITE;
/*!40000 ALTER TABLE `phpbb_lang` DISABLE KEYS */;
INSERT INTO `phpbb_lang` VALUES (1,'en','en','British English','British English','phpBB Group');
/*!40000 ALTER TABLE `phpbb_lang` ENABLE KEYS */;
UNLOCK TABLES;

--
-- Table structure for table `phpbb_log`
--

DROP TABLE IF EXISTS `phpbb_log`;
/*!40101 SET @saved_cs_client     = @@character_set_client */;
/*!40101 SET character_set_client = utf8 */;
CREATE TABLE `phpbb_log` (
  `log_id` mediumint(8) unsigned NOT NULL AUTO_INCREMENT,
  `log_type` tinyint(4) NOT NULL DEFAULT '0',
  `user_id` mediumint(8) unsigned NOT NULL DEFAULT '0',
  `forum_id` mediumint(8) unsigned NOT NULL DEFAULT '0',
  `topic_id` mediumint(8) unsigned NOT NULL DEFAULT '0',
  `reportee_id` mediumint(8) unsigned NOT NULL DEFAULT '0',
  `log_ip` varchar(40) COLLATE utf8_bin NOT NULL DEFAULT '',
  `log_time` int(11) unsigned NOT NULL DEFAULT '0',
  `log_operation` text COLLATE utf8_bin NOT NULL,
  `log_data` mediumtext COLLATE utf8_bin NOT NULL,
  PRIMARY KEY (`log_id`),
  KEY `log_type` (`log_type`),
  KEY `forum_id` (`forum_id`),
  KEY `topic_id` (`topic_id`),
  KEY `reportee_id` (`reportee_id`),
  KEY `user_id` (`user_id`)
) ENGINE=MyISAM AUTO_INCREMENT=169 DEFAULT CHARSET=utf8 COLLATE=utf8_bin;
/*!40101 SET character_set_client = @saved_cs_client */;

--
-- Dumping data for table `phpbb_log`
--

LOCK TABLES `phpbb_log` WRITE;
/*!40000 ALTER TABLE `phpbb_log` DISABLE KEYS */;
INSERT INTO `phpbb_log` VALUES (1,0,2,0,0,0,'10.3.11.219',1348665741,'LOG_INSTALL_INSTALLED','a:1:{i:0;s:6:\"3.0.11\";}'),(2,0,2,0,0,0,'10.3.11.219',1348666051,'LOG_FORUM_EDIT','a:1:{i:0;s:9:\"Hack - IN\";}'),(3,0,2,0,0,0,'10.3.11.219',1348669117,'LOG_ADMIN_AUTH_SUCCESS',''),(4,0,2,0,0,0,'10.3.11.219',1348669164,'LOG_CONFIG_SETTINGS',''),(5,0,2,0,0,0,'10.3.11.219',1348669276,'LOG_FORUM_EDIT','a:1:{i:0;s:9:\"BUZZ Home\";}'),(6,0,2,0,0,0,'10.3.11.219',1348669866,'LOG_FORUM_ADD','a:1:{i:0;s:8:\"Cache-In\";}'),(7,0,2,0,0,0,'10.3.11.219',1348669866,'LOG_FORUM_COPIED_PERMISSIONS','a:2:{i:0;s:9:\"BUZZ Home\";i:1;s:8:\"Cache-In\";}'),(8,0,2,0,0,0,'10.3.11.219',1348669906,'LOG_FORUM_EDIT','a:1:{i:0;s:10:\"Cache - In\";}'),(9,0,2,0,0,0,'10.3.11.219',1348669922,'LOG_FORUM_EDIT','a:1:{i:0;s:10:\"Cache - IN\";}'),(10,0,2,0,0,0,'10.3.11.219',1348671377,'LOG_GROUP_CREATED','a:1:{i:0;s:5:\"admin\";}'),(11,0,2,0,0,0,'10.3.11.219',1348671428,'LOG_USERS_ADDED','a:2:{i:0;s:5:\"admin\";i:1;s:6:\"sharky\";}'),(12,0,2,0,0,0,'10.3.11.219',1348671450,'LOG_USERS_ADDED','a:2:{i:0;s:5:\"admin\";i:1;s:4:\"buzz\";}'),(13,0,2,0,0,0,'10.3.11.219',1348671482,'LOG_GROUP_UPDATED','a:1:{i:0;s:5:\"admin\";}'),(14,0,2,0,0,0,'10.3.11.219',1348671522,'LOG_DISALLOW_ADD','a:1:{i:0;s:5:\"*sex*\";}'),(15,0,2,0,0,0,'10.3.11.219',1348671529,'LOG_DISALLOW_ADD','a:1:{i:0;s:6:\"*fuck*\";}'),(16,0,2,0,0,0,'10.3.11.219',1348671624,'LOG_ACL_ADD_GROUP_GLOBAL_A_','a:1:{i:0;s:5:\"admin\";}'),(17,0,2,0,0,0,'10.3.11.219',1348671656,'LOG_ACL_ADD_GROUP_GLOBAL_U_','a:1:{i:0;s:5:\"admin\";}'),(18,0,2,0,0,0,'10.3.11.219',1348671774,'LOG_FORUM_ADD','a:1:{i:0;s:11:\"Square Root\";}'),(19,0,2,0,0,0,'10.3.11.219',1348671774,'LOG_FORUM_COPIED_PERMISSIONS','a:2:{i:0;s:9:\"BUZZ Home\";i:1;s:11:\"Square Root\";}'),(20,0,2,0,0,0,'10.3.11.219',1348671822,'LOG_ACL_ADD_GROUP_LOCAL_F_','a:2:{i:0;s:9:\"Hack - IN\";i:1;s:5:\"admin\";}'),(21,0,2,0,0,0,'10.3.11.219',1348671842,'LOG_ACL_ADD_GROUP_LOCAL_M_','a:2:{i:0;s:9:\"Hack - IN\";i:1;s:5:\"admin\";}'),(22,0,2,0,0,0,'10.3.11.219',1348671857,'LOG_ACL_ADD_GROUP_LOCAL_F_','a:2:{i:0;s:10:\"Cache - IN\";i:1;s:5:\"admin\";}'),(23,0,2,0,0,0,'10.3.11.219',1348671870,'LOG_ACL_ADD_GROUP_LOCAL_M_','a:2:{i:0;s:10:\"Cache - IN\";i:1;s:5:\"admin\";}'),(24,0,2,0,0,0,'10.3.11.219',1348671893,'LOG_ACL_ADD_GROUP_LOCAL_F_','a:2:{i:0;s:11:\"Square Root\";i:1;s:5:\"admin\";}'),(25,0,2,0,0,0,'10.3.11.219',1348671911,'LOG_ACL_ADD_GROUP_LOCAL_F_','a:2:{i:0;s:11:\"Square Root\";i:1;s:5:\"admin\";}'),(26,0,2,0,0,0,'10.3.11.219',1348671983,'LOG_GROUP_UPDATED','a:1:{i:0;s:7:\"We Rule\";}'),(27,0,2,0,0,0,'10.3.11.219',1348672002,'LOG_GROUP_REMOVE','a:2:{i:0;s:16:\"Registered users\";i:1;s:6:\"sharky\";}'),(28,0,2,0,0,0,'10.3.11.219',1348672687,'LOG_GROUP_UPDATED','a:1:{i:0;s:5:\"Admin\";}'),(29,0,2,0,0,0,'10.3.11.219',1348672763,'LOG_FORUM_EDIT','a:1:{i:0;s:11:\"Square Root\";}'),(30,0,2,0,0,0,'10.3.11.219',1348672772,'LOG_GROUP_UPDATED','a:1:{i:0;s:5:\"Admin\";}'),(31,0,2,0,0,0,'10.3.11.219',1348672843,'LOG_ACL_ADD_GROUP_LOCAL_M_','a:2:{i:0;s:11:\"Square Root\";i:1;s:5:\"Admin\";}'),(32,0,2,0,0,0,'10.3.11.219',1348673147,'LOG_ADMIN_AUTH_SUCCESS',''),(33,0,2,0,0,0,'10.3.11.219',1348673162,'LOG_ACL_TRANSFER_PERMISSIONS','a:1:{i:0;s:6:\"sharky\";}'),(34,0,2,0,0,0,'10.3.11.219',1348673175,'LOG_ACL_RESTORE_PERMISSIONS','a:1:{i:0;s:6:\"sharky\";}'),(35,0,2,0,0,0,'10.3.11.219',1348673220,'LOG_USERS_ADDED','a:2:{i:0;s:16:\"Registered users\";i:1;s:6:\"sharky\";}'),(36,0,2,0,0,0,'10.3.11.219',1348673250,'LOG_ACL_TRANSFER_PERMISSIONS','a:1:{i:0;s:6:\"sharky\";}'),(37,1,54,2,2,0,'10.3.11.219',1348673699,'LOG_TOPIC_APPROVED','a:1:{i:0;s:5:\"Hi!!!\";}'),(38,1,54,2,2,0,'10.3.11.219',1348673730,'LOG_DELETE_TOPIC','a:2:{i:0;s:5:\"Hi!!!\";i:1;s:7:\"freakin\";}'),(39,0,54,0,0,0,'10.1.40.158',1348723043,'LOG_ADMIN_AUTH_SUCCESS',''),(40,0,54,0,0,0,'10.1.40.158',1348723099,'LOG_ACL_ADD_USER_GLOBAL_U_','a:1:{i:0;s:7:\"Anuraag\";}'),(41,0,54,0,0,0,'10.1.40.158',1348723122,'LOG_ACL_ADD_USER_GLOBAL_M_','a:1:{i:0;s:7:\"Anuraag\";}'),(42,0,54,0,0,0,'10.1.40.158',1348723147,'LOG_ADMIN_AUTH_SUCCESS',''),(43,0,54,0,0,0,'10.1.40.158',1348723201,'LOG_ACL_DEL_MOD_GLOBAL_M_','a:1:{i:0;s:7:\"Anuraag\";}'),(44,0,54,0,0,0,'10.1.40.158',1348723330,'LOG_ACL_ADD_GROUP_GLOBAL_M_','a:1:{i:0;s:5:\"Admin\";}'),(45,0,54,0,0,0,'10.1.40.158',1348723714,'LOG_ADMIN_AUTH_SUCCESS',''),(46,0,54,0,0,0,'10.1.40.158',1348723780,'LOG_ACL_ADD_MOD_LOCAL_M_','a:2:{i:0;s:10:\"Cache - IN\";i:1;s:7:\"Anuraag\";}'),(47,0,54,0,0,0,'10.1.40.158',1348723955,'LOG_ACL_ADD_USER_LOCAL_F_','a:2:{i:0;s:10:\"Cache - IN\";i:1;s:7:\"Anuraag\";}'),(48,0,54,0,0,0,'10.1.40.158',1348723966,'LOG_ACL_ADD_USER_LOCAL_M_','a:2:{i:0;s:10:\"Cache - IN\";i:1;s:7:\"Anuraag\";}'),(49,0,2,0,0,0,'10.1.40.158',1348724624,'LOG_ADMIN_AUTH_SUCCESS',''),(50,0,2,0,0,0,'10.1.40.158',1348724658,'LOG_USER_DELETED','a:1:{i:0;s:6:\"Admin1\";}'),(51,0,2,0,0,0,'10.1.40.158',1348724733,'LOG_ADMIN_AUTH_SUCCESS',''),(52,0,54,0,0,0,'10.1.40.158',1348724766,'LOG_ADMIN_AUTH_SUCCESS',''),(53,1,57,3,4,0,'10.1.40.158',1348748718,'LOG_DELETE_TOPIC','a:2:{i:0;s:11:\"Delete this\";i:1;s:6:\"sharky\";}'),(54,1,57,3,3,0,'10.1.40.158',1348748723,'LOG_DELETE_TOPIC','a:2:{i:0;s:4:\"Temp\";i:1;s:7:\"Anuraag\";}'),(55,0,2,0,0,0,'10.1.40.158',1348748855,'LOG_ADMIN_AUTH_SUCCESS',''),(56,0,2,0,0,0,'10.1.40.158',1348748905,'LOG_ACL_TRANSFER_PERMISSIONS','a:1:{i:0;s:13:\"karanaggarwal\";}'),(57,0,2,0,0,0,'10.1.40.158',1348748919,'LOG_ACL_RESTORE_PERMISSIONS','a:1:{i:0;s:13:\"karanaggarwal\";}'),(58,0,2,0,0,0,'10.1.40.158',1348749133,'LOG_ACL_ADD_GROUP_LOCAL_F_','a:2:{i:0;s:45:\"BUZZ Home, Hack - IN, Cache - IN, Square Root\";i:1;s:41:\"<span class=\"sep\">Registered users</span>\";}'),(59,1,76,3,12,0,'10.1.39.83',1348749515,'LOG_DELETE_POST','a:2:{i:0;s:14:\"Re: Question 7\";i:1;s:13:\"anubhav.gupta\";}'),(60,1,54,2,8,0,'10.1.40.158',1348749519,'LOG_TOPIC_APPROVED','a:1:{i:0;s:4:\"Test\";}'),(61,1,54,2,1,0,'10.1.40.158',1348749528,'LOG_POST_APPROVED','a:1:{i:0;s:31:\"Re: Welcome to Hack - In Forums\";}'),(62,1,54,3,12,0,'10.1.40.158',1348749751,'LOG_DELETE_POST','a:2:{i:0;s:14:\"Re: Question 7\";i:1;s:13:\"anubhav.gupta\";}'),(63,1,54,3,13,0,'10.1.40.158',1348749813,'LOG_DELETE_TOPIC','a:2:{i:0;s:4:\"Test\";i:1;s:13:\"anubhav.gupta\";}'),(64,1,54,2,15,0,'10.1.40.158',1348750417,'LOG_TOPIC_APPROVED','a:1:{i:0;s:6:\"Test 2\";}'),(65,0,54,0,0,0,'10.1.40.158',1348750514,'LOG_USER_WARNING','a:1:{i:0;s:13:\"anubhav.gupta\";}'),(66,3,54,0,0,76,'10.1.40.158',1348750514,'LOG_USER_WARNING_BODY','a:1:{i:0;s:132:\"This is a warning regarding the following post made by you: http://felicity.iiit.ac.in/~buzz/forums/viewtopic.php?f=2&amp;p=22#p22 .\";}'),(67,1,54,2,15,0,'10.1.40.158',1348750514,'LOG_USER_WARNING','a:1:{i:0;s:13:\"anubhav.gupta\";}'),(68,1,54,2,15,0,'10.1.40.158',1348750526,'LOG_DELETE_POST','a:2:{i:0;s:10:\"Re: Test 2\";i:1;s:13:\"anubhav.gupta\";}'),(69,1,54,3,14,0,'10.1.40.158',1348751214,'LOG_DELETE_TOPIC','a:2:{i:0;s:7:\"Topic 2\";i:1;s:13:\"anubhav.gupta\";}'),(70,1,54,2,1,0,'10.1.40.158',1348751226,'LOG_DELETE_POST','a:2:{i:0;s:31:\"Re: Welcome to Hack - In Forums\";i:1;s:13:\"anubhav.gupta\";}'),(71,1,54,2,1,0,'10.1.40.158',1348751230,'LOG_DELETE_POST','a:2:{i:0;s:31:\"Re: Welcome to Hack - In Forums\";i:1;s:13:\"anubhav.gupta\";}'),(72,0,54,0,0,0,'10.1.40.158',1348751252,'LOG_USER_WARNING','a:1:{i:0;s:13:\"anubhav.gupta\";}'),(73,3,54,0,0,76,'10.1.40.158',1348751252,'LOG_USER_WARNING_BODY','a:1:{i:0;s:19:\"Bakchodi na kar. :D\";}'),(74,1,54,2,8,0,'10.1.40.158',1348751252,'LOG_USER_WARNING','a:1:{i:0;s:13:\"anubhav.gupta\";}'),(75,1,2,2,8,0,'10.1.40.158',1348751317,'LOG_DELETE_POST','a:2:{i:0;s:4:\"Test\";i:1;s:13:\"anubhav.gupta\";}'),(76,1,2,2,8,0,'10.1.40.158',1348751321,'LOG_DELETE_TOPIC','a:2:{i:0;s:4:\"Test\";i:1;s:13:\"anubhav.gupta\";}'),(77,0,2,0,0,0,'10.1.40.158',1348751419,'LOG_ADMIN_AUTH_SUCCESS',''),(78,0,2,0,0,0,'10.1.40.158',1348751498,'LOG_FORUM_EDIT','a:1:{i:0;s:9:\"Hack - IN\";}'),(79,0,2,0,0,0,'10.1.40.158',1348751679,'LOG_ACL_ADD_GROUP_LOCAL_F_','a:2:{i:0;s:9:\"Hack - IN\";i:1;s:41:\"<span class=\"sep\">Registered users</span>\";}'),(80,0,2,0,0,0,'10.1.40.158',1348752164,'LOG_FORUM_COPIED_PERMISSIONS','a:2:{i:0;s:10:\"Cache - IN\";i:1;s:9:\"Hack - IN\";}'),(81,1,78,2,17,0,'10.1.39.147',1348752318,'LOG_DELETE_TOPIC','a:2:{i:0;s:5:\"test4\";i:1;s:7:\"ZeForce\";}'),(82,0,2,0,0,0,'10.1.40.158',1348752402,'LOG_FORUM_COPIED_PERMISSIONS','a:2:{i:0;s:11:\"Square Root\";i:1;s:9:\"Hack - IN\";}'),(83,0,2,0,0,0,'10.1.40.158',1348752517,'LOG_USERS_ADDED','a:2:{i:0;s:5:\"Admin\";i:1;s:11:\"lordinvader\";}'),(84,0,2,0,0,0,'10.1.40.158',1348752569,'LOG_ACL_ADD_MOD_LOCAL_M_','a:2:{i:0;s:9:\"Hack - IN\";i:1;s:6:\"sharky\";}'),(85,0,2,0,0,0,'10.1.40.158',1348752593,'LOG_ACL_ADD_MOD_LOCAL_M_','a:2:{i:0;s:9:\"Hack - IN\";i:1;s:11:\"lordinvader\";}'),(86,3,2,0,0,2,'10.1.40.158',1348753571,'LOG_USER_NEW_PASSWORD','a:1:{i:0;s:4:\"buzz\";}'),(87,0,2,0,0,0,'10.1.40.158',1348753969,'LOG_ADMIN_AUTH_SUCCESS',''),(88,0,2,0,0,0,'10.1.40.158',1348753983,'LOG_ACL_DEL_MOD_LOCAL_M_','a:2:{i:0;s:9:\"Hack - IN\";i:1;s:6:\"sharky\";}'),(89,0,2,0,0,0,'10.1.40.158',1348754052,'LOG_ACL_ADD_MOD_LOCAL_M_','a:2:{i:0;s:9:\"Hack - IN\";i:1;s:6:\"sharky\";}'),(90,0,2,0,0,0,'10.1.40.158',1348754708,'LOG_ACL_ADD_MOD_LOCAL_M_','a:2:{i:0;s:11:\"Square Root\";i:1;s:14:\"particle.mania\";}'),(91,3,2,0,0,2,'10.1.40.158',1348777582,'LOG_USER_NEW_PASSWORD','a:1:{i:0;s:4:\"buzz\";}'),(92,0,2,0,0,0,'10.1.40.158',1348777616,'LOG_ADMIN_AUTH_SUCCESS',''),(93,0,2,0,0,0,'10.1.40.158',1348777721,'LOG_FORUM_EDIT','a:1:{i:0;s:9:\"BUZZ Home\";}'),(94,0,2,0,0,0,'10.1.40.158',1348777747,'LOG_FORUM_EDIT','a:1:{i:0;s:9:\"Hack - IN\";}'),(95,0,2,0,0,0,'10.1.40.158',1348777825,'LOG_CONFIG_FEATURES',''),(96,0,2,0,0,0,'10.1.40.158',1348777849,'LOG_CONFIG_FEATURES',''),(97,0,2,0,0,0,'10.1.40.158',1348777952,'LOG_CONFIG_REGISTRATION',''),(98,0,2,0,0,0,'10.1.40.158',1348778057,'LOG_CONFIG_LOAD',''),(99,0,2,0,0,0,'10.1.40.158',1348778071,'LOG_CONFIG_LOAD',''),(100,0,2,0,0,0,'10.1.40.158',1348778235,'LOG_ADMIN_AUTH_SUCCESS',''),(101,0,2,0,0,0,'10.1.40.158',1348778673,'LOG_TEMPLATE_ADD_FS','a:1:{i:0;s:11:\"LoLDominion\";}'),(102,0,2,0,0,0,'10.1.40.158',1348778673,'LOG_THEME_ADD_DB','a:1:{i:0;s:11:\"LoLDominion\";}'),(103,0,2,0,0,0,'10.1.40.158',1348778673,'LOG_IMAGESET_ADD_FS','a:1:{i:0;s:11:\"LoLDominion\";}'),(104,0,2,0,0,0,'10.1.40.158',1348778673,'LOG_STYLE_ADD','a:1:{i:0;s:11:\"LoLDominion\";}'),(105,0,2,0,0,0,'10.1.40.158',1348779103,'LOG_FORUM_EDIT','a:1:{i:0;s:9:\"BUZZ Home\";}'),(106,0,2,0,0,0,'10.1.40.158',1348779335,'LOG_TEMPLATE_ADD_FS','a:1:{i:0;s:13:\"Swirly_Orange\";}'),(107,0,2,0,0,0,'10.1.40.158',1348779335,'LOG_THEME_ADD_FS','a:1:{i:0;s:13:\"Swirly_Orange\";}'),(108,0,2,0,0,0,'10.1.40.158',1348779335,'LOG_IMAGESET_ADD_FS','a:1:{i:0;s:13:\"Swirly_Orange\";}'),(109,0,2,0,0,0,'10.1.40.158',1348779335,'LOG_STYLE_ADD','a:1:{i:0;s:13:\"Swirly_Orange\";}'),(110,0,2,0,0,0,'10.1.40.158',1348779818,'LOG_TEMPLATE_ADD_FS','a:1:{i:0;s:5:\"Ruins\";}'),(111,0,2,0,0,0,'10.1.40.158',1348779818,'LOG_THEME_ADD_FS','a:1:{i:0;s:5:\"Ruins\";}'),(112,0,2,0,0,0,'10.1.40.158',1348779818,'LOG_IMAGESET_ADD_FS','a:1:{i:0;s:5:\"Ruins\";}'),(113,0,2,0,0,0,'10.1.40.158',1348779818,'LOG_STYLE_ADD','a:1:{i:0;s:5:\"Ruins\";}'),(114,0,2,0,0,0,'10.1.40.158',1348779969,'LOG_TEMPLATE_ADD_FS','a:1:{i:0;s:8:\"hardwood\";}'),(115,0,2,0,0,0,'10.1.40.158',1348779969,'LOG_THEME_ADD_DB','a:1:{i:0;s:8:\"hardwood\";}'),(116,0,2,0,0,0,'10.1.40.158',1348779969,'LOG_IMAGESET_ADD_FS','a:1:{i:0;s:8:\"hardwood\";}'),(117,0,2,0,0,0,'10.1.40.158',1348779969,'LOG_STYLE_ADD','a:1:{i:0;s:8:\"hardwood\";}'),(118,0,2,0,0,0,'10.1.40.158',1348781958,'LOG_GROUP_UPDATED','a:1:{i:0;s:14:\"Administrators\";}'),(119,0,2,0,0,0,'10.1.40.158',1348781992,'LOG_GROUP_UPDATED','a:1:{i:0;s:17:\"Global moderators\";}'),(120,0,2,0,0,0,'10.1.40.158',1348783142,'LOG_FORUM_EDIT','a:1:{i:0;s:9:\"BUZZ Home\";}'),(121,0,2,0,0,0,'10.1.40.158',1348783154,'LOG_FORUM_EDIT','a:1:{i:0;s:9:\"Hack - IN\";}'),(122,0,2,0,0,0,'10.1.40.158',1348783246,'LOG_STYLE_EDIT_DETAILS','a:1:{i:0;s:11:\"LoLDominion\";}'),(123,0,2,0,0,0,'10.1.40.158',1348783262,'LOG_STYLE_EDIT_DETAILS','a:1:{i:0;s:9:\"prosilver\";}'),(124,0,2,0,0,0,'10.1.40.158',1348783269,'LOG_STYLE_EDIT_DETAILS','a:1:{i:0;s:11:\"LoLDominion\";}'),(125,0,2,0,0,0,'10.1.40.158',1348783311,'LOG_ADMIN_AUTH_SUCCESS',''),(126,0,2,0,0,0,'10.1.40.158',1348783420,'LOG_CONFIG_SETTINGS',''),(127,0,2,0,0,0,'10.1.40.158',1348783512,'LOG_ADMIN_AUTH_SUCCESS',''),(128,0,2,0,0,0,'10.1.40.158',1348783530,'LOG_GROUP_REMOVE','a:2:{i:0;s:5:\"Admin\";i:1;s:11:\"lordinvader\";}'),(129,0,2,0,0,0,'10.1.40.158',1348785781,'LOG_ADMIN_AUTH_SUCCESS',''),(130,0,2,0,0,0,'10.1.40.158',1348785861,'LOG_STYLE_EXPORT','a:1:{i:0;s:11:\"LoLDominion\";}'),(131,0,2,0,0,0,'10.1.40.158',1348786044,'LOG_STYLE_EDIT_DETAILS','a:1:{i:0;s:9:\"prosilver\";}'),(132,0,2,0,0,0,'10.1.40.158',1348786051,'LOG_STYLE_EDIT_DETAILS','a:1:{i:0;s:11:\"LoLDominion\";}'),(133,0,2,0,0,0,'10.1.40.158',1348786064,'LOG_STYLE_DELETE','a:1:{i:0;s:11:\"LoLDominion\";}'),(134,0,2,0,0,0,'10.1.40.158',1348786075,'LOG_TEMPLATE_ADD_FS','a:1:{i:0;s:11:\"LoLDominion\";}'),(135,0,2,0,0,0,'10.1.40.158',1348786075,'LOG_THEME_ADD_DB','a:1:{i:0;s:11:\"LoLDominion\";}'),(136,0,2,0,0,0,'10.1.40.158',1348786075,'LOG_IMAGESET_ADD_FS','a:1:{i:0;s:11:\"LoLDominion\";}'),(137,0,2,0,0,0,'10.1.40.158',1348786075,'LOG_STYLE_ADD','a:1:{i:0;s:11:\"LoLDominion\";}'),(138,0,2,0,0,0,'10.1.40.158',1348786442,'LOG_TEMPLATE_CACHE_CLEARED','a:2:{i:0;s:11:\"LoLDominion\";i:1;s:9:\"All files\";}'),(139,0,2,0,0,0,'10.1.40.158',1348786448,'LOG_THEME_REFRESHED','a:1:{i:0;s:11:\"LoLDominion\";}'),(140,0,2,0,0,0,'10.1.40.158',1348786452,'LOG_IMAGESET_REFRESHED','a:1:{i:0;s:11:\"LoLDominion\";}'),(141,3,54,0,0,54,'10.1.40.158',1348786624,'LOG_USER_NEW_PASSWORD','a:1:{i:0;s:6:\"sharky\";}'),(142,0,2,0,0,0,'10.1.40.158',1348786656,'LOG_ADMIN_AUTH_SUCCESS',''),(143,0,2,0,0,0,'10.1.40.158',1348786670,'LOG_STYLE_EDIT_DETAILS','a:1:{i:0;s:11:\"LoLDominion\";}'),(144,0,2,0,0,0,'10.1.40.158',1348786898,'LOG_STYLE_EDIT_DETAILS','a:1:{i:0;s:9:\"prosilver\";}'),(145,0,2,0,0,0,'10.1.40.158',1348787041,'LOG_GROUP_UPDATED','a:1:{i:0;s:12:\"sharky_admin\";}'),(146,0,2,0,0,0,'10.1.40.158',1348787263,'LOG_ADMIN_AUTH_SUCCESS',''),(147,0,2,0,0,0,'10.1.40.158',1348787426,'LOG_USERS_ADDED','a:2:{i:0;s:14:\"Administrators\";i:1;s:6:\"sharky\";}'),(148,0,2,0,0,0,'10.1.40.158',1348787450,'LOG_GROUP_PROMOTED','a:2:{i:0;s:14:\"Administrators\";i:1;s:6:\"sharky\";}'),(149,0,2,0,0,0,'10.1.40.158',1348787661,'LOG_MODS_ADDED','a:2:{i:0;s:17:\"Global moderators\";i:1;s:6:\"sharky\";}'),(150,0,2,0,0,0,'10.1.40.158',1348788412,'LOG_ADMIN_AUTH_SUCCESS',''),(151,0,2,0,0,0,'10.1.40.158',1348788445,'LOG_FORUM_EDIT','a:1:{i:0;s:9:\"Hack - IN\";}'),(152,0,2,0,0,0,'10.1.40.158',1348788503,'LOG_FORUM_EDIT','a:1:{i:0;s:11:\"Square Root\";}'),(153,0,2,0,0,0,'10.1.40.158',1348788578,'LOG_GROUP_UPDATED','a:1:{i:0;s:5:\"admin\";}'),(154,3,2,0,0,2,'10.1.40.158',1348788615,'LOG_USER_UPDATE_NAME','a:2:{i:0;s:4:\"buzz\";i:1;s:12:\"sharky_admin\";}'),(155,0,2,0,0,0,'10.1.40.158',1348788615,'LOG_USER_USER_UPDATE','a:1:{i:0;s:12:\"sharky_admin\";}'),(156,0,2,0,0,0,'10.1.40.158',1348788659,'LOG_GROUP_REMOVE','a:2:{i:0;s:5:\"admin\";i:1;s:6:\"sharky\";}'),(157,0,2,0,0,0,'10.1.40.158',1348788665,'LOG_GROUP_PROMOTED','a:2:{i:0;s:5:\"admin\";i:1;s:12:\"sharky_admin\";}'),(158,0,2,0,0,0,'10.1.40.158',1348788908,'LOG_ACL_DEL_MOD_LOCAL_M_','a:2:{i:0;s:9:\"Hack - IN\";i:1;s:6:\"sharky\";}'),(159,0,2,0,0,0,'10.1.40.158',1348788934,'LOG_ACL_ADD_MOD_LOCAL_M_','a:2:{i:0;s:9:\"Hack - IN\";i:1;s:6:\"sharky\";}'),(160,0,2,0,0,0,'10.1.40.158',1348789403,'LOG_ADMIN_AUTH_SUCCESS',''),(161,0,2,0,0,0,'10.1.40.158',1348789427,'LOG_GROUP_REMOVE','a:2:{i:0;s:22:\"Newly registered users\";i:1;s:6:\"sharky\";}'),(162,0,2,0,0,0,'10.1.40.158',1348789461,'LOG_FORUM_EDIT','a:1:{i:0;s:9:\"BUZZ Home\";}'),(163,0,2,0,0,0,'10.1.40.158',1348789808,'LOG_CONFIG_SETTINGS',''),(164,1,73,4,20,0,'10.1.39.176',1348803852,'LOG_DELETE_TOPIC','a:2:{i:0;s:9:\"Problem 1\";i:1;s:14:\"particle.mania\";}'),(165,1,73,4,21,0,'10.1.39.176',1348803852,'LOG_DELETE_TOPIC','a:2:{i:0;s:9:\"Problem 2\";i:1;s:14:\"particle.mania\";}'),(166,0,2,0,0,0,'10.1.40.158',1348827670,'LOG_ADMIN_AUTH_SUCCESS',''),(167,1,96,2,26,0,'10.1.39.188',1348831688,'LOG_DELETE_TOPIC','a:2:{i:0;s:49:\"page4.php not loading check whether it is working\";i:1;s:12:\"dreamrulez07\";}'),(168,0,2,0,0,0,'10.1.40.158',1348832887,'LOG_TEMPLATE_CACHE_CLEARED','a:2:{i:0;s:11:\"LoLDominion\";i:1;s:9:\"All files\";}');
/*!40000 ALTER TABLE `phpbb_log` ENABLE KEYS */;
UNLOCK TABLES;

--
-- Table structure for table `phpbb_login_attempts`
--

DROP TABLE IF EXISTS `phpbb_login_attempts`;
/*!40101 SET @saved_cs_client     = @@character_set_client */;
/*!40101 SET character_set_client = utf8 */;
CREATE TABLE `phpbb_login_attempts` (
  `attempt_ip` varchar(40) COLLATE utf8_bin NOT NULL DEFAULT '',
  `attempt_browser` varchar(150) COLLATE utf8_bin NOT NULL DEFAULT '',
  `attempt_forwarded_for` varchar(255) COLLATE utf8_bin NOT NULL DEFAULT '',
  `attempt_time` int(11) unsigned NOT NULL DEFAULT '0',
  `user_id` mediumint(8) unsigned NOT NULL DEFAULT '0',
  `username` varchar(255) COLLATE utf8_bin NOT NULL DEFAULT '0',
  `username_clean` varchar(255) COLLATE utf8_bin NOT NULL DEFAULT '0',
  KEY `att_ip` (`attempt_ip`,`attempt_time`),
  KEY `att_for` (`attempt_forwarded_for`,`attempt_time`),
  KEY `att_time` (`attempt_time`),
  KEY `user_id` (`user_id`)
) ENGINE=MyISAM DEFAULT CHARSET=utf8 COLLATE=utf8_bin;
/*!40101 SET character_set_client = @saved_cs_client */;

--
-- Dumping data for table `phpbb_login_attempts`
--

LOCK TABLES `phpbb_login_attempts` WRITE;
/*!40000 ALTER TABLE `phpbb_login_attempts` DISABLE KEYS */;
INSERT INTO `phpbb_login_attempts` VALUES ('10.1.39.188','Mozilla/5.0 (X11; Ubuntu; Linux x86_64; rv:15.0) Gecko/20100101 Firefox/15.0.1 FirePHP/0.7.1','',1348831261,0,'dreamrulez07','dreamrulez07'),('10.1.39.188','Mozilla/5.0 (X11; Ubuntu; Linux x86_64; rv:15.0) Gecko/20100101 Firefox/15.0.1 FirePHP/0.7.1','',1348831273,0,'dreamrulez07','dreamrulez07'),('10.1.39.74','Mozilla/5.0 (X11; Ubuntu; Linux i686; rv:11.0) Gecko/20100101 Firefox/11.0','',1348833314,0,'vargr','vargr'),('10.1.39.74','Mozilla/5.0 (X11; Ubuntu; Linux i686; rv:11.0) Gecko/20100101 Firefox/11.0','',1348833329,0,'vargr','vargr'),('10.1.130.231','Mozilla/5.0 (Windows NT 6.1; WOW64; rv:15.0) Gecko/20100101 Firefox/15.0.1','',1348833477,0,'Prajit','prajit'),('10.1.39.74','Mozilla/5.0 (X11; Ubuntu; Linux i686; rv:11.0) Gecko/20100101 Firefox/11.0','',1348834682,0,'vargr','vargr'),('10.1.39.74','Mozilla/5.0 (X11; Ubuntu; Linux i686; rv:11.0) Gecko/20100101 Firefox/11.0','',1348834688,0,'vargr','vargr'),('10.1.39.71','Mozilla/5.0 (Windows NT 6.1; WOW64) AppleWebKit/537.4 (KHTML, like Gecko) Chrome/22.0.1229.79 Safari/537.4','',1348843192,0,'HP19','hp19'),('10.3.9.117','Mozilla/5.0 (X11; Ubuntu; Linux i686; rv:11.0) Gecko/20100101 Firefox/11.0','',1348845528,0,'hacker','hacker'),('10.3.9.117','Mozilla/5.0 (X11; Ubuntu; Linux i686; rv:11.0) Gecko/20100101 Firefox/11.0','',1348845519,0,'hacker','hacker'),('10.3.9.117','Mozilla/5.0 (X11; Ubuntu; Linux i686; rv:11.0) Gecko/20100101 Firefox/11.0','',1348845500,0,'hacker','hacker'),('10.1.40.132','Mozilla/5.0 (X11; Linux x86_64; rv:7.0.1) Gecko/20100101 Firefox/7.0.1','',1348824630,0,'rocko','rocko'),('10.1.40.132','Mozilla/5.0 (X11; Linux x86_64; rv:7.0.1) Gecko/20100101 Firefox/7.0.1','',1348824654,0,'rocko','rocko');
/*!40000 ALTER TABLE `phpbb_login_attempts` ENABLE KEYS */;
UNLOCK TABLES;

--
-- Table structure for table `phpbb_moderator_cache`
--

DROP TABLE IF EXISTS `phpbb_moderator_cache`;
/*!40101 SET @saved_cs_client     = @@character_set_client */;
/*!40101 SET character_set_client = utf8 */;
CREATE TABLE `phpbb_moderator_cache` (
  `forum_id` mediumint(8) unsigned NOT NULL DEFAULT '0',
  `user_id` mediumint(8) unsigned NOT NULL DEFAULT '0',
  `username` varchar(255) COLLATE utf8_bin NOT NULL DEFAULT '',
  `group_id` mediumint(8) unsigned NOT NULL DEFAULT '0',
  `group_name` varchar(255) COLLATE utf8_bin NOT NULL DEFAULT '',
  `display_on_index` tinyint(1) unsigned NOT NULL DEFAULT '1',
  KEY `disp_idx` (`display_on_index`),
  KEY `forum_id` (`forum_id`)
) ENGINE=MyISAM DEFAULT CHARSET=utf8 COLLATE=utf8_bin;
/*!40101 SET character_set_client = @saved_cs_client */;

--
-- Dumping data for table `phpbb_moderator_cache`
--

LOCK TABLES `phpbb_moderator_cache` WRITE;
/*!40000 ALTER TABLE `phpbb_moderator_cache` DISABLE KEYS */;
INSERT INTO `phpbb_moderator_cache` VALUES (2,54,'sharky',0,'',1),(2,77,'lordinvader',0,'',1),(3,57,'Anuraag',0,'',1),(4,73,'particle.mania',0,'',1),(0,0,'',8,'admin',1),(2,0,'',8,'admin',1),(3,0,'',8,'admin',1),(4,0,'',8,'admin',1);
/*!40000 ALTER TABLE `phpbb_moderator_cache` ENABLE KEYS */;
UNLOCK TABLES;

--
-- Table structure for table `phpbb_modules`
--

DROP TABLE IF EXISTS `phpbb_modules`;
/*!40101 SET @saved_cs_client     = @@character_set_client */;
/*!40101 SET character_set_client = utf8 */;
CREATE TABLE `phpbb_modules` (
  `module_id` mediumint(8) unsigned NOT NULL AUTO_INCREMENT,
  `module_enabled` tinyint(1) unsigned NOT NULL DEFAULT '1',
  `module_display` tinyint(1) unsigned NOT NULL DEFAULT '1',
  `module_basename` varchar(255) COLLATE utf8_bin NOT NULL DEFAULT '',
  `module_class` varchar(10) COLLATE utf8_bin NOT NULL DEFAULT '',
  `parent_id` mediumint(8) unsigned NOT NULL DEFAULT '0',
  `left_id` mediumint(8) unsigned NOT NULL DEFAULT '0',
  `right_id` mediumint(8) unsigned NOT NULL DEFAULT '0',
  `module_langname` varchar(255) COLLATE utf8_bin NOT NULL DEFAULT '',
  `module_mode` varchar(255) COLLATE utf8_bin NOT NULL DEFAULT '',
  `module_auth` varchar(255) COLLATE utf8_bin NOT NULL DEFAULT '',
  PRIMARY KEY (`module_id`),
  KEY `left_right_id` (`left_id`,`right_id`),
  KEY `module_enabled` (`module_enabled`),
  KEY `class_left_id` (`module_class`,`left_id`)
) ENGINE=MyISAM AUTO_INCREMENT=199 DEFAULT CHARSET=utf8 COLLATE=utf8_bin;
/*!40101 SET character_set_client = @saved_cs_client */;

--
-- Dumping data for table `phpbb_modules`
--

LOCK TABLES `phpbb_modules` WRITE;
/*!40000 ALTER TABLE `phpbb_modules` DISABLE KEYS */;
INSERT INTO `phpbb_modules` VALUES (1,1,1,'','acp',0,1,64,'ACP_CAT_GENERAL','',''),(2,1,1,'','acp',1,4,17,'ACP_QUICK_ACCESS','',''),(3,1,1,'','acp',1,18,41,'ACP_BOARD_CONFIGURATION','',''),(4,1,1,'','acp',1,42,49,'ACP_CLIENT_COMMUNICATION','',''),(5,1,1,'','acp',1,50,63,'ACP_SERVER_CONFIGURATION','',''),(6,1,1,'','acp',0,65,84,'ACP_CAT_FORUMS','',''),(7,1,1,'','acp',6,66,71,'ACP_MANAGE_FORUMS','',''),(8,1,1,'','acp',6,72,83,'ACP_FORUM_BASED_PERMISSIONS','',''),(9,1,1,'','acp',0,85,110,'ACP_CAT_POSTING','',''),(10,1,1,'','acp',9,86,99,'ACP_MESSAGES','',''),(11,1,1,'','acp',9,100,109,'ACP_ATTACHMENTS','',''),(12,1,1,'','acp',0,111,166,'ACP_CAT_USERGROUP','',''),(13,1,1,'','acp',12,112,145,'ACP_CAT_USERS','',''),(14,1,1,'','acp',12,146,153,'ACP_GROUPS','',''),(15,1,1,'','acp',12,154,165,'ACP_USER_SECURITY','',''),(16,1,1,'','acp',0,167,216,'ACP_CAT_PERMISSIONS','',''),(17,1,1,'','acp',16,170,179,'ACP_GLOBAL_PERMISSIONS','',''),(18,1,1,'','acp',16,180,191,'ACP_FORUM_BASED_PERMISSIONS','',''),(19,1,1,'','acp',16,192,201,'ACP_PERMISSION_ROLES','',''),(20,1,1,'','acp',16,202,215,'ACP_PERMISSION_MASKS','',''),(21,1,1,'','acp',0,217,230,'ACP_CAT_STYLES','',''),(22,1,1,'','acp',21,218,221,'ACP_STYLE_MANAGEMENT','',''),(23,1,1,'','acp',21,222,229,'ACP_STYLE_COMPONENTS','',''),(24,1,1,'','acp',0,231,250,'ACP_CAT_MAINTENANCE','',''),(25,1,1,'','acp',24,232,241,'ACP_FORUM_LOGS','',''),(26,1,1,'','acp',24,242,249,'ACP_CAT_DATABASE','',''),(27,1,1,'','acp',0,251,276,'ACP_CAT_SYSTEM','',''),(28,1,1,'','acp',27,252,255,'ACP_AUTOMATION','',''),(29,1,1,'','acp',27,256,267,'ACP_GENERAL_TASKS','',''),(30,1,1,'','acp',27,268,275,'ACP_MODULE_MANAGEMENT','',''),(31,1,1,'','acp',0,277,278,'ACP_CAT_DOT_MODS','',''),(32,1,1,'attachments','acp',3,19,20,'ACP_ATTACHMENT_SETTINGS','attach','acl_a_attach'),(33,1,1,'attachments','acp',11,101,102,'ACP_ATTACHMENT_SETTINGS','attach','acl_a_attach'),(34,1,1,'attachments','acp',11,103,104,'ACP_MANAGE_EXTENSIONS','extensions','acl_a_attach'),(35,1,1,'attachments','acp',11,105,106,'ACP_EXTENSION_GROUPS','ext_groups','acl_a_attach'),(36,1,1,'attachments','acp',11,107,108,'ACP_ORPHAN_ATTACHMENTS','orphan','acl_a_attach'),(37,1,1,'ban','acp',15,155,156,'ACP_BAN_EMAILS','email','acl_a_ban'),(38,1,1,'ban','acp',15,157,158,'ACP_BAN_IPS','ip','acl_a_ban'),(39,1,1,'ban','acp',15,159,160,'ACP_BAN_USERNAMES','user','acl_a_ban'),(40,1,1,'bbcodes','acp',10,87,88,'ACP_BBCODES','bbcodes','acl_a_bbcode'),(41,1,1,'board','acp',3,21,22,'ACP_BOARD_SETTINGS','settings','acl_a_board'),(42,1,1,'board','acp',3,23,24,'ACP_BOARD_FEATURES','features','acl_a_board'),(43,1,1,'board','acp',3,25,26,'ACP_AVATAR_SETTINGS','avatar','acl_a_board'),(44,1,1,'board','acp',3,27,28,'ACP_MESSAGE_SETTINGS','message','acl_a_board'),(45,1,1,'board','acp',10,89,90,'ACP_MESSAGE_SETTINGS','message','acl_a_board'),(46,1,1,'board','acp',3,29,30,'ACP_POST_SETTINGS','post','acl_a_board'),(47,1,1,'board','acp',10,91,92,'ACP_POST_SETTINGS','post','acl_a_board'),(48,1,1,'board','acp',3,31,32,'ACP_SIGNATURE_SETTINGS','signature','acl_a_board'),(49,1,1,'board','acp',3,33,34,'ACP_FEED_SETTINGS','feed','acl_a_board'),(50,1,1,'board','acp',3,35,36,'ACP_REGISTER_SETTINGS','registration','acl_a_board'),(51,1,1,'board','acp',4,43,44,'ACP_AUTH_SETTINGS','auth','acl_a_server'),(52,1,1,'board','acp',4,45,46,'ACP_EMAIL_SETTINGS','email','acl_a_server'),(53,1,1,'board','acp',5,51,52,'ACP_COOKIE_SETTINGS','cookie','acl_a_server'),(54,1,1,'board','acp',5,53,54,'ACP_SERVER_SETTINGS','server','acl_a_server'),(55,1,1,'board','acp',5,55,56,'ACP_SECURITY_SETTINGS','security','acl_a_server'),(56,1,1,'board','acp',5,57,58,'ACP_LOAD_SETTINGS','load','acl_a_server'),(57,1,1,'bots','acp',29,257,258,'ACP_BOTS','bots','acl_a_bots'),(58,1,1,'captcha','acp',3,37,38,'ACP_VC_SETTINGS','visual','acl_a_board'),(59,1,0,'captcha','acp',3,39,40,'ACP_VC_CAPTCHA_DISPLAY','img','acl_a_board'),(60,1,1,'database','acp',26,243,244,'ACP_BACKUP','backup','acl_a_backup'),(61,1,1,'database','acp',26,245,246,'ACP_RESTORE','restore','acl_a_backup'),(62,1,1,'disallow','acp',15,161,162,'ACP_DISALLOW_USERNAMES','usernames','acl_a_names'),(63,1,1,'email','acp',29,259,260,'ACP_MASS_EMAIL','email','acl_a_email && cfg_email_enable'),(64,1,1,'forums','acp',7,67,68,'ACP_MANAGE_FORUMS','manage','acl_a_forum'),(65,1,1,'groups','acp',14,147,148,'ACP_GROUPS_MANAGE','manage','acl_a_group'),(66,1,1,'icons','acp',10,93,94,'ACP_ICONS','icons','acl_a_icons'),(67,1,1,'icons','acp',10,95,96,'ACP_SMILIES','smilies','acl_a_icons'),(68,1,1,'inactive','acp',13,115,116,'ACP_INACTIVE_USERS','list','acl_a_user'),(69,1,1,'jabber','acp',4,47,48,'ACP_JABBER_SETTINGS','settings','acl_a_jabber'),(70,1,1,'language','acp',29,261,262,'ACP_LANGUAGE_PACKS','lang_packs','acl_a_language'),(71,1,1,'logs','acp',25,233,234,'ACP_ADMIN_LOGS','admin','acl_a_viewlogs'),(72,1,1,'logs','acp',25,235,236,'ACP_MOD_LOGS','mod','acl_a_viewlogs'),(73,1,1,'logs','acp',25,237,238,'ACP_USERS_LOGS','users','acl_a_viewlogs'),(74,1,1,'logs','acp',25,239,240,'ACP_CRITICAL_LOGS','critical','acl_a_viewlogs'),(75,1,1,'main','acp',1,2,3,'ACP_INDEX','main',''),(76,1,1,'modules','acp',30,269,270,'ACP','acp','acl_a_modules'),(77,1,1,'modules','acp',30,271,272,'UCP','ucp','acl_a_modules'),(78,1,1,'modules','acp',30,273,274,'MCP','mcp','acl_a_modules'),(79,1,1,'permission_roles','acp',19,193,194,'ACP_ADMIN_ROLES','admin_roles','acl_a_roles && acl_a_aauth'),(80,1,1,'permission_roles','acp',19,195,196,'ACP_USER_ROLES','user_roles','acl_a_roles && acl_a_uauth'),(81,1,1,'permission_roles','acp',19,197,198,'ACP_MOD_ROLES','mod_roles','acl_a_roles && acl_a_mauth'),(82,1,1,'permission_roles','acp',19,199,200,'ACP_FORUM_ROLES','forum_roles','acl_a_roles && acl_a_fauth'),(83,1,1,'permissions','acp',16,168,169,'ACP_PERMISSIONS','intro','acl_a_authusers || acl_a_authgroups || acl_a_viewauth'),(84,1,0,'permissions','acp',20,203,204,'ACP_PERMISSION_TRACE','trace','acl_a_viewauth'),(85,1,1,'permissions','acp',18,181,182,'ACP_FORUM_PERMISSIONS','setting_forum_local','acl_a_fauth && (acl_a_authusers || acl_a_authgroups)'),(86,1,1,'permissions','acp',18,183,184,'ACP_FORUM_PERMISSIONS_COPY','setting_forum_copy','acl_a_fauth && acl_a_authusers && acl_a_authgroups && acl_a_mauth'),(87,1,1,'permissions','acp',18,185,186,'ACP_FORUM_MODERATORS','setting_mod_local','acl_a_mauth && (acl_a_authusers || acl_a_authgroups)'),(88,1,1,'permissions','acp',17,171,172,'ACP_USERS_PERMISSIONS','setting_user_global','acl_a_authusers && (acl_a_aauth || acl_a_mauth || acl_a_uauth)'),(89,1,1,'permissions','acp',13,117,118,'ACP_USERS_PERMISSIONS','setting_user_global','acl_a_authusers && (acl_a_aauth || acl_a_mauth || acl_a_uauth)'),(90,1,1,'permissions','acp',18,187,188,'ACP_USERS_FORUM_PERMISSIONS','setting_user_local','acl_a_authusers && (acl_a_mauth || acl_a_fauth)'),(91,1,1,'permissions','acp',13,119,120,'ACP_USERS_FORUM_PERMISSIONS','setting_user_local','acl_a_authusers && (acl_a_mauth || acl_a_fauth)'),(92,1,1,'permissions','acp',17,173,174,'ACP_GROUPS_PERMISSIONS','setting_group_global','acl_a_authgroups && (acl_a_aauth || acl_a_mauth || acl_a_uauth)'),(93,1,1,'permissions','acp',14,149,150,'ACP_GROUPS_PERMISSIONS','setting_group_global','acl_a_authgroups && (acl_a_aauth || acl_a_mauth || acl_a_uauth)'),(94,1,1,'permissions','acp',18,189,190,'ACP_GROUPS_FORUM_PERMISSIONS','setting_group_local','acl_a_authgroups && (acl_a_mauth || acl_a_fauth)'),(95,1,1,'permissions','acp',14,151,152,'ACP_GROUPS_FORUM_PERMISSIONS','setting_group_local','acl_a_authgroups && (acl_a_mauth || acl_a_fauth)'),(96,1,1,'permissions','acp',17,175,176,'ACP_ADMINISTRATORS','setting_admin_global','acl_a_aauth && (acl_a_authusers || acl_a_authgroups)'),(97,1,1,'permissions','acp',17,177,178,'ACP_GLOBAL_MODERATORS','setting_mod_global','acl_a_mauth && (acl_a_authusers || acl_a_authgroups)'),(98,1,1,'permissions','acp',20,205,206,'ACP_VIEW_ADMIN_PERMISSIONS','view_admin_global','acl_a_viewauth'),(99,1,1,'permissions','acp',20,207,208,'ACP_VIEW_USER_PERMISSIONS','view_user_global','acl_a_viewauth'),(100,1,1,'permissions','acp',20,209,210,'ACP_VIEW_GLOBAL_MOD_PERMISSIONS','view_mod_global','acl_a_viewauth'),(101,1,1,'permissions','acp',20,211,212,'ACP_VIEW_FORUM_MOD_PERMISSIONS','view_mod_local','acl_a_viewauth'),(102,1,1,'permissions','acp',20,213,214,'ACP_VIEW_FORUM_PERMISSIONS','view_forum_local','acl_a_viewauth'),(103,1,1,'php_info','acp',29,263,264,'ACP_PHP_INFO','info','acl_a_phpinfo'),(104,1,1,'profile','acp',13,121,122,'ACP_CUSTOM_PROFILE_FIELDS','profile','acl_a_profile'),(105,1,1,'prune','acp',7,69,70,'ACP_PRUNE_FORUMS','forums','acl_a_prune'),(106,1,1,'prune','acp',15,163,164,'ACP_PRUNE_USERS','users','acl_a_userdel'),(107,1,1,'ranks','acp',13,123,124,'ACP_MANAGE_RANKS','ranks','acl_a_ranks'),(108,1,1,'reasons','acp',29,265,266,'ACP_MANAGE_REASONS','main','acl_a_reasons'),(109,1,1,'search','acp',5,59,60,'ACP_SEARCH_SETTINGS','settings','acl_a_search'),(110,1,1,'search','acp',26,247,248,'ACP_SEARCH_INDEX','index','acl_a_search'),(111,1,1,'send_statistics','acp',5,61,62,'ACP_SEND_STATISTICS','send_statistics','acl_a_server'),(112,1,1,'styles','acp',22,219,220,'ACP_STYLES','style','acl_a_styles'),(113,1,1,'styles','acp',23,223,224,'ACP_TEMPLATES','template','acl_a_styles'),(114,1,1,'styles','acp',23,225,226,'ACP_THEMES','theme','acl_a_styles'),(115,1,1,'styles','acp',23,227,228,'ACP_IMAGESETS','imageset','acl_a_styles'),(116,1,1,'update','acp',28,253,254,'ACP_VERSION_CHECK','version_check','acl_a_board'),(117,1,1,'users','acp',13,113,114,'ACP_MANAGE_USERS','overview','acl_a_user'),(118,1,0,'users','acp',13,125,126,'ACP_USER_FEEDBACK','feedback','acl_a_user'),(119,1,0,'users','acp',13,127,128,'ACP_USER_WARNINGS','warnings','acl_a_user'),(120,1,0,'users','acp',13,129,130,'ACP_USER_PROFILE','profile','acl_a_user'),(121,1,0,'users','acp',13,131,132,'ACP_USER_PREFS','prefs','acl_a_user'),(122,1,0,'users','acp',13,133,134,'ACP_USER_AVATAR','avatar','acl_a_user'),(123,1,0,'users','acp',13,135,136,'ACP_USER_RANK','rank','acl_a_user'),(124,1,0,'users','acp',13,137,138,'ACP_USER_SIG','sig','acl_a_user'),(125,1,0,'users','acp',13,139,140,'ACP_USER_GROUPS','groups','acl_a_user && acl_a_group'),(126,1,0,'users','acp',13,141,142,'ACP_USER_PERM','perm','acl_a_user && acl_a_viewauth'),(127,1,0,'users','acp',13,143,144,'ACP_USER_ATTACH','attach','acl_a_user'),(128,1,1,'words','acp',10,97,98,'ACP_WORDS','words','acl_a_words'),(129,1,1,'users','acp',2,5,6,'ACP_MANAGE_USERS','overview','acl_a_user'),(130,1,1,'groups','acp',2,7,8,'ACP_GROUPS_MANAGE','manage','acl_a_group'),(131,1,1,'forums','acp',2,9,10,'ACP_MANAGE_FORUMS','manage','acl_a_forum'),(132,1,1,'logs','acp',2,11,12,'ACP_MOD_LOGS','mod','acl_a_viewlogs'),(133,1,1,'bots','acp',2,13,14,'ACP_BOTS','bots','acl_a_bots'),(134,1,1,'php_info','acp',2,15,16,'ACP_PHP_INFO','info','acl_a_phpinfo'),(135,1,1,'permissions','acp',8,73,74,'ACP_FORUM_PERMISSIONS','setting_forum_local','acl_a_fauth && (acl_a_authusers || acl_a_authgroups)'),(136,1,1,'permissions','acp',8,75,76,'ACP_FORUM_PERMISSIONS_COPY','setting_forum_copy','acl_a_fauth && acl_a_authusers && acl_a_authgroups && acl_a_mauth'),(137,1,1,'permissions','acp',8,77,78,'ACP_FORUM_MODERATORS','setting_mod_local','acl_a_mauth && (acl_a_authusers || acl_a_authgroups)'),(138,1,1,'permissions','acp',8,79,80,'ACP_USERS_FORUM_PERMISSIONS','setting_user_local','acl_a_authusers && (acl_a_mauth || acl_a_fauth)'),(139,1,1,'permissions','acp',8,81,82,'ACP_GROUPS_FORUM_PERMISSIONS','setting_group_local','acl_a_authgroups && (acl_a_mauth || acl_a_fauth)'),(140,1,1,'','mcp',0,1,10,'MCP_MAIN','',''),(141,1,1,'','mcp',0,11,18,'MCP_QUEUE','',''),(142,1,1,'','mcp',0,19,32,'MCP_REPORTS','',''),(143,1,1,'','mcp',0,33,38,'MCP_NOTES','',''),(144,1,1,'','mcp',0,39,48,'MCP_WARN','',''),(145,1,1,'','mcp',0,49,56,'MCP_LOGS','',''),(146,1,1,'','mcp',0,57,64,'MCP_BAN','',''),(147,1,1,'ban','mcp',146,58,59,'MCP_BAN_USERNAMES','user','acl_m_ban'),(148,1,1,'ban','mcp',146,60,61,'MCP_BAN_IPS','ip','acl_m_ban'),(149,1,1,'ban','mcp',146,62,63,'MCP_BAN_EMAILS','email','acl_m_ban'),(150,1,1,'logs','mcp',145,50,51,'MCP_LOGS_FRONT','front','acl_m_ || aclf_m_'),(151,1,1,'logs','mcp',145,52,53,'MCP_LOGS_FORUM_VIEW','forum_logs','acl_m_,$id'),(152,1,1,'logs','mcp',145,54,55,'MCP_LOGS_TOPIC_VIEW','topic_logs','acl_m_,$id'),(153,1,1,'main','mcp',140,2,3,'MCP_MAIN_FRONT','front',''),(154,1,1,'main','mcp',140,4,5,'MCP_MAIN_FORUM_VIEW','forum_view','acl_m_,$id'),(155,1,1,'main','mcp',140,6,7,'MCP_MAIN_TOPIC_VIEW','topic_view','acl_m_,$id'),(156,1,1,'main','mcp',140,8,9,'MCP_MAIN_POST_DETAILS','post_details','acl_m_,$id || (!$id && aclf_m_)'),(157,1,1,'notes','mcp',143,34,35,'MCP_NOTES_FRONT','front',''),(158,1,1,'notes','mcp',143,36,37,'MCP_NOTES_USER','user_notes',''),(159,1,1,'pm_reports','mcp',142,20,21,'MCP_PM_REPORTS_OPEN','pm_reports','aclf_m_report'),(160,1,1,'pm_reports','mcp',142,22,23,'MCP_PM_REPORTS_CLOSED','pm_reports_closed','aclf_m_report'),(161,1,1,'pm_reports','mcp',142,24,25,'MCP_PM_REPORT_DETAILS','pm_report_details','aclf_m_report'),(162,1,1,'queue','mcp',141,12,13,'MCP_QUEUE_UNAPPROVED_TOPICS','unapproved_topics','aclf_m_approve'),(163,1,1,'queue','mcp',141,14,15,'MCP_QUEUE_UNAPPROVED_POSTS','unapproved_posts','aclf_m_approve'),(164,1,1,'queue','mcp',141,16,17,'MCP_QUEUE_APPROVE_DETAILS','approve_details','acl_m_approve,$id || (!$id && aclf_m_approve)'),(165,1,1,'reports','mcp',142,26,27,'MCP_REPORTS_OPEN','reports','aclf_m_report'),(166,1,1,'reports','mcp',142,28,29,'MCP_REPORTS_CLOSED','reports_closed','aclf_m_report'),(167,1,1,'reports','mcp',142,30,31,'MCP_REPORT_DETAILS','report_details','acl_m_report,$id || (!$id && aclf_m_report)'),(168,1,1,'warn','mcp',144,40,41,'MCP_WARN_FRONT','front','aclf_m_warn'),(169,1,1,'warn','mcp',144,42,43,'MCP_WARN_LIST','list','aclf_m_warn'),(170,1,1,'warn','mcp',144,44,45,'MCP_WARN_USER','warn_user','aclf_m_warn'),(171,1,1,'warn','mcp',144,46,47,'MCP_WARN_POST','warn_post','acl_m_warn && acl_f_read,$id'),(172,1,1,'','ucp',0,1,12,'UCP_MAIN','',''),(173,1,1,'','ucp',0,13,22,'UCP_PROFILE','',''),(174,1,1,'','ucp',0,23,30,'UCP_PREFS','',''),(175,1,1,'','ucp',0,31,42,'UCP_PM','',''),(176,1,1,'','ucp',0,43,48,'UCP_USERGROUPS','',''),(177,1,1,'','ucp',0,49,54,'UCP_ZEBRA','',''),(178,1,1,'attachments','ucp',172,10,11,'UCP_MAIN_ATTACHMENTS','attachments','acl_u_attach'),(179,1,1,'groups','ucp',176,44,45,'UCP_USERGROUPS_MEMBER','membership',''),(180,1,1,'groups','ucp',176,46,47,'UCP_USERGROUPS_MANAGE','manage',''),(181,1,1,'main','ucp',172,2,3,'UCP_MAIN_FRONT','front',''),(182,1,1,'main','ucp',172,4,5,'UCP_MAIN_SUBSCRIBED','subscribed',''),(183,1,1,'main','ucp',172,6,7,'UCP_MAIN_BOOKMARKS','bookmarks','cfg_allow_bookmarks'),(184,1,1,'main','ucp',172,8,9,'UCP_MAIN_DRAFTS','drafts',''),(185,1,0,'pm','ucp',175,32,33,'UCP_PM_VIEW','view','cfg_allow_privmsg'),(186,1,1,'pm','ucp',175,34,35,'UCP_PM_COMPOSE','compose','cfg_allow_privmsg'),(187,1,1,'pm','ucp',175,36,37,'UCP_PM_DRAFTS','drafts','cfg_allow_privmsg'),(188,1,1,'pm','ucp',175,38,39,'UCP_PM_OPTIONS','options','cfg_allow_privmsg'),(189,1,0,'pm','ucp',175,40,41,'UCP_PM_POPUP_TITLE','popup','cfg_allow_privmsg'),(190,1,1,'prefs','ucp',174,24,25,'UCP_PREFS_PERSONAL','personal',''),(191,1,1,'prefs','ucp',174,26,27,'UCP_PREFS_POST','post',''),(192,1,1,'prefs','ucp',174,28,29,'UCP_PREFS_VIEW','view',''),(193,1,1,'profile','ucp',173,14,15,'UCP_PROFILE_PROFILE_INFO','profile_info',''),(194,1,1,'profile','ucp',173,16,17,'UCP_PROFILE_SIGNATURE','signature',''),(195,1,1,'profile','ucp',173,18,19,'UCP_PROFILE_AVATAR','avatar','cfg_allow_avatar && (cfg_allow_avatar_local || cfg_allow_avatar_remote || cfg_allow_avatar_upload || cfg_allow_avatar_remote_upload)'),(196,1,1,'profile','ucp',173,20,21,'UCP_PROFILE_REG_DETAILS','reg_details',''),(197,1,1,'zebra','ucp',177,50,51,'UCP_ZEBRA_FRIENDS','friends',''),(198,1,1,'zebra','ucp',177,52,53,'UCP_ZEBRA_FOES','foes','');
/*!40000 ALTER TABLE `phpbb_modules` ENABLE KEYS */;
UNLOCK TABLES;

--
-- Table structure for table `phpbb_poll_options`
--

DROP TABLE IF EXISTS `phpbb_poll_options`;
/*!40101 SET @saved_cs_client     = @@character_set_client */;
/*!40101 SET character_set_client = utf8 */;
CREATE TABLE `phpbb_poll_options` (
  `poll_option_id` tinyint(4) NOT NULL DEFAULT '0',
  `topic_id` mediumint(8) unsigned NOT NULL DEFAULT '0',
  `poll_option_text` text COLLATE utf8_bin NOT NULL,
  `poll_option_total` mediumint(8) unsigned NOT NULL DEFAULT '0',
  KEY `poll_opt_id` (`poll_option_id`),
  KEY `topic_id` (`topic_id`)
) ENGINE=MyISAM DEFAULT CHARSET=utf8 COLLATE=utf8_bin;
/*!40101 SET character_set_client = @saved_cs_client */;

--
-- Dumping data for table `phpbb_poll_options`
--

LOCK TABLES `phpbb_poll_options` WRITE;
/*!40000 ALTER TABLE `phpbb_poll_options` DISABLE KEYS */;
/*!40000 ALTER TABLE `phpbb_poll_options` ENABLE KEYS */;
UNLOCK TABLES;

--
-- Table structure for table `phpbb_poll_votes`
--

DROP TABLE IF EXISTS `phpbb_poll_votes`;
/*!40101 SET @saved_cs_client     = @@character_set_client */;
/*!40101 SET character_set_client = utf8 */;
CREATE TABLE `phpbb_poll_votes` (
  `topic_id` mediumint(8) unsigned NOT NULL DEFAULT '0',
  `poll_option_id` tinyint(4) NOT NULL DEFAULT '0',
  `vote_user_id` mediumint(8) unsigned NOT NULL DEFAULT '0',
  `vote_user_ip` varchar(40) COLLATE utf8_bin NOT NULL DEFAULT '',
  KEY `topic_id` (`topic_id`),
  KEY `vote_user_id` (`vote_user_id`),
  KEY `vote_user_ip` (`vote_user_ip`)
) ENGINE=MyISAM DEFAULT CHARSET=utf8 COLLATE=utf8_bin;
/*!40101 SET character_set_client = @saved_cs_client */;

--
-- Dumping data for table `phpbb_poll_votes`
--

LOCK TABLES `phpbb_poll_votes` WRITE;
/*!40000 ALTER TABLE `phpbb_poll_votes` DISABLE KEYS */;
/*!40000 ALTER TABLE `phpbb_poll_votes` ENABLE KEYS */;
UNLOCK TABLES;

--
-- Table structure for table `phpbb_posts`
--

DROP TABLE IF EXISTS `phpbb_posts`;
/*!40101 SET @saved_cs_client     = @@character_set_client */;
/*!40101 SET character_set_client = utf8 */;
CREATE TABLE `phpbb_posts` (
  `post_id` mediumint(8) unsigned NOT NULL AUTO_INCREMENT,
  `topic_id` mediumint(8) unsigned NOT NULL DEFAULT '0',
  `forum_id` mediumint(8) unsigned NOT NULL DEFAULT '0',
  `poster_id` mediumint(8) unsigned NOT NULL DEFAULT '0',
  `icon_id` mediumint(8) unsigned NOT NULL DEFAULT '0',
  `poster_ip` varchar(40) COLLATE utf8_bin NOT NULL DEFAULT '',
  `post_time` int(11) unsigned NOT NULL DEFAULT '0',
  `post_approved` tinyint(1) unsigned NOT NULL DEFAULT '1',
  `post_reported` tinyint(1) unsigned NOT NULL DEFAULT '0',
  `enable_bbcode` tinyint(1) unsigned NOT NULL DEFAULT '1',
  `enable_smilies` tinyint(1) unsigned NOT NULL DEFAULT '1',
  `enable_magic_url` tinyint(1) unsigned NOT NULL DEFAULT '1',
  `enable_sig` tinyint(1) unsigned NOT NULL DEFAULT '1',
  `post_username` varchar(255) COLLATE utf8_bin NOT NULL DEFAULT '',
  `post_subject` varchar(255) CHARACTER SET utf8 COLLATE utf8_unicode_ci NOT NULL DEFAULT '',
  `post_text` mediumtext COLLATE utf8_bin NOT NULL,
  `post_checksum` varchar(32) COLLATE utf8_bin NOT NULL DEFAULT '',
  `post_attachment` tinyint(1) unsigned NOT NULL DEFAULT '0',
  `bbcode_bitfield` varchar(255) COLLATE utf8_bin NOT NULL DEFAULT '',
  `bbcode_uid` varchar(8) COLLATE utf8_bin NOT NULL DEFAULT '',
  `post_postcount` tinyint(1) unsigned NOT NULL DEFAULT '1',
  `post_edit_time` int(11) unsigned NOT NULL DEFAULT '0',
  `post_edit_reason` varchar(255) COLLATE utf8_bin NOT NULL DEFAULT '',
  `post_edit_user` mediumint(8) unsigned NOT NULL DEFAULT '0',
  `post_edit_count` smallint(4) unsigned NOT NULL DEFAULT '0',
  `post_edit_locked` tinyint(1) unsigned NOT NULL DEFAULT '0',
  PRIMARY KEY (`post_id`),
  KEY `forum_id` (`forum_id`),
  KEY `topic_id` (`topic_id`),
  KEY `poster_ip` (`poster_ip`),
  KEY `poster_id` (`poster_id`),
  KEY `post_approved` (`post_approved`),
  KEY `post_username` (`post_username`),
  KEY `tid_post_time` (`topic_id`,`post_time`)
) ENGINE=MyISAM AUTO_INCREMENT=48 DEFAULT CHARSET=utf8 COLLATE=utf8_bin;
/*!40101 SET character_set_client = @saved_cs_client */;

--
-- Dumping data for table `phpbb_posts`
--

LOCK TABLES `phpbb_posts` WRITE;
/*!40000 ALTER TABLE `phpbb_posts` DISABLE KEYS */;
INSERT INTO `phpbb_posts` VALUES (1,1,2,2,3,'10.3.11.219',1348665736,1,0,1,1,1,1,'','Welcome to Hack - In Forums','The event has not started yet. We plan to get it live soon.','8e6dcb0339420a2e840266811cc56186',0,'','2vvr6yt1',1,0,'',0,0,0),(24,7,3,80,0,'10.1.33.143',1348754728,1,0,1,1,1,1,'','Re: Question 3','Any hints ??????','45a47b0ee4f1c0ebc14237bcaf391ff7',0,'','2nc5p8sh',1,0,'',0,0,0),(25,12,3,62,0,'10.1.39.240',1348767880,1,0,1,1,1,1,'','Re: Question 7','is the relation between iit-b only or iit in general? and any connection to coffee once we know what is the hint after 15 questions?','0253b36916b1925137bd665b7edce217',0,'','28deb8rj',1,0,'',0,0,0),(6,6,3,57,0,'10.1.39.235',1348749193,1,0,1,1,1,1,'','Question 2','Discussion on Question 2','d5b93f4818a0dbf14865cf6d88fb7278',0,'','2z1yohgx',1,0,'',0,0,0),(7,7,3,57,0,'10.1.39.235',1348749354,1,0,1,1,1,1,'','Question 3','Discussion on Question 3','64297ffa22685910ff723adfd4fea549',0,'','xnf9np9p',1,0,'',0,0,0),(5,5,3,57,0,'10.1.39.235',1348749164,1,0,1,1,1,1,'','Question 1','Discussion on question 1.','8305a1f9a08664f2c8fd73b0d7bbc1ac',0,'','2vc17vtg',1,0,'',0,0,0),(9,9,3,57,0,'10.1.39.235',1348749393,1,0,1,1,1,1,'','Question 4','Discussion on Question 4','c01ec94a52d256544ccdbe7739372171',0,'','34wdocaf',1,0,'',0,0,0),(10,10,3,57,0,'10.1.39.235',1348749419,1,0,1,1,1,1,'','Question 5','Discussion on Question 5','10f81e7b1cc486c78b8a316936b72007',0,'','3tse0173',1,0,'',0,0,0),(28,7,3,84,0,'10.1.34.179',1348771777,1,0,1,1,1,1,'','Re: Question 3','hints please','cabae0897da9ae5d2961dadabf9189a6',0,'','tt9w6bui',1,0,'',0,0,0),(12,11,3,57,0,'10.1.39.235',1348749439,1,0,1,1,1,1,'','Question 6','Discussion on Question 6','1a7978c4f0fa5ba44110f7d84bfd8a99',0,'','29bv8s6y',1,0,'',0,0,0),(13,12,3,57,0,'10.1.39.235',1348749467,1,0,1,1,1,1,'','Question 7','Discussion on Question 7','5b11a4295d4421f77aeed0aaab88edd4',0,'','du34dxsm',1,0,'',0,0,0),(29,7,3,57,0,'10.1.39.235',1348773826,1,0,1,1,1,1,'','Re: Question 3','It is a land mass','91007a846288546d3c0cc08a4b1c3c3e',0,'','2q08gbz4',1,0,'',0,0,0),(26,18,3,83,0,'10.1.40.206',1348770177,1,0,1,1,1,1,'','Question 9','How to approach ??','fdd6578021b5409ab7b5b64c71835577',0,'','3498ktk9',1,0,'',0,0,0),(27,12,3,57,0,'10.1.39.235',1348770378,1,0,1,1,1,1,'','Re: Question 7','It may be any iit . It is not necessarily iit-b','b65d29828248a826faae7b2a445da5a0',0,'','2xo6r033',1,0,'',0,0,0),(20,15,2,77,0,'10.1.39.126',1348750062,1,0,1,1,1,1,'','Test 2','Test','0cbc6611f5540bd0809a388dc95a615b',0,'','17741o8g',1,0,'',0,0,0),(21,16,3,77,0,'10.1.39.126',1348750148,1,0,1,1,1,1,'','Test 3','Asdf','a25fda70d4a94ee66872cf8194243a70',0,'','n0tritfv',1,0,'',0,0,0),(30,18,3,57,0,'10.1.39.235',1348774495,1,0,1,1,1,1,'','Re: Question 9','The &quot;thing&quot; in the image one was destroyed in fire..................................','72a724adbb8edb53f66b1765992d7432',0,'','3kyftqih',1,0,'',0,0,0),(31,19,4,64,0,'10.1.39.164',1348777621,1,0,1,1,1,1,'','problem 14 (counting triangles)','How to start !!!\nP.S : To HELL with symmetry &gt;.&lt;','f6c9e4e5282bbda34a06590356b21b02',0,'','3k0evd1p',1,0,'',0,0,0),(32,12,3,61,0,'10.1.98.114',1348783308,1,0,1,1,1,1,'','Re: Question 7','any other hint plz','0ccbab10c7cd8394b231ed5a2bd8fead',0,'','3nuh2www',1,0,'',0,0,0),(33,12,3,61,0,'10.1.98.114',1348783446,1,0,1,1,1,1,'','Re: Question 7','zny connection to iit? what kind of connection?','aaf05e203e6b90d752d433d9d30e7f3e',0,'','8am1x7lz',1,0,'',0,0,0),(34,12,3,61,0,'10.1.98.114',1348784145,1,0,1,1,1,1,'','Re: Question 7','related to jee? or java?','7fc7fc21c8cad6e323104ef58425e548',0,'','28oida73',1,0,'',0,0,0),(35,1,2,2,0,'10.1.40.158',1348790984,1,0,1,1,1,1,'','Re: Welcome to Hack - In Forums','The event has started.   <!-- s:D --><img src=\"{SMILIES_PATH}/icon_e_biggrin.gif\" alt=\":D\" title=\"Very Happy\" /><!-- s:D -->  Register @ <!-- m --><a class=\"postlink\" href=\"http://felicity.iiit.ac.in/~buzz/hackin/\">http://felicity.iiit.ac.in/~buzz/hackin/</a><!-- m -->     <!-- s:mrgreen: --><img src=\"{SMILIES_PATH}/icon_mrgreen.gif\" alt=\":mrgreen:\" title=\"Mr. Green\" /><!-- s:mrgreen: --> \n\nP.S Posting of answers on this forum is not allowed.     <!-- s;) --><img src=\"{SMILIES_PATH}/icon_e_wink.gif\" alt=\";)\" title=\"Wink\" /><!-- s;) -->','891465d685c13a42efe7e6f34018da4a',0,'','bvbznunb',1,0,'',0,0,0),(38,22,4,73,0,'10.1.39.176',1348803877,1,0,1,1,1,1,'','Problem 0','Hint: Google It','5876b97d740aedbce92a91d69ec29775',0,'','2vesswpv',1,0,'',0,0,0),(39,23,4,73,0,'10.1.39.176',1348803908,1,0,1,1,1,1,'','Problem 1','Hint: A riddle that can be solved using intelligent googling and wiki-surfing','6b8d3a42f2ac45698b1a09fc4225fffb',0,'','3sgaq4ua',1,0,'',0,0,0),(40,24,4,73,0,'10.1.39.176',1348803969,1,0,1,1,1,1,'','Problem 14','Hint 1: No two sides of a triangle are ever parallel. That is all three sides of any triangle have different slopes.','c8aa64d4dcd0934768f8634bef87bd18',0,'','7pyrnkre',1,0,'',0,0,0),(41,19,4,73,0,'10.1.39.176',1348804453,1,0,1,1,1,1,'','Re: problem 14 (counting triangles)','hint posted on problem 14 thread...','9f55bbd6632d8d3c5f896cab085edb01',0,'','ryiyggi5',1,0,'',0,0,0),(42,24,4,73,0,'10.1.40.140',1348827347,1,0,1,1,1,1,'','Re: Problem 14','Also, the question has been corrected, please count only those triangles with vertices on the grid.','d7f6eec0d93b6e1f36708367c216c9b2',0,'','1j3lsj5u',1,0,'',0,0,0),(43,25,3,93,0,'10.1.39.109',1348828247,1,0,1,1,1,1,'','question 11','what the hint??','58fe6f114864984f8ea35cdcc5d7f987',0,'','2ne1kq6r',1,0,'',0,0,0),(44,25,3,95,0,'10.1.40.171',1348829314,1,0,1,1,1,1,'','Re: question 11','Think Think <!-- s:) --><img src=\"{SMILIES_PATH}/icon_e_smile.gif\" alt=\":)\" title=\"Smile\" /><!-- s:) -->','2d85f86ecfcda8a0f2b4e7f8d16f33b4',0,'','1vsin2a6',1,0,'',0,0,0),(46,18,3,68,0,'10.1.98.128',1348831870,1,0,1,1,1,1,'','Re: Question 9','Can you provide any other hint?? \nIn what direction are we supposed to think?','bab6916c6020af2bb87f6c09550d16fb',0,'','2ihfiru9',1,0,'',0,0,0),(47,25,3,57,0,'10.1.40.203',1348841153,1,0,1,1,1,1,'','Re: question 11','It is a number....','4e026dbaa9cf1c61bca8100a217b7aad',0,'','38xtkdc4',1,0,'',0,0,0);
/*!40000 ALTER TABLE `phpbb_posts` ENABLE KEYS */;
UNLOCK TABLES;

--
-- Table structure for table `phpbb_privmsgs`
--

DROP TABLE IF EXISTS `phpbb_privmsgs`;
/*!40101 SET @saved_cs_client     = @@character_set_client */;
/*!40101 SET character_set_client = utf8 */;
CREATE TABLE `phpbb_privmsgs` (
  `msg_id` mediumint(8) unsigned NOT NULL AUTO_INCREMENT,
  `root_level` mediumint(8) unsigned NOT NULL DEFAULT '0',
  `author_id` mediumint(8) unsigned NOT NULL DEFAULT '0',
  `icon_id` mediumint(8) unsigned NOT NULL DEFAULT '0',
  `author_ip` varchar(40) COLLATE utf8_bin NOT NULL DEFAULT '',
  `message_time` int(11) unsigned NOT NULL DEFAULT '0',
  `enable_bbcode` tinyint(1) unsigned NOT NULL DEFAULT '1',
  `enable_smilies` tinyint(1) unsigned NOT NULL DEFAULT '1',
  `enable_magic_url` tinyint(1) unsigned NOT NULL DEFAULT '1',
  `enable_sig` tinyint(1) unsigned NOT NULL DEFAULT '1',
  `message_subject` varchar(255) COLLATE utf8_bin NOT NULL DEFAULT '',
  `message_text` mediumtext COLLATE utf8_bin NOT NULL,
  `message_edit_reason` varchar(255) COLLATE utf8_bin NOT NULL DEFAULT '',
  `message_edit_user` mediumint(8) unsigned NOT NULL DEFAULT '0',
  `message_attachment` tinyint(1) unsigned NOT NULL DEFAULT '0',
  `bbcode_bitfield` varchar(255) COLLATE utf8_bin NOT NULL DEFAULT '',
  `bbcode_uid` varchar(8) COLLATE utf8_bin NOT NULL DEFAULT '',
  `message_edit_time` int(11) unsigned NOT NULL DEFAULT '0',
  `message_edit_count` smallint(4) unsigned NOT NULL DEFAULT '0',
  `to_address` text COLLATE utf8_bin NOT NULL,
  `bcc_address` text COLLATE utf8_bin NOT NULL,
  `message_reported` tinyint(1) unsigned NOT NULL DEFAULT '0',
  PRIMARY KEY (`msg_id`),
  KEY `author_ip` (`author_ip`),
  KEY `message_time` (`message_time`),
  KEY `author_id` (`author_id`),
  KEY `root_level` (`root_level`)
) ENGINE=MyISAM AUTO_INCREMENT=4 DEFAULT CHARSET=utf8 COLLATE=utf8_bin;
/*!40101 SET character_set_client = @saved_cs_client */;

--
-- Dumping data for table `phpbb_privmsgs`
--

LOCK TABLES `phpbb_privmsgs` WRITE;
/*!40000 ALTER TABLE `phpbb_privmsgs` DISABLE KEYS */;
INSERT INTO `phpbb_privmsgs` VALUES (1,0,54,0,'10.1.40.158',1348750514,1,1,0,0,'Board warning issued','The following is a warning which has been issued to you by an administrator or moderator of this site.[quote:58z4ysnw]This is a warning regarding the following post made by you: <!-- l --><a class=\"postlink-local\" href=\"http://felicity.iiit.ac.in/~buzz/forums/viewtopic.php?f=2&amp;p=22#p22\">viewtopic.php?f=2&amp;p=22#p22</a><!-- l --> .[/quote:58z4ysnw]','',0,0,'gA==','58z4ysnw',0,0,'u_76','',0),(2,0,54,0,'10.1.40.158',1348751252,1,1,0,0,'Board warning issued','The following is a warning which has been issued to you by an administrator or moderator of this site.[quote:2gta0ntd]Bakchodi na kar. <!-- s:D --><img src=\"{SMILIES_PATH}/icon_e_biggrin.gif\" alt=\":D\" title=\"Very Happy\" /><!-- s:D -->[/quote:2gta0ntd]','',0,0,'gA==','2gta0ntd',0,0,'u_76','',0),(3,0,2,0,'10.1.40.158',1348829340,1,1,1,1,'Question from DB','','',0,0,'','2awtg9uw',0,0,'u_73','',0);
/*!40000 ALTER TABLE `phpbb_privmsgs` ENABLE KEYS */;
UNLOCK TABLES;

--
-- Table structure for table `phpbb_privmsgs_folder`
--

DROP TABLE IF EXISTS `phpbb_privmsgs_folder`;
/*!40101 SET @saved_cs_client     = @@character_set_client */;
/*!40101 SET character_set_client = utf8 */;
CREATE TABLE `phpbb_privmsgs_folder` (
  `folder_id` mediumint(8) unsigned NOT NULL AUTO_INCREMENT,
  `user_id` mediumint(8) unsigned NOT NULL DEFAULT '0',
  `folder_name` varchar(255) COLLATE utf8_bin NOT NULL DEFAULT '',
  `pm_count` mediumint(8) unsigned NOT NULL DEFAULT '0',
  PRIMARY KEY (`folder_id`),
  KEY `user_id` (`user_id`)
) ENGINE=MyISAM DEFAULT CHARSET=utf8 COLLATE=utf8_bin;
/*!40101 SET character_set_client = @saved_cs_client */;

--
-- Dumping data for table `phpbb_privmsgs_folder`
--

LOCK TABLES `phpbb_privmsgs_folder` WRITE;
/*!40000 ALTER TABLE `phpbb_privmsgs_folder` DISABLE KEYS */;
/*!40000 ALTER TABLE `phpbb_privmsgs_folder` ENABLE KEYS */;
UNLOCK TABLES;

--
-- Table structure for table `phpbb_privmsgs_rules`
--

DROP TABLE IF EXISTS `phpbb_privmsgs_rules`;
/*!40101 SET @saved_cs_client     = @@character_set_client */;
/*!40101 SET character_set_client = utf8 */;
CREATE TABLE `phpbb_privmsgs_rules` (
  `rule_id` mediumint(8) unsigned NOT NULL AUTO_INCREMENT,
  `user_id` mediumint(8) unsigned NOT NULL DEFAULT '0',
  `rule_check` mediumint(8) unsigned NOT NULL DEFAULT '0',
  `rule_connection` mediumint(8) unsigned NOT NULL DEFAULT '0',
  `rule_string` varchar(255) COLLATE utf8_bin NOT NULL DEFAULT '',
  `rule_user_id` mediumint(8) unsigned NOT NULL DEFAULT '0',
  `rule_group_id` mediumint(8) unsigned NOT NULL DEFAULT '0',
  `rule_action` mediumint(8) unsigned NOT NULL DEFAULT '0',
  `rule_folder_id` int(11) NOT NULL DEFAULT '0',
  PRIMARY KEY (`rule_id`),
  KEY `user_id` (`user_id`)
) ENGINE=MyISAM DEFAULT CHARSET=utf8 COLLATE=utf8_bin;
/*!40101 SET character_set_client = @saved_cs_client */;

--
-- Dumping data for table `phpbb_privmsgs_rules`
--

LOCK TABLES `phpbb_privmsgs_rules` WRITE;
/*!40000 ALTER TABLE `phpbb_privmsgs_rules` DISABLE KEYS */;
/*!40000 ALTER TABLE `phpbb_privmsgs_rules` ENABLE KEYS */;
UNLOCK TABLES;

--
-- Table structure for table `phpbb_privmsgs_to`
--

DROP TABLE IF EXISTS `phpbb_privmsgs_to`;
/*!40101 SET @saved_cs_client     = @@character_set_client */;
/*!40101 SET character_set_client = utf8 */;
CREATE TABLE `phpbb_privmsgs_to` (
  `msg_id` mediumint(8) unsigned NOT NULL DEFAULT '0',
  `user_id` mediumint(8) unsigned NOT NULL DEFAULT '0',
  `author_id` mediumint(8) unsigned NOT NULL DEFAULT '0',
  `pm_deleted` tinyint(1) unsigned NOT NULL DEFAULT '0',
  `pm_new` tinyint(1) unsigned NOT NULL DEFAULT '1',
  `pm_unread` tinyint(1) unsigned NOT NULL DEFAULT '1',
  `pm_replied` tinyint(1) unsigned NOT NULL DEFAULT '0',
  `pm_marked` tinyint(1) unsigned NOT NULL DEFAULT '0',
  `pm_forwarded` tinyint(1) unsigned NOT NULL DEFAULT '0',
  `folder_id` int(11) NOT NULL DEFAULT '0',
  KEY `msg_id` (`msg_id`),
  KEY `author_id` (`author_id`),
  KEY `usr_flder_id` (`user_id`,`folder_id`)
) ENGINE=MyISAM DEFAULT CHARSET=utf8 COLLATE=utf8_bin;
/*!40101 SET character_set_client = @saved_cs_client */;

--
-- Dumping data for table `phpbb_privmsgs_to`
--

LOCK TABLES `phpbb_privmsgs_to` WRITE;
/*!40000 ALTER TABLE `phpbb_privmsgs_to` DISABLE KEYS */;
INSERT INTO `phpbb_privmsgs_to` VALUES (1,76,54,0,0,0,0,0,0,0),(2,76,54,0,0,0,0,0,0,0),(3,73,2,1,1,1,0,0,0,-3);
/*!40000 ALTER TABLE `phpbb_privmsgs_to` ENABLE KEYS */;
UNLOCK TABLES;

--
-- Table structure for table `phpbb_profile_fields`
--

DROP TABLE IF EXISTS `phpbb_profile_fields`;
/*!40101 SET @saved_cs_client     = @@character_set_client */;
/*!40101 SET character_set_client = utf8 */;
CREATE TABLE `phpbb_profile_fields` (
  `field_id` mediumint(8) unsigned NOT NULL AUTO_INCREMENT,
  `field_name` varchar(255) COLLATE utf8_bin NOT NULL DEFAULT '',
  `field_type` tinyint(4) NOT NULL DEFAULT '0',
  `field_ident` varchar(20) COLLATE utf8_bin NOT NULL DEFAULT '',
  `field_length` varchar(20) COLLATE utf8_bin NOT NULL DEFAULT '',
  `field_minlen` varchar(255) COLLATE utf8_bin NOT NULL DEFAULT '',
  `field_maxlen` varchar(255) COLLATE utf8_bin NOT NULL DEFAULT '',
  `field_novalue` varchar(255) COLLATE utf8_bin NOT NULL DEFAULT '',
  `field_default_value` varchar(255) COLLATE utf8_bin NOT NULL DEFAULT '',
  `field_validation` varchar(20) COLLATE utf8_bin NOT NULL DEFAULT '',
  `field_required` tinyint(1) unsigned NOT NULL DEFAULT '0',
  `field_show_novalue` tinyint(1) unsigned NOT NULL DEFAULT '0',
  `field_show_on_reg` tinyint(1) unsigned NOT NULL DEFAULT '0',
  `field_show_on_vt` tinyint(1) unsigned NOT NULL DEFAULT '0',
  `field_show_profile` tinyint(1) unsigned NOT NULL DEFAULT '0',
  `field_hide` tinyint(1) unsigned NOT NULL DEFAULT '0',
  `field_no_view` tinyint(1) unsigned NOT NULL DEFAULT '0',
  `field_active` tinyint(1) unsigned NOT NULL DEFAULT '0',
  `field_order` mediumint(8) unsigned NOT NULL DEFAULT '0',
  PRIMARY KEY (`field_id`),
  KEY `fld_type` (`field_type`),
  KEY `fld_ordr` (`field_order`)
) ENGINE=MyISAM DEFAULT CHARSET=utf8 COLLATE=utf8_bin;
/*!40101 SET character_set_client = @saved_cs_client */;

--
-- Dumping data for table `phpbb_profile_fields`
--

LOCK TABLES `phpbb_profile_fields` WRITE;
/*!40000 ALTER TABLE `phpbb_profile_fields` DISABLE KEYS */;
/*!40000 ALTER TABLE `phpbb_profile_fields` ENABLE KEYS */;
UNLOCK TABLES;

--
-- Table structure for table `phpbb_profile_fields_data`
--

DROP TABLE IF EXISTS `phpbb_profile_fields_data`;
/*!40101 SET @saved_cs_client     = @@character_set_client */;
/*!40101 SET character_set_client = utf8 */;
CREATE TABLE `phpbb_profile_fields_data` (
  `user_id` mediumint(8) unsigned NOT NULL DEFAULT '0',
  PRIMARY KEY (`user_id`)
) ENGINE=MyISAM DEFAULT CHARSET=utf8 COLLATE=utf8_bin;
/*!40101 SET character_set_client = @saved_cs_client */;

--
-- Dumping data for table `phpbb_profile_fields_data`
--

LOCK TABLES `phpbb_profile_fields_data` WRITE;
/*!40000 ALTER TABLE `phpbb_profile_fields_data` DISABLE KEYS */;
/*!40000 ALTER TABLE `phpbb_profile_fields_data` ENABLE KEYS */;
UNLOCK TABLES;

--
-- Table structure for table `phpbb_profile_fields_lang`
--

DROP TABLE IF EXISTS `phpbb_profile_fields_lang`;
/*!40101 SET @saved_cs_client     = @@character_set_client */;
/*!40101 SET character_set_client = utf8 */;
CREATE TABLE `phpbb_profile_fields_lang` (
  `field_id` mediumint(8) unsigned NOT NULL DEFAULT '0',
  `lang_id` mediumint(8) unsigned NOT NULL DEFAULT '0',
  `option_id` mediumint(8) unsigned NOT NULL DEFAULT '0',
  `field_type` tinyint(4) NOT NULL DEFAULT '0',
  `lang_value` varchar(255) COLLATE utf8_bin NOT NULL DEFAULT '',
  PRIMARY KEY (`field_id`,`lang_id`,`option_id`)
) ENGINE=MyISAM DEFAULT CHARSET=utf8 COLLATE=utf8_bin;
/*!40101 SET character_set_client = @saved_cs_client */;

--
-- Dumping data for table `phpbb_profile_fields_lang`
--

LOCK TABLES `phpbb_profile_fields_lang` WRITE;
/*!40000 ALTER TABLE `phpbb_profile_fields_lang` DISABLE KEYS */;
/*!40000 ALTER TABLE `phpbb_profile_fields_lang` ENABLE KEYS */;
UNLOCK TABLES;

--
-- Table structure for table `phpbb_profile_lang`
--

DROP TABLE IF EXISTS `phpbb_profile_lang`;
/*!40101 SET @saved_cs_client     = @@character_set_client */;
/*!40101 SET character_set_client = utf8 */;
CREATE TABLE `phpbb_profile_lang` (
  `field_id` mediumint(8) unsigned NOT NULL DEFAULT '0',
  `lang_id` mediumint(8) unsigned NOT NULL DEFAULT '0',
  `lang_name` varchar(255) COLLATE utf8_bin NOT NULL DEFAULT '',
  `lang_explain` text COLLATE utf8_bin NOT NULL,
  `lang_default_value` varchar(255) COLLATE utf8_bin NOT NULL DEFAULT '',
  PRIMARY KEY (`field_id`,`lang_id`)
) ENGINE=MyISAM DEFAULT CHARSET=utf8 COLLATE=utf8_bin;
/*!40101 SET character_set_client = @saved_cs_client */;

--
-- Dumping data for table `phpbb_profile_lang`
--

LOCK TABLES `phpbb_profile_lang` WRITE;
/*!40000 ALTER TABLE `phpbb_profile_lang` DISABLE KEYS */;
/*!40000 ALTER TABLE `phpbb_profile_lang` ENABLE KEYS */;
UNLOCK TABLES;

--
-- Table structure for table `phpbb_ranks`
--

DROP TABLE IF EXISTS `phpbb_ranks`;
/*!40101 SET @saved_cs_client     = @@character_set_client */;
/*!40101 SET character_set_client = utf8 */;
CREATE TABLE `phpbb_ranks` (
  `rank_id` mediumint(8) unsigned NOT NULL AUTO_INCREMENT,
  `rank_title` varchar(255) COLLATE utf8_bin NOT NULL DEFAULT '',
  `rank_min` mediumint(8) unsigned NOT NULL DEFAULT '0',
  `rank_special` tinyint(1) unsigned NOT NULL DEFAULT '0',
  `rank_image` varchar(255) COLLATE utf8_bin NOT NULL DEFAULT '',
  PRIMARY KEY (`rank_id`)
) ENGINE=MyISAM AUTO_INCREMENT=2 DEFAULT CHARSET=utf8 COLLATE=utf8_bin;
/*!40101 SET character_set_client = @saved_cs_client */;

--
-- Dumping data for table `phpbb_ranks`
--

LOCK TABLES `phpbb_ranks` WRITE;
/*!40000 ALTER TABLE `phpbb_ranks` DISABLE KEYS */;
INSERT INTO `phpbb_ranks` VALUES (1,'Site Admin',0,1,'');
/*!40000 ALTER TABLE `phpbb_ranks` ENABLE KEYS */;
UNLOCK TABLES;

--
-- Table structure for table `phpbb_reports`
--

DROP TABLE IF EXISTS `phpbb_reports`;
/*!40101 SET @saved_cs_client     = @@character_set_client */;
/*!40101 SET character_set_client = utf8 */;
CREATE TABLE `phpbb_reports` (
  `report_id` mediumint(8) unsigned NOT NULL AUTO_INCREMENT,
  `reason_id` smallint(4) unsigned NOT NULL DEFAULT '0',
  `post_id` mediumint(8) unsigned NOT NULL DEFAULT '0',
  `pm_id` mediumint(8) unsigned NOT NULL DEFAULT '0',
  `user_id` mediumint(8) unsigned NOT NULL DEFAULT '0',
  `user_notify` tinyint(1) unsigned NOT NULL DEFAULT '0',
  `report_closed` tinyint(1) unsigned NOT NULL DEFAULT '0',
  `report_time` int(11) unsigned NOT NULL DEFAULT '0',
  `report_text` mediumtext COLLATE utf8_bin NOT NULL,
  PRIMARY KEY (`report_id`),
  KEY `post_id` (`post_id`),
  KEY `pm_id` (`pm_id`)
) ENGINE=MyISAM DEFAULT CHARSET=utf8 COLLATE=utf8_bin;
/*!40101 SET character_set_client = @saved_cs_client */;

--
-- Dumping data for table `phpbb_reports`
--

LOCK TABLES `phpbb_reports` WRITE;
/*!40000 ALTER TABLE `phpbb_reports` DISABLE KEYS */;
/*!40000 ALTER TABLE `phpbb_reports` ENABLE KEYS */;
UNLOCK TABLES;

--
-- Table structure for table `phpbb_reports_reasons`
--

DROP TABLE IF EXISTS `phpbb_reports_reasons`;
/*!40101 SET @saved_cs_client     = @@character_set_client */;
/*!40101 SET character_set_client = utf8 */;
CREATE TABLE `phpbb_reports_reasons` (
  `reason_id` smallint(4) unsigned NOT NULL AUTO_INCREMENT,
  `reason_title` varchar(255) COLLATE utf8_bin NOT NULL DEFAULT '',
  `reason_description` mediumtext COLLATE utf8_bin NOT NULL,
  `reason_order` smallint(4) unsigned NOT NULL DEFAULT '0',
  PRIMARY KEY (`reason_id`)
) ENGINE=MyISAM AUTO_INCREMENT=5 DEFAULT CHARSET=utf8 COLLATE=utf8_bin;
/*!40101 SET character_set_client = @saved_cs_client */;

--
-- Dumping data for table `phpbb_reports_reasons`
--

LOCK TABLES `phpbb_reports_reasons` WRITE;
/*!40000 ALTER TABLE `phpbb_reports_reasons` DISABLE KEYS */;
INSERT INTO `phpbb_reports_reasons` VALUES (1,'warez','The post contains links to illegal or pirated software.',1),(2,'spam','The reported post has the only purpose to advertise for a website or another product.',2),(3,'off_topic','The reported post is off topic.',3),(4,'other','The reported post does not fit into any other category, please use the further information field.',4);
/*!40000 ALTER TABLE `phpbb_reports_reasons` ENABLE KEYS */;
UNLOCK TABLES;

--
-- Table structure for table `phpbb_search_results`
--

DROP TABLE IF EXISTS `phpbb_search_results`;
/*!40101 SET @saved_cs_client     = @@character_set_client */;
/*!40101 SET character_set_client = utf8 */;
CREATE TABLE `phpbb_search_results` (
  `search_key` varchar(32) COLLATE utf8_bin NOT NULL DEFAULT '',
  `search_time` int(11) unsigned NOT NULL DEFAULT '0',
  `search_keywords` mediumtext COLLATE utf8_bin NOT NULL,
  `search_authors` mediumtext COLLATE utf8_bin NOT NULL,
  PRIMARY KEY (`search_key`)
) ENGINE=MyISAM DEFAULT CHARSET=utf8 COLLATE=utf8_bin;
/*!40101 SET character_set_client = @saved_cs_client */;

--
-- Dumping data for table `phpbb_search_results`
--

LOCK TABLES `phpbb_search_results` WRITE;
/*!40000 ALTER TABLE `phpbb_search_results` DISABLE KEYS */;
INSERT INTO `phpbb_search_results` VALUES ('38994e404680ef7328498338bd884250',1348839903,'question 8','  '),('fcb6871b785a7d7420bebb80ebc98b93',1348845768,'problem','  ');
/*!40000 ALTER TABLE `phpbb_search_results` ENABLE KEYS */;
UNLOCK TABLES;

--
-- Table structure for table `phpbb_search_wordlist`
--

DROP TABLE IF EXISTS `phpbb_search_wordlist`;
/*!40101 SET @saved_cs_client     = @@character_set_client */;
/*!40101 SET character_set_client = utf8 */;
CREATE TABLE `phpbb_search_wordlist` (
  `word_id` mediumint(8) unsigned NOT NULL AUTO_INCREMENT,
  `word_text` varchar(255) COLLATE utf8_bin NOT NULL DEFAULT '',
  `word_common` tinyint(1) unsigned NOT NULL DEFAULT '0',
  `word_count` mediumint(8) unsigned NOT NULL DEFAULT '0',
  PRIMARY KEY (`word_id`),
  UNIQUE KEY `wrd_txt` (`word_text`),
  KEY `wrd_cnt` (`word_count`)
) ENGINE=MyISAM AUTO_INCREMENT=187 DEFAULT CHARSET=utf8 COLLATE=utf8_bin;
/*!40101 SET character_set_client = @saved_cs_client */;

--
-- Dumping data for table `phpbb_search_wordlist`
--

LOCK TABLES `phpbb_search_wordlist` WRITE;
/*!40000 ALTER TABLE `phpbb_search_wordlist` DISABLE KEYS */;
INSERT INTO `phpbb_search_wordlist` VALUES (1,'this',0,1),(2,'example',0,0),(3,'post',0,0),(4,'your',0,0),(5,'phpbb3',0,0),(6,'installation',0,0),(7,'everything',0,0),(8,'seems',0,0),(9,'working',0,0),(10,'you',0,1),(11,'may',0,1),(12,'delete',0,0),(13,'like',0,0),(14,'and',0,2),(15,'continue',0,0),(16,'set',0,0),(17,'board',0,0),(18,'during',0,0),(19,'the',0,6),(20,'process',0,0),(21,'first',0,0),(22,'category',0,0),(23,'forum',0,1),(24,'are',0,2),(25,'assigned',0,0),(26,'appropriate',0,0),(27,'permissions',0,0),(28,'for',0,0),(29,'predefined',0,0),(30,'usergroups',0,0),(31,'administrators',0,0),(32,'bots',0,0),(33,'global',0,0),(34,'moderators',0,0),(35,'guests',0,0),(36,'registered',0,0),(37,'users',0,0),(38,'coppa',0,0),(39,'also',0,1),(40,'choose',0,0),(41,'not',0,3),(42,'forget',0,0),(43,'assign',0,0),(44,'all',0,1),(45,'these',0,0),(46,'new',0,0),(47,'categories',0,0),(48,'forums',0,2),(49,'create',0,0),(50,'recommended',0,0),(51,'rename',0,0),(52,'copy',0,0),(53,'from',0,0),(54,'while',0,0),(55,'creating',0,0),(56,'have',0,1),(57,'fun',0,0),(58,'welcome',0,2),(82,'test',0,3),(81,'question',0,29),(80,'discussion',0,7),(79,'rnadomd',0,0),(78,'temp',0,0),(77,'started',0,2),(76,'has',0,3),(75,'cache',0,0),(74,'sharky',0,0),(73,'name',0,0),(59,'let',0,0),(60,'hacking',0,0),(61,'begin',0,0),(62,'questions',0,1),(63,'please',0,2),(64,'ask',0,0),(65,'damn',0,0),(66,'straight',0,0),(67,'hints',0,2),(68,'spam',0,0),(69,'such',0,0),(70,'will',0,0),(71,'blocked',0,0),(72,'hack',0,2),(83,'comment',0,0),(84,'topic',0,0),(85,'asdf',0,1),(86,'mar',0,0),(87,'jaa',0,0),(88,'anky',0,0),(89,'event',0,2),(90,'yet',0,1),(91,'plan',0,1),(92,'get',0,1),(93,'live',0,1),(94,'soon',0,1),(95,'test4',0,0),(96,'any',0,6),(97,'relation',0,1),(98,'between',0,1),(99,'iit',0,3),(100,'only',0,2),(101,'general',0,1),(102,'connection',0,2),(103,'coffee',0,1),(104,'once',0,1),(105,'know',0,1),(106,'what',0,4),(107,'hint',0,8),(108,'after',0,1),(109,'how',0,2),(110,'approach',0,1),(111,'necessarily',0,1),(112,'land',0,1),(113,'mass',0,1),(114,'thing',0,1),(115,'image',0,1),(116,'one',0,1),(117,'was',0,1),(118,'destroyed',0,1),(119,'fire',0,1),(120,'year',0,0),(121,'1613',0,0),(122,'start',0,1),(123,'hell',0,1),(124,'with',0,2),(125,'symmetry',0,1),(126,'problem',0,8),(127,'counting',0,2),(128,'triangles',0,3),(129,'other',0,2),(130,'plz',0,1),(131,'zny',0,1),(132,'kind',0,1),(133,'related',0,1),(134,'jee',0,1),(135,'java',0,1),(136,'register',0,1),(137,'http',0,1),(138,'felicity',0,1),(139,'iiit',0,1),(140,'buzz',0,1),(141,'hackin',0,1),(142,'posting',0,1),(143,'answers',0,1),(144,'allowed',0,1),(145,'google',0,1),(146,'riddle',0,1),(147,'that',0,2),(148,'can',0,2),(149,'again',0,0),(150,'solved',0,1),(151,'using',0,1),(152,'some',0,0),(153,'intelligent',0,1),(154,'googling',0,1),(155,'wiki',0,1),(156,'surfing',0,1),(157,'two',0,1),(158,'sides',0,1),(159,'triangle',0,1),(160,'ever',0,1),(161,'parallel',0,1),(162,'three',0,1),(163,'different',0,1),(164,'slopes',0,1),(165,'posted',0,1),(166,'thread',0,1),(167,'been',0,1),(168,'corrected',0,1),(169,'count',0,1),(170,'those',0,1),(171,'vertices',0,1),(172,'grid',0,1),(173,'think',0,2),(174,'getting',0,0),(175,'error',0,0),(176,'look',0,0),(177,'into',0,0),(178,'page4',0,0),(179,'php',0,0),(180,'loading',0,0),(181,'check',0,0),(182,'whether',0,0),(183,'provide',0,1),(184,'direction',0,1),(185,'supposed',0,1),(186,'number',0,1);
/*!40000 ALTER TABLE `phpbb_search_wordlist` ENABLE KEYS */;
UNLOCK TABLES;

--
-- Table structure for table `phpbb_search_wordmatch`
--

DROP TABLE IF EXISTS `phpbb_search_wordmatch`;
/*!40101 SET @saved_cs_client     = @@character_set_client */;
/*!40101 SET character_set_client = utf8 */;
CREATE TABLE `phpbb_search_wordmatch` (
  `post_id` mediumint(8) unsigned NOT NULL DEFAULT '0',
  `word_id` mediumint(8) unsigned NOT NULL DEFAULT '0',
  `title_match` tinyint(1) unsigned NOT NULL DEFAULT '0',
  UNIQUE KEY `unq_mtch` (`word_id`,`post_id`,`title_match`),
  KEY `word_id` (`word_id`),
  KEY `post_id` (`post_id`)
) ENGINE=MyISAM DEFAULT CHARSET=utf8 COLLATE=utf8_bin;
/*!40101 SET character_set_client = @saved_cs_client */;

--
-- Dumping data for table `phpbb_search_wordmatch`
--

LOCK TABLES `phpbb_search_wordmatch` WRITE;
/*!40000 ALTER TABLE `phpbb_search_wordmatch` DISABLE KEYS */;
INSERT INTO `phpbb_search_wordmatch` VALUES (35,1,0),(46,10,0),(27,11,0),(25,14,0),(39,14,0),(1,19,0),(25,19,0),(30,19,0),(35,19,0),(42,19,0),(43,19,0),(35,23,0),(40,24,0),(46,24,0),(42,39,0),(1,41,0),(27,41,0),(35,41,0),(40,44,0),(1,48,1),(35,48,1),(40,56,0),(1,58,1),(35,58,1),(25,62,0),(28,63,0),(42,63,0),(24,67,0),(28,67,0),(1,72,1),(35,72,1),(1,76,0),(35,76,0),(42,76,0),(1,77,0),(35,77,0),(5,80,0),(6,80,0),(7,80,0),(9,80,0),(10,80,0),(12,80,0),(13,80,0),(5,81,0),(5,81,1),(6,81,0),(6,81,1),(7,81,0),(7,81,1),(9,81,0),(9,81,1),(10,81,0),(10,81,1),(12,81,0),(12,81,1),(13,81,0),(13,81,1),(24,81,1),(25,81,1),(26,81,1),(27,81,1),(28,81,1),(29,81,1),(30,81,1),(32,81,1),(33,81,1),(34,81,1),(42,81,0),(43,81,1),(44,81,1),(46,81,1),(47,81,1),(20,82,0),(20,82,1),(21,82,1),(21,85,0),(1,89,0),(35,89,0),(1,90,0),(1,91,0),(1,92,0),(1,93,0),(1,94,0),(24,96,0),(25,96,0),(27,96,0),(32,96,0),(40,96,0),(46,96,0),(25,97,0),(25,98,0),(25,99,0),(27,99,0),(33,99,0),(25,100,0),(42,100,0),(25,101,0),(25,102,0),(33,102,0),(25,103,0),(25,104,0),(25,105,0),(25,106,0),(33,106,0),(43,106,0),(46,106,0),(25,107,0),(32,107,0),(38,107,0),(39,107,0),(40,107,0),(41,107,0),(43,107,0),(46,107,0),(25,108,0),(26,109,0),(31,109,0),(26,110,0),(27,111,0),(29,112,0),(29,113,0),(30,114,0),(30,115,0),(30,116,0),(30,117,0),(30,118,0),(30,119,0),(31,122,0),(31,123,0),(31,124,0),(42,124,0),(31,125,0),(31,126,1),(38,126,1),(39,126,1),(40,126,1),(41,126,0),(41,126,1),(42,126,1),(31,127,1),(41,127,1),(31,128,1),(41,128,1),(42,128,0),(32,129,0),(46,129,0),(32,130,0),(33,131,0),(33,132,0),(34,133,0),(34,134,0),(34,135,0),(35,136,0),(35,137,0),(35,138,0),(35,139,0),(35,140,0),(35,141,0),(35,142,0),(35,143,0),(35,144,0),(38,145,0),(39,146,0),(39,147,0),(40,147,0),(39,148,0),(46,148,0),(39,150,0),(39,151,0),(39,153,0),(39,154,0),(39,155,0),(39,156,0),(40,157,0),(40,158,0),(40,159,0),(40,160,0),(40,161,0),(40,162,0),(40,163,0),(40,164,0),(41,165,0),(41,166,0),(42,167,0),(42,168,0),(42,169,0),(42,170,0),(42,171,0),(42,172,0),(44,173,0),(46,173,0),(46,183,0),(46,184,0),(46,185,0),(47,186,0);
/*!40000 ALTER TABLE `phpbb_search_wordmatch` ENABLE KEYS */;
UNLOCK TABLES;

--
-- Table structure for table `phpbb_sessions`
--

DROP TABLE IF EXISTS `phpbb_sessions`;
/*!40101 SET @saved_cs_client     = @@character_set_client */;
/*!40101 SET character_set_client = utf8 */;
CREATE TABLE `phpbb_sessions` (
  `session_id` char(32) COLLATE utf8_bin NOT NULL DEFAULT '',
  `session_user_id` mediumint(8) unsigned NOT NULL DEFAULT '0',
  `session_forum_id` mediumint(8) unsigned NOT NULL DEFAULT '0',
  `session_last_visit` int(11) unsigned NOT NULL DEFAULT '0',
  `session_start` int(11) unsigned NOT NULL DEFAULT '0',
  `session_time` int(11) unsigned NOT NULL DEFAULT '0',
  `session_ip` varchar(40) COLLATE utf8_bin NOT NULL DEFAULT '',
  `session_browser` varchar(150) COLLATE utf8_bin NOT NULL DEFAULT '',
  `session_forwarded_for` varchar(255) COLLATE utf8_bin NOT NULL DEFAULT '',
  `session_page` varchar(255) COLLATE utf8_bin NOT NULL DEFAULT '',
  `session_viewonline` tinyint(1) unsigned NOT NULL DEFAULT '1',
  `session_autologin` tinyint(1) unsigned NOT NULL DEFAULT '0',
  `session_admin` tinyint(1) unsigned NOT NULL DEFAULT '0',
  PRIMARY KEY (`session_id`),
  KEY `session_time` (`session_time`),
  KEY `session_user_id` (`session_user_id`),
  KEY `session_fid` (`session_forum_id`)
) ENGINE=MyISAM DEFAULT CHARSET=utf8 COLLATE=utf8_bin;
/*!40101 SET character_set_client = @saved_cs_client */;

--
-- Dumping data for table `phpbb_sessions`
--

LOCK TABLES `phpbb_sessions` WRITE;
/*!40000 ALTER TABLE `phpbb_sessions` DISABLE KEYS */;
INSERT INTO `phpbb_sessions` VALUES ('0cef5f6b3d83857fd20bb3f4a1d9d0bf',1,3,1348844320,1348844320,1348844348,'10.1.39.58','Mozilla/5.0 (Windows NT 6.1; WOW64) AppleWebKit/537.4 (KHTML, like Gecko) Chrome/22.0.1229.79 Safari/537.4','','viewtopic.php?f=3&t=18',1,0,0),('dc7065fb587ba640be8d6337dfba83ba',1,0,1348844322,1348844322,1348844322,'10.1.40.110','Mozilla/5.0 (compatible; MSIE 9.0; Windows NT 6.1; WOW64; Trident/5.0)','','index.php',1,0,0),('42f326f98210cd092b3d9d2af7093c56',1,3,1348844448,1348844448,1348845617,'10.1.39.57','Mozilla/5.0 (X11; Ubuntu; Linux i686; rv:15.0) Gecko/20100101 Firefox/15.0.1','','viewtopic.php?f=3&t=25',1,0,0),('f22e32a940164e6c4fcba840e1f541d5',100,0,1348845695,1348845695,1348845988,'10.3.9.117','Mozilla/5.0 (X11; Ubuntu; Linux i686; rv:11.0) Gecko/20100101 Firefox/11.0','','ucp.php?mode=confirm&confirm_id=5952c81253f2f9f9d45dcc19ce75a905&type=1',1,0,0),('17fc017a812b17eea5b918f9aa264c82',1,4,1348844597,1348844597,1348845794,'10.1.36.127','Mozilla/5.0 (Windows NT 6.1; WOW64) AppleWebKit/537.4 (KHTML, like Gecko) Chrome/22.0.1229.79 Safari/537.4','','viewtopic.php?f=4&t=23',1,0,0),('7d167983c47e3c5d59d6224bcd3ae048',1,4,1348844921,1348844921,1348845000,'10.1.33.209','Mozilla/5.0 (X11; Linux i686) AppleWebKit/535.11 (KHTML, like Gecko) Chrome/17.0.963.56 Safari/535.11','','viewtopic.php?f=4&t=19',1,0,0),('3d004ee1b95e880578511c5d24957ae0',1,0,1348844959,1348844959,1348844959,'10.1.39.83','Mozilla/5.0 (X11; Ubuntu; Linux i686; rv:15.0) Gecko/20100101 Firefox/15.0','','index.php',1,0,0),('1edbf93f7132815969aa5af4b668dfd5',1,0,1348845027,1348845027,1348845027,'10.1.39.218','Mozilla/5.0 (X11; Ubuntu; Linux i686; rv:15.0) Gecko/20100101 Firefox/15.0.1','','index.php',1,0,0),('2790a14faa4435cf7bb7abdf32872c14',1,3,1348845120,1348845120,1348845120,'10.1.97.169','Mozilla/5.0 (Windows NT 6.1; WOW64) AppleWebKit/537.4 (KHTML, like Gecko) Chrome/22.0.1229.79 Safari/537.4','','viewtopic.php?f=3&t=18',1,0,0),('270bd7c716c70ea40656a601e15f37c0',94,0,1348828488,1348845233,1348845305,'10.1.40.46','Mozilla/5.0 (Windows NT 6.1; WOW64) AppleWebKit/537.1 (KHTML, like Gecko) Chrome/21.0.1180.89 Safari/537.1','','index.php',1,1,0),('f4de4d4edc29e80e6713d946bbe6be26',1,4,1348843211,1348843211,1348843211,'10.1.36.72','Mozilla/5.0 (X11; Linux i686) AppleWebKit/537.1 (KHTML, like Gecko) Chrome/21.0.1180.89 Safari/537.1','','viewforum.php?f=4',1,0,0),('59af395f81a32e603eb2840c27434eb0',77,0,1348826647,1348843277,1348843277,'10.1.39.126','Mozilla/5.0 (X11; Ubuntu; Linux x86_64; rv:15.0) Gecko/20100101 Firefox/15.0','','index.php',1,1,0),('719983d413233b6d07ff8747d4096834',1,4,1348843492,1348843492,1348846506,'10.1.34.81','Mozilla/5.0 (Windows NT 6.1; WOW64) AppleWebKit/537.4 (KHTML, like Gecko) Chrome/22.0.1229.79 Safari/537.4','','viewforum.php?f=4',1,0,0),('d56c270529ff85734cc2efe037090d40',1,0,1348843636,1348843636,1348843696,'10.1.40.231','Mozilla/5.0 (X11; Ubuntu; Linux x86_64; rv:15.0) Gecko/20100101 Firefox/15.0.1','','index.php',1,0,0),('330969811a39b8d0e6e9c13424bfa7ff',1,3,1348838420,1348838420,1348841126,'10.1.33.67','Mozilla/5.0 (X11; Linux i686) AppleWebKit/537.4 (KHTML, like Gecko) Chrome/22.0.1229.79 Safari/537.4','','viewforum.php?f=3',1,0,0),('a8cb2dc4337c7317a3ea6d12ae5808f3',99,0,1348840329,1348840329,1348845038,'10.1.34.43','Mozilla/5.0 (X11; Linux x86_64) AppleWebKit/537.1 (KHTML, like Gecko) Chrome/21.0.1180.81 Safari/537.1','','index.php',1,0,0),('759bd6deedbb54e519816790cece7ff7',1,0,1348845076,1348845076,1348845076,'10.1.40.186','Mozilla/5.0 (X11; Ubuntu; Linux i686; rv:15.0) Gecko/20100101 Firefox/15.0.1','','index.php',1,0,0),('1d22006a67aca8c9bdde95c4405f04e2',1,0,1348839694,1348839694,1348843192,'10.1.39.71','Mozilla/5.0 (Windows NT 6.1; WOW64) AppleWebKit/537.4 (KHTML, like Gecko) Chrome/22.0.1229.79 Safari/537.4','','ucp.php?mode=login',1,0,0),('08ac13927c145684013483f72f28306c',1,0,1348841224,1348841224,1348841224,'10.6.0.26','Mozilla/5.0 (Windows NT 6.1; WOW64; rv:14.0) Gecko/20100101 Firefox/14.0.1','','index.php',1,0,0),('fdf3d3f95695c48d1e148220d5f5307b',1,0,1348840697,1348840697,1348840697,'10.1.36.85','Mozilla/5.0 (X11; Linux x86_64) AppleWebKit/537.4 (KHTML, like Gecko) Chrome/22.0.1229.79 Safari/537.4','','index.php',1,0,0),('819e5e3a389d04651a41c5c21ec968c2',1,0,1348841252,1348841252,1348841252,'10.1.40.203','Mozilla/5.0 (X11; Ubuntu; Linux x86_64; rv:15.0) Gecko/20100101 Firefox/15.0.1','','ucp.php?mode=logout',1,0,0),('673f9c21ad699f71d4aaab04e53c1e5e',1,0,1348841252,1348841252,1348841252,'10.1.40.203','Mozilla/5.0 (X11; Ubuntu; Linux x86_64; rv:15.0) Gecko/20100101 Firefox/15.0.1','','ucp.php?mode=logout',1,0,0),('8b6219a739b9199c3b92c30d95cb3d53',1,3,1348841381,1348841381,1348841522,'10.5.2.82','Mozilla/5.0 (Windows NT 6.1; WOW64; rv:15.0) Gecko/20100101 Firefox/15.0','','viewtopic.php?f=3&t=5',1,0,0),('52eacddb19c2c2720670b78ce43d1b5e',1,4,1348841688,1348841688,1348841704,'10.3.9.2','Mozilla/5.0 (Windows NT 6.1; WOW64) AppleWebKit/537.1 (KHTML, like Gecko) Chrome/21.0.1180.89 Safari/537.1','','viewforum.php?f=4',1,0,0),('2e6806e8ee98611d63cdfd5e1ef58857',1,3,1348842127,1348842127,1348842135,'10.1.98.114','Mozilla/5.0 (Windows NT 6.1; WOW64; rv:12.0) Gecko/20100101 Firefox/12.0','','viewtopic.php?f=3&t=25',1,0,0),('60ada1bbc6a9154cfb28b45a139eef35',1,2,1348842141,1348842141,1348842144,'10.1.34.36','Mozilla/5.0 (Ubuntu; X11; Linux i686; rv:9.0.1) Gecko/20100101 Firefox/9.0.1','','viewforum.php?f=2',1,0,0),('51e0d8bc8d9291f08c6fd31ece79783e',1,3,1348842190,1348842190,1348842451,'10.3.5.190','Mozilla/5.0 (X11; U; Linux i686; en-US; rv:1.9.2.10) Gecko/20101005 Fedora/3.6.10-1.fc14 Firefox/3.6.10','','viewforum.php?f=3',1,0,0),('fba8678cd2453d63c47474ad08930c38',67,0,1348757808,1348842348,1348843834,'10.1.36.72','Mozilla/5.0 (Windows NT 6.1; WOW64; rv:14.0) Gecko/20100101 Firefox/14.0.1','','index.php',1,0,0),('18e63f0da9a54215d853c5a791028f82',1,0,1348842530,1348842530,1348842554,'10.2.12.90','Mozilla/5.0 (X11; Ubuntu; Linux i686; rv:14.0) Gecko/20100101 Firefox/14.0.1','','faq.php',1,0,0),('ff2061c28533fbf99e9c2da8d0f692a4',1,4,1348842557,1348842557,1348842557,'10.1.40.140','Mozilla/5.0 (X11; Ubuntu; Linux x86_64; rv:15.0) Gecko/20100101 Firefox/15.0.1','','viewforum.php?f=4',1,0,0),('50fdd2df66b305d3289cd838574693f5',1,3,1348842595,1348842595,1348842615,'10.1.34.90','Mozilla/5.0 (X11; Linux x86_64) AppleWebKit/536.11 (KHTML, like Gecko) Ubuntu/12.04 Chromium/20.0.1132.47 Chrome/20.0.1132.47 Safari/536.11','','viewtopic.php?f=3&t=12',1,0,0),('925507bfc1ca1fc2657fa90aa5b4fdd3',1,2,1348842999,1348842999,1348843003,'10.1.39.188','Mozilla/5.0 (X11; Ubuntu; Linux x86_64; rv:15.0) Gecko/20100101 Firefox/15.0.1','','viewforum.php?f=2',1,0,0),('16512eb225e924a6ac7bc2d90e41717c',98,3,1348836232,1348836232,1348843068,'10.1.97.238','Mozilla/5.0 (X11; Linux x86_64; rv:5.0) Gecko/20100101 Firefox/5.0','','viewtopic.php?f=3&t=12',1,1,0),('bcb18a6098ddaed08b01702f70b6b727',1,0,1348845290,1348845290,1348845290,'10.1.66.206','Mozilla/5.0 (X11; Ubuntu; Linux i686; rv:15.0) Gecko/20100101 Firefox/15.0.1','','index.php',1,0,0),('61674c45d0c4d3bc3aa19078e7984148',67,4,1348757808,1348845980,1348846068,'10.1.36.72','Mozilla/5.0 (Windows NT 6.1; WOW64) AppleWebKit/537.1 (KHTML, like Gecko) Chrome/21.0.1180.89 Safari/537.1','','viewtopic.php?f=4&t=24',1,0,0),('ef496b52d1c4e1fb7acd11960fa73d19',1,4,1348846088,1348846088,1348846088,'10.3.11.210','Mozilla/5.0 (X11; U; Linux i686; en-US; rv:1.9.2.10) Gecko/20101005 Fedora/3.6.10-1.fc14 Firefox/3.6.10','','viewforum.php?f=4',1,0,0),('cb60656b8a18691eca91a1bf137e4a18',1,3,1348846238,1348846238,1348846869,'10.1.98.220','Mozilla/5.0 (Windows NT 6.1; WOW64) AppleWebKit/537.4 (KHTML, like Gecko) Chrome/22.0.1229.79 Safari/537.4','','viewtopic.php?f=3&t=12',1,0,0),('33530ee8e60f52c05f681c5c2ddd0e1f',1,4,1348846238,1348846238,1348846518,'10.1.39.176','Mozilla/5.0 (Windows NT 6.1; WOW64) AppleWebKit/537.1 (KHTML, like Gecko) Chrome/21.0.1180.89 Safari/537.1','','viewtopic.php?f=4&t=24',1,0,0),('5d5b9c7807337bae3c0d6d159be0ed99',1,2,1348846643,1348846643,1348846652,'10.1.97.123','Mozilla/5.0 (Windows NT 6.1; WOW64) AppleWebKit/537.4 (KHTML, like Gecko) Chrome/22.0.1229.79 Safari/537.4','','viewtopic.php?f=2&t=1',1,0,0);
/*!40000 ALTER TABLE `phpbb_sessions` ENABLE KEYS */;
UNLOCK TABLES;

--
-- Table structure for table `phpbb_sessions_keys`
--

DROP TABLE IF EXISTS `phpbb_sessions_keys`;
/*!40101 SET @saved_cs_client     = @@character_set_client */;
/*!40101 SET character_set_client = utf8 */;
CREATE TABLE `phpbb_sessions_keys` (
  `key_id` char(32) COLLATE utf8_bin NOT NULL DEFAULT '',
  `user_id` mediumint(8) unsigned NOT NULL DEFAULT '0',
  `last_ip` varchar(40) COLLATE utf8_bin NOT NULL DEFAULT '',
  `last_login` int(11) unsigned NOT NULL DEFAULT '0',
  PRIMARY KEY (`key_id`,`user_id`),
  KEY `last_login` (`last_login`)
) ENGINE=MyISAM DEFAULT CHARSET=utf8 COLLATE=utf8_bin;
/*!40101 SET character_set_client = @saved_cs_client */;

--
-- Dumping data for table `phpbb_sessions_keys`
--

LOCK TABLES `phpbb_sessions_keys` WRITE;
/*!40000 ALTER TABLE `phpbb_sessions_keys` DISABLE KEYS */;
INSERT INTO `phpbb_sessions_keys` VALUES ('26d8b33532e8d79f4428092acd9d0e2d',62,'10.1.39.240',1348829933),('3141df9e71f58423a863ea61fe80ae96',77,'10.1.39.126',1348843277),('4fa0b5bd973307a5fe5ce98d26edcb9e',78,'10.1.39.147',1348752271),('dc330c29aaba05ff0f2087182a44f934',67,'10.1.36.72',1348757781),('cf80e12022edb931ab660570cf1e87bd',84,'10.1.34.179',1348797225),('caba245a38ffbffeb01894b471cc8db0',90,'10.1.39.207',1348838993),('270ae2dd4f0066424b801b7ffcc126c4',94,'10.1.40.46',1348845233),('1478d712fcaa272821fc0c26dbe03136',98,'10.1.97.238',1348836232);
/*!40000 ALTER TABLE `phpbb_sessions_keys` ENABLE KEYS */;
UNLOCK TABLES;

--
-- Table structure for table `phpbb_sitelist`
--

DROP TABLE IF EXISTS `phpbb_sitelist`;
/*!40101 SET @saved_cs_client     = @@character_set_client */;
/*!40101 SET character_set_client = utf8 */;
CREATE TABLE `phpbb_sitelist` (
  `site_id` mediumint(8) unsigned NOT NULL AUTO_INCREMENT,
  `site_ip` varchar(40) COLLATE utf8_bin NOT NULL DEFAULT '',
  `site_hostname` varchar(255) COLLATE utf8_bin NOT NULL DEFAULT '',
  `ip_exclude` tinyint(1) unsigned NOT NULL DEFAULT '0',
  PRIMARY KEY (`site_id`)
) ENGINE=MyISAM DEFAULT CHARSET=utf8 COLLATE=utf8_bin;
/*!40101 SET character_set_client = @saved_cs_client */;

--
-- Dumping data for table `phpbb_sitelist`
--

LOCK TABLES `phpbb_sitelist` WRITE;
/*!40000 ALTER TABLE `phpbb_sitelist` DISABLE KEYS */;
/*!40000 ALTER TABLE `phpbb_sitelist` ENABLE KEYS */;
UNLOCK TABLES;

--
-- Table structure for table `phpbb_smilies`
--

DROP TABLE IF EXISTS `phpbb_smilies`;
/*!40101 SET @saved_cs_client     = @@character_set_client */;
/*!40101 SET character_set_client = utf8 */;
CREATE TABLE `phpbb_smilies` (
  `smiley_id` mediumint(8) unsigned NOT NULL AUTO_INCREMENT,
  `code` varchar(50) COLLATE utf8_bin NOT NULL DEFAULT '',
  `emotion` varchar(50) COLLATE utf8_bin NOT NULL DEFAULT '',
  `smiley_url` varchar(50) COLLATE utf8_bin NOT NULL DEFAULT '',
  `smiley_width` smallint(4) unsigned NOT NULL DEFAULT '0',
  `smiley_height` smallint(4) unsigned NOT NULL DEFAULT '0',
  `smiley_order` mediumint(8) unsigned NOT NULL DEFAULT '0',
  `display_on_posting` tinyint(1) unsigned NOT NULL DEFAULT '1',
  PRIMARY KEY (`smiley_id`),
  KEY `display_on_post` (`display_on_posting`)
) ENGINE=MyISAM AUTO_INCREMENT=43 DEFAULT CHARSET=utf8 COLLATE=utf8_bin;
/*!40101 SET character_set_client = @saved_cs_client */;

--
-- Dumping data for table `phpbb_smilies`
--

LOCK TABLES `phpbb_smilies` WRITE;
/*!40000 ALTER TABLE `phpbb_smilies` DISABLE KEYS */;
INSERT INTO `phpbb_smilies` VALUES (1,':D','Very Happy','icon_e_biggrin.gif',15,17,1,1),(2,':-D','Very Happy','icon_e_biggrin.gif',15,17,2,1),(3,':grin:','Very Happy','icon_e_biggrin.gif',15,17,3,1),(4,':)','Smile','icon_e_smile.gif',15,17,4,1),(5,':-)','Smile','icon_e_smile.gif',15,17,5,1),(6,':smile:','Smile','icon_e_smile.gif',15,17,6,1),(7,';)','Wink','icon_e_wink.gif',15,17,7,1),(8,';-)','Wink','icon_e_wink.gif',15,17,8,1),(9,':wink:','Wink','icon_e_wink.gif',15,17,9,1),(10,':(','Sad','icon_e_sad.gif',15,17,10,1),(11,':-(','Sad','icon_e_sad.gif',15,17,11,1),(12,':sad:','Sad','icon_e_sad.gif',15,17,12,1),(13,':o','Surprised','icon_e_surprised.gif',15,17,13,1),(14,':-o','Surprised','icon_e_surprised.gif',15,17,14,1),(15,':eek:','Surprised','icon_e_surprised.gif',15,17,15,1),(16,':shock:','Shocked','icon_eek.gif',15,17,16,1),(17,':?','Confused','icon_e_confused.gif',15,17,17,1),(18,':-?','Confused','icon_e_confused.gif',15,17,18,1),(19,':???:','Confused','icon_e_confused.gif',15,17,19,1),(20,'8-)','Cool','icon_cool.gif',15,17,20,1),(21,':cool:','Cool','icon_cool.gif',15,17,21,1),(22,':lol:','Laughing','icon_lol.gif',15,17,22,1),(23,':x','Mad','icon_mad.gif',15,17,23,1),(24,':-x','Mad','icon_mad.gif',15,17,24,1),(25,':mad:','Mad','icon_mad.gif',15,17,25,1),(26,':P','Razz','icon_razz.gif',15,17,26,1),(27,':-P','Razz','icon_razz.gif',15,17,27,1),(28,':razz:','Razz','icon_razz.gif',15,17,28,1),(29,':oops:','Embarrassed','icon_redface.gif',15,17,29,1),(30,':cry:','Crying or Very Sad','icon_cry.gif',15,17,30,1),(31,':evil:','Evil or Very Mad','icon_evil.gif',15,17,31,1),(32,':twisted:','Twisted Evil','icon_twisted.gif',15,17,32,1),(33,':roll:','Rolling Eyes','icon_rolleyes.gif',15,17,33,1),(34,':!:','Exclamation','icon_exclaim.gif',15,17,34,1),(35,':?:','Question','icon_question.gif',15,17,35,1),(36,':idea:','Idea','icon_idea.gif',15,17,36,1),(37,':arrow:','Arrow','icon_arrow.gif',15,17,37,1),(38,':|','Neutral','icon_neutral.gif',15,17,38,1),(39,':-|','Neutral','icon_neutral.gif',15,17,39,1),(40,':mrgreen:','Mr. Green','icon_mrgreen.gif',15,17,40,1),(41,':geek:','Geek','icon_e_geek.gif',17,17,41,1),(42,':ugeek:','Uber Geek','icon_e_ugeek.gif',17,18,42,1);
/*!40000 ALTER TABLE `phpbb_smilies` ENABLE KEYS */;
UNLOCK TABLES;

--
-- Table structure for table `phpbb_styles`
--

DROP TABLE IF EXISTS `phpbb_styles`;
/*!40101 SET @saved_cs_client     = @@character_set_client */;
/*!40101 SET character_set_client = utf8 */;
CREATE TABLE `phpbb_styles` (
  `style_id` mediumint(8) unsigned NOT NULL AUTO_INCREMENT,
  `style_name` varchar(255) COLLATE utf8_bin NOT NULL DEFAULT '',
  `style_copyright` varchar(255) COLLATE utf8_bin NOT NULL DEFAULT '',
  `style_active` tinyint(1) unsigned NOT NULL DEFAULT '1',
  `template_id` mediumint(8) unsigned NOT NULL DEFAULT '0',
  `theme_id` mediumint(8) unsigned NOT NULL DEFAULT '0',
  `imageset_id` mediumint(8) unsigned NOT NULL DEFAULT '0',
  PRIMARY KEY (`style_id`),
  UNIQUE KEY `style_name` (`style_name`),
  KEY `template_id` (`template_id`),
  KEY `theme_id` (`theme_id`),
  KEY `imageset_id` (`imageset_id`)
) ENGINE=MyISAM AUTO_INCREMENT=7 DEFAULT CHARSET=utf8 COLLATE=utf8_bin;
/*!40101 SET character_set_client = @saved_cs_client */;

--
-- Dumping data for table `phpbb_styles`
--

LOCK TABLES `phpbb_styles` WRITE;
/*!40000 ALTER TABLE `phpbb_styles` DISABLE KEYS */;
INSERT INTO `phpbb_styles` VALUES (1,'prosilver',' phpBB Group',0,1,1,1),(6,'LoLDominion',' Matti (MMOstyles.com), 2011',1,6,6,6),(3,'Swirly_Orange','&copy; 2011 QuakeZone',0,3,3,3),(4,'Ruins','&copy; 2011 QuakeZone',0,4,4,4),(5,'hardwood','&copy; molotov, 2011',0,5,5,5);
/*!40000 ALTER TABLE `phpbb_styles` ENABLE KEYS */;
UNLOCK TABLES;

--
-- Table structure for table `phpbb_styles_imageset`
--

DROP TABLE IF EXISTS `phpbb_styles_imageset`;
/*!40101 SET @saved_cs_client     = @@character_set_client */;
/*!40101 SET character_set_client = utf8 */;
CREATE TABLE `phpbb_styles_imageset` (
  `imageset_id` mediumint(8) unsigned NOT NULL AUTO_INCREMENT,
  `imageset_name` varchar(255) COLLATE utf8_bin NOT NULL DEFAULT '',
  `imageset_copyright` varchar(255) COLLATE utf8_bin NOT NULL DEFAULT '',
  `imageset_path` varchar(100) COLLATE utf8_bin NOT NULL DEFAULT '',
  PRIMARY KEY (`imageset_id`),
  UNIQUE KEY `imgset_nm` (`imageset_name`)
) ENGINE=MyISAM AUTO_INCREMENT=7 DEFAULT CHARSET=utf8 COLLATE=utf8_bin;
/*!40101 SET character_set_client = @saved_cs_client */;

--
-- Dumping data for table `phpbb_styles_imageset`
--

LOCK TABLES `phpbb_styles_imageset` WRITE;
/*!40000 ALTER TABLE `phpbb_styles_imageset` DISABLE KEYS */;
INSERT INTO `phpbb_styles_imageset` VALUES (1,'prosilver','&copy; phpBB Group','prosilver'),(6,'LoLDominion','&copy; Matti (MMOstyles.com), 2011','LoLDominion'),(3,'Swirly_Orange','&copy; 2011 QuakeZone','Swirly_Orange'),(4,'Ruins','&copy; QuakeZone, 2011','Ruins'),(5,'hardwood','&copy; molotov, 2011','hardwood');
/*!40000 ALTER TABLE `phpbb_styles_imageset` ENABLE KEYS */;
UNLOCK TABLES;

--
-- Table structure for table `phpbb_styles_imageset_data`
--

DROP TABLE IF EXISTS `phpbb_styles_imageset_data`;
/*!40101 SET @saved_cs_client     = @@character_set_client */;
/*!40101 SET character_set_client = utf8 */;
CREATE TABLE `phpbb_styles_imageset_data` (
  `image_id` mediumint(8) unsigned NOT NULL AUTO_INCREMENT,
  `image_name` varchar(200) COLLATE utf8_bin NOT NULL DEFAULT '',
  `image_filename` varchar(200) COLLATE utf8_bin NOT NULL DEFAULT '',
  `image_lang` varchar(30) COLLATE utf8_bin NOT NULL DEFAULT '',
  `image_height` smallint(4) unsigned NOT NULL DEFAULT '0',
  `image_width` smallint(4) unsigned NOT NULL DEFAULT '0',
  `imageset_id` mediumint(8) unsigned NOT NULL DEFAULT '0',
  PRIMARY KEY (`image_id`),
  KEY `i_d` (`imageset_id`)
) ENGINE=MyISAM AUTO_INCREMENT=494 DEFAULT CHARSET=utf8 COLLATE=utf8_bin;
/*!40101 SET character_set_client = @saved_cs_client */;

--
-- Dumping data for table `phpbb_styles_imageset_data`
--

LOCK TABLES `phpbb_styles_imageset_data` WRITE;
/*!40000 ALTER TABLE `phpbb_styles_imageset_data` DISABLE KEYS */;
INSERT INTO `phpbb_styles_imageset_data` VALUES (1,'site_logo','site_logo.gif','',52,139,1),(2,'forum_link','forum_link.gif','',27,27,1),(3,'forum_read','forum_read.gif','',27,27,1),(4,'forum_read_locked','forum_read_locked.gif','',27,27,1),(5,'forum_read_subforum','forum_read_subforum.gif','',27,27,1),(6,'forum_unread','forum_unread.gif','',27,27,1),(7,'forum_unread_locked','forum_unread_locked.gif','',27,27,1),(8,'forum_unread_subforum','forum_unread_subforum.gif','',27,27,1),(9,'topic_moved','topic_moved.gif','',27,27,1),(10,'topic_read','topic_read.gif','',27,27,1),(11,'topic_read_mine','topic_read_mine.gif','',27,27,1),(12,'topic_read_hot','topic_read_hot.gif','',27,27,1),(13,'topic_read_hot_mine','topic_read_hot_mine.gif','',27,27,1),(14,'topic_read_locked','topic_read_locked.gif','',27,27,1),(15,'topic_read_locked_mine','topic_read_locked_mine.gif','',27,27,1),(16,'topic_unread','topic_unread.gif','',27,27,1),(17,'topic_unread_mine','topic_unread_mine.gif','',27,27,1),(18,'topic_unread_hot','topic_unread_hot.gif','',27,27,1),(19,'topic_unread_hot_mine','topic_unread_hot_mine.gif','',27,27,1),(20,'topic_unread_locked','topic_unread_locked.gif','',27,27,1),(21,'topic_unread_locked_mine','topic_unread_locked_mine.gif','',27,27,1),(22,'sticky_read','sticky_read.gif','',27,27,1),(23,'sticky_read_mine','sticky_read_mine.gif','',27,27,1),(24,'sticky_read_locked','sticky_read_locked.gif','',27,27,1),(25,'sticky_read_locked_mine','sticky_read_locked_mine.gif','',27,27,1),(26,'sticky_unread','sticky_unread.gif','',27,27,1),(27,'sticky_unread_mine','sticky_unread_mine.gif','',27,27,1),(28,'sticky_unread_locked','sticky_unread_locked.gif','',27,27,1),(29,'sticky_unread_locked_mine','sticky_unread_locked_mine.gif','',27,27,1),(30,'announce_read','announce_read.gif','',27,27,1),(31,'announce_read_mine','announce_read_mine.gif','',27,27,1),(32,'announce_read_locked','announce_read_locked.gif','',27,27,1),(33,'announce_read_locked_mine','announce_read_locked_mine.gif','',27,27,1),(34,'announce_unread','announce_unread.gif','',27,27,1),(35,'announce_unread_mine','announce_unread_mine.gif','',27,27,1),(36,'announce_unread_locked','announce_unread_locked.gif','',27,27,1),(37,'announce_unread_locked_mine','announce_unread_locked_mine.gif','',27,27,1),(38,'global_read','announce_read.gif','',27,27,1),(39,'global_read_mine','announce_read_mine.gif','',27,27,1),(40,'global_read_locked','announce_read_locked.gif','',27,27,1),(41,'global_read_locked_mine','announce_read_locked_mine.gif','',27,27,1),(42,'global_unread','announce_unread.gif','',27,27,1),(43,'global_unread_mine','announce_unread_mine.gif','',27,27,1),(44,'global_unread_locked','announce_unread_locked.gif','',27,27,1),(45,'global_unread_locked_mine','announce_unread_locked_mine.gif','',27,27,1),(46,'pm_read','topic_read.gif','',27,27,1),(47,'pm_unread','topic_unread.gif','',27,27,1),(48,'icon_back_top','icon_back_top.gif','',11,11,1),(49,'icon_contact_aim','icon_contact_aim.gif','',20,20,1),(50,'icon_contact_email','icon_contact_email.gif','',20,20,1),(51,'icon_contact_icq','icon_contact_icq.gif','',20,20,1),(52,'icon_contact_jabber','icon_contact_jabber.gif','',20,20,1),(53,'icon_contact_msnm','icon_contact_msnm.gif','',20,20,1),(54,'icon_contact_www','icon_contact_www.gif','',20,20,1),(55,'icon_contact_yahoo','icon_contact_yahoo.gif','',20,20,1),(56,'icon_post_delete','icon_post_delete.gif','',20,20,1),(57,'icon_post_info','icon_post_info.gif','',20,20,1),(58,'icon_post_report','icon_post_report.gif','',20,20,1),(59,'icon_post_target','icon_post_target.gif','',9,11,1),(60,'icon_post_target_unread','icon_post_target_unread.gif','',9,11,1),(61,'icon_topic_attach','icon_topic_attach.gif','',10,7,1),(62,'icon_topic_latest','icon_topic_latest.gif','',9,11,1),(63,'icon_topic_newest','icon_topic_newest.gif','',9,11,1),(64,'icon_topic_reported','icon_topic_reported.gif','',14,16,1),(65,'icon_topic_unapproved','icon_topic_unapproved.gif','',14,16,1),(66,'icon_user_warn','icon_user_warn.gif','',20,20,1),(67,'subforum_read','subforum_read.gif','',9,11,1),(68,'subforum_unread','subforum_unread.gif','',9,11,1),(69,'icon_contact_pm','icon_contact_pm.gif','en',20,28,1),(70,'icon_post_edit','icon_post_edit.gif','en',20,42,1),(71,'icon_post_quote','icon_post_quote.gif','en',20,54,1),(72,'icon_user_online','icon_user_online.gif','en',58,58,1),(73,'button_pm_forward','button_pm_forward.gif','en',25,96,1),(74,'button_pm_new','button_pm_new.gif','en',25,84,1),(75,'button_pm_reply','button_pm_reply.gif','en',25,96,1),(76,'button_topic_locked','button_topic_locked.gif','en',25,88,1),(77,'button_topic_new','button_topic_new.gif','en',25,96,1),(78,'button_topic_reply','button_topic_reply.gif','en',25,96,1),(487,'icon_user_online','icon_user_online.gif','en',58,58,6),(485,'icon_post_edit','icon_post_edit.gif','en',20,42,6),(486,'icon_post_quote','icon_post_quote.gif','en',20,54,6),(484,'icon_contact_pm','icon_contact_pm.gif','en',20,28,6),(483,'icon_user_warn','icon_user_warn.gif','',20,20,6),(482,'icon_topic_unapproved','icon_topic_unapproved.gif','',14,16,6),(481,'icon_topic_reported','icon_topic_reported.gif','',14,16,6),(480,'icon_topic_newest','icon_topic_newest.gif','',9,11,6),(479,'icon_topic_latest','icon_topic_latest.gif','',9,11,6),(478,'icon_topic_attach','icon_topic_attach.gif','',10,7,6),(476,'icon_post_target','icon_post_target.gif','',9,11,6),(477,'icon_post_target_unread','icon_post_target_unread.gif','',9,11,6),(475,'icon_post_report','icon_post_report.gif','',20,20,6),(474,'icon_post_info','icon_post_info.gif','',20,20,6),(473,'icon_post_delete','icon_post_delete.gif','',20,20,6),(472,'icon_contact_yahoo','icon_contact_yahoo.gif','',20,20,6),(471,'icon_contact_www','icon_contact_www.gif','',20,20,6),(470,'icon_contact_msnm','icon_contact_msnm.gif','',20,20,6),(468,'icon_contact_icq','icon_contact_icq.gif','',20,20,6),(469,'icon_contact_jabber','icon_contact_jabber.gif','',20,20,6),(466,'icon_contact_aim','icon_contact_aim.gif','',20,20,6),(467,'icon_contact_email','icon_contact_email.gif','',20,20,6),(465,'icon_back_top','icon_back_top.gif','',11,11,6),(463,'pm_read','topic_read.gif','',27,27,6),(464,'pm_unread','topic_unread.gif','',27,27,6),(462,'subforum_unread','subforum_unread.gif','',9,11,6),(461,'subforum_read','subforum_read.gif','',9,11,6),(460,'global_unread_locked_mine','announce_unread_locked_mine.gif','',27,27,6),(459,'global_unread_locked','announce_unread_locked.gif','',27,27,6),(458,'global_unread_mine','announce_unread_mine.gif','',27,27,6),(456,'global_read_locked_mine','announce_read_locked_mine.gif','',27,27,6),(457,'global_unread','announce_unread.gif','',27,27,6),(455,'global_read_locked','announce_read_locked.gif','',27,27,6),(453,'global_read','announce_read.gif','',27,27,6),(454,'global_read_mine','announce_read_mine.gif','',27,27,6),(452,'announce_unread_locked_mine','announce_unread_locked_mine.gif','',27,27,6),(451,'announce_unread_locked','announce_unread_locked.gif','',27,27,6),(449,'announce_unread','announce_unread.gif','',27,27,6),(450,'announce_unread_mine','announce_unread_mine.gif','',27,27,6),(448,'announce_read_locked_mine','announce_read_locked_mine.gif','',27,27,6),(447,'announce_read_locked','announce_read_locked.gif','',27,27,6),(445,'announce_read','announce_read.gif','',27,27,6),(446,'announce_read_mine','announce_read_mine.gif','',27,27,6),(443,'sticky_unread_locked','sticky_unread_locked.gif','',27,27,6),(444,'sticky_unread_locked_mine','sticky_unread_locked_mine.gif','',27,27,6),(442,'sticky_unread_mine','sticky_unread_mine.gif','',27,27,6),(441,'sticky_unread','sticky_unread.gif','',27,27,6),(440,'sticky_read_locked_mine','sticky_read_locked_mine.gif','',27,27,6),(438,'sticky_read_mine','sticky_read_mine.gif','',27,27,6),(439,'sticky_read_locked','sticky_read_locked.gif','',27,27,6),(437,'sticky_read','sticky_read.gif','',27,27,6),(436,'topic_unread_locked_mine','topic_unread_locked_mine.gif','',27,27,6),(435,'topic_unread_locked','topic_unread_locked.gif','',27,27,6),(434,'topic_unread_hot_mine','topic_unread_hot_mine.gif','',27,27,6),(433,'topic_unread_hot','topic_unread_hot.gif','',27,27,6),(432,'topic_unread_mine','topic_unread_mine.gif','',27,27,6),(157,'icon_contact_aim','icon_contact_aim.png','en',0,0,3),(158,'icon_contact_email','icon_contact_email.png','en',0,0,3),(159,'icon_contact_icq','icon_contact_icq.png','en',0,0,3),(160,'icon_contact_jabber','icon_contact_jabber.png','en',0,0,3),(161,'icon_contact_msnm','icon_contact_msnm.png','en',0,0,3),(162,'icon_contact_pm','icon_contact_pm.png','en',0,0,3),(163,'icon_contact_yahoo','icon_contact_yahoo.png','en',0,0,3),(164,'icon_contact_www','icon_contact_www.png','en',0,0,3),(165,'icon_post_delete','icon_post_delete.png','en',0,0,3),(166,'icon_post_edit','icon_post_edit.png','en',0,0,3),(167,'icon_post_info','icon_post_info.png','en',0,0,3),(168,'icon_post_quote','icon_post_quote.png','en',0,0,3),(169,'icon_post_report','icon_post_report.png','en',0,0,3),(170,'icon_user_online','icon_user_online.png','en',0,0,3),(171,'icon_user_offline','icon_user_offline.png','en',0,0,3),(172,'icon_user_profile','icon_user_profile.png','en',0,0,3),(173,'icon_user_search','icon_user_search.png','en',0,0,3),(174,'icon_user_warn','icon_user_warn.png','en',0,0,3),(175,'button_pm_new','button_pm_new.png','en',0,0,3),(176,'button_pm_reply','button_pm_reply.png','en',0,0,3),(177,'button_topic_locked','buttom_topic_locked.png','en',0,0,3),(178,'button_topic_new','button_topic_new.png','en',0,0,3),(179,'button_topic_reply','button_topic_reply.png','en',0,0,3),(180,'icon_post_target','icon_post_target.gif','',9,12,4),(181,'icon_post_target_unread','icon_post_target_unread.gif','',9,12,4),(182,'icon_topic_attach','icon_topic_attach.png','',0,0,4),(183,'icon_topic_latest','icon_topic_latest.gif','',9,18,4),(184,'icon_topic_newest','icon_topic_newest.gif','',9,18,4),(185,'icon_topic_reported','icon_topic_reported.png','',0,0,4),(186,'icon_topic_unapproved','icon_topic_unapproved.png','',0,0,4),(187,'forum_link','forum_link.png','',0,0,4),(188,'forum_read','forum_read.png','',0,0,4),(189,'forum_read_locked','forum_read_locked.png','',0,0,4),(190,'forum_read_subforum','forum_read_subforum.png','',0,0,4),(191,'forum_unread','forum_unread.png','',0,0,4),(192,'forum_unread_locked','forum_unread_locked.png','',0,0,4),(193,'forum_unread_subforum','forum_unread_subforum.png','',0,0,4),(194,'topic_moved','topic_moved.png','',0,0,4),(195,'topic_read','topic_read.png','',0,0,4),(196,'topic_read_mine','topic_read_mine.png','',0,0,4),(197,'topic_read_hot','topic_read_hot.png','',0,0,4),(198,'topic_read_hot_mine','topic_read_hot_mine.png','',0,0,4),(199,'topic_read_locked','topic_read_locked.png','',0,0,4),(200,'topic_read_locked_mine','topic_read_locked_mine.png','',0,0,4),(201,'topic_unread','topic_unread.png','',0,0,4),(202,'topic_unread_mine','topic_unread_mine.png','',0,0,4),(203,'topic_unread_hot','topic_unread_hot.png','',0,0,4),(204,'topic_unread_hot_mine','topic_unread_hot_mine.png','',0,0,4),(205,'topic_unread_locked','topic_unread_locked.png','',0,0,4),(206,'topic_unread_locked_mine','topic_unread_locked_mine.png','',0,0,4),(207,'sticky_read','sticky_read.png','',0,0,4),(208,'sticky_read_mine','sticky_read_mine.png','',0,0,4),(209,'sticky_read_locked','sticky_read_locked.png','',0,0,4),(210,'sticky_read_locked_mine','sticky_read_locked_mine.png','',0,0,4),(211,'sticky_unread','sticky_unread.gif','',18,19,4),(212,'sticky_unread_mine','sticky_unread_mine.png','',0,0,4),(213,'sticky_unread_locked','sticky_unread_locked.png','',0,0,4),(214,'sticky_unread_locked_mine','sticky_unread_locked_mine.png','',0,0,4),(215,'announce_read','announce_read.png','',0,0,4),(216,'announce_read_mine','announce_read_mine.png','',0,0,4),(217,'announce_read_locked','announce_read_locked.png','',0,0,4),(218,'announce_read_locked_mine','announce_read_locked_mine.png','',0,0,4),(219,'announce_unread','announce_unread.png','',0,0,4),(220,'announce_unread_mine','announce_unread_mine.png','',0,0,4),(221,'announce_unread_locked','announce_unread_locked.png','',0,0,4),(222,'announce_unread_locked_mine','announce_unread_locked_mine.png','',0,0,4),(223,'global_read','announce_read.png','',0,0,4),(224,'global_read_mine','announce_read_mine.png','',0,0,4),(225,'global_read_locked','announce_read_locked.png','',0,0,4),(226,'global_read_locked_mine','announce_read_locked_mine.png','',0,0,4),(227,'global_unread','announce_unread.png','',0,0,4),(228,'global_unread_mine','announce_unread_mine.png','',0,0,4),(229,'global_unread_locked','announce_unread_locked.png','',0,0,4),(230,'global_unread_locked_mine','announce_unread_locked_mine.png','',0,0,4),(231,'pm_read','topic_read.png','',0,0,4),(232,'pm_unread','topic_unread.png','',0,0,4),(233,'poll_left','poll_left.gif','',12,4,4),(234,'poll_center','poll_center.gif','',12,1,4),(235,'poll_right','poll_right.gif','',12,4,4),(236,'upload_bar','upload_bar.gif','',16,280,4),(237,'icon_contact_aim','icon_contact_aim.png','en',0,0,4),(238,'icon_contact_email','icon_contact_email.png','en',0,0,4),(239,'icon_contact_icq','icon_contact_icq.png','en',0,0,4),(240,'icon_contact_jabber','icon_contact_jabber.png','en',0,0,4),(241,'icon_contact_msnm','icon_contact_msnm.png','en',0,0,4),(242,'icon_contact_pm','icon_contact_pm.png','en',0,0,4),(243,'icon_contact_yahoo','icon_contact_yahoo.png','en',0,0,4),(244,'icon_contact_www','icon_contact_www.gif','en',0,0,4),(245,'icon_post_delete','icon_post_delete.png','en',0,0,4),(246,'icon_post_edit','icon_post_edit.gif','en',0,0,4),(247,'icon_post_info','icon_post_info.png','en',0,0,4),(248,'icon_post_quote','icon_post_quote.gif','en',0,0,4),(249,'icon_post_report','icon_post_report.png','en',0,0,4),(250,'icon_user_online','icon_user_online.png','en',0,0,4),(251,'icon_user_offline','icon_user_offline.png','en',0,0,4),(252,'icon_user_profile','icon_user_profile.gif','en',0,0,4),(253,'icon_user_search','icon_user_search.gif','en',0,0,4),(254,'icon_user_warn','icon_user_warn.png','en',0,0,4),(255,'button_pm_new','button_pm_new.gif','en',0,0,4),(256,'button_pm_reply','button_pm_reply.gif','en',0,0,4),(257,'button_topic_locked','button_topic_locked.gif','en',0,0,4),(258,'button_topic_new','button_topic_new.gif','en',0,0,4),(259,'button_topic_reply','button_topic_reply.gif','en',0,0,4),(260,'site_logo','site_logo.png','',130,400,5),(261,'forum_link','forum_link.gif','',27,27,5),(262,'forum_read','forum_read.gif','',27,27,5),(263,'forum_read_locked','forum_read_locked.gif','',27,27,5),(264,'forum_read_subforum','forum_read_subforum.gif','',27,27,5),(265,'forum_unread','forum_unread.gif','',27,27,5),(266,'forum_unread_locked','forum_unread_locked.gif','',27,27,5),(267,'forum_unread_subforum','forum_unread_subforum.gif','',27,27,5),(268,'topic_moved','topic_moved.gif','',27,27,5),(269,'topic_read','topic_read.gif','',27,27,5),(270,'topic_read_mine','topic_read_mine.gif','',27,27,5),(271,'topic_read_hot','topic_read_hot.gif','',27,27,5),(272,'topic_read_hot_mine','topic_read_hot_mine.gif','',27,27,5),(273,'topic_read_locked','topic_read_locked.gif','',27,27,5),(274,'topic_read_locked_mine','topic_read_locked_mine.gif','',27,27,5),(275,'topic_unread','topic_unread.gif','',27,27,5),(276,'topic_unread_mine','topic_unread_mine.gif','',27,27,5),(277,'topic_unread_hot','topic_unread_hot.gif','',27,27,5),(278,'topic_unread_hot_mine','topic_unread_hot_mine.gif','',27,27,5),(279,'topic_unread_locked','topic_unread_locked.gif','',27,27,5),(280,'topic_unread_locked_mine','topic_unread_locked_mine.gif','',27,27,5),(281,'sticky_read','sticky_read.gif','',27,27,5),(282,'sticky_read_mine','sticky_read_mine.gif','',27,27,5),(283,'sticky_read_locked','sticky_read_locked.gif','',27,27,5),(284,'sticky_read_locked_mine','sticky_read_locked_mine.gif','',27,27,5),(285,'sticky_unread','sticky_unread.gif','',27,27,5),(286,'sticky_unread_mine','sticky_unread_mine.gif','',27,27,5),(287,'sticky_unread_locked','sticky_unread_locked.gif','',27,27,5),(288,'sticky_unread_locked_mine','sticky_unread_locked_mine.gif','',27,27,5),(289,'announce_read','announce_read.gif','',27,27,5),(290,'announce_read_mine','announce_read_mine.gif','',27,27,5),(291,'announce_read_locked','announce_read_locked.gif','',27,27,5),(292,'announce_read_locked_mine','announce_read_locked_mine.gif','',27,27,5),(293,'announce_unread','announce_unread.gif','',27,27,5),(294,'announce_unread_mine','announce_unread_mine.gif','',27,27,5),(295,'announce_unread_locked','announce_unread_locked.gif','',27,27,5),(296,'announce_unread_locked_mine','announce_unread_locked_mine.gif','',27,27,5),(297,'global_read','announce_read.gif','',27,27,5),(298,'global_read_mine','announce_read_mine.gif','',27,27,5),(299,'global_read_locked','announce_read_locked.gif','',27,27,5),(300,'global_read_locked_mine','announce_read_locked_mine.gif','',27,27,5),(301,'global_unread','announce_unread.gif','',27,27,5),(302,'global_unread_mine','announce_unread_mine.gif','',27,27,5),(303,'global_unread_locked','announce_unread_locked.gif','',27,27,5),(304,'global_unread_locked_mine','announce_unread_locked_mine.gif','',27,27,5),(305,'subforum_read','subforum_read.gif','',9,11,5),(306,'subforum_unread','subforum_unread.gif','',9,11,5),(307,'pm_read','topic_read.gif','',27,27,5),(308,'pm_unread','topic_unread.gif','',27,27,5),(309,'icon_back_top','icon_back_top.gif','',11,11,5),(310,'icon_contact_aim','icon_contact_aim.gif','',20,20,5),(311,'icon_contact_email','icon_contact_email.gif','',20,20,5),(312,'icon_contact_icq','icon_contact_icq.gif','',20,20,5),(313,'icon_contact_jabber','icon_contact_jabber.gif','',20,20,5),(314,'icon_contact_msnm','icon_contact_msnm.gif','',20,20,5),(315,'icon_contact_www','icon_contact_www.gif','',20,20,5),(316,'icon_contact_yahoo','icon_contact_yahoo.gif','',20,20,5),(317,'icon_post_delete','icon_post_delete.gif','',20,20,5),(318,'icon_post_info','icon_post_info.gif','',20,20,5),(319,'icon_post_report','icon_post_report.gif','',20,20,5),(320,'icon_post_target','icon_post_target.gif','',9,11,5),(321,'icon_post_target_unread','icon_post_target_unread.gif','',9,11,5),(322,'icon_topic_attach','icon_topic_attach.gif','',10,7,5),(323,'icon_topic_latest','icon_topic_latest.gif','',9,11,5),(324,'icon_topic_newest','icon_topic_newest.gif','',9,11,5),(325,'icon_topic_reported','icon_topic_reported.gif','',14,16,5),(326,'icon_topic_unapproved','icon_topic_unapproved.gif','',14,16,5),(327,'icon_user_warn','icon_user_warn.gif','',20,20,5),(328,'icon_contact_pm','icon_contact_pm.gif','en',20,28,5),(329,'icon_post_edit','icon_post_edit.gif','en',20,42,5),(330,'icon_post_quote','icon_post_quote.gif','en',20,54,5),(331,'icon_user_online','icon_user_online.gif','en',58,58,5),(332,'button_pm_forward','button_pm_forward.gif','en',25,96,5),(333,'button_pm_new','button_pm_new.gif','en',25,84,5),(334,'button_pm_reply','button_pm_reply.gif','en',25,96,5),(335,'button_topic_locked','button_topic_locked.gif','en',25,88,5),(336,'button_topic_new','button_topic_new.gif','en',25,96,5),(337,'button_topic_reply','button_topic_reply.gif','en',25,96,5),(488,'button_pm_forward','button_pm_forward.gif','en',25,96,6),(431,'topic_unread','topic_unread.gif','',27,27,6),(430,'topic_read_locked_mine','topic_read_locked_mine.gif','',27,27,6),(429,'topic_read_locked','topic_read_locked.gif','',27,27,6),(428,'topic_read_hot_mine','topic_read_hot_mine.gif','',27,27,6),(427,'topic_read_hot','topic_read_hot.gif','',27,27,6),(426,'topic_read_mine','topic_read_mine.gif','',27,27,6),(425,'topic_read','topic_read.gif','',27,27,6),(424,'topic_moved','topic_moved.gif','',27,27,6),(423,'forum_unread_subforum','forum_unread_subforum.gif','',27,27,6),(422,'forum_unread_locked','forum_unread_locked.gif','',27,27,6),(421,'forum_unread','forum_unread.gif','',27,27,6),(420,'forum_read_subforum','forum_read_subforum.gif','',27,27,6),(419,'forum_read_locked','forum_read_locked.gif','',27,27,6),(418,'forum_read','forum_read.gif','',27,27,6),(417,'forum_link','forum_link.gif','',27,27,6),(416,'site_logo','site_logo.gif','',52,139,6),(489,'button_pm_new','button_pm_new.gif','en',25,84,6),(490,'button_pm_reply','button_pm_reply.gif','en',25,96,6),(491,'button_topic_locked','button_topic_locked.gif','en',25,88,6),(492,'button_topic_new','button_topic_new.gif','en',25,96,6),(493,'button_topic_reply','button_topic_reply.gif','en',25,96,6);
/*!40000 ALTER TABLE `phpbb_styles_imageset_data` ENABLE KEYS */;
UNLOCK TABLES;

--
-- Table structure for table `phpbb_styles_template`
--

DROP TABLE IF EXISTS `phpbb_styles_template`;
/*!40101 SET @saved_cs_client     = @@character_set_client */;
/*!40101 SET character_set_client = utf8 */;
CREATE TABLE `phpbb_styles_template` (
  `template_id` mediumint(8) unsigned NOT NULL AUTO_INCREMENT,
  `template_name` varchar(255) COLLATE utf8_bin NOT NULL DEFAULT '',
  `template_copyright` varchar(255) COLLATE utf8_bin NOT NULL DEFAULT '',
  `template_path` varchar(100) COLLATE utf8_bin NOT NULL DEFAULT '',
  `bbcode_bitfield` varchar(255) COLLATE utf8_bin NOT NULL DEFAULT 'kNg=',
  `template_storedb` tinyint(1) unsigned NOT NULL DEFAULT '0',
  `template_inherits_id` int(4) unsigned NOT NULL DEFAULT '0',
  `template_inherit_path` varchar(255) COLLATE utf8_bin NOT NULL DEFAULT '',
  PRIMARY KEY (`template_id`),
  UNIQUE KEY `tmplte_nm` (`template_name`)
) ENGINE=MyISAM AUTO_INCREMENT=7 DEFAULT CHARSET=utf8 COLLATE=utf8_bin;
/*!40101 SET character_set_client = @saved_cs_client */;

--
-- Dumping data for table `phpbb_styles_template`
--

LOCK TABLES `phpbb_styles_template` WRITE;
/*!40000 ALTER TABLE `phpbb_styles_template` DISABLE KEYS */;
INSERT INTO `phpbb_styles_template` VALUES (1,'prosilver','&copy; phpBB Group','prosilver','lNg=',0,0,''),(6,'LoLDominion','&copy; Matti (MMOstyles.com), 2011','LoLDominion','lNg=',0,0,''),(3,'Swirly_Orange','&copy; 2011 QuakeZone','Swirly_Orange','+Ng=',0,0,''),(4,'Ruins','&copy; QuakeZone, 2011','Ruins','+Ng=',0,0,''),(5,'hardwood','&copy; molotov, 2011','hardwood','lNg=',0,0,'');
/*!40000 ALTER TABLE `phpbb_styles_template` ENABLE KEYS */;
UNLOCK TABLES;

--
-- Table structure for table `phpbb_styles_template_data`
--

DROP TABLE IF EXISTS `phpbb_styles_template_data`;
/*!40101 SET @saved_cs_client     = @@character_set_client */;
/*!40101 SET character_set_client = utf8 */;
CREATE TABLE `phpbb_styles_template_data` (
  `template_id` mediumint(8) unsigned NOT NULL DEFAULT '0',
  `template_filename` varchar(100) COLLATE utf8_bin NOT NULL DEFAULT '',
  `template_included` text COLLATE utf8_bin NOT NULL,
  `template_mtime` int(11) unsigned NOT NULL DEFAULT '0',
  `template_data` mediumtext COLLATE utf8_bin NOT NULL,
  KEY `tid` (`template_id`),
  KEY `tfn` (`template_filename`)
) ENGINE=MyISAM DEFAULT CHARSET=utf8 COLLATE=utf8_bin;
/*!40101 SET character_set_client = @saved_cs_client */;

--
-- Dumping data for table `phpbb_styles_template_data`
--

LOCK TABLES `phpbb_styles_template_data` WRITE;
/*!40000 ALTER TABLE `phpbb_styles_template_data` DISABLE KEYS */;
/*!40000 ALTER TABLE `phpbb_styles_template_data` ENABLE KEYS */;
UNLOCK TABLES;

--
-- Table structure for table `phpbb_styles_theme`
--

DROP TABLE IF EXISTS `phpbb_styles_theme`;
/*!40101 SET @saved_cs_client     = @@character_set_client */;
/*!40101 SET character_set_client = utf8 */;
CREATE TABLE `phpbb_styles_theme` (
  `theme_id` mediumint(8) unsigned NOT NULL AUTO_INCREMENT,
  `theme_name` varchar(255) COLLATE utf8_bin NOT NULL DEFAULT '',
  `theme_copyright` varchar(255) COLLATE utf8_bin NOT NULL DEFAULT '',
  `theme_path` varchar(100) COLLATE utf8_bin NOT NULL DEFAULT '',
  `theme_storedb` tinyint(1) unsigned NOT NULL DEFAULT '0',
  `theme_mtime` int(11) unsigned NOT NULL DEFAULT '0',
  `theme_data` mediumtext COLLATE utf8_bin NOT NULL,
  PRIMARY KEY (`theme_id`),
  UNIQUE KEY `theme_name` (`theme_name`)
) ENGINE=MyISAM AUTO_INCREMENT=7 DEFAULT CHARSET=utf8 COLLATE=utf8_bin;
/*!40101 SET character_set_client = @saved_cs_client */;

--
-- Dumping data for table `phpbb_styles_theme`
--

LOCK TABLES `phpbb_styles_theme` WRITE;
/*!40000 ALTER TABLE `phpbb_styles_theme` DISABLE KEYS */;
INSERT INTO `phpbb_styles_theme` VALUES (1,'prosilver','&copy; phpBB Group','prosilver',1,1348666183,'/*  phpBB3 Style Sheet\n    --------------------------------------------------------------\n	Style name:			prosilver (the default phpBB 3.0.x style)\n	Based on style:		\n	Original author:	Tom Beddard ( http://www.subblue.com/ )\n	Modified by:		phpBB Group ( http://www.phpbb.com/ )\n    --------------------------------------------------------------\n*/\n\n/* General Markup Styles\n---------------------------------------- */\n\n* {\n	/* Reset browsers default margin, padding and font sizes */\n	margin: 0;\n	padding: 0;\n}\n\nhtml {\n	font-size: 100%;\n	/* Always show a scrollbar for short pages - stops the jump when the scrollbar appears. non-IE browsers */\n	height: 101%;\n}\n\nbody {\n	/* Text-Sizing with ems: http://www.clagnut.com/blog/348/ */\n	font-family: Verdana, Helvetica, Arial, sans-serif;\n	color: #828282;\n	background-color: #FFFFFF;\n	/*font-size: 62.5%;			 This sets the default font size to be equivalent to 10px */\n	font-size: 10px;\n	margin: 0;\n	padding: 12px 0;\n}\n\nh1 {\n	/* Forum name */\n	font-family: \"Trebuchet MS\", Arial, Helvetica, sans-serif;\n	margin-right: 200px;\n	color: #FFFFFF;\n	margin-top: 15px;\n	font-weight: bold;\n	font-size: 2em;\n}\n\nh2 {\n	/* Forum header titles */\n	font-family: \"Trebuchet MS\", Arial, Helvetica, sans-serif;\n	font-weight: normal;\n	color: #3f3f3f;\n	font-size: 2em;\n	margin: 0.8em 0 0.2em 0;\n}\n\nh2.solo {\n	margin-bottom: 1em;\n}\n\nh3 {\n	/* Sub-headers (also used as post headers, but defined later) */\n	font-family: Arial, Helvetica, sans-serif;\n	font-weight: bold;\n	text-transform: uppercase;\n	border-bottom: 1px solid #CCCCCC;\n	margin-bottom: 3px;\n	padding-bottom: 2px;\n	font-size: 1.05em;\n	color: #989898;\n	margin-top: 20px;\n}\n\nh4 {\n	/* Forum and topic list titles */\n	font-family: \"Trebuchet MS\", Verdana, Helvetica, Arial, Sans-serif;\n	font-size: 1.3em;\n}\n\np {\n	line-height: 1.3em;\n	font-size: 1.1em;\n	margin-bottom: 1.5em;\n}\n\nimg {\n	border-width: 0;\n}\n\nhr {\n	/* Also see tweaks.css */\n	border: 0 none #FFFFFF;\n	border-top: 1px solid #CCCCCC;\n	height: 1px;\n	margin: 5px 0;\n	display: block;\n	clear: both;\n}\n\nhr.dashed {\n	border-top: 1px dashed #CCCCCC;\n	margin: 10px 0;\n}\n\nhr.divider {\n	display: none;\n}\n\np.right {\n	text-align: right;\n}\n\n/* Main blocks\n---------------------------------------- */\n#wrap {\n	padding: 0 20px;\n	min-width: 650px;\n}\n\n#simple-wrap {\n	padding: 6px 10px;\n}\n\n#page-body {\n	margin: 4px 0;\n	clear: both;\n}\n\n#page-footer {\n	clear: both;\n}\n\n#page-footer h3 {\n	margin-top: 20px;\n}\n\n#logo {\n	float: left;\n	width: auto;\n	padding: 10px 13px 0 10px;\n}\n\na#logo:hover {\n	text-decoration: none;\n}\n\n/* Search box\n--------------------------------------------- */\n#search-box {\n	color: #FFFFFF;\n	position: relative;\n	margin-top: 30px;\n	margin-right: 5px;\n	display: block;\n	float: right;\n	text-align: right;\n	white-space: nowrap; /* For Opera */\n}\n\n#search-box #keywords {\n	width: 95px;\n	background-color: #FFF;\n}\n\n#search-box input {\n	border: 1px solid #b0b0b0;\n}\n\n/* .button1 style defined later, just a few tweaks for the search button version */\n#search-box input.button1 {\n	padding: 1px 5px;\n}\n\n#search-box li {\n	text-align: right;\n	margin-top: 4px;\n}\n\n#search-box img {\n	vertical-align: middle;\n	margin-right: 3px;\n}\n\n/* Site description and logo */\n#site-description {\n	float: left;\n	width: 70%;\n}\n\n#site-description h1 {\n	margin-right: 0;\n}\n\n/* Round cornered boxes and backgrounds\n---------------------------------------- */\n.headerbar {\n	background: #ebebeb none repeat-x 0 0;\n	color: #FFFFFF;\n	margin-bottom: 4px;\n	padding: 0 5px;\n}\n\n.navbar {\n	background-color: #ebebeb;\n	padding: 0 10px;\n}\n\n.forabg {\n	background: #b1b1b1 none repeat-x 0 0;\n	margin-bottom: 4px;\n	padding: 0 5px;\n	clear: both;\n}\n\n.forumbg {\n	background: #ebebeb none repeat-x 0 0;\n	margin-bottom: 4px;\n	padding: 0 5px;\n	clear: both;\n}\n\n.panel {\n	margin-bottom: 4px;\n	padding: 0 10px;\n	background-color: #f3f3f3;\n	color: #3f3f3f;\n}\n\n.post {\n	padding: 0 10px;\n	margin-bottom: 4px;\n	background-repeat: no-repeat;\n	background-position: 100% 0;\n}\n\n.post:target .content {\n	color: #000000;\n}\n\n.post:target h3 a {\n	color: #000000;\n}\n\n.bg1	{ background-color: #f7f7f7;}\n.bg2	{ background-color: #f2f2f2; }\n.bg3	{ background-color: #ebebeb; }\n\n.rowbg {\n	margin: 5px 5px 2px 5px;\n}\n\n.ucprowbg {\n	background-color: #e2e2e2;\n}\n\n.fieldsbg {\n	/*border: 1px #DBDEE2 solid;*/\n	background-color: #eaeaea;\n}\n\nspan.corners-top, span.corners-bottom, span.corners-top span, span.corners-bottom span {\n	font-size: 1px;\n	line-height: 1px;\n	display: block;\n	height: 5px;\n	background-repeat: no-repeat;\n}\n\nspan.corners-top {\n	background-image: none;\n	background-position: 0 0;\n	margin: 0 -5px;\n}\n\nspan.corners-top span {\n	background-image: none;\n	background-position: 100% 0;\n}\n\nspan.corners-bottom {\n	background-image: none;\n	background-position: 0 100%;\n	margin: 0 -5px;\n	clear: both;\n}\n\nspan.corners-bottom span {\n	background-image: none;\n	background-position: 100% 100%;\n}\n\n.headbg span.corners-bottom {\n	margin-bottom: -1px;\n}\n\n.post span.corners-top, .post span.corners-bottom, .panel span.corners-top, .panel span.corners-bottom, .navbar span.corners-top, .navbar span.corners-bottom {\n	margin: 0 -10px;\n}\n\n.rules span.corners-top {\n	margin: 0 -10px 5px -10px;\n}\n\n.rules span.corners-bottom {\n	margin: 5px -10px 0 -10px;\n}\n\n/* Horizontal lists\n----------------------------------------*/\nul.linklist {\n	display: block;\n	margin: 0;\n}\n\nul.linklist li {\n	display: block;\n	list-style-type: none;\n	float: left;\n	width: auto;\n	margin-right: 5px;\n	font-size: 1.1em;\n	line-height: 2.2em;\n}\n\nul.linklist li.rightside, p.rightside {\n	float: right;\n	margin-right: 0;\n	margin-left: 5px;\n	text-align: right;\n}\n\nul.navlinks {\n	padding-bottom: 1px;\n	margin-bottom: 1px;\n	border-bottom: 1px solid #FFFFFF;\n	font-weight: bold;\n}\n\nul.leftside {\n	float: left;\n	margin-left: 0;\n	margin-right: 5px;\n	text-align: left;\n}\n\nul.rightside {\n	float: right;\n	margin-left: 5px;\n	margin-right: -5px;\n	text-align: right;\n}\n\n/* Table styles\n----------------------------------------*/\ntable.table1 {\n	/* See tweaks.css */\n}\n\n#ucp-main table.table1 {\n	padding: 2px;\n}\n\ntable.table1 thead th {\n	font-weight: normal;\n	text-transform: uppercase;\n	color: #FFFFFF;\n	line-height: 1.3em;\n	font-size: 1em;\n	padding: 0 0 4px 3px;\n}\n\ntable.table1 thead th span {\n	padding-left: 7px;\n}\n\ntable.table1 tbody tr {\n	border: 1px solid #cfcfcf;\n}\n\ntable.table1 tbody tr:hover, table.table1 tbody tr.hover {\n	background-color: #f6f6f6;\n	color: #000;\n}\n\ntable.table1 td {\n	color: #6a6a6a;\n	font-size: 1.1em;\n}\n\ntable.table1 tbody td {\n	padding: 5px;\n	border-top: 1px solid #FAFAFA;\n}\n\ntable.table1 tbody th {\n	padding: 5px;\n	border-bottom: 1px solid #000000;\n	text-align: left;\n	color: #333333;\n	background-color: #FFFFFF;\n}\n\n/* Specific column styles */\ntable.table1 .name		{ text-align: left; }\ntable.table1 .posts		{ text-align: center !important; width: 7%; }\ntable.table1 .joined	{ text-align: left; width: 15%; }\ntable.table1 .active	{ text-align: left; width: 15%; }\ntable.table1 .mark		{ text-align: center; width: 7%; }\ntable.table1 .info		{ text-align: left; width: 30%; }\ntable.table1 .info div	{ width: 100%; white-space: normal; overflow: hidden; }\ntable.table1 .autocol	{ line-height: 2em; white-space: nowrap; }\ntable.table1 thead .autocol { padding-left: 1em; }\n\ntable.table1 span.rank-img {\n	float: right;\n	width: auto;\n}\n\ntable.info td {\n	padding: 3px;\n}\n\ntable.info tbody th {\n	padding: 3px;\n	text-align: right;\n	vertical-align: top;\n	color: #000000;\n	font-weight: normal;\n}\n\n.forumbg table.table1 {\n	margin: 0;\n}\n\n.forumbg-table > .inner {\n	margin: 0 -1px;\n}\n\n.forumbg-table > .inner > span.corners-top {\n	margin: 0 -4px -1px -4px;\n}\n\n.forumbg-table > .inner > span.corners-bottom {\n	margin: -1px -4px 0 -4px;\n}\n\n/* Misc layout styles\n---------------------------------------- */\n/* column[1-2] styles are containers for two column layouts \n   Also see tweaks.css */\n.column1 {\n	float: left;\n	clear: left;\n	width: 49%;\n}\n\n.column2 {\n	float: right;\n	clear: right;\n	width: 49%;\n}\n\n/* General classes for placing floating blocks */\n.left-box {\n	float: left;\n	width: auto;\n	text-align: left;\n}\n\n.right-box {\n	float: right;\n	width: auto;\n	text-align: right;\n}\n\ndl.details {\n	/*font-family: \"Lucida Grande\", Verdana, Helvetica, Arial, sans-serif;*/\n	font-size: 1.1em;\n}\n\ndl.details dt {\n	float: left;\n	clear: left;\n	width: 30%;\n	text-align: right;\n	color: #000000;\n	display: block;\n}\n\ndl.details dd {\n	margin-left: 0;\n	padding-left: 5px;\n	margin-bottom: 5px;\n	color: #828282;\n	float: left;\n	width: 65%;\n}\n\n/* Pagination\n---------------------------------------- */\n.pagination {\n	height: 1%; /* IE tweak (holly hack) */\n	width: auto;\n	text-align: right;\n	margin-top: 5px;\n	float: right;\n}\n\n.pagination span.page-sep {\n	display: none;\n}\n\nli.pagination {\n	margin-top: 0;\n}\n\n.pagination strong, .pagination b {\n	font-weight: normal;\n}\n\n.pagination span strong {\n	padding: 0 2px;\n	margin: 0 2px;\n	font-weight: normal;\n	color: #FFFFFF;\n	background-color: #bfbfbf;\n	border: 1px solid #bfbfbf;\n	font-size: 0.9em;\n}\n\n.pagination span a, .pagination span a:link, .pagination span a:visited, .pagination span a:active {\n	font-weight: normal;\n	text-decoration: none;\n	color: #747474;\n	margin: 0 2px;\n	padding: 0 2px;\n	background-color: #eeeeee;\n	border: 1px solid #bababa;\n	font-size: 0.9em;\n	line-height: 1.5em;\n}\n\n.pagination span a:hover {\n	border-color: #d2d2d2;\n	background-color: #d2d2d2;\n	color: #FFF;\n	text-decoration: none;\n}\n\n.pagination img {\n	vertical-align: middle;\n}\n\n/* Pagination in viewforum for multipage topics */\n.row .pagination {\n	display: block;\n	float: right;\n	width: auto;\n	margin-top: 0;\n	padding: 1px 0 1px 15px;\n	font-size: 0.9em;\n	background: none 0 50% no-repeat;\n}\n\n.row .pagination span a, li.pagination span a {\n	background-color: #FFFFFF;\n}\n\n.row .pagination span a:hover, li.pagination span a:hover {\n	background-color: #d2d2d2;\n}\n\n/* Miscellaneous styles\n---------------------------------------- */\n#forum-permissions {\n	float: right;\n	width: auto;\n	padding-left: 5px;\n	margin-left: 5px;\n	margin-top: 10px;\n	text-align: right;\n}\n\n.copyright {\n	padding: 5px;\n	text-align: center;\n	color: #555555;\n}\n\n.small {\n	font-size: 0.9em !important;\n}\n\n.titlespace {\n	margin-bottom: 15px;\n}\n\n.headerspace {\n	margin-top: 20px;\n}\n\n.error {\n	color: #bcbcbc;\n	font-weight: bold;\n	font-size: 1em;\n}\n\n.reported {\n	background-color: #f7f7f7;\n}\n\nli.reported:hover {\n	background-color: #ececec;\n}\n\ndiv.rules {\n	background-color: #ececec;\n	color: #bcbcbc;\n	padding: 0 10px;\n	margin: 10px 0;\n	font-size: 1.1em;\n}\n\ndiv.rules ul, div.rules ol {\n	margin-left: 20px;\n}\n\np.rules {\n	background-color: #ececec;\n	background-image: none;\n	padding: 5px;\n}\n\np.rules img {\n	vertical-align: middle;\n	padding-top: 5px;\n}\n\np.rules a {\n	vertical-align: middle;\n	clear: both;\n}\n\n#top {\n	position: absolute;\n	top: -20px;\n}\n\n.clear {\n	display: block;\n	clear: both;\n	font-size: 1px;\n	line-height: 1px;\n	background: transparent;\n}\n/* Link Styles\n---------------------------------------- */\n\n/* Links adjustment to correctly display an order of rtl/ltr mixed content */\na {\n	direction: ltr;\n	unicode-bidi: embed;\n}\n\na:link	{ color: #898989; text-decoration: none; }\na:visited	{ color: #898989; text-decoration: none; }\na:hover	{ color: #d3d3d3; text-decoration: underline; }\na:active	{ color: #d2d2d2; text-decoration: none; }\n\n/* Coloured usernames */\n.username-coloured {\n	font-weight: bold;\n	display: inline !important;\n	padding: 0 !important;\n}\n\n/* Links on gradient backgrounds */\n#search-box a:link, .navbg a:link, .forumbg .header a:link, .forabg .header a:link, th a:link {\n	color: #FFFFFF;\n	text-decoration: none;\n}\n\n#search-box a:visited, .navbg a:visited, .forumbg .header a:visited, .forabg .header a:visited, th a:visited {\n	color: #FFFFFF;\n	text-decoration: none;\n}\n\n#search-box a:hover, .navbg a:hover, .forumbg .header a:hover, .forabg .header a:hover, th a:hover {\n	color: #ffffff;\n	text-decoration: underline;\n}\n\n#search-box a:active, .navbg a:active, .forumbg .header a:active, .forabg .header a:active, th a:active {\n	color: #ffffff;\n	text-decoration: none;\n}\n\n/* Links for forum/topic lists */\na.forumtitle {\n	font-family: \"Trebuchet MS\", Helvetica, Arial, Sans-serif;\n	font-size: 1.2em;\n	font-weight: bold;\n	color: #898989;\n	text-decoration: none;\n}\n\n/* a.forumtitle:visited { color: #898989; } */\n\na.forumtitle:hover {\n	color: #bcbcbc;\n	text-decoration: underline;\n}\n\na.forumtitle:active {\n	color: #898989;\n}\n\na.topictitle {\n	font-family: \"Trebuchet MS\", Helvetica, Arial, Sans-serif;\n	font-size: 1.2em;\n	font-weight: bold;\n	color: #898989;\n	text-decoration: none;\n}\n\n/* a.topictitle:visited { color: #d2d2d2; } */\n\na.topictitle:hover {\n	color: #bcbcbc;\n	text-decoration: underline;\n}\n\na.topictitle:active {\n	color: #898989;\n}\n\n/* Post body links */\n.postlink {\n	text-decoration: none;\n	color: #d2d2d2;\n	border-bottom: 1px solid #d2d2d2;\n	padding-bottom: 0;\n}\n\n/* .postlink:visited { color: #bdbdbd; } */\n\n.postlink:active {\n	color: #d2d2d2;\n}\n\n.postlink:hover {\n	background-color: #f6f6f6;\n	text-decoration: none;\n	color: #404040;\n}\n\n.signature a, .signature a:visited, .signature a:hover, .signature a:active {\n	border: none;\n	text-decoration: underline;\n	background-color: transparent;\n}\n\n/* Profile links */\n.postprofile a:link, .postprofile a:visited, .postprofile dt.author a {\n	font-weight: bold;\n	color: #898989;\n	text-decoration: none;\n}\n\n.postprofile a:hover, .postprofile dt.author a:hover {\n	text-decoration: underline;\n	color: #d3d3d3;\n}\n\n/* CSS spec requires a:link, a:visited, a:hover and a:active rules to be specified in this order. */\n/* See http://www.phpbb.com/bugs/phpbb3/59685 */\n.postprofile a:active {\n	font-weight: bold;\n	color: #898989;\n	text-decoration: none;\n}\n\n\n/* Profile searchresults */	\n.search .postprofile a {\n	color: #898989;\n	text-decoration: none; \n	font-weight: normal;\n}\n\n.search .postprofile a:hover {\n	color: #d3d3d3;\n	text-decoration: underline; \n}\n\n/* Back to top of page */\n.back2top {\n	clear: both;\n	height: 11px;\n	text-align: right;\n}\n\na.top {\n	background: none no-repeat top left;\n	text-decoration: none;\n	width: {IMG_ICON_BACK_TOP_WIDTH}px;\n	height: {IMG_ICON_BACK_TOP_HEIGHT}px;\n	display: block;\n	float: right;\n	overflow: hidden;\n	letter-spacing: 1000px;\n	text-indent: 11px;\n}\n\na.top2 {\n	background: none no-repeat 0 50%;\n	text-decoration: none;\n	padding-left: 15px;\n}\n\n/* Arrow links  */\na.up		{ background: none no-repeat left center; }\na.down		{ background: none no-repeat right center; }\na.left		{ background: none no-repeat 3px 60%; }\na.right		{ background: none no-repeat 95% 60%; }\n\na.up, a.up:link, a.up:active, a.up:visited {\n	padding-left: 10px;\n	text-decoration: none;\n	border-bottom-width: 0;\n}\n\na.up:hover {\n	background-position: left top;\n	background-color: transparent;\n}\n\na.down, a.down:link, a.down:active, a.down:visited {\n	padding-right: 10px;\n}\n\na.down:hover {\n	background-position: right bottom;\n	text-decoration: none;\n}\n\na.left, a.left:active, a.left:visited {\n	padding-left: 12px;\n}\n\na.left:hover {\n	color: #d2d2d2;\n	text-decoration: none;\n	background-position: 0 60%;\n}\n\na.right, a.right:active, a.right:visited {\n	padding-right: 12px;\n}\n\na.right:hover {\n	color: #d2d2d2;\n	text-decoration: none;\n	background-position: 100% 60%;\n}\n\n/* invisible skip link, used for accessibility  */\n.skiplink {\n	position: absolute;\n	left: -999px;\n	width: 990px;\n}\n\n/* Feed icon in forumlist_body.html */\na.feed-icon-forum {\n	float: right;\n	margin: 3px;\n}\n/* Content Styles\n---------------------------------------- */\n\nul.topiclist {\n	display: block;\n	list-style-type: none;\n	margin: 0;\n}\n\nul.forums {\n	background: #f9f9f9 none repeat-x 0 0;\n}\n\nul.topiclist li {\n	display: block;\n	list-style-type: none;\n	color: #777777;\n	margin: 0;\n}\n\nul.topiclist dl {\n	position: relative;\n}\n\nul.topiclist li.row dl {\n	padding: 2px 0;\n}\n\nul.topiclist dt {\n	display: block;\n	float: left;\n	width: 50%;\n	font-size: 1.1em;\n	padding-left: 5px;\n	padding-right: 5px;\n}\n\nul.topiclist dd {\n	display: block;\n	float: left;\n	border-left: 1px solid #FFFFFF;\n	padding: 4px 0;\n}\n\nul.topiclist dfn {\n	/* Labels for post/view counts */\n	position: absolute;\n	left: -999px;\n	width: 990px;\n}\n\nul.topiclist li.row dt a.subforum {\n	background-image: none;\n	background-position: 0 50%;\n	background-repeat: no-repeat;\n	position: relative;\n	white-space: nowrap;\n	padding: 0 0 0 12px;\n}\n\n.forum-image {\n	float: left;\n	padding-top: 5px;\n	margin-right: 5px;\n}\n\nli.row {\n	border-top: 1px solid #FFFFFF;\n	border-bottom: 1px solid #8f8f8f;\n}\n\nli.row strong {\n	font-weight: normal;\n	color: #000000;\n}\n\nli.row:hover {\n	background-color: #f6f6f6;\n}\n\nli.row:hover dd {\n	border-left-color: #CCCCCC;\n}\n\nli.header dt, li.header dd {\n	line-height: 1em;\n	border-left-width: 0;\n	margin: 2px 0 4px 0;\n	color: #FFFFFF;\n	padding-top: 2px;\n	padding-bottom: 2px;\n	font-size: 1em;\n	font-family: Arial, Helvetica, sans-serif;\n	text-transform: uppercase;\n}\n\nli.header dt {\n	font-weight: bold;\n}\n\nli.header dd {\n	margin-left: 1px;\n}\n\nli.header dl.icon {\n	min-height: 0;\n}\n\nli.header dl.icon dt {\n	/* Tweak for headers alignment when folder icon used */\n	padding-left: 0;\n	padding-right: 50px;\n}\n\n/* Forum list column styles */\ndl.icon {\n	min-height: 35px;\n	background-position: 10px 50%;		/* Position of folder icon */\n	background-repeat: no-repeat;\n}\n\ndl.icon dt {\n	padding-left: 45px;					/* Space for folder icon */\n	background-repeat: no-repeat;\n	background-position: 5px 95%;		/* Position of topic icon */\n}\n\ndd.posts, dd.topics, dd.views {\n	width: 8%;\n	text-align: center;\n	line-height: 2.2em;\n	font-size: 1.2em;\n}\n\n/* List in forum description */\ndl.icon dt ol,\ndl.icon dt ul {\n	list-style-position: inside;\n	margin-left: 1em;\n}\n\ndl.icon dt li {\n	display: list-item;\n	list-style-type: inherit;\n}\n\ndd.lastpost {\n	width: 25%;\n	font-size: 1.1em;\n}\n\ndd.redirect {\n	font-size: 1.1em;\n	line-height: 2.5em;\n}\n\ndd.moderation {\n	font-size: 1.1em;\n}\n\ndd.lastpost span, ul.topiclist dd.searchby span, ul.topiclist dd.info span, ul.topiclist dd.time span, dd.redirect span, dd.moderation span {\n	display: block;\n	padding-left: 5px;\n}\n\ndd.time {\n	width: auto;\n	line-height: 200%;\n	font-size: 1.1em;\n}\n\ndd.extra {\n	width: 12%;\n	line-height: 200%;\n	text-align: center;\n	font-size: 1.1em;\n}\n\ndd.mark {\n	float: right !important;\n	width: 9%;\n	text-align: center;\n	line-height: 200%;\n	font-size: 1.2em;\n}\n\ndd.info {\n	width: 30%;\n}\n\ndd.option {\n	width: 15%;\n	line-height: 200%;\n	text-align: center;\n	font-size: 1.1em;\n}\n\ndd.searchby {\n	width: 47%;\n	font-size: 1.1em;\n	line-height: 1em;\n}\n\nul.topiclist dd.searchextra {\n	margin-left: 5px;\n	padding: 0.2em 0;\n	font-size: 1.1em;\n	color: #333333;\n	border-left: none;\n	clear: both;\n	width: 98%;\n	overflow: hidden;\n}\n\n/* Container for post/reply buttons and pagination */\n.topic-actions {\n	margin-bottom: 3px;\n	font-size: 1.1em;\n	height: 28px;\n	min-height: 28px;\n}\ndiv[class].topic-actions {\n	height: auto;\n}\n\n/* Post body styles\n----------------------------------------*/\n.postbody {\n	padding: 0;\n	line-height: 1.48em;\n	color: #333333;\n	width: 76%;\n	float: left;\n	clear: both;\n}\n\n.postbody .ignore {\n	font-size: 1.1em;\n}\n\n.postbody h3.first {\n	/* The first post on the page uses this */\n	font-size: 1.7em;\n}\n\n.postbody h3 {\n	/* Postbody requires a different h3 format - so change it here */\n	font-size: 1.5em;\n	padding: 2px 0 0 0;\n	margin: 0 0 0.3em 0 !important;\n	text-transform: none;\n	border: none;\n	font-family: \"Trebuchet MS\", Verdana, Helvetica, Arial, sans-serif;\n	line-height: 125%;\n}\n\n.postbody h3 img {\n	/* Also see tweaks.css */\n	vertical-align: bottom;\n}\n\n.postbody .content {\n	font-size: 1.3em;\n}\n\n.search .postbody {\n	width: 68%\n}\n\n/* Topic review panel\n----------------------------------------*/\n#review {\n	margin-top: 2em;\n}\n\n#topicreview {\n	padding-right: 5px;\n	overflow: auto;\n	height: 300px;\n}\n\n#topicreview .postbody {\n	width: auto;\n	float: none;\n	margin: 0;\n	height: auto;\n}\n\n#topicreview .post {\n	height: auto;\n}\n\n#topicreview h2 {\n	border-bottom-width: 0;\n}\n\n.post-ignore .postbody {\n	display: none;\n}\n\n/* MCP Post details\n----------------------------------------*/\n#post_details\n{\n	/* This will only work in IE7+, plus the others */\n	overflow: auto;\n	max-height: 300px;\n}\n\n#expand\n{\n	clear: both;\n}\n\n/* Content container styles\n----------------------------------------*/\n.content {\n	min-height: 3em;\n	overflow: hidden;\n	line-height: 1.4em;\n	font-family: \"Lucida Grande\", \"Trebuchet MS\", Verdana, Helvetica, Arial, sans-serif;\n	font-size: 1em;\n	color: #333333;\n	padding-bottom: 1px;\n}\n\n.content h2, .panel h2 {\n	font-weight: normal;\n	color: #989898;\n	border-bottom: 1px solid #CCCCCC;\n	font-size: 1.6em;\n	margin-top: 0.5em;\n	margin-bottom: 0.5em;\n	padding-bottom: 0.5em;\n}\n\n.panel h3 {\n	margin: 0.5em 0;\n}\n\n.panel p {\n	font-size: 1.2em;\n	margin-bottom: 1em;\n	line-height: 1.4em;\n}\n\n.content p {\n	font-family: \"Lucida Grande\", \"Trebuchet MS\", Verdana, Helvetica, Arial, sans-serif;\n	font-size: 1.2em;\n	margin-bottom: 1em;\n	line-height: 1.4em;\n}\n\ndl.faq {\n	font-family: \"Lucida Grande\", Verdana, Helvetica, Arial, sans-serif;\n	font-size: 1.1em;\n	margin-top: 1em;\n	margin-bottom: 2em;\n	line-height: 1.4em;\n}\n\ndl.faq dt {\n	font-weight: bold;\n	color: #333333;\n}\n\n.content dl.faq {\n	font-size: 1.2em;\n	margin-bottom: 0.5em;\n}\n\n.content li {\n	list-style-type: inherit;\n}\n\n.content ul, .content ol {\n	margin-bottom: 1em;\n	margin-left: 3em;\n}\n\n.posthilit {\n	background-color: #f3f3f3;\n	color: #BCBCBC;\n	padding: 0 2px 1px 2px;\n}\n\n.announce, .unreadpost {\n	/* Highlight the announcements & unread posts box */\n	border-left-color: #BCBCBC;\n	border-right-color: #BCBCBC;\n}\n\n/* Post author */\np.author {\n	margin: 0 15em 0.6em 0;\n	padding: 0 0 5px 0;\n	font-family: Verdana, Helvetica, Arial, sans-serif;\n	font-size: 1em;\n	line-height: 1.2em;\n}\n\n/* Post signature */\n.signature {\n	margin-top: 1.5em;\n	padding-top: 0.2em;\n	font-size: 1.1em;\n	border-top: 1px solid #CCCCCC;\n	clear: left;\n	line-height: 140%;\n	overflow: hidden;\n	width: 100%;\n}\n\ndd .signature {\n	margin: 0;\n	padding: 0;\n	clear: none;\n	border: none;\n}\n\n.signature li {\n	list-style-type: inherit;\n}\n\n.signature ul, .signature ol {\n	margin-bottom: 1em;\n	margin-left: 3em;\n}\n\n/* Post noticies */\n.notice {\n	font-family: \"Lucida Grande\", Verdana, Helvetica, Arial, sans-serif;\n	width: auto;\n	margin-top: 1.5em;\n	padding-top: 0.2em;\n	font-size: 1em;\n	border-top: 1px dashed #CCCCCC;\n	clear: left;\n	line-height: 130%;\n}\n\n/* Jump to post link for now */\nul.searchresults {\n	list-style: none;\n	text-align: right;\n	clear: both;\n}\n\n/* BB Code styles\n----------------------------------------*/\n/* Quote block */\nblockquote {\n	background: #ebebeb none 6px 8px no-repeat;\n	border: 1px solid #dbdbdb;\n	font-size: 0.95em;\n	margin: 0.5em 1px 0 25px;\n	overflow: hidden;\n	padding: 5px;\n}\n\nblockquote blockquote {\n	/* Nested quotes */\n	background-color: #bababa;\n	font-size: 1em;\n	margin: 0.5em 1px 0 15px;	\n}\n\nblockquote blockquote blockquote {\n	/* Nested quotes */\n	background-color: #e4e4e4;\n}\n\nblockquote cite {\n	/* Username/source of quoter */\n	font-style: normal;\n	font-weight: bold;\n	margin-left: 20px;\n	display: block;\n	font-size: 0.9em;\n}\n\nblockquote cite cite {\n	font-size: 1em;\n}\n\nblockquote.uncited {\n	padding-top: 25px;\n}\n\n/* Code block */\ndl.codebox {\n	padding: 3px;\n	background-color: #FFFFFF;\n	border: 1px solid #d8d8d8;\n	font-size: 1em;\n}\n\ndl.codebox dt {\n	text-transform: uppercase;\n	border-bottom: 1px solid #CCCCCC;\n	margin-bottom: 3px;\n	font-size: 0.8em;\n	font-weight: bold;\n	display: block;\n}\n\nblockquote dl.codebox {\n	margin-left: 0;\n}\n\ndl.codebox code {\n	/* Also see tweaks.css */\n	overflow: auto;\n	display: block;\n	height: auto;\n	max-height: 200px;\n	white-space: normal;\n	padding-top: 5px;\n	font: 0.9em Monaco, \"Andale Mono\",\"Courier New\", Courier, mono;\n	line-height: 1.3em;\n	color: #8b8b8b;\n	margin: 2px 0;\n}\n\n.syntaxbg		{ color: #FFFFFF; }\n.syntaxcomment	{ color: #000000; }\n.syntaxdefault	{ color: #bcbcbc; }\n.syntaxhtml		{ color: #000000; }\n.syntaxkeyword	{ color: #585858; }\n.syntaxstring	{ color: #a7a7a7; }\n\n/* Attachments\n----------------------------------------*/\n.attachbox {\n	float: left;\n	width: auto; \n	margin: 5px 5px 5px 0;\n	padding: 6px;\n	background-color: #FFFFFF;\n	border: 1px dashed #d8d8d8;\n	clear: left;\n}\n\n.pm-message .attachbox {\n	background-color: #f3f3f3;\n}\n\n.attachbox dt {\n	font-family: Arial, Helvetica, sans-serif;\n	text-transform: uppercase;\n}\n\n.attachbox dd {\n	margin-top: 4px;\n	padding-top: 4px;\n	clear: left;\n	border-top: 1px solid #d8d8d8;\n}\n\n.attachbox dd dd {\n	border: none;\n}\n\n.attachbox p {\n	line-height: 110%;\n	color: #666666;\n	font-weight: normal;\n	clear: left;\n}\n\n.attachbox p.stats\n{\n	line-height: 110%;\n	color: #666666;\n	font-weight: normal;\n	clear: left;\n}\n\n.attach-image {\n	margin: 3px 0;\n	width: 100%;\n	max-height: 350px;\n	overflow: auto;\n}\n\n.attach-image img {\n	border: 1px solid #999999;\n/*	cursor: move; */\n	cursor: default;\n}\n\n/* Inline image thumbnails */\ndiv.inline-attachment dl.thumbnail, div.inline-attachment dl.file {\n	display: block;\n	margin-bottom: 4px;\n}\n\ndiv.inline-attachment p {\n	font-size: 100%;\n}\n\ndl.file {\n	font-family: Verdana, Arial, Helvetica, sans-serif;\n	display: block;\n}\n\ndl.file dt {\n	text-transform: none;\n	margin: 0;\n	padding: 0;\n	font-weight: bold;\n	font-family: Verdana, Arial, Helvetica, sans-serif;\n}\n\ndl.file dd {\n	color: #666666;\n	margin: 0;\n	padding: 0;	\n}\n\ndl.thumbnail img {\n	padding: 3px;\n	border: 1px solid #666666;\n	background-color: #FFF;\n}\n\ndl.thumbnail dd {\n	color: #666666;\n	font-style: italic;\n	font-family: Verdana, Arial, Helvetica, sans-serif;\n}\n\n.attachbox dl.thumbnail dd {\n	font-size: 100%;\n}\n\ndl.thumbnail dt a:hover {\n	background-color: #EEEEEE;\n}\n\ndl.thumbnail dt a:hover img {\n	border: 1px solid #d2d2d2;\n}\n\n/* Post poll styles\n----------------------------------------*/\nfieldset.polls {\n	font-family: \"Trebuchet MS\", Verdana, Helvetica, Arial, sans-serif;\n}\n\nfieldset.polls dl {\n	margin-top: 5px;\n	border-top: 1px solid #e2e2e2;\n	padding: 5px 0 0 0;\n	line-height: 120%;\n	color: #666666;\n}\n\nfieldset.polls dl.voted {\n	font-weight: bold;\n	color: #000000;\n}\n\nfieldset.polls dt {\n	text-align: left;\n	float: left;\n	display: block;\n	width: 30%;\n	border-right: none;\n	padding: 0;\n	margin: 0;\n	font-size: 1.1em;\n}\n\nfieldset.polls dd {\n	float: left;\n	width: 10%;\n	border-left: none;\n	padding: 0 5px;\n	margin-left: 0;\n	font-size: 1.1em;\n}\n\nfieldset.polls dd.resultbar {\n	width: 50%;\n}\n\nfieldset.polls dd input {\n	margin: 2px 0;\n}\n\nfieldset.polls dd div {\n	text-align: right;\n	font-family: Arial, Helvetica, sans-serif;\n	color: #FFFFFF;\n	font-weight: bold;\n	padding: 0 2px;\n	overflow: visible;\n	min-width: 2%;\n}\n\n.pollbar1 {\n	background-color: #aaaaaa;\n	border-bottom: 1px solid #747474;\n	border-right: 1px solid #747474;\n}\n\n.pollbar2 {\n	background-color: #bebebe;\n	border-bottom: 1px solid #8c8c8c;\n	border-right: 1px solid #8c8c8c;\n}\n\n.pollbar3 {\n	background-color: #D1D1D1;\n	border-bottom: 1px solid #aaaaaa;\n	border-right: 1px solid #aaaaaa;\n}\n\n.pollbar4 {\n	background-color: #e4e4e4;\n	border-bottom: 1px solid #bebebe;\n	border-right: 1px solid #bebebe;\n}\n\n.pollbar5 {\n	background-color: #f8f8f8;\n	border-bottom: 1px solid #D1D1D1;\n	border-right: 1px solid #D1D1D1;\n}\n\n/* Poster profile block\n----------------------------------------*/\n.postprofile {\n	/* Also see tweaks.css */\n	margin: 5px 0 10px 0;\n	min-height: 80px;\n	color: #666666;\n	border-left: 1px solid #FFFFFF;\n	width: 22%;\n	float: right;\n	display: inline;\n}\n.pm .postprofile {\n	border-left: 1px solid #DDDDDD;\n}\n\n.postprofile dd, .postprofile dt {\n	line-height: 1.2em;\n	margin-left: 8px;\n}\n\n.postprofile strong {\n	font-weight: normal;\n	color: #000000;\n}\n\n.avatar {\n	border: none;\n	margin-bottom: 3px;\n}\n\n.online {\n	background-image: none;\n	background-position: 100% 0;\n	background-repeat: no-repeat;\n}\n\n/* Poster profile used by search*/\n.search .postprofile {\n	width: 30%;\n}\n\n/* pm list in compose message if mass pm is enabled */\ndl.pmlist dt {\n	width: 60% !important;\n}\n\ndl.pmlist dt textarea {\n	width: 95%;\n}\n\ndl.pmlist dd {\n	margin-left: 61% !important;\n	margin-bottom: 2px;\n}\n/* Button Styles\n---------------------------------------- */\n\n/* Rollover buttons\n   Based on: http://wellstyled.com/css-nopreload-rollovers.html\n----------------------------------------*/\n.buttons {\n	float: left;\n	width: auto;\n	height: auto;\n}\n\n/* Rollover state */\n.buttons div {\n	float: left;\n	margin: 0 5px 0 0;\n	background-position: 0 100%;\n}\n\n/* Rolloff state */\n.buttons div a {\n	display: block;\n	width: 100%;\n	height: 100%;\n	background-position: 0 0;\n	position: relative;\n	overflow: hidden;\n}\n\n/* Hide <a> text and hide off-state image when rolling over (prevents flicker in IE) */\n/*.buttons div span		{ display: none; }*/\n/*.buttons div a:hover	{ background-image: none; }*/\n.buttons div span			{ position: absolute; width: 100%; height: 100%; cursor: pointer;}\n.buttons div a:hover span	{ background-position: 0 100%; }\n\n/* Big button images */\n.reply-icon span	{ background: transparent none 0 0 no-repeat; }\n.post-icon span		{ background: transparent none 0 0 no-repeat; }\n.locked-icon span	{ background: transparent none 0 0 no-repeat; }\n.pmreply-icon span	{ background: none 0 0 no-repeat; }\n.newpm-icon span 	{ background: none 0 0 no-repeat; }\n.forwardpm-icon span 	{ background: none 0 0 no-repeat; }\n\n/* Set big button dimensions */\n.buttons div.reply-icon		{ width: {IMG_BUTTON_TOPIC_REPLY_WIDTH}px; height: {IMG_BUTTON_TOPIC_REPLY_HEIGHT}px; }\n.buttons div.post-icon		{ width: {IMG_BUTTON_TOPIC_NEW_WIDTH}px; height: {IMG_BUTTON_TOPIC_NEW_HEIGHT}px; }\n.buttons div.locked-icon	{ width: {IMG_BUTTON_TOPIC_LOCKED_WIDTH}px; height: {IMG_BUTTON_TOPIC_LOCKED_HEIGHT}px; }\n.buttons div.pmreply-icon	{ width: {IMG_BUTTON_PM_REPLY_WIDTH}px; height: {IMG_BUTTON_PM_REPLY_HEIGHT}px; }\n.buttons div.newpm-icon		{ width: {IMG_BUTTON_PM_NEW_WIDTH}px; height: {IMG_BUTTON_PM_NEW_HEIGHT}px; }\n.buttons div.forwardpm-icon	{ width: {IMG_BUTTON_PM_FORWARD_WIDTH}px; height: {IMG_BUTTON_PM_FORWARD_HEIGHT}px; }\n\n/* Sub-header (navigation bar)\n--------------------------------------------- */\na.print, a.sendemail, a.fontsize {\n	display: block;\n	overflow: hidden;\n	height: 18px;\n	text-indent: -5000px;\n	text-align: left;\n	background-repeat: no-repeat;\n}\n\na.print {\n	background-image: none;\n	width: 22px;\n}\n\na.sendemail {\n	background-image: none;\n	width: 22px;\n}\n\na.fontsize {\n	background-image: none;\n	background-position: 0 -1px;\n	width: 29px;\n}\n\na.fontsize:hover {\n	background-position: 0 -20px;\n	text-decoration: none;\n}\n\n/* Icon images\n---------------------------------------- */\n.sitehome, .icon-faq, .icon-members, .icon-home, .icon-ucp, .icon-register, .icon-logout,\n.icon-bookmark, .icon-bump, .icon-subscribe, .icon-unsubscribe, .icon-pages, .icon-search {\n	background-position: 0 50%;\n	background-repeat: no-repeat;\n	background-image: none;\n	padding: 1px 0 0 17px;\n}\n\n/* Poster profile icons\n----------------------------------------*/\nul.profile-icons {\n	padding-top: 10px;\n	list-style: none;\n}\n\n/* Rollover state */\nul.profile-icons li {\n	float: left;\n	margin: 0 6px 3px 0;\n	background-position: 0 100%;\n}\n\n/* Rolloff state */\nul.profile-icons li a {\n	display: block;\n	width: 100%;\n	height: 100%;\n	background-position: 0 0;\n}\n\n/* Hide <a> text and hide off-state image when rolling over (prevents flicker in IE) */\nul.profile-icons li span { display:none; }\nul.profile-icons li a:hover { background: none; }\n\n/* Positioning of moderator icons */\n.postbody ul.profile-icons {\n	float: right;\n	width: auto;\n	padding: 0;\n}\n\n.postbody ul.profile-icons li {\n	margin: 0 3px;\n}\n\n/* Profile & navigation icons */\n.email-icon, .email-icon a		{ background: none top left no-repeat; }\n.aim-icon, .aim-icon a			{ background: none top left no-repeat; }\n.yahoo-icon, .yahoo-icon a		{ background: none top left no-repeat; }\n.web-icon, .web-icon a			{ background: none top left no-repeat; }\n.msnm-icon, .msnm-icon a			{ background: none top left no-repeat; }\n.icq-icon, .icq-icon a			{ background: none top left no-repeat; }\n.jabber-icon, .jabber-icon a		{ background: none top left no-repeat; }\n.pm-icon, .pm-icon a				{ background: none top left no-repeat; }\n.quote-icon, .quote-icon a		{ background: none top left no-repeat; }\n\n/* Moderator icons */\n.report-icon, .report-icon a		{ background: none top left no-repeat; }\n.warn-icon, .warn-icon a			{ background: none top left no-repeat; }\n.edit-icon, .edit-icon a			{ background: none top left no-repeat; }\n.delete-icon, .delete-icon a		{ background: none top left no-repeat; }\n.info-icon, .info-icon a			{ background: none top left no-repeat; }\n\n/* Set profile icon dimensions */\nul.profile-icons li.email-icon		{ width: {IMG_ICON_CONTACT_EMAIL_WIDTH}px; height: {IMG_ICON_CONTACT_EMAIL_HEIGHT}px; }\nul.profile-icons li.aim-icon	{ width: {IMG_ICON_CONTACT_AIM_WIDTH}px; height: {IMG_ICON_CONTACT_AIM_HEIGHT}px; }\nul.profile-icons li.yahoo-icon	{ width: {IMG_ICON_CONTACT_YAHOO_WIDTH}px; height: {IMG_ICON_CONTACT_YAHOO_HEIGHT}px; }\nul.profile-icons li.web-icon	{ width: {IMG_ICON_CONTACT_WWW_WIDTH}px; height: {IMG_ICON_CONTACT_WWW_HEIGHT}px; }\nul.profile-icons li.msnm-icon	{ width: {IMG_ICON_CONTACT_MSNM_WIDTH}px; height: {IMG_ICON_CONTACT_MSNM_HEIGHT}px; }\nul.profile-icons li.icq-icon	{ width: {IMG_ICON_CONTACT_ICQ_WIDTH}px; height: {IMG_ICON_CONTACT_ICQ_HEIGHT}px; }\nul.profile-icons li.jabber-icon	{ width: {IMG_ICON_CONTACT_JABBER_WIDTH}px; height: {IMG_ICON_CONTACT_JABBER_HEIGHT}px; }\nul.profile-icons li.pm-icon		{ width: {IMG_ICON_CONTACT_PM_WIDTH}px; height: {IMG_ICON_CONTACT_PM_HEIGHT}px; }\nul.profile-icons li.quote-icon	{ width: {IMG_ICON_POST_QUOTE_WIDTH}px; height: {IMG_ICON_POST_QUOTE_HEIGHT}px; }\nul.profile-icons li.report-icon	{ width: {IMG_ICON_POST_REPORT_WIDTH}px; height: {IMG_ICON_POST_REPORT_HEIGHT}px; }\nul.profile-icons li.edit-icon	{ width: {IMG_ICON_POST_EDIT_WIDTH}px; height: {IMG_ICON_POST_EDIT_HEIGHT}px; }\nul.profile-icons li.delete-icon	{ width: {IMG_ICON_POST_DELETE_WIDTH}px; height: {IMG_ICON_POST_DELETE_HEIGHT}px; }\nul.profile-icons li.info-icon	{ width: {IMG_ICON_POST_INFO_WIDTH}px; height: {IMG_ICON_POST_INFO_HEIGHT}px; }\nul.profile-icons li.warn-icon	{ width: {IMG_ICON_USER_WARN_WIDTH}px; height: {IMG_ICON_USER_WARN_HEIGHT}px; }\n\n/* Fix profile icon default margins */\nul.profile-icons li.edit-icon	{ margin: 0 0 0 3px; }\nul.profile-icons li.quote-icon	{ margin: 0 0 0 10px; }\nul.profile-icons li.info-icon, ul.profile-icons li.report-icon	{ margin: 0 3px 0 0; }\n/* Control Panel Styles\n---------------------------------------- */\n\n\n/* Main CP box\n----------------------------------------*/\n#cp-menu {\n	float:left;\n	width: 19%;\n	margin-top: 1em;\n	margin-bottom: 5px;\n}\n\n#cp-main {\n	float: left;\n	width: 81%;\n}\n\n#cp-main .content {\n	padding: 0;\n}\n\n#cp-main h3, #cp-main hr, #cp-menu hr {\n	border-color: #bfbfbf;\n}\n\n#cp-main .panel p {\n	font-size: 1.1em;\n}\n\n#cp-main .panel ol {\n	margin-left: 2em;\n	font-size: 1.1em;\n}\n\n#cp-main .panel li.row {\n	border-bottom: 1px solid #cbcbcb;\n	border-top: 1px solid #F9F9F9;\n}\n\nul.cplist {\n	margin-bottom: 5px;\n	border-top: 1px solid #cbcbcb;\n}\n\n#cp-main .panel li.header dd, #cp-main .panel li.header dt {\n	color: #000000;\n	margin-bottom: 2px;\n}\n\n#cp-main table.table1 {\n	margin-bottom: 1em;\n}\n\n#cp-main table.table1 thead th {\n	color: #333333;\n	font-weight: bold;\n	border-bottom: 1px solid #333333;\n	padding: 5px;\n}\n\n#cp-main table.table1 tbody th {\n	font-style: italic;\n	background-color: transparent !important;\n	border-bottom: none;\n}\n\n#cp-main .pagination {\n	float: right;\n	width: auto;\n	padding-top: 1px;\n}\n\n#cp-main .postbody p {\n	font-size: 1.1em;\n}\n\n#cp-main .pm-message {\n	border: 1px solid #e2e2e2;\n	margin: 10px 0;\n	background-color: #FFFFFF;\n	width: auto;\n	float: none;\n}\n\n.pm-message h2 {\n	padding-bottom: 5px;\n}\n\n#cp-main .postbody h3, #cp-main .box2 h3 {\n	margin-top: 0;\n}\n\n#cp-main .buttons {\n	margin-left: 0;\n}\n\n#cp-main ul.linklist {\n	margin: 0;\n}\n\n/* MCP Specific tweaks */\n.mcp-main .postbody {\n	width: 100%;\n}\n\n.tabs-container h2 {\n	float: left;\n	margin-bottom: 0px;\n}\n\n.tabs-container #minitabs {\n	float: right;\n	margin-top: 19px;\n}\n\n.tabs-container:after {\n	display: block;\n	clear: both;\n	content: \'\';\n}\n\n/* CP tabbed menu\n----------------------------------------*/\n#tabs {\n	line-height: normal;\n	margin: 20px 0 -1px 7px;\n	min-width: 570px;\n}\n\n#tabs ul {\n	margin:0;\n	padding: 0;\n	list-style: none;\n}\n\n#tabs li {\n	display: inline;\n	margin: 0;\n	padding: 0;\n	font-size: 1em;\n	font-weight: bold;\n}\n\n#tabs a {\n	float: left;\n	background: none no-repeat 0% -35px;\n	margin: 0 1px 0 0;\n	padding: 0 0 0 5px;\n	text-decoration: none;\n	position: relative;\n	cursor: pointer;\n}\n\n#tabs a span {\n	float: left;\n	display: block;\n	background: none no-repeat 100% -35px;\n	padding: 6px 10px 6px 5px;\n	color: #828282;\n	white-space: nowrap;\n}\n\n#tabs a:hover span {\n	color: #bcbcbc;\n}\n\n#tabs .activetab a {\n	background-position: 0 0;\n	border-bottom: 1px solid #ebebeb;\n}\n\n#tabs .activetab a span {\n	background-position: 100% 0;\n	padding-bottom: 7px;\n	color: #333333;\n}\n\n#tabs a:hover {\n	background-position: 0 -70px;\n}\n\n#tabs a:hover span {\n	background-position:100% -70px;\n}\n\n#tabs .activetab a:hover {\n	background-position: 0 0;\n}\n\n#tabs .activetab a:hover span {\n	color: #000000;\n	background-position: 100% 0;\n}\n\n/* Mini tabbed menu used in MCP\n----------------------------------------*/\n#minitabs {\n	line-height: normal;\n	margin: -20px 7px 0 0;\n}\n\n#minitabs ul {\n	margin:0;\n	padding: 0;\n	list-style: none;\n}\n\n#minitabs li {\n	display: block;\n	float: right;\n	padding: 0 10px 4px 10px;\n	font-size: 1em;\n	font-weight: bold;\n	background-color: #f2f2f2;\n	margin-left: 2px;\n}\n\n#minitabs a {\n}\n\n#minitabs a:hover {\n	text-decoration: none;\n}\n\n#minitabs li.activetab {\n	background-color: #F9F9F9;\n}\n\n#minitabs li.activetab a, #minitabs li.activetab a:hover {\n	color: #333333;\n}\n\n/* UCP navigation menu\n----------------------------------------*/\n/* Container for sub-navigation list */\n#navigation {\n	width: 100%;\n	padding-top: 36px;\n}\n\n#navigation ul {\n	list-style:none;\n}\n\n/* Default list state */\n#navigation li {\n	margin: 1px 0;\n	padding: 0;\n	font-weight: bold;\n	display: inline;\n}\n\n/* Link styles for the sub-section links */\n#navigation a {\n	display: block;\n	padding: 5px;\n	margin: 1px 0;\n	text-decoration: none;\n	font-weight: bold;\n	color: #333;\n	background: #cfcfcf none repeat-y 100% 0;\n}\n\n#navigation a:hover {\n	text-decoration: none;\n	background-color: #c6c6c6;\n	color: #bcbcbc;\n	background-image: none;\n}\n\n#navigation #active-subsection a {\n	display: block;\n	color: #d3d3d3;\n	background-color: #F9F9F9;\n	background-image: none;\n}\n\n#navigation #active-subsection a:hover {\n	color: #d3d3d3;\n}\n\n/* Preferences pane layout\n----------------------------------------*/\n#cp-main h2 {\n	border-bottom: none;\n	padding: 0;\n	margin-left: 10px;\n	color: #333333;\n}\n\n#cp-main .panel {\n	background-color: #F9F9F9;\n}\n\n#cp-main .pm {\n	background-color: #FFFFFF;\n}\n\n#cp-main span.corners-top, #cp-menu span.corners-top {\n	background-image: none;\n}\n\n#cp-main span.corners-top span, #cp-menu span.corners-top span {\n	background-image: none;\n}\n\n#cp-main span.corners-bottom, #cp-menu span.corners-bottom {\n	background-image: none;\n}\n\n#cp-main span.corners-bottom span, #cp-menu span.corners-bottom span {\n	background-image: none;\n}\n\n/* Topicreview */\n#cp-main .panel #topicreview span.corners-top, #cp-menu .panel #topicreview span.corners-top {\n	background-image: none;\n}\n\n#cp-main .panel #topicreview span.corners-top span, #cp-menu .panel #topicreview span.corners-top span {\n	background-image: none;\n}\n\n#cp-main .panel #topicreview span.corners-bottom, #cp-menu .panel #topicreview span.corners-bottom {\n	background-image: none;\n}\n\n#cp-main .panel #topicreview span.corners-bottom span, #cp-menu .panel #topicreview span.corners-bottom span {\n	background-image: none;\n}\n\n/* Friends list */\n.cp-mini {\n	background-color: #f9f9f9;\n	padding: 0 5px;\n	margin: 10px 15px 10px 5px;\n}\n\n.cp-mini span.corners-top, .cp-mini span.corners-bottom {\n	margin: 0 -5px;\n}\n\ndl.mini dt {\n	font-weight: bold;\n	color: #676767;\n}\n\ndl.mini dd {\n	padding-top: 4px;\n}\n\n.friend-online {\n	font-weight: bold;\n}\n\n.friend-offline {\n	font-style: italic;\n}\n\n/* PM Styles\n----------------------------------------*/\n#pm-menu {\n	line-height: 2.5em;\n}\n\n/* PM panel adjustments */\n.reply-all a.left {\n	background-position: 3px 60%;\n}\n\n.reply-all a.left:hover {\n	background-position: 0px 60%;\n}\n\n.reply-all {\n	font-size: 11px;\n	padding-top: 5px;\n}\n\n/* PM Message history */\n.current {\n	color: #999999;\n}\n\n/* Defined rules list for PM options */\nol.def-rules {\n	padding-left: 0;\n}\n\nol.def-rules li {\n	line-height: 180%;\n	padding: 1px;\n}\n\n/* PM marking colours */\n.pmlist li.bg1 {\n	padding: 0 3px;\n}\n\n.pmlist li.bg2 {\n	padding: 0 3px;\n}\n\n.pmlist li.pm_message_reported_colour, .pm_message_reported_colour {\n	border-left-color: #bcbcbc;\n	border-right-color: #bcbcbc;\n}\n\n.pmlist li.pm_marked_colour, .pm_marked_colour {\n	padding: 0;\n	border: solid 3px #ffffff;\n	border-width: 0 3px;\n}\n\n.pmlist li.pm_replied_colour, .pm_replied_colour {\n	padding: 0;\n	border: solid 3px #c2c2c2;\n	border-width: 0 3px;\n}\n\n.pmlist li.pm_friend_colour, .pm_friend_colour {\n	padding: 0;\n	border: solid 3px #bdbdbd;\n	border-width: 0 3px;\n}\n\n.pmlist li.pm_foe_colour, .pm_foe_colour {\n	padding: 0;\n	border: solid 3px #000000;\n	border-width: 0 3px;\n}\n\n.pm-legend {\n	border-left-width: 10px;\n	border-left-style: solid;\n	border-right-width: 0;\n	margin-bottom: 3px;\n	padding-left: 3px;\n}\n\n/* Avatar gallery */\n#gallery label {\n	position: relative;\n	float: left;\n	margin: 10px;\n	padding: 5px;\n	width: auto;\n	background: #FFFFFF;\n	border: 1px solid #CCC;\n	text-align: center;\n}\n\n#gallery label:hover {\n	background-color: #EEE;\n}\n/* Form Styles\n---------------------------------------- */\n\n/* General form styles\n----------------------------------------*/\nfieldset {\n	border-width: 0;\n	font-family: Verdana, Helvetica, Arial, sans-serif;\n	font-size: 1.1em;\n}\n\ninput {\n	font-weight: normal;\n	cursor: pointer;\n	vertical-align: middle;\n	padding: 0 3px;\n	font-size: 1em;\n	font-family: Verdana, Helvetica, Arial, sans-serif;\n}\n\nselect {\n	font-family: Verdana, Helvetica, Arial, sans-serif;\n	font-weight: normal;\n	cursor: pointer;\n	vertical-align: middle;\n	border: 1px solid #666666;\n	padding: 1px;\n	background-color: #FAFAFA;\n	font-size: 1em;\n}\n\noption {\n	padding-right: 1em;\n}\n\noption.disabled-option {\n	color: graytext;\n}\n\ntextarea {\n	font-family: \"Lucida Grande\", Verdana, Helvetica, Arial, sans-serif;\n	width: 60%;\n	padding: 2px;\n	font-size: 1em;\n	line-height: 1.4em;\n}\n\nlabel {\n	cursor: default;\n	padding-right: 5px;\n	color: #676767;\n}\n\nlabel input {\n	vertical-align: middle;\n}\n\nlabel img {\n	vertical-align: middle;\n}\n\n/* Definition list layout for forms\n---------------------------------------- */\nfieldset dl {\n	padding: 4px 0;\n}\n\nfieldset dt {\n	float: left;	\n	width: 40%;\n	text-align: left;\n	display: block;\n}\n\nfieldset dd {\n	margin-left: 41%;\n	vertical-align: top;\n	margin-bottom: 3px;\n}\n\n/* Specific layout 1 */\nfieldset.fields1 dt {\n	width: 15em;\n	border-right-width: 0;\n}\n\nfieldset.fields1 dd {\n	margin-left: 15em;\n	border-left-width: 0;\n}\n\nfieldset.fields1 {\n	background-color: transparent;\n}\n\nfieldset.fields1 div {\n	margin-bottom: 3px;\n}\n\n/* Set it back to 0px for the reCaptcha divs: PHPBB3-9587 */\nfieldset.fields1 #recaptcha_widget_div div {\n	margin-bottom: 0;\n}\n\n/* Specific layout 2 */\nfieldset.fields2 dt {\n	width: 15em;\n	border-right-width: 0;\n}\n\nfieldset.fields2 dd {\n	margin-left: 16em;\n	border-left-width: 0;\n}\n\n/* Form elements */\ndt label {\n	font-weight: bold;\n	text-align: left;\n}\n\ndd label {\n	white-space: nowrap;\n	color: #333;\n}\n\ndd input, dd textarea {\n	margin-right: 3px;\n}\n\ndd select {\n	width: auto;\n}\n\ndd textarea {\n	width: 85%;\n}\n\n/* Hover effects */\nfieldset dl:hover dt label {\n	color: #000000;\n}\n\nfieldset.fields2 dl:hover dt label {\n	color: inherit;\n}\n\n#timezone {\n	width: 95%;\n}\n\n* html #timezone {\n	width: 50%;\n}\n\n/* Quick-login on index page */\nfieldset.quick-login {\n	margin-top: 5px;\n}\n\nfieldset.quick-login input {\n	width: auto;\n}\n\nfieldset.quick-login input.inputbox {\n	width: 15%;\n	vertical-align: middle;\n	margin-right: 5px;\n	background-color: #f3f3f3;\n}\n\nfieldset.quick-login label {\n	white-space: nowrap;\n	padding-right: 2px;\n}\n\n/* Display options on viewtopic/viewforum pages  */\nfieldset.display-options {\n	text-align: center;\n	margin: 3px 0 5px 0;\n}\n\nfieldset.display-options label {\n	white-space: nowrap;\n	padding-right: 2px;\n}\n\nfieldset.display-options a {\n	margin-top: 3px;\n}\n\n/* Display actions for ucp and mcp pages */\nfieldset.display-actions {\n	text-align: right;\n	line-height: 2em;\n	white-space: nowrap;\n	padding-right: 1em;\n}\n\nfieldset.display-actions label {\n	white-space: nowrap;\n	padding-right: 2px;\n}\n\nfieldset.sort-options {\n	line-height: 2em;\n}\n\n/* MCP forum selection*/\nfieldset.forum-selection {\n	margin: 5px 0 3px 0;\n	float: right;\n}\n\nfieldset.forum-selection2 {\n	margin: 13px 0 3px 0;\n	float: right;\n}\n\n/* Jumpbox */\nfieldset.jumpbox {\n	text-align: right;\n	margin-top: 15px;\n	height: 2.5em;\n}\n\nfieldset.quickmod {\n	width: 50%;\n	float: right;\n	text-align: right;\n	height: 2.5em;\n}\n\n/* Submit button fieldset */\nfieldset.submit-buttons {\n	text-align: center;\n	vertical-align: middle;\n	margin: 5px 0;\n}\n\nfieldset.submit-buttons input {\n	vertical-align: middle;\n	padding-top: 3px;\n	padding-bottom: 3px;\n}\n\n/* Posting page styles\n----------------------------------------*/\n\n/* Buttons used in the editor */\n#format-buttons {\n	margin: 15px 0 2px 0;\n}\n\n#format-buttons input, #format-buttons select {\n	vertical-align: middle;\n}\n\n/* Main message box */\n#message-box {\n	width: 80%;\n}\n\n#message-box textarea {\n	font-family: \"Trebuchet MS\", Verdana, Helvetica, Arial, sans-serif;\n	width: 450px;\n	height: 270px;\n	min-width: 100%;\n	max-width: 100%;\n	font-size: 1.2em;\n	color: #333333;\n}\n\n/* Emoticons panel */\n#smiley-box {\n	width: 18%;\n	float: right;\n}\n\n#smiley-box img {\n	margin: 3px;\n}\n\n/* Input field styles\n---------------------------------------- */\n.inputbox {\n	background-color: #FFFFFF;\n	border: 1px solid #c0c0c0;\n	color: #333333;\n	padding: 2px;\n	cursor: text;\n}\n\n.inputbox:hover {\n	border: 1px solid #eaeaea;\n}\n\n.inputbox:focus {\n	border: 1px solid #eaeaea;\n	color: #4b4b4b;\n}\n\ninput.inputbox	{ width: 85%; }\ninput.medium	{ width: 50%; }\ninput.narrow	{ width: 25%; }\ninput.tiny		{ width: 125px; }\n\ntextarea.inputbox {\n	width: 85%;\n}\n\n.autowidth {\n	width: auto !important;\n}\n\n/* Form button styles\n---------------------------------------- */\ninput.button1, input.button2 {\n	font-size: 1em;\n}\n\na.button1, input.button1, input.button3, a.button2, input.button2 {\n	width: auto !important;\n	padding-top: 1px;\n	padding-bottom: 1px;\n	font-family: \"Lucida Grande\", Verdana, Helvetica, Arial, sans-serif;\n	color: #000;\n	background: #FAFAFA none repeat-x top left;\n}\n\na.button1, input.button1 {\n	font-weight: bold;\n	border: 1px solid #666666;\n}\n\ninput.button3 {\n	padding: 0;\n	margin: 0;\n	line-height: 5px;\n	height: 12px;\n	background-image: none;\n	font-variant: small-caps;\n}\n\n/* Alternative button */\na.button2, input.button2, input.button3 {\n	border: 1px solid #666666;\n}\n\n/* <a> button in the style of the form buttons */\na.button1, a.button1:link, a.button1:visited, a.button1:active, a.button2, a.button2:link, a.button2:visited, a.button2:active {\n	text-decoration: none;\n	color: #000000;\n	padding: 2px 8px;\n	line-height: 250%;\n	vertical-align: text-bottom;\n	background-position: 0 1px;\n}\n\n/* Hover states */\na.button1:hover, input.button1:hover, a.button2:hover, input.button2:hover, input.button3:hover {\n	border: 1px solid #BCBCBC;\n	background-position: 0 100%;\n	color: #BCBCBC;\n}\n\ninput.disabled {\n	font-weight: normal;\n	color: #666666;\n}\n\n/* Topic and forum Search */\n.search-box {\n	margin-top: 3px;\n	margin-left: 5px;\n	float: left;\n}\n\n.search-box input {\n}\n\ninput.search {\n	background-image: none;\n	background-repeat: no-repeat;\n	background-position: left 1px;\n	padding-left: 17px;\n}\n\n.full { width: 95%; }\n.medium { width: 50%;}\n.narrow { width: 25%;}\n.tiny { width: 10%;}\n/* Style Sheet Tweaks\n\nThese style definitions are mainly IE specific \ntweaks required due to its poor CSS support.\n-------------------------------------------------*/\n\n* html table, * html select, * html input { font-size: 100%; }\n* html hr { margin: 0; }\n* html span.corners-top, * html span.corners-bottom { background-image: url(\"{T_THEME_PATH}/images/corners_left.gif\"); }\n* html span.corners-top span, * html span.corners-bottom span { background-image: url(\"{T_THEME_PATH}/images/corners_right.gif\"); }\n\ntable.table1 {\n	width: 99%;		/* IE < 6 browsers */\n	/* Tantek hack */\n	voice-family: \"\\\"}\\\"\";\n	voice-family: inherit;\n	width: 100%;\n}\nhtml>body table.table1 { width: 100%; }	/* Reset 100% for opera */\n\n* html ul.topiclist li { position: relative; }\n* html .postbody h3 img { vertical-align: middle; }\n\n/* Form styles */\nhtml>body dd label input { vertical-align: text-bottom; }	/* Align checkboxes/radio buttons nicely */\n\n* html input.button1, * html input.button2 {\n	padding-bottom: 0;\n	margin-bottom: 1px;\n}\n\n/* Misc layout styles */\n* html .column1, * html .column2 { width: 45%; }\n\n/* Nice method for clearing floated blocks without having to insert any extra markup (like spacer above)\n   From http://www.positioniseverything.net/easyclearing.html \n#tabs:after, #minitabs:after, .post:after, .navbar:after, fieldset dl:after, ul.topiclist dl:after, ul.linklist:after, dl.polls:after {\n	content: \".\"; \n	display: block; \n	height: 0; \n	clear: both; \n	visibility: hidden;\n}*/\n\n.clearfix, #tabs, #minitabs, fieldset dl, ul.topiclist dl, dl.polls {\n	height: 1%;\n	overflow: hidden;\n}\n\n/* viewtopic fix */\n* html .post {\n	height: 25%;\n	overflow: hidden;\n}\n\n/* navbar fix */\n* html .clearfix, * html .navbar, ul.linklist {\n	height: 4%;\n	overflow: hidden;\n}\n\n/* Simple fix so forum and topic lists always have a min-height set, even in IE6\n	From http://www.dustindiaz.com/min-height-fast-hack */\ndl.icon {\n	min-height: 35px;\n	height: auto !important;\n	height: 35px;\n}\n\n* html li.row dl.icon dt {\n	height: 35px;\n	overflow: visible;\n}\n\n* html #search-box {\n	width: 25%;\n}\n\n/* Correctly clear floating for details on profile view */\n*:first-child+html dl.details dd {\n	margin-left: 30%;\n	float: none;\n}\n\n* html dl.details dd {\n	margin-left: 30%;\n	float: none;\n}\n\n/* Headerbar height fix for IE7 and below */\n* html #site-description p {\n	margin-bottom: 1.0em;\n}\n\n*:first-child+html #site-description p {\n	margin-bottom: 1.0em;\n}\n\n/* #minitabs fix for IE */\n.tabs-container {\n	zoom: 1;\n}\n\n#minitabs {\n	white-space: nowrap;\n	*min-width: 50%;\n}\n/*  	\n--------------------------------------------------------------\nColours and backgrounds for common.css\n-------------------------------------------------------------- */\n\nhtml, body {\n	color: #536482;\n	background-color: #FFFFFF;\n}\n\nh1 {\n	color: #FFFFFF;\n}\n\nh2 {\n	color: #28313F;\n}\n\nh3 {\n	border-bottom-color: #CCCCCC;\n	color: #115098;\n}\n\nhr {\n	border-color: #FFFFFF;\n	border-top-color: #CCCCCC;\n}\n\nhr.dashed {\n	border-top-color: #CCCCCC;\n}\n\n/* Search box\n--------------------------------------------- */\n\n#search-box {\n	color: #FFFFFF;\n}\n\n#search-box #keywords {\n	background-color: #FFF;\n}\n\n#search-box input {\n	border-color: #0075B0;\n}\n\n/* Round cornered boxes and backgrounds\n---------------------------------------- */\n.headerbar {\n	background-color: #12A3EB;\n	background-image: url(\"{T_THEME_PATH}/images/bg_header.gif\");\n	color: #FFFFFF;\n}\n\n.navbar {\n	background-color: #cadceb;\n}\n\n.forabg {\n	background-color: #0076b1;\n	background-image: url(\"{T_THEME_PATH}/images/bg_list.gif\");\n}\n\n.forumbg {\n	background-color: #12A3EB;\n	background-image: url(\"{T_THEME_PATH}/images/bg_header.gif\");\n}\n\n.panel {\n	background-color: #ECF1F3;\n	color: #28313F;\n}\n\n.post:target .content {\n	color: #000000;\n}\n\n.post:target h3 a {\n	color: #000000;\n}\n\n.bg1	{ background-color: #ECF3F7; }\n.bg2	{ background-color: #e1ebf2;  }\n.bg3	{ background-color: #cadceb; }\n\n.ucprowbg {\n	background-color: #DCDEE2;\n}\n\n.fieldsbg {\n	background-color: #E7E8EA;\n}\n\nspan.corners-top {\n	background-image: url(\"{T_THEME_PATH}/images/corners_left.png\");\n}\n\nspan.corners-top span {\n	background-image: url(\"{T_THEME_PATH}/images/corners_right.png\");\n}\n\nspan.corners-bottom {\n	background-image: url(\"{T_THEME_PATH}/images/corners_left.png\");\n}\n\nspan.corners-bottom span {\n	background-image: url(\"{T_THEME_PATH}/images/corners_right.png\");\n}\n\n/* Horizontal lists\n----------------------------------------*/\n\nul.navlinks {\n	border-bottom-color: #FFFFFF;\n}\n\n/* Table styles\n----------------------------------------*/\ntable.table1 thead th {\n	color: #FFFFFF;\n}\n\ntable.table1 tbody tr {\n	border-color: #BFC1CF;\n}\n\ntable.table1 tbody tr:hover, table.table1 tbody tr.hover {\n	background-color: #CFE1F6;\n	color: #000;\n}\n\ntable.table1 td {\n	color: #536482;\n}\n\ntable.table1 tbody td {\n	border-top-color: #FAFAFA;\n}\n\ntable.table1 tbody th {\n	border-bottom-color: #000000;\n	color: #333333;\n	background-color: #FFFFFF;\n}\n\ntable.info tbody th {\n	color: #000000;\n}\n\n/* Misc layout styles\n---------------------------------------- */\ndl.details dt {\n	color: #000000;\n}\n\ndl.details dd {\n	color: #536482;\n}\n\n.sep {\n	color: #1198D9;\n}\n\n/* Pagination\n---------------------------------------- */\n\n.pagination span strong {\n	color: #FFFFFF;\n	background-color: #4692BF;\n	border-color: #4692BF;\n}\n\n.pagination span a, .pagination span a:link, .pagination span a:visited {\n	color: #5C758C;\n	background-color: #ECEDEE;\n	border-color: #B4BAC0;\n}\n\n.pagination span a:hover {\n	border-color: #368AD2;\n	background-color: #368AD2;\n	color: #FFF;\n}\n\n.pagination span a:active {\n	color: #5C758C;\n	background-color: #ECEDEE;\n	border-color: #B4BAC0;\n}\n\n/* Pagination in viewforum for multipage topics */\n.row .pagination {\n	background-image: url(\"{T_THEME_PATH}/images/icon_pages.gif\");\n}\n\n.row .pagination span a, li.pagination span a {\n	background-color: #FFFFFF;\n}\n\n.row .pagination span a:hover, li.pagination span a:hover {\n	background-color: #368AD2;\n}\n\n/* Miscellaneous styles\n---------------------------------------- */\n\n.copyright {\n	color: #555555;\n}\n\n.error {\n	color: #BC2A4D;\n}\n\n.reported {\n	background-color: #F7ECEF;\n}\n\nli.reported:hover {\n	background-color: #ECD5D8 !important;\n}\n.sticky, .announce {\n	/* you can add a background for stickies and announcements*/\n}\n\ndiv.rules {\n	background-color: #ECD5D8;\n	color: #BC2A4D;\n}\n\np.rules {\n	background-color: #ECD5D8;\n	background-image: none;\n}\n\n/*  	\n--------------------------------------------------------------\nColours and backgrounds for links.css\n-------------------------------------------------------------- */\n\na:link	{ color: #105289; }\na:visited	{ color: #105289; }\na:hover	{ color: #D31141; }\na:active	{ color: #368AD2; }\n\n/* Links on gradient backgrounds */\n#search-box a:link, .navbg a:link, .forumbg .header a:link, .forabg .header a:link, th a:link {\n	color: #FFFFFF;\n}\n\n#search-box a:visited, .navbg a:visited, .forumbg .header a:visited, .forabg .header a:visited, th a:visited {\n	color: #FFFFFF;\n}\n\n#search-box a:hover, .navbg a:hover, .forumbg .header a:hover, .forabg .header a:hover, th a:hover {\n	color: #A8D8FF;\n}\n\n#search-box a:active, .navbg a:active, .forumbg .header a:active, .forabg .header a:active, th a:active {\n	color: #C8E6FF;\n}\n\n/* Links for forum/topic lists */\na.forumtitle {\n	color: #105289;\n}\n\n/* a.forumtitle:visited { color: #105289; } */\n\na.forumtitle:hover {\n	color: #BC2A4D;\n}\n\na.forumtitle:active {\n	color: #105289;\n}\n\na.topictitle {\n	color: #105289;\n}\n\n/* a.topictitle:visited { color: #368AD2; } */\n\na.topictitle:hover {\n	color: #BC2A4D;\n}\n\na.topictitle:active {\n	color: #105289;\n}\n\n/* Post body links */\n.postlink {\n	color: #368AD2;\n	border-bottom-color: #368AD2;\n}\n\n.postlink:visited {\n	color: #5D8FBD;\n	border-bottom-color: #5D8FBD;\n}\n\n.postlink:active {\n	color: #368AD2;\n}\n\n.postlink:hover {\n	background-color: #D0E4F6;\n	color: #0D4473;\n}\n\n.signature a, .signature a:visited, .signature a:hover, .signature a:active {\n	background-color: transparent;\n}\n\n/* Profile links */\n.postprofile a:link, .postprofile a:visited, .postprofile dt.author a {\n	color: #105289;\n}\n\n.postprofile a:hover, .postprofile dt.author a:hover {\n	color: #D31141;\n}\n\n.postprofile a:active {\n	color: #105289;\n}\n\n/* Profile searchresults */	\n.search .postprofile a {\n	color: #105289;\n}\n\n.search .postprofile a:hover {\n	color: #D31141;\n}\n\n/* Back to top of page */\na.top {\n	background-image: url(\"{IMG_ICON_BACK_TOP_SRC}\");\n}\n\na.top2 {\n	background-image: url(\"{IMG_ICON_BACK_TOP_SRC}\");\n}\n\n/* Arrow links  */\na.up		{ background-image: url(\"{T_THEME_PATH}/images/arrow_up.gif\") }\na.down		{ background-image: url(\"{T_THEME_PATH}/images/arrow_down.gif\") }\na.left		{ background-image: url(\"{T_THEME_PATH}/images/arrow_left.gif\") }\na.right		{ background-image: url(\"{T_THEME_PATH}/images/arrow_right.gif\") }\n\na.up:hover {\n	background-color: transparent;\n}\n\na.left:hover {\n	color: #368AD2;\n}\n\na.right:hover {\n	color: #368AD2;\n}\n\n\n/*  	\n--------------------------------------------------------------\nColours and backgrounds for content.css\n-------------------------------------------------------------- */\n\nul.forums {\n	background-color: #eef5f9;\n	background-image: url(\"{T_THEME_PATH}/images/gradient.gif\");\n}\n\nul.topiclist li {\n	color: #4C5D77;\n}\n\nul.topiclist dd {\n	border-left-color: #FFFFFF;\n}\n\n.rtl ul.topiclist dd {\n	border-right-color: #fff;\n	border-left-color: transparent;\n}\n\nul.topiclist li.row dt a.subforum.read {\n	background-image: url(\"{IMG_SUBFORUM_READ_SRC}\");\n}\n\nul.topiclist li.row dt a.subforum.unread {\n	background-image: url(\"{IMG_SUBFORUM_UNREAD_SRC}\");\n}\n\nli.row {\n	border-top-color:  #FFFFFF;\n	border-bottom-color: #00608F;\n}\n\nli.row strong {\n	color: #000000;\n}\n\nli.row:hover {\n	background-color: #F6F4D0;\n}\n\nli.row:hover dd {\n	border-left-color: #CCCCCC;\n}\n\n.rtl li.row:hover dd {\n	border-right-color: #CCCCCC;\n	border-left-color: transparent;\n}\n\nli.header dt, li.header dd {\n	color: #FFFFFF;\n}\n\n/* Forum list column styles */\nul.topiclist dd.searchextra {\n	color: #333333;\n}\n\n/* Post body styles\n----------------------------------------*/\n.postbody {\n	color: #333333;\n}\n\n/* Content container styles\n----------------------------------------*/\n.content {\n	color: #333333;\n}\n\n.content h2, .panel h2 {\n	color: #115098;\n	border-bottom-color:  #CCCCCC;\n}\n\ndl.faq dt {\n	color: #333333;\n}\n\n.posthilit {\n	background-color: #F3BFCC;\n	color: #BC2A4D;\n}\n\n/* Post signature */\n.signature {\n	border-top-color: #CCCCCC;\n}\n\n/* Post noticies */\n.notice {\n	border-top-color:  #CCCCCC;\n}\n\n/* BB Code styles\n----------------------------------------*/\n/* Quote block */\nblockquote {\n	background-color: #EBEADD;\n	background-image: url(\"{T_THEME_PATH}/images/quote.gif\");\n	border-color:#DBDBCE;\n}\n\n.rtl blockquote {\n	background-image: url(\"{T_THEME_PATH}/images/quote_rtl.gif\");\n}\n\nblockquote blockquote {\n	/* Nested quotes */\n	background-color:#EFEED9;\n}\n\nblockquote blockquote blockquote {\n	/* Nested quotes */\n	background-color: #EBEADD;\n}\n\n/* Code block */\ndl.codebox {\n	background-color: #FFFFFF;\n	border-color: #C9D2D8;\n}\n\ndl.codebox dt {\n	border-bottom-color:  #CCCCCC;\n}\n\ndl.codebox code {\n	color: #2E8B57;\n}\n\n.syntaxbg		{ color: #FFFFFF; }\n.syntaxcomment	{ color: #FF8000; }\n.syntaxdefault	{ color: #0000BB; }\n.syntaxhtml		{ color: #000000; }\n.syntaxkeyword	{ color: #007700; }\n.syntaxstring	{ color: #DD0000; }\n\n/* Attachments\n----------------------------------------*/\n.attachbox {\n	background-color: #FFFFFF;\n	border-color:  #C9D2D8;\n}\n\n.pm-message .attachbox {\n	background-color: #F2F3F3;\n}\n\n.attachbox dd {\n	border-top-color: #C9D2D8;\n}\n\n.attachbox p {\n	color: #666666;\n}\n\n.attachbox p.stats {\n	color: #666666;\n}\n\n.attach-image img {\n	border-color: #999999;\n}\n\n/* Inline image thumbnails */\n\ndl.file dd {\n	color: #666666;\n}\n\ndl.thumbnail img {\n	border-color: #666666;\n	background-color: #FFFFFF;\n}\n\ndl.thumbnail dd {\n	color: #666666;\n}\n\ndl.thumbnail dt a:hover {\n	background-color: #EEEEEE;\n}\n\ndl.thumbnail dt a:hover img {\n	border-color: #368AD2;\n}\n\n/* Post poll styles\n----------------------------------------*/\n\nfieldset.polls dl {\n	border-top-color: #DCDEE2;\n	color: #666666;\n}\n\nfieldset.polls dl.voted {\n	color: #000000;\n}\n\nfieldset.polls dd div {\n	color: #FFFFFF;\n}\n\n.rtl .pollbar1, .rtl .pollbar2, .rtl .pollbar3, .rtl .pollbar4, .rtl .pollbar5 {\n	border-right-color: transparent;\n}\n\n.pollbar1 {\n	background-color: #AA2346;\n	border-bottom-color: #74162C;\n	border-right-color: #74162C;\n}\n\n.rtl .pollbar1 {\n	border-left-color: #74162C;\n}\n\n.pollbar2 {\n	background-color: #BE1E4A;\n	border-bottom-color: #8C1C38;\n	border-right-color: #8C1C38;\n}\n\n.rtl .pollbar2 {\n	border-left-color: #8C1C38;\n}\n\n.pollbar3 {\n	background-color: #D11A4E;\n	border-bottom-color: #AA2346;\n	border-right-color: #AA2346;\n}\n\n.rtl .pollbar3 {\n	border-left-color: #AA2346;\n}\n\n.pollbar4 {\n	background-color: #E41653;\n	border-bottom-color: #BE1E4A;\n	border-right-color: #BE1E4A;\n}\n\n.rtl .pollbar4 {\n	border-left-color: #BE1E4A;\n}\n\n.pollbar5 {\n	background-color: #F81157;\n	border-bottom-color: #D11A4E;\n	border-right-color: #D11A4E;\n}\n\n.rtl .pollbar5 {\n	border-left-color: #D11A4E;\n}\n\n/* Poster profile block\n----------------------------------------*/\n.postprofile {\n	color: #666666;\n	border-left-color: #FFFFFF;\n}\n\n.rtl .postprofile {\n	border-right-color: #FFFFFF;\n	border-left-color: transparent;\n}\n\n.pm .postprofile {\n	border-left-color: #DDDDDD;\n}\n\n.rtl .pm .postprofile {\n	border-right-color: #DDDDDD;\n	border-left-color: transparent;\n}\n\n.postprofile strong {\n	color: #000000;\n}\n\n.online {\n	background-image: url(\"{IMG_ICON_USER_ONLINE_SRC}\");\n}\n\n/*  	\n--------------------------------------------------------------\nColours and backgrounds for buttons.css\n-------------------------------------------------------------- */\n\n/* Big button images */\n.reply-icon span	{ background-image: url(\"{IMG_BUTTON_TOPIC_REPLY_SRC}\"); }\n.post-icon span		{ background-image: url(\"{IMG_BUTTON_TOPIC_NEW_SRC}\"); }\n.locked-icon span	{ background-image: url(\"{IMG_BUTTON_TOPIC_LOCKED_SRC}\"); }\n.pmreply-icon span	{ background-image: url(\"{IMG_BUTTON_PM_REPLY_SRC}\") ;}\n.newpm-icon span 	{ background-image: url(\"{IMG_BUTTON_PM_NEW_SRC}\") ;}\n.forwardpm-icon span	{ background-image: url(\"{IMG_BUTTON_PM_FORWARD_SRC}\") ;}\n\na.print {\n	background-image: url(\"{T_THEME_PATH}/images/icon_print.gif\");\n}\n\na.sendemail {\n	background-image: url(\"{T_THEME_PATH}/images/icon_sendemail.gif\");\n}\n\na.fontsize {\n	background-image: url(\"{T_THEME_PATH}/images/icon_fontsize.gif\");\n}\n\n/* Icon images\n---------------------------------------- */\n.sitehome						{ background-image: url(\"{T_THEME_PATH}/images/icon_home.gif\"); }\n.icon-faq						{ background-image: url(\"{T_THEME_PATH}/images/icon_faq.gif\"); }\n.icon-members					{ background-image: url(\"{T_THEME_PATH}/images/icon_members.gif\"); }\n.icon-home						{ background-image: url(\"{T_THEME_PATH}/images/icon_home.gif\"); }\n.icon-ucp						{ background-image: url(\"{T_THEME_PATH}/images/icon_ucp.gif\"); }\n.icon-register					{ background-image: url(\"{T_THEME_PATH}/images/icon_register.gif\"); }\n.icon-logout					{ background-image: url(\"{T_THEME_PATH}/images/icon_logout.gif\"); }\n.icon-bookmark					{ background-image: url(\"{T_THEME_PATH}/images/icon_bookmark.gif\"); }\n.icon-bump						{ background-image: url(\"{T_THEME_PATH}/images/icon_bump.gif\"); }\n.icon-subscribe					{ background-image: url(\"{T_THEME_PATH}/images/icon_subscribe.gif\"); }\n.icon-unsubscribe				{ background-image: url(\"{T_THEME_PATH}/images/icon_unsubscribe.gif\"); }\n.icon-pages						{ background-image: url(\"{T_THEME_PATH}/images/icon_pages.gif\"); }\n.icon-search					{ background-image: url(\"{T_THEME_PATH}/images/icon_search.gif\"); }\n\n/* Profile & navigation icons */\n.email-icon, .email-icon a		{ background-image: url(\"{IMG_ICON_CONTACT_EMAIL_SRC}\"); }\n.aim-icon, .aim-icon a			{ background-image: url(\"{IMG_ICON_CONTACT_AIM_SRC}\"); }\n.yahoo-icon, .yahoo-icon a		{ background-image: url(\"{IMG_ICON_CONTACT_YAHOO_SRC}\"); }\n.web-icon, .web-icon a			{ background-image: url(\"{IMG_ICON_CONTACT_WWW_SRC}\"); }\n.msnm-icon, .msnm-icon a			{ background-image: url(\"{IMG_ICON_CONTACT_MSNM_SRC}\"); }\n.icq-icon, .icq-icon a			{ background-image: url(\"{IMG_ICON_CONTACT_ICQ_SRC}\"); }\n.jabber-icon, .jabber-icon a		{ background-image: url(\"{IMG_ICON_CONTACT_JABBER_SRC}\"); }\n.pm-icon, .pm-icon a				{ background-image: url(\"{IMG_ICON_CONTACT_PM_SRC}\"); }\n.quote-icon, .quote-icon a		{ background-image: url(\"{IMG_ICON_POST_QUOTE_SRC}\"); }\n\n/* Moderator icons */\n.report-icon, .report-icon a		{ background-image: url(\"{IMG_ICON_POST_REPORT_SRC}\"); }\n.edit-icon, .edit-icon a			{ background-image: url(\"{IMG_ICON_POST_EDIT_SRC}\"); }\n.delete-icon, .delete-icon a		{ background-image: url(\"{IMG_ICON_POST_DELETE_SRC}\"); }\n.info-icon, .info-icon a			{ background-image: url(\"{IMG_ICON_POST_INFO_SRC}\"); }\n.warn-icon, .warn-icon a			{ background-image: url(\"{IMG_ICON_USER_WARN_SRC}\"); } /* Need updated warn icon */\n\n/*  	\n--------------------------------------------------------------\nColours and backgrounds for cp.css\n-------------------------------------------------------------- */\n\n/* Main CP box\n----------------------------------------*/\n\n#cp-main h3, #cp-main hr, #cp-menu hr {\n	border-color: #A4B3BF;\n}\n\n#cp-main .panel li.row {\n	border-bottom-color: #B5C1CB;\n	border-top-color: #F9F9F9;\n}\n\nul.cplist {\n	border-top-color: #B5C1CB;\n}\n\n#cp-main .panel li.header dd, #cp-main .panel li.header dt {\n	color: #000000;\n}\n\n#cp-main table.table1 thead th {\n	color: #333333;\n	border-bottom-color: #333333;\n}\n\n#cp-main .pm-message {\n	border-color: #DBDEE2;\n	background-color: #FFFFFF;\n}\n\n/* CP tabbed menu\n----------------------------------------*/\n#tabs a {\n	background-image: url(\"{T_THEME_PATH}/images/bg_tabs1.gif\");\n}\n\n#tabs a span {\n	background-image: url(\"{T_THEME_PATH}/images/bg_tabs2.gif\");\n	color: #536482;\n}\n\n#tabs a:hover span {\n	color: #BC2A4D;\n}\n\n#tabs .activetab a {\n	border-bottom-color: #CADCEB;\n}\n\n#tabs .activetab a span {\n	color: #333333;\n}\n\n#tabs .activetab a:hover span {\n	color: #000000;\n}\n\n/* Mini tabbed menu used in MCP\n----------------------------------------*/\n#minitabs li {\n	background-color: #E1EBF2;\n}\n\n#minitabs li.activetab {\n	background-color: #F9F9F9;\n}\n\n#minitabs li.activetab a, #minitabs li.activetab a:hover {\n	color: #333333;\n}\n\n/* UCP navigation menu\n----------------------------------------*/\n\n/* Link styles for the sub-section links */\n#navigation a {\n	color: #333;\n	background-color: #B2C2CF;\n	background-image: url(\"{T_THEME_PATH}/images/bg_menu.gif\");\n}\n\n.rtl #navigation a {\n	background-image: url(\"{T_THEME_PATH}/images/bg_menu_rtl.gif\");\n	background-position: 0 100%;\n}\n\n#navigation a:hover {\n	background-image: none;\n	background-color: #aabac6;\n	color: #BC2A4D;\n}\n\n#navigation #active-subsection a {\n	color: #D31141;\n	background-color: #F9F9F9;\n	background-image: none;\n}\n\n#navigation #active-subsection a:hover {\n	color: #D31141;\n}\n\n/* Preferences pane layout\n----------------------------------------*/\n#cp-main h2 {\n	color: #333333;\n}\n\n#cp-main .panel {\n	background-color: #F9F9F9;\n}\n\n#cp-main .pm {\n	background-color: #FFFFFF;\n}\n\n#cp-main span.corners-top, #cp-menu span.corners-top {\n	background-image: url(\"{T_THEME_PATH}/images/corners_left2.gif\");\n}\n\n#cp-main span.corners-top span, #cp-menu span.corners-top span {\n	background-image: url(\"{T_THEME_PATH}/images/corners_right2.gif\");\n}\n\n#cp-main span.corners-bottom, #cp-menu span.corners-bottom {\n	background-image: url(\"{T_THEME_PATH}/images/corners_left2.gif\");\n}\n\n#cp-main span.corners-bottom span, #cp-menu span.corners-bottom span {\n	background-image: url(\"{T_THEME_PATH}/images/corners_right2.gif\");\n}\n\n/* Topicreview */\n#cp-main .panel #topicreview span.corners-top, #cp-menu .panel #topicreview span.corners-top {\n	background-image: url(\"{T_THEME_PATH}/images/corners_left.gif\");\n}\n\n#cp-main .panel #topicreview span.corners-top span, #cp-menu .panel #topicreview span.corners-top span {\n	background-image: url(\"{T_THEME_PATH}/images/corners_right.gif\");\n}\n\n#cp-main .panel #topicreview span.corners-bottom, #cp-menu .panel #topicreview span.corners-bottom {\n	background-image: url(\"{T_THEME_PATH}/images/corners_left.gif\");\n}\n\n#cp-main .panel #topicreview span.corners-bottom span, #cp-menu .panel #topicreview span.corners-bottom span {\n	background-image: url(\"{T_THEME_PATH}/images/corners_right.gif\");\n}\n\n/* Friends list */\n.cp-mini {\n	background-color: #eef5f9;\n}\n\ndl.mini dt {\n	color: #425067;\n}\n\n/* PM Styles\n----------------------------------------*/\n/* PM Message history */\n.current {\n	color: #000000 !important;\n}\n\n/* PM marking colours */\n.pmlist li.pm_message_reported_colour, .pm_message_reported_colour {\n	border-left-color: #BC2A4D;\n	border-right-color: #BC2A4D;\n}\n\n.pmlist li.pm_marked_colour, .pm_marked_colour {\n	border-color: #FF6600;\n}\n\n.pmlist li.pm_replied_colour, .pm_replied_colour {\n	border-color: #A9B8C2;\n}\n\n.pmlist li.pm_friend_colour, .pm_friend_colour {\n	border-color: #5D8FBD;\n}\n\n.pmlist li.pm_foe_colour, .pm_foe_colour {\n	border-color: #000000;\n}\n\n/* Avatar gallery */\n#gallery label {\n	background-color: #FFFFFF;\n	border-color: #CCC;\n}\n\n#gallery label:hover {\n	background-color: #EEE;\n}\n\n/*  	\n--------------------------------------------------------------\nColours and backgrounds for forms.css\n-------------------------------------------------------------- */\n\n/* General form styles\n----------------------------------------*/\nselect {\n	border-color: #666666;\n	background-color: #FAFAFA;\n	color: #000;\n}\n\nlabel {\n	color: #425067;\n}\n\noption.disabled-option {\n	color: graytext;\n}\n\n/* Definition list layout for forms\n---------------------------------------- */\ndd label {\n	color: #333;\n}\n\n/* Hover effects */\nfieldset dl:hover dt label {\n	color: #000000;\n}\n\nfieldset.fields2 dl:hover dt label {\n	color: inherit;\n}\n\n/* Quick-login on index page */\nfieldset.quick-login input.inputbox {\n	background-color: #F2F3F3;\n}\n\n/* Posting page styles\n----------------------------------------*/\n\n#message-box textarea {\n	color: #333333;\n}\n\n/* Input field styles\n---------------------------------------- */\n.inputbox {\n	background-color: #FFFFFF; \n	border-color: #B4BAC0;\n	color: #333333;\n}\n\n.inputbox:hover {\n	border-color: #11A3EA;\n}\n\n.inputbox:focus {\n	border-color: #11A3EA;\n	color: #0F4987;\n}\n\n/* Form button styles\n---------------------------------------- */\n\na.button1, input.button1, input.button3, a.button2, input.button2 {\n	color: #000;\n	background-color: #FAFAFA;\n	background-image: url(\"{T_THEME_PATH}/images/bg_button.gif\");\n}\n\na.button1, input.button1 {\n	border-color: #666666;\n}\n\ninput.button3 {\n	background-image: none;\n}\n\n/* Alternative button */\na.button2, input.button2, input.button3 {\n	border-color: #666666;\n}\n\n/* <a> button in the style of the form buttons */\na.button1, a.button1:link, a.button1:visited, a.button1:active, a.button2, a.button2:link, a.button2:visited, a.button2:active {\n	color: #000000;\n}\n\n/* Hover states */\na.button1:hover, input.button1:hover, a.button2:hover, input.button2:hover, input.button3:hover {\n	border-color: #BC2A4D;\n	color: #BC2A4D;\n}\n\ninput.search {\n	background-image: url(\"{T_THEME_PATH}/images/icon_textbox_search.gif\");\n}\n\ninput.disabled {\n	color: #666666;\n}\n'),(6,'LoLDominion','&copy; Matti (MMOstyles.com), 2011','LoLDominion',1,1348782781,'/*  phpBB 3.0 Style Sheet\r\n    --------------------------------------------------------------\r\n	Style name:		proSilver\r\n	Based on style:	proSilver (this is the default phpBB 3 style)\r\n	Original author:	subBlue ( http://www.subBlue.com/ )\r\n	Modified by:		\r\n	\r\n	Copyright 2006 phpBB Group ( http://www.phpbb.com/ )\r\n    --------------------------------------------------------------\r\n*/\r\n\r\n/* General proSilver Markup Styles\r\n---------------------------------------- */\r\n\r\n* {\r\n	/* Reset browsers default margin, padding and font sizes */\r\n	margin: 0;\r\n	padding: 0;\r\n}\r\n\r\nhtml {\r\n	font-size: 100%;\r\n	/* Always show a scrollbar for short pages - stops the jump when the scrollbar appears. non-IE browsers */\r\n	height: 101%;\r\n}\r\n\r\nbody {\r\n	/* Text-Sizing with ems: http://www.clagnut.com/blog/348/ */\r\n	font-family: Verdana, Helvetica, Arial, sans-serif;\r\n	color: #828282;\r\n	background-color: #FFFFFF;\r\n	/*font-size: 62.5%;			 This sets the default font size to be equivalent to 10px */\r\n	font-size: 10px;\r\n	margin: 0;\r\n	padding: 0;\r\n}\r\n\r\nh1 {\r\n	/* Forum name */\r\n	font-family: \"Trebuchet MS\", Arial, Helvetica, sans-serif;\r\n	margin-right: 200px;\r\n	color: #FFFFFF;\r\n	margin-top: 15px;\r\n	font-weight: bold;\r\n	font-size: 2em;\r\n}\r\n\r\nh2 {\r\n	/* Forum header titles */\r\n	font-family: \"Trebuchet MS\", Arial, Helvetica, sans-serif;\r\n	font-weight: normal;\r\n	color: #3f3f3f;\r\n	font-size: 2em;\r\n	margin: 0.8em 0 0.2em 0;\r\n}\r\n\r\nh2.solo {\r\n	margin-bottom: 1em;\r\n}\r\n\r\nh3 {\r\n	/* Sub-headers (also used as post headers, but defined later) */\r\n	font-family: Arial, Helvetica, sans-serif;\r\n	font-weight: bold;\r\n	text-transform: uppercase;\r\n	border-bottom: 1px solid #CCCCCC;\r\n	margin-bottom: 3px;\r\n	padding-bottom: 2px;\r\n	font-size: 1.05em;\r\n	color: #989898;\r\n	margin-top: 20px;\r\n}\r\n\r\nh4 {\r\n	/* Forum and topic list titles */\r\n	font-family: \"Trebuchet MS\", Verdana, Helvetica, Arial, Sans-serif;\r\n	font-size: 1.3em;\r\n}\r\n\r\np {\r\n	line-height: 1.3em;\r\n	font-size: 1.1em;\r\n	margin-bottom: 1.5em;\r\n}\r\n\r\nimg {\r\n	border-width: 0;\r\n}\r\n\r\nhr {\r\n	/* Also see tweaks.css */\r\n	border: 0 none #FFFFFF;\r\n	border-top: 1px solid #CCCCCC;\r\n	height: 1px;\r\n	margin: 5px 0;\r\n	display: block;\r\n	clear: both;\r\n}\r\n\r\nhr.dashed {\r\n	border-top: 1px dashed #CCCCCC;\r\n	margin: 10px 0;\r\n}\r\n\r\nhr.divider {\r\n	display: none;\r\n}\r\n\r\np.right {\r\n	text-align: right;\r\n}\r\n\r\n\r\n\r\n#oddzielenie {\r\n	height: 218px;\r\n	background-color: #000;\r\n}\r\n\r\n.srodkowanie {\r\n	width: 1000px;\r\n	margin: 0 auto;\r\n	padding: 0;\r\n}\r\n\r\n#header {\r\n	height: 220px;\r\n	background-image: url({T_THEME_PATH}/images/header.jpg);\r\n}\r\n\r\n\r\n#menux {\r\n	background: url(\'{T_THEME_PATH}/images/toolbar-bg.png\') 0 0 repeat-x;\r\n	height: 60px;\r\n	border-top: 1px solid #262626;\r\n	border-bottom: 1px solid #313131;\r\n}\r\n\r\n#lol {\r\n	float: left;\r\n	height: 60px;\r\n	padding-left: 5px;\r\n	margin: 0px;\r\n	z-index: 100;\r\n}\r\n\r\n#lol ul {\r\n	margin: 0;\r\n	padding: 0;\r\n}\r\n\r\n#lol li {\r\n	float: left;\r\n	margin: 0;\r\n	padding: 0px;\r\n	position: relative;\r\n	padding-right: 1px;\r\n	line-height: 16px;\r\n	list-style-type: none;\r\n}\r\n\r\n#lol li a {\r\n	display: block;\r\n	float: left;\r\n	color: #ccc;\r\n	text-decoration: none;\r\n	padding: 16px 23px 13px;\r\n	font-size: 14px;\r\n	font-weight: bold;\r\n	font-family: Verdana;\r\n}\r\n\r\n#lol li a span {\r\n	color: #666;\r\n	font-size: 11px;\r\n	font-weight: normal;\r\n	font-family: Tahoma;\r\n}\r\n\r\n#lol li a:hover, #topnav li:hover a, #topnav li.sfhover a {\r\n	color: #ddd;\r\n}\r\n\r\n#lol li.chosen a {\r\n	background: url(\'{T_THEME_PATH}/images/topnav-chosen.png\') 50% 0 no-repeat;\r\n	color: #fff;\r\n}\r\n\r\n#lol li.chosen a span {\r\n	color: #aaa;\r\n}\r\n\r\n#lol li:hover span, #topnav li.sfhover span {\r\n	color:#999;\r\n}\r\n\r\n#lol li li {\r\n	width: 170px;\r\n	height: auto;\r\n	padding: 0px;\r\n	margin: 0px;\r\n	border-bottom: 1px solid #313131;\r\n}\r\n\r\n#lol li li a, #lol .chosen li a, #lol li:hover li a, #lol li.sfhover li a {\r\n	background: none;\r\n	display: block;\r\n	height: 30px;\r\n	line-height: 30px;	\r\n	padding: 0 0 0 22px;\r\n	width: 148px;\r\n	float: none;\r\n	color: #999;\r\n	font-size: 13px;\r\n	text-decoration: none;\r\n	font-family: Tahoma;\r\n	font-weight: normal;\r\n}\r\n\r\n#lol li li a:hover, #lol .chosen li a:hover {\r\n	background: #1a1a1a;\r\n	color: #ccc;\r\n	text-decoration: none;\r\n}\r\n\r\n#lol li ul {\r\n	background: #1d1d1d;\r\n	clear: both;\r\n	position: absolute;\r\n	height: auto;\r\n	width: 170px;\r\n	top: 60px;\r\n	left: -999em;\r\n	z-index: 100;\r\n	border-right: 1px solid #313131;\r\n	border-left: 1px solid #313131;\r\n}\r\n\r\n#lol li:hover ul, #lol li.sfhover ul {\r\n	left: auto;\r\n}\r\n\r\n\r\n#searchbar .inputbox {\r\n	background: #151414;\r\n	-webkit-border-radius: 2px;\r\n	-moz-border-radius: 2px;\r\n	border-radius: 2px;\r\n	color: #ddd;\r\n	padding: 3px 3px;\r\n	border: 1px #5e5e5e solid;\r\n	margin: 4px 0 0 35px;\r\n	width: 200px;\r\n	height: 14px;\r\n	font-size: 12px;\r\n	font-family: tahoma, sans-serif;\r\n}\r\n\r\n\r\n/* Main blocks\r\n---------------------------------------- */\r\n#wrap {\r\n	padding: 10px;\r\n	min-width: 650px;\r\n	margin: 0 auto;\r\n	width: 990px;\r\n	border-bottom: 1px solid #3d3d3d;\r\n	border-left: 1px solid #3d3d3d;\r\n	border-right: 1px solid #3d3d3d;\r\n	background-color: #161616;\r\n}\r\n\r\n#simple-wrap {\r\n	padding: 6px 10px;\r\n}\r\n\r\n#page-body {\r\n	margin: 4px 0;\r\n	clear: both;\r\n}\r\n\r\n#page-footer {\r\n	clear: both;\r\n}\r\n\r\n#page-footer h3 {\r\n	margin-top: 20px;\r\n}\r\n\r\n#logo {\r\n	float: left;\r\n	width: auto;\r\n	padding: 10px 13px 0 10px;\r\n}\r\n\r\na#logo:hover {\r\n	text-decoration: none;\r\n}\r\n\r\n/* Search box\r\n--------------------------------------------- */\r\n#search-box {\r\n	color: #FFFFFF;\r\n	position: relative;\r\n	margin-top: 30px;\r\n	margin-right: 5px;\r\n	display: block;\r\n	float: right;\r\n	text-align: right;\r\n	white-space: nowrap; /* For Opera */\r\n}\r\n\r\n#search-box #keywords {\r\n	width: 95px;\r\n	background-color: #FFF;\r\n}\r\n\r\n#search-box input {\r\n	border: 1px solid #b0b0b0;\r\n}\r\n\r\n/* .button1 style defined later, just a few tweaks for the search button version */\r\n#search-box input.button1 {\r\n	padding: 1px 5px;\r\n}\r\n\r\n#search-box li {\r\n	text-align: right;\r\n	margin-top: 4px;\r\n}\r\n\r\n#search-box img {\r\n	vertical-align: middle;\r\n	margin-right: 3px;\r\n}\r\n\r\n\r\n/* Site description and logo */\r\n#site-description {\r\n	float: left;\r\n	width: 70%;\r\n}\r\n\r\n#site-description h1 {\r\n	margin-right: 0;\r\n}\r\n\r\n/* Round cornered boxes and backgrounds\r\n---------------------------------------- */\r\n.headerbar {\r\n	background: #ebebeb none repeat-x 0 0;\r\n	color: #FFFFFF;\r\n	margin-bottom: 4px;\r\n	padding: 0 5px;\r\n}\r\n\r\n.navbar {\r\n	background-color: #ebebeb;\r\n	padding: 0 10px;\r\n}\r\n\r\n.forabg {\r\n	background: #b1b1b1 none repeat-x 0 0;\r\n	margin-bottom: 4px;\r\n	padding: 0 5px;\r\n	clear: both;\r\n}\r\n\r\n.forumbg {\r\n	background: #ebebeb none repeat-x 0 0;\r\n	margin-bottom: 4px;\r\n	padding: 0 5px;\r\n	clear: both;\r\n}\r\n\r\n.panel {\r\n	margin-bottom: 4px;\r\n	padding: 0 10px;\r\n	background-color: #f3f3f3;\r\n	color: #3f3f3f;\r\n}\r\n\r\n.post {\r\n	padding: 0 10px;\r\n	margin-bottom: 4px;\r\n	background-repeat: no-repeat;\r\n	background-position: 100% 0;\r\n}\r\n\r\n.post:target .content {\r\n	color: #000000;\r\n}\r\n\r\n.post:target h3 a {\r\n	color: #000000;\r\n}\r\n\r\n.bg1	{ background-color: #f7f7f7;}\r\n.bg2	{ background-color: #f2f2f2; }\r\n.bg3	{ background-color: #ebebeb; }\r\n\r\n.rowbg {\r\n	margin: 5px 5px 2px 5px;\r\n}\r\n\r\n.ucprowbg {\r\n	background-color: #e2e2e2;\r\n}\r\n\r\n.fieldsbg {\r\n	/*border: 1px #DBDEE2 solid;*/\r\n	background-color: #eaeaea;\r\n}\r\n\r\nspan.corners-top, span.corners-bottom, span.corners-top span, span.corners-bottom span {\r\n	font-size: 1px;\r\n	line-height: 1px;\r\n	display: block;\r\n	height: 5px;\r\n	background-repeat: no-repeat;\r\n}\r\n\r\nspan.corners-top {\r\n	background-image: none;\r\n	background-position: 0 0;\r\n	margin: 0 -5px;\r\n}\r\n\r\nspan.corners-top span {\r\n	background-image: none;\r\n	background-position: 100% 0;\r\n}\r\n\r\nspan.corners-bottom {\r\n	background-image: none;\r\n	background-position: 0 100%;\r\n	margin: 0 -5px;\r\n	clear: both;\r\n}\r\n\r\nspan.corners-bottom span {\r\n	background-image: none;\r\n	background-position: 100% 100%;\r\n}\r\n\r\n.headbg span.corners-bottom {\r\n	margin-bottom: -1px;\r\n}\r\n\r\n.post span.corners-top, .post span.corners-bottom, .panel span.corners-top, .panel span.corners-bottom, .navbar span.corners-top, .navbar span.corners-bottom {\r\n	margin: 0 -10px;\r\n}\r\n\r\n.rules span.corners-top {\r\n	margin: 0 -10px 5px -10px;\r\n}\r\n\r\n.rules span.corners-bottom {\r\n	margin: 5px -10px 0 -10px;\r\n}\r\n\r\n/* Horizontal lists\r\n----------------------------------------*/\r\nul.linklist {\r\n	display: block;\r\n	margin: 0;\r\n}\r\n\r\nul.linklist li {\r\n	display: block;\r\n	list-style-type: none;\r\n	float: left;\r\n	width: auto;\r\n	margin-right: 5px;\r\n	font-size: 1.1em;\r\n	line-height: 2.2em;\r\n}\r\n\r\nul.linklist li.rightside, p.rightside {\r\n	float: right;\r\n	margin-right: 0;\r\n	margin-left: 5px;\r\n	text-align: right;\r\n}\r\n\r\nul.navlinks {\r\n	padding-bottom: 1px;\r\n	margin-bottom: 1px;\r\n	border-bottom: 1px solid #FFFFFF;\r\n	font-weight: bold;\r\n}\r\n\r\nul.leftside {\r\n	float: left;\r\n	margin-left: 0;\r\n	margin-right: 5px;\r\n	text-align: left;\r\n}\r\n\r\nul.rightside {\r\n	float: right;\r\n	margin-left: 5px;\r\n	margin-right: -5px;\r\n	text-align: right;\r\n}\r\n\r\n/* Table styles\r\n----------------------------------------*/\r\ntable.table1 {\r\n	/* See tweaks.css */\r\n}\r\n\r\n#ucp-main table.table1 {\r\n	padding: 2px;\r\n}\r\n\r\ntable.table1 thead th {\r\n	font-weight: normal;\r\n	text-transform: uppercase;\r\n	color: #FFFFFF;\r\n	line-height: 1.3em;\r\n	font-size: 1em;\r\n	padding: 0 0 4px 3px;\r\n}\r\n\r\ntable.table1 thead th span {\r\n	padding-left: 7px;\r\n}\r\n\r\ntable.table1 tbody tr {\r\n	border: 1px solid #cfcfcf;\r\n}\r\n\r\ntable.table1 tbody tr:hover, table.table1 tbody tr.hover {\r\n	background-color: #f6f6f6;\r\n	color: #000;\r\n}\r\n\r\ntable.table1 td {\r\n	color: #6a6a6a;\r\n	font-size: 1.1em;\r\n}\r\n\r\ntable.table1 tbody td {\r\n	padding: 5px;\r\n	border-top: 1px solid #FAFAFA;\r\n}\r\n\r\ntable.table1 tbody th {\r\n	padding: 5px;\r\n	border-bottom: 1px solid #000000;\r\n	text-align: left;\r\n	color: #333333;\r\n	background-color: #FFFFFF;\r\n}\r\n\r\n/* Specific column styles */\r\ntable.table1 .name		{ text-align: left; }\r\ntable.table1 .posts		{ text-align: center !important; width: 7%; }\r\ntable.table1 .joined	{ text-align: left; width: 15%; }\r\ntable.table1 .active	{ text-align: left; width: 15%; }\r\ntable.table1 .mark		{ text-align: center; width: 7%; }\r\ntable.table1 .info		{ text-align: left; width: 30%; }\r\ntable.table1 .info div	{ width: 100%; white-space: normal; overflow: hidden; }\r\ntable.table1 .autocol	{ line-height: 2em; white-space: nowrap; }\r\ntable.table1 thead .autocol { padding-left: 1em; }\r\n\r\ntable.table1 span.rank-img {\r\n	float: right;\r\n	width: auto;\r\n}\r\n\r\ntable.info td {\r\n	padding: 3px;\r\n}\r\n\r\ntable.info tbody th {\r\n	padding: 3px;\r\n	text-align: right;\r\n	vertical-align: top;\r\n	color: #000000;\r\n	font-weight: normal;\r\n}\r\n\r\n.forumbg table.table1 {\r\n	margin: 0 -2px -1px -1px;\r\n}\r\n\r\n/* Misc layout styles\r\n---------------------------------------- */\r\n/* column[1-2] styles are containers for two column layouts \r\n   Also see tweaks.css */\r\n.column1 {\r\n	float: left;\r\n	clear: left;\r\n	width: 49%;\r\n}\r\n\r\n.column2 {\r\n	float: right;\r\n	clear: right;\r\n	width: 49%;\r\n}\r\n\r\n/* General classes for placing floating blocks */\r\n.left-box {\r\n	float: left;\r\n	width: auto;\r\n	text-align: left;\r\n}\r\n\r\n.right-box {\r\n	float: right;\r\n	width: auto;\r\n	text-align: right;\r\n}\r\n\r\ndl.details {\r\n	/*font-family: \"Lucida Grande\", Verdana, Helvetica, Arial, sans-serif;*/\r\n	font-size: 1.1em;\r\n}\r\n\r\ndl.details dt {\r\n	float: left;\r\n	clear: left;\r\n	width: 30%;\r\n	text-align: right;\r\n	color: #000000;\r\n	display: block;\r\n}\r\n\r\ndl.details dd {\r\n	margin-left: 0;\r\n	padding-left: 5px;\r\n	margin-bottom: 5px;\r\n	color: #828282;\r\n	float: left;\r\n	width: 65%;\r\n}\r\n\r\n/* Pagination\r\n---------------------------------------- */\r\n.pagination {\r\n	height: 1%; /* IE tweak (holly hack) */\r\n	width: auto;\r\n	text-align: right;\r\n	margin-top: 5px;\r\n	float: right;\r\n}\r\n\r\n.pagination span.page-sep {\r\n	display: none;\r\n}\r\n\r\nli.pagination {\r\n	margin-top: 0;\r\n}\r\n\r\n.pagination strong, .pagination b {\r\n	font-weight: normal;\r\n}\r\n\r\n.pagination span strong {\r\n	padding: 0 2px;\r\n	margin: 0 2px;\r\n	font-weight: normal;\r\n	color: #FFFFFF;\r\n	background-color: #bfbfbf;\r\n	border: 1px solid #bfbfbf;\r\n	font-size: 0.9em;\r\n}\r\n\r\n.pagination span a, .pagination span a:link, .pagination span a:visited, .pagination span a:active {\r\n	font-weight: normal;\r\n	text-decoration: none;\r\n	color: #747474;\r\n	margin: 0 2px;\r\n	padding: 0 2px;\r\n	background-color: #eeeeee;\r\n	border: 1px solid #bababa;\r\n	font-size: 0.9em;\r\n	line-height: 1.5em;\r\n}\r\n\r\n.pagination span a:hover {\r\n	border-color: #d2d2d2;\r\n	background-color: #d2d2d2;\r\n	color: #FFF;\r\n	text-decoration: none;\r\n}\r\n\r\n.pagination img {\r\n	vertical-align: middle;\r\n}\r\n\r\n/* Pagination in viewforum for multipage topics */\r\n.row .pagination {\r\n	display: block;\r\n	float: right;\r\n	width: auto;\r\n	margin-top: 0;\r\n	padding: 1px 0 1px 15px;\r\n	font-size: 0.9em;\r\n	background: none 0 50% no-repeat;\r\n}\r\n\r\n.row .pagination span a, li.pagination span a {\r\n	background-color: #FFFFFF;\r\n}\r\n\r\n.row .pagination span a:hover, li.pagination span a:hover {\r\n	background-color: #d2d2d2;\r\n}\r\n\r\n/* Miscellaneous styles\r\n---------------------------------------- */\r\n#forum-permissions {\r\n	float: right;\r\n	width: auto;\r\n	padding-left: 5px;\r\n	margin-left: 5px;\r\n	margin-top: 10px;\r\n	text-align: right;\r\n}\r\n\r\n.copyright {\r\n	padding: 5px;\r\n	text-align: center;\r\n	color: #555555;\r\n}\r\n\r\n.small {\r\n	font-size: 0.9em !important;\r\n}\r\n\r\n.titlespace {\r\n	margin-bottom: 15px;\r\n}\r\n\r\n.headerspace {\r\n	margin-top: 20px;\r\n}\r\n\r\n.error {\r\n	color: #bcbcbc;\r\n	font-weight: bold;\r\n	font-size: 1em;\r\n}\r\n\r\n.reported {\r\n	background-color: #f7f7f7;\r\n}\r\n\r\nli.reported:hover {\r\n	background-color: #ececec;\r\n}\r\n\r\ndiv.rules {\r\n	background-color: #ececec;\r\n	color: #bcbcbc;\r\n	padding: 0 10px;\r\n	margin: 10px 0;\r\n	font-size: 1.1em;\r\n}\r\n\r\ndiv.rules ul, div.rules ol {\r\n	margin-left: 20px;\r\n}\r\n\r\np.rules {\r\n	background-color: #ececec;\r\n	background-image: none;\r\n	padding: 5px;\r\n}\r\n\r\np.rules img {\r\n	vertical-align: middle;\r\n	padding-top: 5px;\r\n}\r\n\r\np.rules a {\r\n	vertical-align: middle;\r\n	clear: both;\r\n}\r\n\r\n#top {\r\n	position: absolute;\r\n	top: -20px;\r\n}\r\n\r\n.clear {\r\n	display: block;\r\n	clear: both;\r\n	font-size: 1px;\r\n	line-height: 1px;\r\n	background: transparent;\r\n}\r\n/* proSilver Link Styles\r\n---------------------------------------- */\r\n\r\n/* Links adjustment to correctly display an order of rtl/ltr mixed content */\r\na {\r\n	direction: ltr;\r\n	unicode-bidi: embed;\r\n}\r\n\r\na:link	{ color: #898989; text-decoration: none; }\r\na:visited	{ color: #898989; text-decoration: none; }\r\na:hover	{ color: #d3d3d3; text-decoration: underline; }\r\na:active	{ color: #d2d2d2; text-decoration: none; }\r\n\r\n/* Coloured usernames */\r\n.username-coloured {\r\n	font-weight: bold;\r\n	display: inline !important;\r\n	padding: 0 !important;\r\n}\r\n\r\n/* Links on gradient backgrounds */\r\n#search-box a:link, .navbg a:link, .forumbg .header a:link, .forabg .header a:link, th a:link {\r\n	color: #FFFFFF;\r\n	text-decoration: none;\r\n}\r\n\r\n#search-box a:visited, .navbg a:visited, .forumbg .header a:visited, .forabg .header a:visited, th a:visited {\r\n	color: #FFFFFF;\r\n	text-decoration: none;\r\n}\r\n\r\n#search-box a:hover, .navbg a:hover, .forumbg .header a:hover, .forabg .header a:hover, th a:hover {\r\n	color: #ffffff;\r\n	text-decoration: underline;\r\n}\r\n\r\n#search-box a:active, .navbg a:active, .forumbg .header a:active, .forabg .header a:active, th a:active {\r\n	color: #ffffff;\r\n	text-decoration: none;\r\n}\r\n\r\n/* Links for forum/topic lists */\r\na.forumtitle {\r\n	font-family: \"Trebuchet MS\", Helvetica, Arial, Sans-serif;\r\n	font-size: 1.2em;\r\n	font-weight: bold;\r\n	color: #898989;\r\n	text-decoration: none;\r\n}\r\n\r\n/* a.forumtitle:visited { color: #898989; } */\r\n\r\na.forumtitle:hover {\r\n	color: #bcbcbc;\r\n	text-decoration: underline;\r\n}\r\n\r\na.forumtitle:active {\r\n	color: #898989;\r\n}\r\n\r\na.topictitle {\r\n	font-family: \"Trebuchet MS\", Helvetica, Arial, Sans-serif;\r\n	font-size: 1.2em;\r\n	font-weight: bold;\r\n	color: #898989;\r\n	text-decoration: none;\r\n}\r\n\r\n/* a.topictitle:visited { color: #d2d2d2; } */\r\n\r\na.topictitle:hover {\r\n	color: #bcbcbc;\r\n	text-decoration: underline;\r\n}\r\n\r\na.topictitle:active {\r\n	color: #898989;\r\n}\r\n\r\n/* Post body links */\r\n.postlink {\r\n	text-decoration: none;\r\n	color: #d2d2d2;\r\n	border-bottom: 1px solid #d2d2d2;\r\n	padding-bottom: 0;\r\n}\r\n\r\n/* .postlink:visited { color: #bdbdbd; } */\r\n\r\n.postlink:active {\r\n	color: #d2d2d2;\r\n}\r\n\r\n.postlink:hover {\r\n	background-color: #f6f6f6;\r\n	text-decoration: none;\r\n	color: #404040;\r\n}\r\n\r\n.signature a, .signature a:visited, .signature a:hover, .signature a:active {\r\n	border: none;\r\n	text-decoration: underline;\r\n	background-color: transparent;\r\n}\r\n\r\n/* Profile links */\r\n.postprofile a:link, .postprofile a:visited, .postprofile dt.author a {\r\n	font-weight: bold;\r\n	color: #898989;\r\n	text-decoration: none;\r\n}\r\n\r\n.postprofile a:hover, .postprofile dt.author a:hover {\r\n	text-decoration: underline;\r\n	color: #d3d3d3;\r\n}\r\n\r\n/* CSS spec requires a:link, a:visited, a:hover and a:active rules to be specified in this order. */\r\n/* See http://www.phpbb.com/bugs/phpbb3/59685 */\r\n.postprofile a:active {\r\n	font-weight: bold;\r\n	color: #898989;\r\n	text-decoration: none;\r\n}\r\n\r\n\r\n/* Profile searchresults */	\r\n.search .postprofile a {\r\n	color: #898989;\r\n	text-decoration: none; \r\n	font-weight: normal;\r\n}\r\n\r\n.search .postprofile a:hover {\r\n	color: #d3d3d3;\r\n	text-decoration: underline; \r\n}\r\n\r\n/* Back to top of page */\r\n.back2top {\r\n	clear: both;\r\n	height: 11px;\r\n	text-align: right;\r\n}\r\n\r\na.top {\r\n	background: none no-repeat top left;\r\n	text-decoration: none;\r\n	width: {IMG_ICON_BACK_TOP_WIDTH}px;\r\n	height: {IMG_ICON_BACK_TOP_HEIGHT}px;\r\n	display: block;\r\n	float: right;\r\n	overflow: hidden;\r\n	letter-spacing: 1000px;\r\n	text-indent: 11px;\r\n}\r\n\r\na.top2 {\r\n	background: none no-repeat 0 50%;\r\n	text-decoration: none;\r\n	padding-left: 15px;\r\n}\r\n\r\n/* Arrow links  */\r\na.up		{ background: none no-repeat left center; }\r\na.down		{ background: none no-repeat right center; }\r\na.left		{ background: none no-repeat 3px 60%; }\r\na.right		{ background: none no-repeat 95% 60%; }\r\n\r\na.up, a.up:link, a.up:active, a.up:visited {\r\n	padding-left: 10px;\r\n	text-decoration: none;\r\n	border-bottom-width: 0;\r\n}\r\n\r\na.up:hover {\r\n	background-position: left top;\r\n	background-color: transparent;\r\n}\r\n\r\na.down, a.down:link, a.down:active, a.down:visited {\r\n	padding-right: 10px;\r\n}\r\n\r\na.down:hover {\r\n	background-position: right bottom;\r\n	text-decoration: none;\r\n}\r\n\r\na.left, a.left:active, a.left:visited {\r\n	padding-left: 12px;\r\n}\r\n\r\na.left:hover {\r\n	color: #d2d2d2;\r\n	text-decoration: none;\r\n	background-position: 0 60%;\r\n}\r\n\r\na.right, a.right:active, a.right:visited {\r\n	padding-right: 12px;\r\n}\r\n\r\na.right:hover {\r\n	color: #d2d2d2;\r\n	text-decoration: none;\r\n	background-position: 100% 60%;\r\n}\r\n\r\n/* invisible skip link, used for accessibility  */\r\n.skiplink {\r\n	position: absolute;\r\n	left: -999px;\r\n	width: 990px;\r\n}\r\n\r\n/* Feed icon in forumlist_body.html */\r\na.feed-icon-forum {\r\n	float: right;\r\n	margin: 3px;\r\n}\r\n/* proSilver Content Styles\r\n---------------------------------------- */\r\n\r\nul.topiclist {\r\n	display: block;\r\n	list-style-type: none;\r\n	margin: 0;\r\n}\r\n\r\nul.forums {\r\n	background: #f9f9f9 none repeat-x 0 0;\r\n}\r\n\r\nul.topiclist li {\r\n	display: block;\r\n	list-style-type: none;\r\n	color: #777777;\r\n	margin: 0;\r\n}\r\n\r\nul.topiclist dl {\r\n	position: relative;\r\n}\r\n\r\nul.topiclist li.row dl {\r\n	padding: 2px 0;\r\n}\r\n\r\nul.topiclist dt {\r\n	display: block;\r\n	float: left;\r\n	width: 50%;\r\n	font-size: 1.1em;\r\n	padding-left: 5px;\r\n	padding-right: 5px;\r\n}\r\n\r\nul.topiclist dd {\r\n	display: block;\r\n	float: left;\r\n	border-left: 1px solid #FFFFFF;\r\n	padding: 4px 0;\r\n}\r\n\r\nul.topiclist dfn {\r\n	/* Labels for post/view counts */\r\n	position: absolute;\r\n	left: -999px;\r\n	width: 990px;\r\n}\r\n\r\nul.topiclist li.row dt a.subforum {\r\n	background-image: none;\r\n	background-position: 0 50%;\r\n	background-repeat: no-repeat;\r\n	position: relative;\r\n	white-space: nowrap;\r\n	padding: 0 0 0 12px;\r\n}\r\n\r\n.forum-image {\r\n	float: left;\r\n	padding-top: 5px;\r\n	margin-right: 5px;\r\n}\r\n\r\nli.row {\r\n	border-top: 1px solid #FFFFFF;\r\n	border-bottom: 1px solid #8f8f8f;\r\n}\r\n\r\nli.row strong {\r\n	font-weight: normal;\r\n	color: #000000;\r\n}\r\n\r\nli.row:hover {\r\n	background-color: #f6f6f6;\r\n}\r\n\r\nli.row:hover dd {\r\n	border-left-color: #CCCCCC;\r\n}\r\n\r\nli.header dt, li.header dd {\r\n	line-height: 1em;\r\n	border-left-width: 0;\r\n	margin: 2px 0 4px 0;\r\n	color: #FFFFFF;\r\n	padding-top: 2px;\r\n	padding-bottom: 2px;\r\n	font-size: 1em;\r\n	font-family: Arial, Helvetica, sans-serif;\r\n	text-transform: uppercase;\r\n}\r\n\r\nli.header dt {\r\n	font-weight: bold;\r\n}\r\n\r\nli.header dd {\r\n	margin-left: 1px;\r\n}\r\n\r\nli.header dl.icon {\r\n	min-height: 0;\r\n}\r\n\r\nli.header dl.icon dt {\r\n	/* Tweak for headers alignment when folder icon used */\r\n	padding-left: 0;\r\n	padding-right: 50px;\r\n}\r\n\r\n/* Forum list column styles */\r\ndl.icon {\r\n	min-height: 35px;\r\n	background-position: 10px 50%;		/* Position of folder icon */\r\n	background-repeat: no-repeat;\r\n}\r\n\r\ndl.icon dt {\r\n	padding-left: 45px;					/* Space for folder icon */\r\n	background-repeat: no-repeat;\r\n	background-position: 5px 95%;		/* Position of topic icon */\r\n}\r\n\r\ndd.posts, dd.topics, dd.views {\r\n	width: 8%;\r\n	text-align: center;\r\n	line-height: 2.2em;\r\n	font-size: 1.2em;\r\n}\r\n\r\n/* List in forum description */\r\ndl.icon dt ol,\r\ndl.icon dt ul {\r\n	list-style-position: inside;\r\n	margin-left: 1em;\r\n}\r\n\r\ndl.icon dt li {\r\n	display: list-item;\r\n	list-style-type: inherit;\r\n}\r\n\r\ndd.lastpost {\r\n	width: 25%;\r\n	font-size: 1.1em;\r\n}\r\n\r\ndd.redirect {\r\n	font-size: 1.1em;\r\n	line-height: 2.5em;\r\n}\r\n\r\ndd.moderation {\r\n	font-size: 1.1em;\r\n}\r\n\r\ndd.lastpost span, ul.topiclist dd.searchby span, ul.topiclist dd.info span, ul.topiclist dd.time span, dd.redirect span, dd.moderation span {\r\n	display: block;\r\n	padding-left: 5px;\r\n}\r\n\r\ndd.time {\r\n	width: auto;\r\n	line-height: 200%;\r\n	font-size: 1.1em;\r\n}\r\n\r\ndd.extra {\r\n	width: 12%;\r\n	line-height: 200%;\r\n	text-align: center;\r\n	font-size: 1.1em;\r\n}\r\n\r\ndd.mark {\r\n	float: right !important;\r\n	width: 9%;\r\n	text-align: center;\r\n	line-height: 200%;\r\n	font-size: 1.2em;\r\n}\r\n\r\ndd.info {\r\n	width: 30%;\r\n}\r\n\r\ndd.option {\r\n	width: 15%;\r\n	line-height: 200%;\r\n	text-align: center;\r\n	font-size: 1.1em;\r\n}\r\n\r\ndd.searchby {\r\n	width: 47%;\r\n	font-size: 1.1em;\r\n	line-height: 1em;\r\n}\r\n\r\nul.topiclist dd.searchextra {\r\n	margin-left: 5px;\r\n	padding: 0.2em 0;\r\n	font-size: 1.1em;\r\n	color: #333333;\r\n	border-left: none;\r\n	clear: both;\r\n	width: 98%;\r\n	overflow: hidden;\r\n}\r\n\r\n/* Container for post/reply buttons and pagination */\r\n.topic-actions {\r\n	margin-bottom: 3px;\r\n	font-size: 1.1em;\r\n	height: 28px;\r\n	min-height: 28px;\r\n}\r\ndiv[class].topic-actions {\r\n	height: auto;\r\n}\r\n\r\n/* Post body styles\r\n----------------------------------------*/\r\n.postbody {\r\n	padding: 0;\r\n	line-height: 1.48em;\r\n	color: #333333;\r\n	width: 76%;\r\n	float: left;\r\n	clear: both;\r\n}\r\n\r\n.postbody .ignore {\r\n	font-size: 1.1em;\r\n}\r\n\r\n.postbody h3.first {\r\n	/* The first post on the page uses this */\r\n	font-size: 1.7em;\r\n}\r\n\r\n.postbody h3 {\r\n	/* Postbody requires a different h3 format - so change it here */\r\n	font-size: 1.5em;\r\n	padding: 2px 0 0 0;\r\n	margin: 0 0 0.3em 0 !important;\r\n	text-transform: none;\r\n	border: none;\r\n	font-family: \"Trebuchet MS\", Verdana, Helvetica, Arial, sans-serif;\r\n	line-height: 125%;\r\n}\r\n\r\n.postbody h3 img {\r\n	/* Also see tweaks.css */\r\n	vertical-align: bottom;\r\n}\r\n\r\n.postbody .content {\r\n	font-size: 1.3em;\r\n}\r\n\r\n.search .postbody {\r\n	width: 68%\r\n}\r\n\r\n/* Topic review panel\r\n----------------------------------------*/\r\n#review {\r\n	margin-top: 2em;\r\n}\r\n\r\n#topicreview {\r\n	padding-right: 5px;\r\n	overflow: auto;\r\n	height: 300px;\r\n}\r\n\r\n#topicreview .postbody {\r\n	width: auto;\r\n	float: none;\r\n	margin: 0;\r\n	height: auto;\r\n}\r\n\r\n#topicreview .post {\r\n	height: auto;\r\n}\r\n\r\n#topicreview h2 {\r\n	border-bottom-width: 0;\r\n}\r\n\r\n.post-ignore .postbody {\r\n	display: none;\r\n}\r\n\r\n/* MCP Post details\r\n----------------------------------------*/\r\n#post_details\r\n{\r\n	/* This will only work in IE7+, plus the others */\r\n	overflow: auto;\r\n	max-height: 300px;\r\n}\r\n\r\n#expand\r\n{\r\n	clear: both;\r\n}\r\n\r\n/* Content container styles\r\n----------------------------------------*/\r\n.content {\r\n	min-height: 3em;\r\n	overflow: hidden;\r\n	line-height: 1.4em;\r\n	font-family: \"Lucida Grande\", \"Trebuchet MS\", Verdana, Helvetica, Arial, sans-serif;\r\n	font-size: 1em;\r\n	color: #333333;\r\n	padding-bottom: 1px;\r\n}\r\n\r\n.content h2, .panel h2 {\r\n	font-weight: normal;\r\n	color: #989898;\r\n	border-bottom: 1px solid #CCCCCC;\r\n	font-size: 1.6em;\r\n	margin-top: 0.5em;\r\n	margin-bottom: 0.5em;\r\n	padding-bottom: 0.5em;\r\n}\r\n\r\n.panel h3 {\r\n	margin: 0.5em 0;\r\n}\r\n\r\n.panel p {\r\n	font-size: 1.2em;\r\n	margin-bottom: 1em;\r\n	line-height: 1.4em;\r\n}\r\n\r\n.content p {\r\n	font-family: \"Lucida Grande\", \"Trebuchet MS\", Verdana, Helvetica, Arial, sans-serif;\r\n	font-size: 1.2em;\r\n	margin-bottom: 1em;\r\n	line-height: 1.4em;\r\n}\r\n\r\ndl.faq {\r\n	font-family: \"Lucida Grande\", Verdana, Helvetica, Arial, sans-serif;\r\n	font-size: 1.1em;\r\n	margin-top: 1em;\r\n	margin-bottom: 2em;\r\n	line-height: 1.4em;\r\n}\r\n\r\ndl.faq dt {\r\n	font-weight: bold;\r\n	color: #333333;\r\n}\r\n\r\n.content dl.faq {\r\n	font-size: 1.2em;\r\n	margin-bottom: 0.5em;\r\n}\r\n\r\n.content li {\r\n	list-style-type: inherit;\r\n}\r\n\r\n.content ul, .content ol {\r\n	margin-bottom: 1em;\r\n	margin-left: 3em;\r\n}\r\n\r\n.posthilit {\r\n	background-color: #f3f3f3;\r\n	color: #BCBCBC;\r\n	padding: 0 2px 1px 2px;\r\n}\r\n\r\n.announce, .unreadpost {\r\n	/* Highlight the announcements & unread posts box */\r\n	border-left-color: #BCBCBC;\r\n	border-right-color: #BCBCBC;\r\n}\r\n\r\n/* Post author */\r\np.author {\r\n	margin: 0 15em 0.6em 0;\r\n	padding: 0 0 5px 0;\r\n	font-family: Verdana, Helvetica, Arial, sans-serif;\r\n	font-size: 1em;\r\n	line-height: 1.2em;\r\n}\r\n\r\n/* Post signature */\r\n.signature {\r\n	margin-top: 1.5em;\r\n	padding-top: 0.2em;\r\n	font-size: 1.1em;\r\n	border-top: 1px solid #CCCCCC;\r\n	clear: left;\r\n	line-height: 140%;\r\n	overflow: hidden;\r\n	width: 100%;\r\n}\r\n\r\ndd .signature {\r\n	margin: 0;\r\n	padding: 0;\r\n	clear: none;\r\n	border: none;\r\n}\r\n\r\n.signature li {\r\n	list-style-type: inherit;\r\n}\r\n\r\n.signature ul, .signature ol {\r\n	margin-bottom: 1em;\r\n	margin-left: 3em;\r\n}\r\n\r\n/* Post noticies */\r\n.notice {\r\n	font-family: \"Lucida Grande\", Verdana, Helvetica, Arial, sans-serif;\r\n	width: auto;\r\n	margin-top: 1.5em;\r\n	padding-top: 0.2em;\r\n	font-size: 1em;\r\n	border-top: 1px dashed #CCCCCC;\r\n	clear: left;\r\n	line-height: 130%;\r\n}\r\n\r\n/* Jump to post link for now */\r\nul.searchresults {\r\n	list-style: none;\r\n	text-align: right;\r\n	clear: both;\r\n}\r\n\r\n/* BB Code styles\r\n----------------------------------------*/\r\n/* Quote block */\r\nblockquote {\r\n	background: #ebebeb none 6px 8px no-repeat;\r\n	border: 1px solid #dbdbdb;\r\n	font-size: 0.95em;\r\n	margin: 0.5em 1px 0 25px;\r\n	overflow: hidden;\r\n	padding: 5px;\r\n}\r\n\r\nblockquote blockquote {\r\n	/* Nested quotes */\r\n	background-color: #bababa;\r\n	font-size: 1em;\r\n	margin: 0.5em 1px 0 15px;	\r\n}\r\n\r\nblockquote blockquote blockquote {\r\n	/* Nested quotes */\r\n	background-color: #e4e4e4;\r\n}\r\n\r\nblockquote cite {\r\n	/* Username/source of quoter */\r\n	font-style: normal;\r\n	font-weight: bold;\r\n	margin-left: 20px;\r\n	display: block;\r\n	font-size: 0.9em;\r\n}\r\n\r\nblockquote cite cite {\r\n	font-size: 1em;\r\n}\r\n\r\nblockquote.uncited {\r\n	padding-top: 25px;\r\n}\r\n\r\n/* Code block */\r\ndl.codebox {\r\n	padding: 3px;\r\n	background-color: #FFFFFF;\r\n	border: 1px solid #d8d8d8;\r\n	font-size: 1em;\r\n}\r\n\r\ndl.codebox dt {\r\n	text-transform: uppercase;\r\n	border-bottom: 1px solid #CCCCCC;\r\n	margin-bottom: 3px;\r\n	font-size: 0.8em;\r\n	font-weight: bold;\r\n	display: block;\r\n}\r\n\r\nblockquote dl.codebox {\r\n	margin-left: 0;\r\n}\r\n\r\ndl.codebox code {\r\n	/* Also see tweaks.css */\r\n	overflow: auto;\r\n	display: block;\r\n	height: auto;\r\n	max-height: 200px;\r\n	white-space: normal;\r\n	padding-top: 5px;\r\n	font: 0.9em Monaco, \"Andale Mono\",\"Courier New\", Courier, mono;\r\n	line-height: 1.3em;\r\n	color: #8b8b8b;\r\n	margin: 2px 0;\r\n}\r\n\r\n.syntaxbg		{ color: #FFFFFF; }\r\n.syntaxcomment	{ color: #000000; }\r\n.syntaxdefault	{ color: #bcbcbc; }\r\n.syntaxhtml		{ color: #000000; }\r\n.syntaxkeyword	{ color: #585858; }\r\n.syntaxstring	{ color: #a7a7a7; }\r\n\r\n/* Attachments\r\n----------------------------------------*/\r\n.attachbox {\r\n	float: left;\r\n	width: auto; \r\n	margin: 5px 5px 5px 0;\r\n	padding: 6px;\r\n	background-color: #FFFFFF;\r\n	border: 1px dashed #d8d8d8;\r\n	clear: left;\r\n}\r\n\r\n.pm-message .attachbox {\r\n	background-color: #f3f3f3;\r\n}\r\n\r\n.attachbox dt {\r\n	font-family: Arial, Helvetica, sans-serif;\r\n	text-transform: uppercase;\r\n}\r\n\r\n.attachbox dd {\r\n	margin-top: 4px;\r\n	padding-top: 4px;\r\n	clear: left;\r\n	border-top: 1px solid #d8d8d8;\r\n}\r\n\r\n.attachbox dd dd {\r\n	border: none;\r\n}\r\n\r\n.attachbox p {\r\n	line-height: 110%;\r\n	color: #666666;\r\n	font-weight: normal;\r\n	clear: left;\r\n}\r\n\r\n.attachbox p.stats\r\n{\r\n	line-height: 110%;\r\n	color: #666666;\r\n	font-weight: normal;\r\n	clear: left;\r\n}\r\n\r\n.attach-image {\r\n	margin: 3px 0;\r\n	width: 100%;\r\n	max-height: 350px;\r\n	overflow: auto;\r\n}\r\n\r\n.attach-image img {\r\n	border: 1px solid #999999;\r\n/*	cursor: move; */\r\n	cursor: default;\r\n}\r\n\r\n/* Inline image thumbnails */\r\ndiv.inline-attachment dl.thumbnail, div.inline-attachment dl.file {\r\n	display: block;\r\n	margin-bottom: 4px;\r\n}\r\n\r\ndiv.inline-attachment p {\r\n	font-size: 100%;\r\n}\r\n\r\ndl.file {\r\n	font-family: Verdana, Arial, Helvetica, sans-serif;\r\n	display: block;\r\n}\r\n\r\ndl.file dt {\r\n	text-transform: none;\r\n	margin: 0;\r\n	padding: 0;\r\n	font-weight: bold;\r\n	font-family: Verdana, Arial, Helvetica, sans-serif;\r\n}\r\n\r\ndl.file dd {\r\n	color: #666666;\r\n	margin: 0;\r\n	padding: 0;	\r\n}\r\n\r\ndl.thumbnail img {\r\n	padding: 3px;\r\n	border: 1px solid #666666;\r\n	background-color: #FFF;\r\n}\r\n\r\ndl.thumbnail dd {\r\n	color: #666666;\r\n	font-style: italic;\r\n	font-family: Verdana, Arial, Helvetica, sans-serif;\r\n}\r\n\r\n.attachbox dl.thumbnail dd {\r\n	font-size: 100%;\r\n}\r\n\r\ndl.thumbnail dt a:hover {\r\n	background-color: #EEEEEE;\r\n}\r\n\r\ndl.thumbnail dt a:hover img {\r\n	border: 1px solid #d2d2d2;\r\n}\r\n\r\n/* Post poll styles\r\n----------------------------------------*/\r\nfieldset.polls {\r\n	font-family: \"Trebuchet MS\", Verdana, Helvetica, Arial, sans-serif;\r\n}\r\n\r\nfieldset.polls dl {\r\n	margin-top: 5px;\r\n	border-top: 1px solid #e2e2e2;\r\n	padding: 5px 0 0 0;\r\n	line-height: 120%;\r\n	color: #666666;\r\n}\r\n\r\nfieldset.polls dl.voted {\r\n	font-weight: bold;\r\n	color: #000000;\r\n}\r\n\r\nfieldset.polls dt {\r\n	text-align: left;\r\n	float: left;\r\n	display: block;\r\n	width: 30%;\r\n	border-right: none;\r\n	padding: 0;\r\n	margin: 0;\r\n	font-size: 1.1em;\r\n}\r\n\r\nfieldset.polls dd {\r\n	float: left;\r\n	width: 10%;\r\n	border-left: none;\r\n	padding: 0 5px;\r\n	margin-left: 0;\r\n	font-size: 1.1em;\r\n}\r\n\r\nfieldset.polls dd.resultbar {\r\n	width: 50%;\r\n}\r\n\r\nfieldset.polls dd input {\r\n	margin: 2px 0;\r\n}\r\n\r\nfieldset.polls dd div {\r\n	text-align: right;\r\n	font-family: Arial, Helvetica, sans-serif;\r\n	color: #FFFFFF;\r\n	font-weight: bold;\r\n	padding: 0 2px;\r\n	overflow: visible;\r\n	min-width: 2%;\r\n}\r\n\r\n.pollbar1 {\r\n	background-color: #aaaaaa;\r\n	border-bottom: 1px solid #747474;\r\n	border-right: 1px solid #747474;\r\n}\r\n\r\n.pollbar2 {\r\n	background-color: #bebebe;\r\n	border-bottom: 1px solid #8c8c8c;\r\n	border-right: 1px solid #8c8c8c;\r\n}\r\n\r\n.pollbar3 {\r\n	background-color: #D1D1D1;\r\n	border-bottom: 1px solid #aaaaaa;\r\n	border-right: 1px solid #aaaaaa;\r\n}\r\n\r\n.pollbar4 {\r\n	background-color: #e4e4e4;\r\n	border-bottom: 1px solid #bebebe;\r\n	border-right: 1px solid #bebebe;\r\n}\r\n\r\n.pollbar5 {\r\n	background-color: #f8f8f8;\r\n	border-bottom: 1px solid #D1D1D1;\r\n	border-right: 1px solid #D1D1D1;\r\n}\r\n\r\n/* Poster profile block\r\n----------------------------------------*/\r\n.postprofile {\r\n	/* Also see tweaks.css */\r\n	margin: 5px 0 10px 0;\r\n	min-height: 80px;\r\n	color: #666666;\r\n	border-left: 1px solid #FFFFFF;\r\n	width: 22%;\r\n	float: right;\r\n	display: inline;\r\n}\r\n.pm .postprofile {\r\n	border-left: 1px solid #DDDDDD;\r\n}\r\n\r\n.postprofile dd, .postprofile dt {\r\n	line-height: 1.2em;\r\n	margin-left: 8px;\r\n}\r\n\r\n.postprofile strong {\r\n	font-weight: normal;\r\n	color: #000000;\r\n}\r\n\r\n.avatar {\r\n	border: none;\r\n	margin-bottom: 3px;\r\n}\r\n\r\n.online {\r\n	background-image: none;\r\n	background-position: 100% 0;\r\n	background-repeat: no-repeat;\r\n}\r\n\r\n/* Poster profile used by search*/\r\n.search .postprofile {\r\n	width: 30%;\r\n}\r\n\r\n/* pm list in compose message if mass pm is enabled */\r\ndl.pmlist dt {\r\n	width: 60% !important;\r\n}\r\n\r\ndl.pmlist dt textarea {\r\n	width: 95%;\r\n}\r\n\r\ndl.pmlist dd {\r\n	margin-left: 61% !important;\r\n	margin-bottom: 2px;\r\n}\r\n/* proSilver Button Styles\r\n---------------------------------------- */\r\n\r\n/* Rollover buttons\r\n   Based on: http://wellstyled.com/css-nopreload-rollovers.html\r\n----------------------------------------*/\r\n.buttons {\r\n	float: left;\r\n	width: auto;\r\n	height: auto;\r\n}\r\n\r\n/* Rollover state */\r\n.buttons div {\r\n	float: left;\r\n	margin: 0 5px 0 0;\r\n	background-position: 0 100%;\r\n}\r\n\r\n/* Rolloff state */\r\n.buttons div a {\r\n	display: block;\r\n	width: 100%;\r\n	height: 100%;\r\n	background-position: 0 0;\r\n	position: relative;\r\n	overflow: hidden;\r\n}\r\n\r\n/* Hide <a> text and hide off-state image when rolling over (prevents flicker in IE) */\r\n/*.buttons div span		{ display: none; }*/\r\n/*.buttons div a:hover	{ background-image: none; }*/\r\n.buttons div span			{ position: absolute; width: 100%; height: 100%; cursor: pointer;}\r\n.buttons div a:hover span	{ background-position: 0 100%; }\r\n\r\n/* Big button images */\r\n.reply-icon span	{ background: transparent none 0 0 no-repeat; }\r\n.post-icon span		{ background: transparent none 0 0 no-repeat; }\r\n.locked-icon span	{ background: transparent none 0 0 no-repeat; }\r\n.pmreply-icon span	{ background: none 0 0 no-repeat; }\r\n.newpm-icon span 	{ background: none 0 0 no-repeat; }\r\n.forwardpm-icon span 	{ background: none 0 0 no-repeat; }\r\n\r\n/* Set big button dimensions */\r\n.buttons div.reply-icon		{ width: {IMG_BUTTON_TOPIC_REPLY_WIDTH}px; height: {IMG_BUTTON_TOPIC_REPLY_HEIGHT}px; }\r\n.buttons div.post-icon		{ width: {IMG_BUTTON_TOPIC_NEW_WIDTH}px; height: {IMG_BUTTON_TOPIC_NEW_HEIGHT}px; }\r\n.buttons div.locked-icon	{ width: {IMG_BUTTON_TOPIC_LOCKED_WIDTH}px; height: {IMG_BUTTON_TOPIC_LOCKED_HEIGHT}px; }\r\n.buttons div.pmreply-icon	{ width: {IMG_BUTTON_PM_REPLY_WIDTH}px; height: {IMG_BUTTON_PM_REPLY_HEIGHT}px; }\r\n.buttons div.newpm-icon		{ width: {IMG_BUTTON_PM_NEW_WIDTH}px; height: {IMG_BUTTON_PM_NEW_HEIGHT}px; }\r\n.buttons div.forwardpm-icon	{ width: {IMG_BUTTON_PM_FORWARD_WIDTH}px; height: {IMG_BUTTON_PM_FORWARD_HEIGHT}px; }\r\n\r\n/* Sub-header (navigation bar)\r\n--------------------------------------------- */\r\na.print, a.sendemail, a.fontsize {\r\n	display: block;\r\n	overflow: hidden;\r\n	height: 18px;\r\n	text-indent: -5000px;\r\n	text-align: left;\r\n	background-repeat: no-repeat;\r\n}\r\n\r\na.print {\r\n	background-image: none;\r\n	width: 22px;\r\n}\r\n\r\na.sendemail {\r\n	background-image: none;\r\n	width: 22px;\r\n}\r\n\r\na.fontsize {\r\n	background-image: none;\r\n	background-position: 0 -1px;\r\n	width: 29px;\r\n}\r\n\r\na.fontsize:hover {\r\n	background-position: 0 -20px;\r\n	text-decoration: none;\r\n}\r\n\r\n/* Icon images\r\n---------------------------------------- */\r\n.sitehome, .icon-faq, .icon-members, .icon-home, .icon-ucp, .icon-register, .icon-logout,\r\n.icon-bookmark, .icon-bump, .icon-subscribe, .icon-unsubscribe, .icon-pages, .icon-search {\r\n	background-position: 0 50%;\r\n	background-repeat: no-repeat;\r\n	background-image: none;\r\n	padding: 1px 0 0 17px;\r\n}\r\n\r\n/* Poster profile icons\r\n----------------------------------------*/\r\nul.profile-icons {\r\n	padding-top: 10px;\r\n	list-style: none;\r\n}\r\n\r\n/* Rollover state */\r\nul.profile-icons li {\r\n	float: left;\r\n	margin: 0 6px 3px 0;\r\n	background-position: 0 100%;\r\n}\r\n\r\n/* Rolloff state */\r\nul.profile-icons li a {\r\n	display: block;\r\n	width: 100%;\r\n	height: 100%;\r\n	background-position: 0 0;\r\n}\r\n\r\n/* Hide <a> text and hide off-state image when rolling over (prevents flicker in IE) */\r\nul.profile-icons li span { display:none; }\r\nul.profile-icons li a:hover { background: none; }\r\n\r\n/* Positioning of moderator icons */\r\n.postbody ul.profile-icons {\r\n	float: right;\r\n	width: auto;\r\n	padding: 0;\r\n}\r\n\r\n.postbody ul.profile-icons li {\r\n	margin: 0 3px;\r\n}\r\n\r\n/* Profile & navigation icons */\r\n.email-icon, .email-icon a		{ background: none top left no-repeat; }\r\n.aim-icon, .aim-icon a			{ background: none top left no-repeat; }\r\n.yahoo-icon, .yahoo-icon a		{ background: none top left no-repeat; }\r\n.web-icon, .web-icon a			{ background: none top left no-repeat; }\r\n.msnm-icon, .msnm-icon a			{ background: none top left no-repeat; }\r\n.icq-icon, .icq-icon a			{ background: none top left no-repeat; }\r\n.jabber-icon, .jabber-icon a		{ background: none top left no-repeat; }\r\n.pm-icon, .pm-icon a				{ background: none top left no-repeat; }\r\n.quote-icon, .quote-icon a		{ background: none top left no-repeat; }\r\n\r\n/* Moderator icons */\r\n.report-icon, .report-icon a		{ background: none top left no-repeat; }\r\n.warn-icon, .warn-icon a			{ background: none top left no-repeat; }\r\n.edit-icon, .edit-icon a			{ background: none top left no-repeat; }\r\n.delete-icon, .delete-icon a		{ background: none top left no-repeat; }\r\n.info-icon, .info-icon a			{ background: none top left no-repeat; }\r\n\r\n/* Set profile icon dimensions */\r\nul.profile-icons li.email-icon		{ width: {IMG_ICON_CONTACT_EMAIL_WIDTH}px; height: {IMG_ICON_CONTACT_EMAIL_HEIGHT}px; }\r\nul.profile-icons li.aim-icon	{ width: {IMG_ICON_CONTACT_AIM_WIDTH}px; height: {IMG_ICON_CONTACT_AIM_HEIGHT}px; }\r\nul.profile-icons li.yahoo-icon	{ width: {IMG_ICON_CONTACT_YAHOO_WIDTH}px; height: {IMG_ICON_CONTACT_YAHOO_HEIGHT}px; }\r\nul.profile-icons li.web-icon	{ width: {IMG_ICON_CONTACT_WWW_WIDTH}px; height: {IMG_ICON_CONTACT_WWW_HEIGHT}px; }\r\nul.profile-icons li.msnm-icon	{ width: {IMG_ICON_CONTACT_MSNM_WIDTH}px; height: {IMG_ICON_CONTACT_MSNM_HEIGHT}px; }\r\nul.profile-icons li.icq-icon	{ width: {IMG_ICON_CONTACT_ICQ_WIDTH}px; height: {IMG_ICON_CONTACT_ICQ_HEIGHT}px; }\r\nul.profile-icons li.jabber-icon	{ width: {IMG_ICON_CONTACT_JABBER_WIDTH}px; height: {IMG_ICON_CONTACT_JABBER_HEIGHT}px; }\r\nul.profile-icons li.pm-icon		{ width: {IMG_ICON_CONTACT_PM_WIDTH}px; height: {IMG_ICON_CONTACT_PM_HEIGHT}px; }\r\nul.profile-icons li.quote-icon	{ width: {IMG_ICON_POST_QUOTE_WIDTH}px; height: {IMG_ICON_POST_QUOTE_HEIGHT}px; }\r\nul.profile-icons li.report-icon	{ width: {IMG_ICON_POST_REPORT_WIDTH}px; height: {IMG_ICON_POST_REPORT_HEIGHT}px; }\r\nul.profile-icons li.edit-icon	{ width: {IMG_ICON_POST_EDIT_WIDTH}px; height: {IMG_ICON_POST_EDIT_HEIGHT}px; }\r\nul.profile-icons li.delete-icon	{ width: {IMG_ICON_POST_DELETE_WIDTH}px; height: {IMG_ICON_POST_DELETE_HEIGHT}px; }\r\nul.profile-icons li.info-icon	{ width: {IMG_ICON_POST_INFO_WIDTH}px; height: {IMG_ICON_POST_INFO_HEIGHT}px; }\r\nul.profile-icons li.warn-icon	{ width: {IMG_ICON_USER_WARN_WIDTH}px; height: {IMG_ICON_USER_WARN_HEIGHT}px; }\r\n\r\n/* Fix profile icon default margins */\r\nul.profile-icons li.edit-icon	{ margin: 0 0 0 3px; }\r\nul.profile-icons li.quote-icon	{ margin: 0 0 0 10px; }\r\nul.profile-icons li.info-icon, ul.profile-icons li.report-icon	{ margin: 0 3px 0 0; }\r\n/* proSilver Control Panel Styles\r\n---------------------------------------- */\r\n\r\n\r\n/* Main CP box\r\n----------------------------------------*/\r\n#cp-menu {\r\n	float:left;\r\n	width: 19%;\r\n	margin-top: 1em;\r\n	margin-bottom: 5px;\r\n}\r\n\r\n#cp-main {\r\n	float: left;\r\n	width: 81%;\r\n}\r\n\r\n#cp-main .content {\r\n	padding: 0;\r\n}\r\n\r\n#cp-main h3, #cp-main hr, #cp-menu hr {\r\n	border-color: #bfbfbf;\r\n}\r\n\r\n#cp-main .panel p {\r\n	font-size: 1.1em;\r\n}\r\n\r\n#cp-main .panel ol {\r\n	margin-left: 2em;\r\n	font-size: 1.1em;\r\n}\r\n\r\n#cp-main .panel li.row {\r\n	border-bottom: 1px solid #cbcbcb;\r\n	border-top: 1px solid #F9F9F9;\r\n}\r\n\r\nul.cplist {\r\n	margin-bottom: 5px;\r\n	border-top: 1px solid #cbcbcb;\r\n}\r\n\r\n#cp-main .panel li.header dd, #cp-main .panel li.header dt {\r\n	color: #000000;\r\n	margin-bottom: 2px;\r\n}\r\n\r\n#cp-main table.table1 {\r\n	margin-bottom: 1em;\r\n}\r\n\r\n#cp-main table.table1 thead th {\r\n	color: #333333;\r\n	font-weight: bold;\r\n	border-bottom: 1px solid #333333;\r\n	padding: 5px;\r\n}\r\n\r\n#cp-main table.table1 tbody th {\r\n	font-style: italic;\r\n	background-color: transparent !important;\r\n	border-bottom: none;\r\n}\r\n\r\n#cp-main .pagination {\r\n	float: right;\r\n	width: auto;\r\n	padding-top: 1px;\r\n}\r\n\r\n#cp-main .postbody p {\r\n	font-size: 1.1em;\r\n}\r\n\r\n#cp-main .pm-message {\r\n	border: 1px solid #e2e2e2;\r\n	margin: 10px 0;\r\n	background-color: #FFFFFF;\r\n	width: auto;\r\n	float: none;\r\n}\r\n\r\n.pm-message h2 {\r\n	padding-bottom: 5px;\r\n}\r\n\r\n#cp-main .postbody h3, #cp-main .box2 h3 {\r\n	margin-top: 0;\r\n}\r\n\r\n#cp-main .buttons {\r\n	margin-left: 0;\r\n}\r\n\r\n#cp-main ul.linklist {\r\n	margin: 0;\r\n}\r\n\r\n/* MCP Specific tweaks */\r\n.mcp-main .postbody {\r\n	width: 100%;\r\n}\r\n\r\n/* CP tabbed menu\r\n----------------------------------------*/\r\n#tabs {\r\n	line-height: normal;\r\n	margin: 20px 0 -1px 7px;\r\n	min-width: 570px;\r\n}\r\n\r\n#tabs ul {\r\n	margin:0;\r\n	padding: 0;\r\n	list-style: none;\r\n}\r\n\r\n#tabs li {\r\n	display: inline;\r\n	margin: 0;\r\n	padding: 0;\r\n	font-size: 1em;\r\n	font-weight: bold;\r\n}\r\n\r\n#tabs a {\r\n	float: left;\r\n	background: none no-repeat 0% -35px;\r\n	margin: 0 1px 0 0;\r\n	padding: 0 0 0 5px;\r\n	text-decoration: none;\r\n	position: relative;\r\n	cursor: pointer;\r\n}\r\n\r\n#tabs a span {\r\n	float: left;\r\n	display: block;\r\n	background: none no-repeat 100% -35px;\r\n	padding: 6px 10px 6px 5px;\r\n	color: #828282;\r\n	white-space: nowrap;\r\n}\r\n\r\n#tabs a:hover span {\r\n	color: #bcbcbc;\r\n}\r\n\r\n#tabs .activetab a {\r\n	background-position: 0 0;\r\n	border-bottom: 1px solid #ebebeb;\r\n}\r\n\r\n#tabs .activetab a span {\r\n	background-position: 100% 0;\r\n	padding-bottom: 7px;\r\n	color: #333333;\r\n}\r\n\r\n#tabs a:hover {\r\n	background-position: 0 -70px;\r\n}\r\n\r\n#tabs a:hover span {\r\n	background-position:100% -70px;\r\n}\r\n\r\n#tabs .activetab a:hover {\r\n	background-position: 0 0;\r\n}\r\n\r\n#tabs .activetab a:hover span {\r\n	color: #000000;\r\n	background-position: 100% 0;\r\n}\r\n\r\n/* Mini tabbed menu used in MCP\r\n----------------------------------------*/\r\n#minitabs {\r\n	line-height: normal;\r\n	margin: -20px 7px 0 0;\r\n}\r\n\r\n#minitabs ul {\r\n	margin:0;\r\n	padding: 0;\r\n	list-style: none;\r\n}\r\n\r\n#minitabs li {\r\n	display: block;\r\n	float: right;\r\n	padding: 0 10px 4px 10px;\r\n	font-size: 1em;\r\n	font-weight: bold;\r\n	background-color: #f2f2f2;\r\n	margin-left: 2px;\r\n}\r\n\r\n#minitabs a {\r\n}\r\n\r\n#minitabs a:hover {\r\n	text-decoration: none;\r\n}\r\n\r\n#minitabs li.activetab {\r\n	background-color: #F9F9F9;\r\n}\r\n\r\n#minitabs li.activetab a, #minitabs li.activetab a:hover {\r\n	color: #333333;\r\n}\r\n\r\n/* UCP navigation menu\r\n----------------------------------------*/\r\n/* Container for sub-navigation list */\r\n#navigation {\r\n	width: 100%;\r\n	padding-top: 36px;\r\n}\r\n\r\n#navigation ul {\r\n	list-style:none;\r\n}\r\n\r\n/* Default list state */\r\n#navigation li {\r\n	margin: 1px 0;\r\n	padding: 0;\r\n	font-weight: bold;\r\n	display: inline;\r\n}\r\n\r\n/* Link styles for the sub-section links */\r\n#navigation a {\r\n	display: block;\r\n	padding: 5px;\r\n	margin: 1px 0;\r\n	text-decoration: none;\r\n	font-weight: bold;\r\n	color: #333;\r\n	background: #cfcfcf none repeat-y 100% 0;\r\n}\r\n\r\n#navigation a:hover {\r\n	text-decoration: none;\r\n	background-color: #c6c6c6;\r\n	color: #bcbcbc;\r\n	background-image: none;\r\n}\r\n\r\n#navigation #active-subsection a {\r\n	display: block;\r\n	color: #d3d3d3;\r\n	background-color: #F9F9F9;\r\n	background-image: none;\r\n}\r\n\r\n#navigation #active-subsection a:hover {\r\n	color: #d3d3d3;\r\n}\r\n\r\n/* Preferences pane layout\r\n----------------------------------------*/\r\n#cp-main h2 {\r\n	border-bottom: none;\r\n	padding: 0;\r\n	margin-left: 10px;\r\n	color: #333333;\r\n}\r\n\r\n#cp-main .panel {\r\n	background-color: #F9F9F9;\r\n}\r\n\r\n#cp-main .pm {\r\n	background-color: #FFFFFF;\r\n}\r\n\r\n#cp-main span.corners-top, #cp-menu span.corners-top {\r\n	background-image: none;\r\n}\r\n\r\n#cp-main span.corners-top span, #cp-menu span.corners-top span {\r\n	background-image: none;\r\n}\r\n\r\n#cp-main span.corners-bottom, #cp-menu span.corners-bottom {\r\n	background-image: none;\r\n}\r\n\r\n#cp-main span.corners-bottom span, #cp-menu span.corners-bottom span {\r\n	background-image: none;\r\n}\r\n\r\n/* Topicreview */\r\n#cp-main .panel #topicreview span.corners-top, #cp-menu .panel #topicreview span.corners-top {\r\n	background-image: none;\r\n}\r\n\r\n#cp-main .panel #topicreview span.corners-top span, #cp-menu .panel #topicreview span.corners-top span {\r\n	background-image: none;\r\n}\r\n\r\n#cp-main .panel #topicreview span.corners-bottom, #cp-menu .panel #topicreview span.corners-bottom {\r\n	background-image: none;\r\n}\r\n\r\n#cp-main .panel #topicreview span.corners-bottom span, #cp-menu .panel #topicreview span.corners-bottom span {\r\n	background-image: none;\r\n}\r\n\r\n/* Friends list */\r\n.cp-mini {\r\n	background-color: #f9f9f9;\r\n	padding: 0 5px;\r\n	margin: 10px 15px 10px 5px;\r\n}\r\n\r\n.cp-mini span.corners-top, .cp-mini span.corners-bottom {\r\n	margin: 0 -5px;\r\n}\r\n\r\ndl.mini dt {\r\n	font-weight: bold;\r\n	color: #676767;\r\n}\r\n\r\ndl.mini dd {\r\n	padding-top: 4px;\r\n}\r\n\r\n.friend-online {\r\n	font-weight: bold;\r\n}\r\n\r\n.friend-offline {\r\n	font-style: italic;\r\n}\r\n\r\n/* PM Styles\r\n----------------------------------------*/\r\n#pm-menu {\r\n	line-height: 2.5em;\r\n}\r\n\r\n/* PM panel adjustments */\r\n.pm-panel-header {\r\n	margin: 0; \r\n	padding-bottom: 10px; \r\n	border-bottom: 1px dashed #A4B3BF;\r\n}\r\n\r\n.reply-all {\r\n	display: block; \r\n	padding-top: 4px; \r\n	clear: both;\r\n	float: left;\r\n}\r\n\r\n.pm-panel-message {\r\n	padding-top: 10px;\r\n}\r\n\r\n.pm-return-to {\r\n	padding-top: 23px;\r\n}\r\n\r\n#cp-main .pm-message-nav {\r\n	margin: 0; \r\n	padding: 2px 10px 5px 10px; \r\n	border-bottom: 1px dashed #A4B3BF;\r\n}\r\n\r\n/* PM Message history */\r\n.current {\r\n	color: #999999;\r\n}\r\n\r\n/* Defined rules list for PM options */\r\nol.def-rules {\r\n	padding-left: 0;\r\n}\r\n\r\nol.def-rules li {\r\n	line-height: 180%;\r\n	padding: 1px;\r\n}\r\n\r\n/* PM marking colours */\r\n.pmlist li.bg1 {\r\n	padding: 0 3px;\r\n}\r\n\r\n.pmlist li.bg2 {\r\n	padding: 0 3px;\r\n}\r\n\r\n.pmlist li.pm_message_reported_colour, .pm_message_reported_colour {\r\n	border-left-color: #bcbcbc;\r\n	border-right-color: #bcbcbc;\r\n}\r\n\r\n.pmlist li.pm_marked_colour, .pm_marked_colour {\r\n	padding: 0;\r\n	border: solid 3px #ffffff;\r\n	border-width: 0 3px;\r\n}\r\n\r\n.pmlist li.pm_replied_colour, .pm_replied_colour {\r\n	padding: 0;\r\n	border: solid 3px #c2c2c2;\r\n	border-width: 0 3px;\r\n}\r\n\r\n.pmlist li.pm_friend_colour, .pm_friend_colour {\r\n	padding: 0;\r\n	border: solid 3px #bdbdbd;\r\n	border-width: 0 3px;\r\n}\r\n\r\n.pmlist li.pm_foe_colour, .pm_foe_colour {\r\n	padding: 0;\r\n	border: solid 3px #000000;\r\n	border-width: 0 3px;\r\n}\r\n\r\n.pm-legend {\r\n	border-left-width: 10px;\r\n	border-left-style: solid;\r\n	border-right-width: 0;\r\n	margin-bottom: 3px;\r\n	padding-left: 3px;\r\n}\r\n\r\n/* Avatar gallery */\r\n#gallery label {\r\n	position: relative;\r\n	float: left;\r\n	margin: 10px;\r\n	padding: 5px;\r\n	width: auto;\r\n	background: #FFFFFF;\r\n	border: 1px solid #CCC;\r\n	text-align: center;\r\n}\r\n\r\n#gallery label:hover {\r\n	background-color: #EEE;\r\n}\r\n/* proSilver Form Styles\r\n---------------------------------------- */\r\n\r\n/* General form styles\r\n----------------------------------------*/\r\nfieldset {\r\n	border-width: 0;\r\n	font-family: Verdana, Helvetica, Arial, sans-serif;\r\n	font-size: 1.1em;\r\n}\r\n\r\ninput {\r\n	font-weight: normal;\r\n	cursor: pointer;\r\n	vertical-align: middle;\r\n	padding: 0 3px;\r\n	font-size: 1em;\r\n	font-family: Verdana, Helvetica, Arial, sans-serif;\r\n}\r\n\r\nselect {\r\n	font-family: Verdana, Helvetica, Arial, sans-serif;\r\n	font-weight: normal;\r\n	cursor: pointer;\r\n	vertical-align: middle;\r\n	border: 1px solid #666666;\r\n	padding: 1px;\r\n	background-color: #FAFAFA;\r\n}\r\n\r\noption {\r\n	padding-right: 1em;\r\n}\r\n\r\noption.disabled-option {\r\n	color: graytext;\r\n}\r\n\r\ntextarea {\r\n	font-family: \"Lucida Grande\", Verdana, Helvetica, Arial, sans-serif;\r\n	width: 60%;\r\n	padding: 2px;\r\n	font-size: 1em;\r\n	line-height: 1.4em;\r\n}\r\n\r\nlabel {\r\n	cursor: default;\r\n	padding-right: 5px;\r\n	color: #676767;\r\n}\r\n\r\nlabel input {\r\n	vertical-align: middle;\r\n}\r\n\r\nlabel img {\r\n	vertical-align: middle;\r\n}\r\n\r\n/* Definition list layout for forms\r\n---------------------------------------- */\r\nfieldset dl {\r\n	padding: 4px 0;\r\n}\r\n\r\nfieldset dt {\r\n	float: left;	\r\n	width: 40%;\r\n	text-align: left;\r\n	display: block;\r\n}\r\n\r\nfieldset dd {\r\n	margin-left: 41%;\r\n	vertical-align: top;\r\n	margin-bottom: 3px;\r\n}\r\n\r\n/* Specific layout 1 */\r\nfieldset.fields1 dt {\r\n	width: 15em;\r\n	border-right-width: 0;\r\n}\r\n\r\nfieldset.fields1 dd {\r\n	margin-left: 15em;\r\n	border-left-width: 0;\r\n}\r\n\r\nfieldset.fields1 {\r\n	background-color: transparent;\r\n}\r\n\r\nfieldset.fields1 div {\r\n	margin-bottom: 3px;\r\n}\r\n\r\n/* Set it back to 0px for the reCaptcha divs: PHPBB3-9587 */\r\nfieldset.fields1 #recaptcha_widget_div div {\r\n	margin-bottom: 0;\r\n}\r\n\r\n/* Specific layout 2 */\r\nfieldset.fields2 dt {\r\n	width: 15em;\r\n	border-right-width: 0;\r\n}\r\n\r\nfieldset.fields2 dd {\r\n	margin-left: 16em;\r\n	border-left-width: 0;\r\n}\r\n\r\n/* Form elements */\r\ndt label {\r\n	font-weight: bold;\r\n	text-align: left;\r\n}\r\n\r\ndd label {\r\n	white-space: nowrap;\r\n	color: #333;\r\n}\r\n\r\ndd input, dd textarea {\r\n	margin-right: 3px;\r\n}\r\n\r\ndd select {\r\n	width: auto;\r\n}\r\n\r\ndd textarea {\r\n	width: 85%;\r\n}\r\n\r\n/* Hover effects */\r\nfieldset dl:hover dt label {\r\n	color: #000000;\r\n}\r\n\r\nfieldset.fields2 dl:hover dt label {\r\n	color: inherit;\r\n}\r\n\r\n#timezone {\r\n	width: 95%;\r\n}\r\n\r\n* html #timezone {\r\n	width: 50%;\r\n}\r\n\r\n/* Quick-login on index page */\r\nfieldset.quick-login {\r\n	margin-top: 5px;\r\n}\r\n\r\nfieldset.quick-login input {\r\n	width: auto;\r\n}\r\n\r\nfieldset.quick-login input.inputbox {\r\n	width: 15%;\r\n	vertical-align: middle;\r\n	margin-right: 5px;\r\n	background-color: #f3f3f3;\r\n}\r\n\r\nfieldset.quick-login label {\r\n	white-space: nowrap;\r\n	padding-right: 2px;\r\n}\r\n\r\n/* Display options on viewtopic/viewforum pages  */\r\nfieldset.display-options {\r\n	text-align: center;\r\n	margin: 3px 0 5px 0;\r\n}\r\n\r\nfieldset.display-options label {\r\n	white-space: nowrap;\r\n	padding-right: 2px;\r\n}\r\n\r\nfieldset.display-options a {\r\n	margin-top: 3px;\r\n}\r\n\r\n/* Display actions for ucp and mcp pages */\r\nfieldset.display-actions {\r\n	text-align: right;\r\n	line-height: 2em;\r\n	white-space: nowrap;\r\n	padding-right: 1em;\r\n}\r\n\r\nfieldset.display-actions label {\r\n	white-space: nowrap;\r\n	padding-right: 2px;\r\n}\r\n\r\nfieldset.sort-options {\r\n	line-height: 2em;\r\n}\r\n\r\n/* MCP forum selection*/\r\nfieldset.forum-selection {\r\n	margin: 5px 0 3px 0;\r\n	float: right;\r\n}\r\n\r\nfieldset.forum-selection2 {\r\n	margin: 13px 0 3px 0;\r\n	float: right;\r\n}\r\n\r\n/* Jumpbox */\r\nfieldset.jumpbox {\r\n	text-align: right;\r\n	margin-top: 15px;\r\n	height: 2.5em;\r\n}\r\n\r\nfieldset.quickmod {\r\n	width: 50%;\r\n	float: right;\r\n	text-align: right;\r\n	height: 2.5em;\r\n}\r\n\r\n/* Submit button fieldset */\r\nfieldset.submit-buttons {\r\n	text-align: center;\r\n	vertical-align: middle;\r\n	margin: 5px 0;\r\n}\r\n\r\nfieldset.submit-buttons input {\r\n	vertical-align: middle;\r\n	padding-top: 3px;\r\n	padding-bottom: 3px;\r\n}\r\n\r\n/* Posting page styles\r\n----------------------------------------*/\r\n\r\n/* Buttons used in the editor */\r\n#format-buttons {\r\n	margin: 15px 0 2px 0;\r\n}\r\n\r\n#format-buttons input, #format-buttons select {\r\n	vertical-align: middle;\r\n}\r\n\r\n/* Main message box */\r\n#message-box {\r\n	width: 80%;\r\n}\r\n\r\n#message-box textarea {\r\n	font-family: \"Trebuchet MS\", Verdana, Helvetica, Arial, sans-serif;\r\n	width: 450px;\r\n	height: 270px;\r\n	min-width: 100%;\r\n	max-width: 100%;\r\n	font-size: 1.2em;\r\n	color: #333333;\r\n}\r\n\r\n/* Emoticons panel */\r\n#smiley-box {\r\n	width: 18%;\r\n	float: right;\r\n}\r\n\r\n#smiley-box img {\r\n	margin: 3px;\r\n}\r\n\r\n/* Input field styles\r\n---------------------------------------- */\r\n.inputbox {\r\n	background-color: #FFFFFF;\r\n	border: 1px solid #c0c0c0;\r\n	color: #333333;\r\n	padding: 2px;\r\n	cursor: text;\r\n}\r\n\r\n.inputbox:hover {\r\n	border: 1px solid #eaeaea;\r\n}\r\n\r\n.inputbox:focus {\r\n	border: 1px solid #eaeaea;\r\n	color: #4b4b4b;\r\n}\r\n\r\ninput.inputbox	{ width: 85%; }\r\ninput.medium	{ width: 50%; }\r\ninput.narrow	{ width: 25%; }\r\ninput.tiny		{ width: 125px; }\r\n\r\ntextarea.inputbox {\r\n	width: 85%;\r\n}\r\n\r\n.autowidth {\r\n	width: auto !important;\r\n}\r\n\r\n/* Form button styles\r\n---------------------------------------- */\r\ninput.button1, input.button2 {\r\n	font-size: 1em;\r\n}\r\n\r\na.button1, input.button1, input.button3, a.button2, input.button2 {\r\n	width: auto !important;\r\n	padding-top: 1px;\r\n	padding-bottom: 1px;\r\n	font-family: \"Lucida Grande\", Verdana, Helvetica, Arial, sans-serif;\r\n	color: #000;\r\n	background: #FAFAFA none repeat-x top left;\r\n}\r\n\r\na.button1, input.button1 {\r\n	font-weight: bold;\r\n	border: 1px solid #666666;\r\n}\r\n\r\ninput.button3 {\r\n	padding: 0;\r\n	margin: 0;\r\n	line-height: 5px;\r\n	height: 12px;\r\n	background-image: none;\r\n	font-variant: small-caps;\r\n}\r\n\r\n/* Alternative button */\r\na.button2, input.button2, input.button3 {\r\n	border: 1px solid #666666;\r\n}\r\n\r\n/* <a> button in the style of the form buttons */\r\na.button1, a.button1:link, a.button1:visited, a.button1:active, a.button2, a.button2:link, a.button2:visited, a.button2:active {\r\n	text-decoration: none;\r\n	color: #000000;\r\n	padding: 2px 8px;\r\n	line-height: 250%;\r\n	vertical-align: text-bottom;\r\n	background-position: 0 1px;\r\n}\r\n\r\n/* Hover states */\r\na.button1:hover, input.button1:hover, a.button2:hover, input.button2:hover, input.button3:hover {\r\n	border: 1px solid #BCBCBC;\r\n	background-position: 0 100%;\r\n	color: #BCBCBC;\r\n}\r\n\r\ninput.disabled {\r\n	font-weight: normal;\r\n	color: #666666;\r\n}\r\n\r\n/* Topic and forum Search */\r\n.search-box {\r\n	margin-top: 3px;\r\n	margin-left: 5px;\r\n	float: left;\r\n}\r\n\r\n.search-box input {\r\n}\r\n\r\ninput.search {\r\n	background-image: none;\r\n	background-repeat: no-repeat;\r\n	background-position: left 1px;\r\n	padding-left: 17px;\r\n}\r\n\r\n.full { width: 95%; }\r\n.medium { width: 50%;}\r\n.narrow { width: 25%;}\r\n.tiny { width: 10%;}\r\n/* proSilver Style Sheet Tweaks\r\n\r\nThese style definitions are mainly IE specific \r\ntweaks required due to its poor CSS support.\r\n-------------------------------------------------*/\r\n\r\n* html table, * html select, * html input { font-size: 100%; }\r\n* html hr { margin: 0; }\r\n* html span.corners-top, * html span.corners-bottom { background-image: url(\"{T_THEME_PATH}/images/corners_left.gif\"); }\r\n* html span.corners-top span, * html span.corners-bottom span { background-image: url(\"{T_THEME_PATH}/images/corners_right.gif\"); }\r\n\r\ntable.table1 {\r\n	width: 99%;		/* IE < 6 browsers */\r\n	/* Tantek hack */\r\n	voice-family: \"\\\"}\\\"\";\r\n	voice-family: inherit;\r\n	width: 100%;\r\n}\r\nhtml>body table.table1 { width: 100%; }	/* Reset 100% for opera */\r\n\r\n* html ul.topiclist li { position: relative; }\r\n* html .postbody h3 img { vertical-align: middle; }\r\n\r\n/* Form styles */\r\nhtml>body dd label input { vertical-align: text-bottom; }	/* Align checkboxes/radio buttons nicely */\r\n\r\n* html input.button1, * html input.button2 {\r\n	padding-bottom: 0;\r\n	margin-bottom: 1px;\r\n}\r\n\r\n/* Misc layout styles */\r\n* html .column1, * html .column2 { width: 45%; }\r\n\r\n/* Nice method for clearing floated blocks without having to insert any extra markup (like spacer above)\r\n   From http://www.positioniseverything.net/easyclearing.html \r\n#tabs:after, #minitabs:after, .post:after, .navbar:after, fieldset dl:after, ul.topiclist dl:after, ul.linklist:after, dl.polls:after {\r\n	content: \".\"; \r\n	display: block; \r\n	height: 0; \r\n	clear: both; \r\n	visibility: hidden;\r\n}*/\r\n\r\n.clearfix, #tabs, #minitabs, fieldset dl, ul.topiclist dl, dl.polls {\r\n	height: 1%;\r\n	overflow: hidden;\r\n}\r\n\r\n/* viewtopic fix */\r\n* html .post {\r\n	height: 25%;\r\n	overflow: hidden;\r\n}\r\n\r\n/* navbar fix */\r\n* html .clearfix, * html .navbar, ul.linklist {\r\n	height: 4%;\r\n	overflow: hidden;\r\n}\r\n\r\n/* Simple fix so forum and topic lists always have a min-height set, even in IE6\r\n	From http://www.dustindiaz.com/min-height-fast-hack */\r\ndl.icon {\r\n	min-height: 35px;\r\n	height: auto !important;\r\n	height: 35px;\r\n}\r\n\r\n* html li.row dl.icon dt {\r\n	height: 35px;\r\n	overflow: visible;\r\n}\r\n\r\n* html #search-box {\r\n	width: 25%;\r\n}\r\n\r\n/* Correctly clear floating for details on profile view */\r\n*:first-child+html dl.details dd {\r\n	margin-left: 30%;\r\n	float: none;\r\n}\r\n\r\n* html dl.details dd {\r\n	margin-left: 30%;\r\n	float: none;\r\n}\r\n\r\n* html .forumbg table.table1 {\r\n	margin: 0 -2px 0px -1px;\r\n}\r\n\r\n/* Headerbar height fix for IE7 and below */\r\n* html #site-description p {\r\n	margin-bottom: 1.0em;\r\n}\r\n\r\n*:first-child+html #site-description p {\r\n	margin-bottom: 1.0em;\r\n}\r\n/*  	\r\n--------------------------------------------------------------\r\nColours and backgrounds for common.css\r\n-------------------------------------------------------------- */\r\n\r\nhtml, body {\r\n	color: #536482;\r\n	background-image: url({T_THEME_PATH}/images/footer_bg.jpg);\r\n	background-color: #000;\r\n	background-repeat: repeat-x;\r\n	background-attachment: fixed;\r\n}\r\n\r\nh1 {\r\n	color: #FFFFFF;\r\n}\r\n\r\nh2 {\r\n	color: #9b9ea2;\r\n}\r\n\r\nh3 {\r\n	border-bottom-color: #302e2e;\r\n	color: #934497;\r\n}\r\n\r\nhr {\r\n	border-color: #FFFFFF;\r\n	border-top-color: #302e2e;\r\n}\r\n\r\nhr.dashed {\r\n	border-top-color: #302e2e;\r\n}\r\n\r\n/* Search box\r\n--------------------------------------------- */\r\n\r\n#search-box {\r\n	color: #FFFFFF;\r\n}\r\n\r\n#search-box #keywords {\r\n	background-color: #FFF;\r\n}\r\n\r\n#search-box input {\r\n	border-color: #0075B0;\r\n}\r\n\r\n/* Round cornered boxes and backgrounds\r\n---------------------------------------- */\r\n.headerbar {\r\n	background-color: #12A3EB;\r\n	background-image: url(\"{T_THEME_PATH}/images/bg_header.gif\");\r\n	color: #FFFFFF;\r\n}\r\n\r\n.navbar {\r\n	background-color: #1b1a1a;\r\n}\r\n\r\n.forabg {\r\n	background-color: #1a1a1a;\r\n	border: 1px solid #313131;\r\n}\r\n\r\n.forumbg {\r\n	background-color: #1a1a1a;\r\n	border: 1px solid #313131;\r\n}\r\n\r\n.panel {\r\n	background-color: #202020;\r\n	color: #9b9ea2;\r\n}\r\n\r\n.post:target .content {\r\n	color: #fff;\r\n}\r\n\r\n.post:target h3 a {\r\n	color: #fff;\r\n}\r\n\r\n.bg1	{ background-color: #191818; }\r\n.bg2	{ background-color: #1d1c1c;  }\r\n.bg3	{ background-color: #1b1a1a; }\r\n\r\n.ucprowbg {\r\n	background-color: #DCDEE2;\r\n}\r\n\r\n.fieldsbg {\r\n	background-color: #E7E8EA;\r\n}\r\n\r\nspan.corners-top {\r\n	background-image: url(\"{T_THEME_PATH}/images/corners_left.png\");\r\n}\r\n\r\nspan.corners-top span {\r\n	background-image: url(\"{T_THEME_PATH}/images/corners_right.png\");\r\n}\r\n\r\nspan.corners-bottom {\r\n	background-image: url(\"{T_THEME_PATH}/images/corners_left.png\");\r\n}\r\n\r\nspan.corners-bottom span {\r\n	background-image: url(\"{T_THEME_PATH}/images/corners_right.png\");\r\n}\r\n\r\n/* Horizontal lists\r\n----------------------------------------*/\r\n\r\nul.navlinks {\r\n	border-bottom-color: #FFFFFF;\r\n}\r\n\r\n/* Table styles\r\n----------------------------------------*/\r\ntable.table1 thead th {\r\n	color: #FFFFFF;\r\n}\r\n\r\ntable.table1 tbody tr {\r\n	border-color: #BFC1CF;\r\n}\r\n\r\ntable.table1 tbody tr:hover, table.table1 tbody tr.hover {\r\n	background-color: #CFE1F6;\r\n	color: #fff;\r\n}\r\n\r\ntable.table1 td {\r\n	color: #536482;\r\n}\r\n\r\ntable.table1 tbody td {\r\n	border-top-color: #FAFAFA;\r\n}\r\n\r\ntable.table1 tbody th {\r\n	border-bottom-color: #000000;\r\n	color: #d9d9d9;\r\n	background-color: #FFFFFF;\r\n}\r\n\r\ntable.info tbody th {\r\n	color: #fff;\r\n}\r\n\r\n/* Misc layout styles\r\n---------------------------------------- */\r\ndl.details dt {\r\n	color: #fff;\r\n}\r\n\r\ndl.details dd {\r\n	color: #536482;\r\n}\r\n\r\n.sep {\r\n	color: #1198D9;\r\n}\r\n\r\n/* Pagination\r\n---------------------------------------- */\r\n\r\n.pagination span strong {\r\n	color: #FFFFFF;\r\n	background-color: #4692BF;\r\n	border-color: #4692BF;\r\n}\r\n\r\n.pagination span a, .pagination span a:link, .pagination span a:visited {\r\n	color: #5C758C;\r\n	background-color: #ECEDEE;\r\n	border-color: #B4BAC0;\r\n}\r\n\r\n.pagination span a:hover {\r\n	border-color: #368AD2;\r\n	background-color: #368AD2;\r\n	color: #FFF;\r\n}\r\n\r\n.pagination span a:active {\r\n	color: #5C758C;\r\n	background-color: #ECEDEE;\r\n	border-color: #B4BAC0;\r\n}\r\n\r\n/* Pagination in viewforum for multipage topics */\r\n.row .pagination {\r\n	background-image: url(\"{T_THEME_PATH}/images/icon_pages.gif\");\r\n}\r\n\r\n.row .pagination span a, li.pagination span a {\r\n	background-color: #FFFFFF;\r\n}\r\n\r\n.row .pagination span a:hover, li.pagination span a:hover {\r\n	background-color: #368AD2;\r\n}\r\n\r\n/* Miscellaneous styles\r\n---------------------------------------- */\r\n\r\n.copyright {\r\n	color: #555555;\r\n}\r\n\r\n.error {\r\n	color: #af00ba;\r\n}\r\n\r\n.reported {\r\n	background-color: #F7ECEF;\r\n}\r\n\r\nli.reported:hover {\r\n	background-color: #212020 !important;\r\n}\r\n.sticky, .announce {\r\n	/* you can add a background for stickies and announcements*/\r\n}\r\n\r\ndiv.rules {\r\n	background-color: #212020;\r\n	color: #af00ba;\r\n}\r\n\r\np.rules {\r\n	background-color: #212020;\r\n	background-image: none;\r\n}\r\n\r\n/*  	\r\n--------------------------------------------------------------\r\nColours and backgrounds for links.css\r\n-------------------------------------------------------------- */\r\n\r\na:link	{ color: #d9d9d9; }\r\na:visited	{ color: #d9d9d9; }\r\na:hover	{ color: #730b60; }\r\na:active	{ color: #368AD2; }\r\n\r\n/* Links on gradient backgrounds */\r\n#search-box a:link, .navbg a:link, .forumbg .header a:link, .forabg .header a:link, th a:link {\r\n	color: #FFFFFF;\r\n}\r\n\r\n#search-box a:visited, .navbg a:visited, .forumbg .header a:visited, .forabg .header a:visited, th a:visited {\r\n	color: #FFFFFF;\r\n}\r\n\r\n#search-box a:hover, .navbg a:hover, .forumbg .header a:hover, .forabg .header a:hover, th a:hover {\r\n	color: #A8D8FF;\r\n}\r\n\r\n#search-box a:active, .navbg a:active, .forumbg .header a:active, .forabg .header a:active, th a:active {\r\n	color: #C8E6FF;\r\n}\r\n\r\n/* Links for forum/topic lists */\r\na.forumtitle {\r\n	color: #d9d9d9;\r\n}\r\n\r\n/* a.forumtitle:visited { color: #d9d9d9; } */\r\n\r\na.forumtitle:hover {\r\n	color: #af00ba;\r\n}\r\n\r\na.forumtitle:active {\r\n	color: #d9d9d9;\r\n}\r\n\r\na.topictitle {\r\n	color: #d9d9d9;\r\n}\r\n\r\n/* a.topictitle:visited { color: #368AD2; } */\r\n\r\na.topictitle:hover {\r\n	color: #af00ba;\r\n}\r\n\r\na.topictitle:active {\r\n	color: #d9d9d9;\r\n}\r\n\r\n/* Post body links */\r\n.postlink {\r\n	color: #368AD2;\r\n	border-bottom-color: #368AD2;\r\n}\r\n\r\n.postlink:visited {\r\n	color: #5D8FBD;\r\n	border-bottom-color: #5D8FBD;\r\n}\r\n\r\n.postlink:active {\r\n	color: #368AD2;\r\n}\r\n\r\n.postlink:hover {\r\n	background-color: #D0E4F6;\r\n	color: #0D4473;\r\n}\r\n\r\n.signature a, .signature a:visited, .signature a:hover, .signature a:active {\r\n	background-color: transparent;\r\n}\r\n\r\n/* Profile links */\r\n.postprofile a:link, .postprofile a:visited, .postprofile dt.author a {\r\n	color: #d9d9d9;\r\n}\r\n\r\n.postprofile a:hover, .postprofile dt.author a:hover {\r\n	color: #730b60;\r\n}\r\n\r\n.postprofile a:active {\r\n	color: #d9d9d9;\r\n}\r\n\r\n/* Profile searchresults */	\r\n.search .postprofile a {\r\n	color: #d9d9d9;\r\n}\r\n\r\n.search .postprofile a:hover {\r\n	color: #730b60;\r\n}\r\n\r\n/* Back to top of page */\r\na.top {\r\n	background-image: url(\"{IMG_ICON_BACK_TOP_SRC}\");\r\n}\r\n\r\na.top2 {\r\n	background-image: url(\"{IMG_ICON_BACK_TOP_SRC}\");\r\n}\r\n\r\n/* Arrow links  */\r\na.up		{ background-image: url(\"{T_THEME_PATH}/images/arrow_up.gif\") }\r\na.down		{ background-image: url(\"{T_THEME_PATH}/images/arrow_down.gif\") }\r\na.left		{ background-image: url(\"{T_THEME_PATH}/images/arrow_left.gif\") }\r\na.right		{ background-image: url(\"{T_THEME_PATH}/images/arrow_right.gif\") }\r\n\r\na.up:hover {\r\n	background-color: transparent;\r\n}\r\n\r\na.left:hover {\r\n	color: #368AD2;\r\n}\r\n\r\na.right:hover {\r\n	color: #368AD2;\r\n}\r\n\r\n\r\n/*  	\r\n--------------------------------------------------------------\r\nColours and backgrounds for content.css\r\n-------------------------------------------------------------- */\r\n\r\nul.forums {\r\n	background-color: #1e1e1e;\r\n	background-image: url(\"{T_THEME_PATH}/images/gradient.gif\");\r\n}\r\n\r\nul.topiclist li {\r\n	color: #4C5D77;\r\n}\r\n\r\nul.topiclist dd {\r\n	border-left-color: #3e3e3e;\r\n}\r\n\r\n.rtl ul.topiclist dd {\r\n	border-right-color: #6e0750;\r\n	border-left-color: transparent;\r\n}\r\n\r\nul.topiclist li.row dt a.subforum.read {\r\n	background-image: url(\"{IMG_SUBFORUM_READ_SRC}\");\r\n}\r\n\r\nul.topiclist li.row dt a.subforum.unread {\r\n	background-image: url(\"{IMG_SUBFORUM_UNREAD_SRC}\");\r\n}\r\n\r\nli.row {\r\n	border-top-color:  #313131;\r\n	border-bottom-color: #161616;\r\n}\r\n\r\nli.row strong {\r\n	color: #fff;\r\n}\r\n\r\nli.row:hover {\r\n	background-color: #171717;\r\n}\r\n\r\nli.row:hover dd {\r\n	border-left-color: #72074d;\r\n}\r\n\r\n.rtl li.row:hover dd {\r\n	border-right-color: #72074d;\r\n	border-left-color: transparent;\r\n}\r\n\r\nli.header dt, li.header dd {\r\n	color: #FFFFFF;\r\n}\r\n\r\n/* Forum list column styles */\r\nul.topiclist dd.searchextra {\r\n	color: #d9d9d9;\r\n}\r\n\r\n/* Post body styles\r\n----------------------------------------*/\r\n.postbody {\r\n	color: #d9d9d9;\r\n}\r\n\r\n/* Content container styles\r\n----------------------------------------*/\r\n.content {\r\n	color: #d9d9d9;\r\n}\r\n\r\n.content h2, .panel h2 {\r\n	color: #934497;\r\n	border-bottom-color:  #302e2e;\r\n}\r\n\r\ndl.faq dt {\r\n	color: #d9d9d9;\r\n}\r\n\r\n.posthilit {\r\n	background-color: #F3BFCC;\r\n	color: #af00ba;\r\n}\r\n\r\n/* Post signature */\r\n.signature {\r\n	border-top-color: #302e2e;\r\n}\r\n\r\n/* Post noticies */\r\n.notice {\r\n	border-top-color:  #302e2e;\r\n}\r\n\r\n/* BB Code styles\r\n----------------------------------------*/\r\n/* Quote block */\r\nblockquote {\r\n	background-color: #EBEADD;\r\n	background-image: url(\"{T_THEME_PATH}/images/quote.gif\");\r\n	border-color:#DBDBCE;\r\n}\r\n\r\n.rtl blockquote {\r\n	background-image: url(\"{T_THEME_PATH}/images/quote_rtl.gif\");\r\n}\r\n\r\nblockquote blockquote {\r\n	/* Nested quotes */\r\n	background-color:#EFEED9;\r\n}\r\n\r\nblockquote blockquote blockquote {\r\n	/* Nested quotes */\r\n	background-color: #EBEADD;\r\n}\r\n\r\n/* Code block */\r\ndl.codebox {\r\n	background-color: #FFFFFF;\r\n	border-color: #C9D2D8;\r\n}\r\n\r\ndl.codebox dt {\r\n	border-bottom-color:  #302e2e;\r\n}\r\n\r\ndl.codebox code {\r\n	color: #2E8B57;\r\n}\r\n\r\n.syntaxbg		{ color: #FFFFFF; }\r\n.syntaxcomment	{ color: #FF8000; }\r\n.syntaxdefault	{ color: #0000BB; }\r\n.syntaxhtml		{ color: #000000; }\r\n.syntaxkeyword	{ color: #007700; }\r\n.syntaxstring	{ color: #DD0000; }\r\n\r\n/* Attachments\r\n----------------------------------------*/\r\n.attachbox {\r\n	background-color: #FFFFFF;\r\n	border-color:  #C9D2D8;\r\n}\r\n\r\n.pm-message .attachbox {\r\n	background-color: #F2F3F3;\r\n}\r\n\r\n.attachbox dd {\r\n	border-top-color: #C9D2D8;\r\n}\r\n\r\n.attachbox p {\r\n	color: #666666;\r\n}\r\n\r\n.attachbox p.stats {\r\n	color: #666666;\r\n}\r\n\r\n.attach-image img {\r\n	border-color: #999999;\r\n}\r\n\r\n/* Inline image thumbnails */\r\n\r\ndl.file dd {\r\n	color: #666666;\r\n}\r\n\r\ndl.thumbnail img {\r\n	border-color: #666666;\r\n	background-color: #FFFFFF;\r\n}\r\n\r\ndl.thumbnail dd {\r\n	color: #666666;\r\n}\r\n\r\ndl.thumbnail dt a:hover {\r\n	background-color: #EEEEEE;\r\n}\r\n\r\ndl.thumbnail dt a:hover img {\r\n	border-color: #368AD2;\r\n}\r\n\r\n/* Post poll styles\r\n----------------------------------------*/\r\n\r\nfieldset.polls dl {\r\n	border-top-color: #DCDEE2;\r\n	color: #666666;\r\n}\r\n\r\nfieldset.polls dl.voted {\r\n	color: #fff;\r\n}\r\n\r\nfieldset.polls dd div {\r\n	color: #FFFFFF;\r\n}\r\n\r\n.rtl .pollbar1, .rtl .pollbar2, .rtl .pollbar3, .rtl .pollbar4, .rtl .pollbar5 {\r\n	border-right-color: transparent;\r\n}\r\n\r\n.pollbar1 {\r\n	background-color: #AA2346;\r\n	border-bottom-color: #74162C;\r\n	border-right-color: #74162C;\r\n}\r\n\r\n.rtl .pollbar1 {\r\n	border-left-color: #74162C;\r\n}\r\n\r\n.pollbar2 {\r\n	background-color: #BE1E4A;\r\n	border-bottom-color: #8C1C38;\r\n	border-right-color: #8C1C38;\r\n}\r\n\r\n.rtl .pollbar2 {\r\n	border-left-color: #8C1C38;\r\n}\r\n\r\n.pollbar3 {\r\n	background-color: #D11A4E;\r\n	border-bottom-color: #AA2346;\r\n	border-right-color: #AA2346;\r\n}\r\n\r\n.rtl .pollbar3 {\r\n	border-left-color: #AA2346;\r\n}\r\n\r\n.pollbar4 {\r\n	background-color: #E41653;\r\n	border-bottom-color: #BE1E4A;\r\n	border-right-color: #BE1E4A;\r\n}\r\n\r\n.rtl .pollbar4 {\r\n	border-left-color: #BE1E4A;\r\n}\r\n\r\n.pollbar5 {\r\n	background-color: #F81157;\r\n	border-bottom-color: #D11A4E;\r\n	border-right-color: #D11A4E;\r\n}\r\n\r\n.rtl .pollbar5 {\r\n	border-left-color: #D11A4E;\r\n}\r\n\r\n/* Poster profile block\r\n----------------------------------------*/\r\n.postprofile {\r\n	color: #666666;\r\n	border-left-color: #262626;\r\n}\r\n\r\n.rtl .postprofile {\r\n	border-right-color: #131313;\r\n	border-left-color: transparent;\r\n}\r\n\r\n.pm .postprofile {\r\n	border-left-color: #DDDDDD;\r\n}\r\n\r\n.rtl .pm .postprofile {\r\n	border-right-color: #DDDDDD;\r\n	border-left-color: transparent;\r\n}\r\n\r\n.postprofile strong {\r\n	color: #fff;\r\n}\r\n\r\n.online {\r\n	background-image: url(\"{IMG_ICON_USER_ONLINE_SRC}\");\r\n}\r\n\r\n/*  	\r\n--------------------------------------------------------------\r\nColours and backgrounds for buttons.css\r\n-------------------------------------------------------------- */\r\n\r\n/* Big button images */\r\n.reply-icon span	{ background-image: url(\"{IMG_BUTTON_TOPIC_REPLY_SRC}\"); }\r\n.post-icon span		{ background-image: url(\"{IMG_BUTTON_TOPIC_NEW_SRC}\"); }\r\n.locked-icon span	{ background-image: url(\"{IMG_BUTTON_TOPIC_LOCKED_SRC}\"); }\r\n.pmreply-icon span	{ background-image: url(\"{IMG_BUTTON_PM_REPLY_SRC}\") ;}\r\n.newpm-icon span 	{ background-image: url(\"{IMG_BUTTON_PM_NEW_SRC}\") ;}\r\n.forwardpm-icon span	{ background-image: url(\"{IMG_BUTTON_PM_FORWARD_SRC}\") ;}\r\n\r\na.print {\r\n	background-image: url(\"{T_THEME_PATH}/images/icon_print.gif\");\r\n}\r\n\r\na.sendemail {\r\n	background-image: url(\"{T_THEME_PATH}/images/icon_sendemail.gif\");\r\n}\r\n\r\na.fontsize {\r\n	background-image: url(\"{T_THEME_PATH}/images/icon_fontsize.gif\");\r\n}\r\n\r\n/* Icon images\r\n---------------------------------------- */\r\n.sitehome						{ background-image: url(\"{T_THEME_PATH}/images/icon_home.gif\"); }\r\n.icon-faq						{ background-image: url(\"{T_THEME_PATH}/images/icon_faq.gif\"); }\r\n.icon-members					{ background-image: url(\"{T_THEME_PATH}/images/icon_members.gif\"); }\r\n.icon-home						{ background-image: url(\"{T_THEME_PATH}/images/icon_home.gif\"); }\r\n.icon-ucp						{ background-image: url(\"{T_THEME_PATH}/images/icon_ucp.gif\"); }\r\n.icon-register					{ background-image: url(\"{T_THEME_PATH}/images/icon_register.gif\"); }\r\n.icon-logout					{ background-image: url(\"{T_THEME_PATH}/images/icon_logout.gif\"); }\r\n.icon-bookmark					{ background-image: url(\"{T_THEME_PATH}/images/icon_bookmark.gif\"); }\r\n.icon-bump						{ background-image: url(\"{T_THEME_PATH}/images/icon_bump.gif\"); }\r\n.icon-subscribe					{ background-image: url(\"{T_THEME_PATH}/images/icon_subscribe.gif\"); }\r\n.icon-unsubscribe				{ background-image: url(\"{T_THEME_PATH}/images/icon_unsubscribe.gif\"); }\r\n.icon-pages						{ background-image: url(\"{T_THEME_PATH}/images/icon_pages.gif\"); }\r\n.icon-search					{ background-image: url(\"{T_THEME_PATH}/images/icon_search.gif\"); }\r\n\r\n/* Profile & navigation icons */\r\n.email-icon, .email-icon a		{ background-image: url(\"{IMG_ICON_CONTACT_EMAIL_SRC}\"); }\r\n.aim-icon, .aim-icon a			{ background-image: url(\"{IMG_ICON_CONTACT_AIM_SRC}\"); }\r\n.yahoo-icon, .yahoo-icon a		{ background-image: url(\"{IMG_ICON_CONTACT_YAHOO_SRC}\"); }\r\n.web-icon, .web-icon a			{ background-image: url(\"{IMG_ICON_CONTACT_WWW_SRC}\"); }\r\n.msnm-icon, .msnm-icon a			{ background-image: url(\"{IMG_ICON_CONTACT_MSNM_SRC}\"); }\r\n.icq-icon, .icq-icon a			{ background-image: url(\"{IMG_ICON_CONTACT_ICQ_SRC}\"); }\r\n.jabber-icon, .jabber-icon a		{ background-image: url(\"{IMG_ICON_CONTACT_JABBER_SRC}\"); }\r\n.pm-icon, .pm-icon a				{ background-image: url(\"{IMG_ICON_CONTACT_PM_SRC}\"); }\r\n.quote-icon, .quote-icon a		{ background-image: url(\"{IMG_ICON_POST_QUOTE_SRC}\"); }\r\n\r\n/* Moderator icons */\r\n.report-icon, .report-icon a		{ background-image: url(\"{IMG_ICON_POST_REPORT_SRC}\"); }\r\n.edit-icon, .edit-icon a			{ background-image: url(\"{IMG_ICON_POST_EDIT_SRC}\"); }\r\n.delete-icon, .delete-icon a		{ background-image: url(\"{IMG_ICON_POST_DELETE_SRC}\"); }\r\n.info-icon, .info-icon a			{ background-image: url(\"{IMG_ICON_POST_INFO_SRC}\"); }\r\n.warn-icon, .warn-icon a			{ background-image: url(\"{IMG_ICON_USER_WARN_SRC}\"); } /* Need updated warn icon */\r\n\r\n/*  	\r\n--------------------------------------------------------------\r\nColours and backgrounds for cp.css\r\n-------------------------------------------------------------- */\r\n\r\n/* Main CP box\r\n----------------------------------------*/\r\n\r\n#cp-main h3, #cp-main hr, #cp-menu hr {\r\n	border-color: #A4B3BF;\r\n}\r\n\r\n#cp-main .panel li.row {\r\n	border-bottom-color: #B5C1CB;\r\n	border-top-color: #161616;\r\n}\r\n\r\nul.cplist {\r\n	border-top-color: #B5C1CB;\r\n}\r\n\r\n#cp-main .panel li.header dd, #cp-main .panel li.header dt {\r\n	color: #fff;\r\n}\r\n\r\n#cp-main table.table1 thead th {\r\n	color: #d9d9d9;\r\n	border-bottom-color: #333333;\r\n}\r\n\r\n#cp-main .pm-message {\r\n	border-color: #DBDEE2;\r\n	background-color: #FFFFFF;\r\n}\r\n\r\n/* CP tabbed menu\r\n----------------------------------------*/\r\n#tabs a {\r\n	background-image: url(\"{T_THEME_PATH}/images/bg_tabs1.gif\");\r\n}\r\n\r\n#tabs a span {\r\n	background-image: url(\"{T_THEME_PATH}/images/bg_tabs2.gif\");\r\n	color: #536482;\r\n}\r\n\r\n#tabs a:hover span {\r\n	color: #af00ba;\r\n}\r\n\r\n#tabs .activetab a {\r\n	border-bottom-color: #1b1a1a;\r\n}\r\n\r\n#tabs .activetab a span {\r\n	color: #d9d9d9;\r\n}\r\n\r\n#tabs .activetab a:hover span {\r\n	color: #fff;\r\n}\r\n\r\n/* Mini tabbed menu used in MCP\r\n----------------------------------------*/\r\n#minitabs li {\r\n	background-color: #1d1c1c;\r\n}\r\n\r\n#minitabs li.activetab {\r\n	background-color: #161616;\r\n}\r\n\r\n#minitabs li.activetab a, #minitabs li.activetab a:hover {\r\n	color: #d9d9d9;\r\n}\r\n\r\n/* UCP navigation menu\r\n----------------------------------------*/\r\n\r\n/* Link styles for the sub-section links */\r\n#navigation a {\r\n	color: #fff;\r\n	background-color: #252525;\r\n	background-image: url(\"{T_THEME_PATH}/images/bg_menu.gif\");\r\n}\r\n\r\n.rtl #navigation a {\r\n	background-image: url(\"{T_THEME_PATH}/images/bg_menu_rtl.gif\");\r\n	background-position: 0 100%;\r\n}\r\n\r\n#navigation a:hover {\r\n	background-image: none;\r\n	background-color: #252525;\r\n	color: #fff;\r\n}\r\n\r\n#navigation #active-subsection a {\r\n	color: #fff;\r\n	background-color: #161616;\r\n	background-image: none;\r\n}\r\n\r\n#navigation #active-subsection a:hover {\r\n	color: #fff;\r\n}\r\n\r\n/* Preferences pane layout\r\n----------------------------------------*/\r\n#cp-main h2 {\r\n	color: #d9d9d9;\r\n}\r\n\r\n#cp-main .panel {\r\n	background-color: #161616;\r\n}\r\n\r\n#cp-main .pm {\r\n	background-color: #FFFFFF;\r\n}\r\n\r\n#cp-main span.corners-top, #cp-menu span.corners-top {\r\n	background-image: url(\"{T_THEME_PATH}/images/corners_left2.gif\");\r\n}\r\n\r\n#cp-main span.corners-top span, #cp-menu span.corners-top span {\r\n	background-image: url(\"{T_THEME_PATH}/images/corners_right2.gif\");\r\n}\r\n\r\n#cp-main span.corners-bottom, #cp-menu span.corners-bottom {\r\n	background-image: url(\"{T_THEME_PATH}/images/corners_left2.gif\");\r\n}\r\n\r\n#cp-main span.corners-bottom span, #cp-menu span.corners-bottom span {\r\n	background-image: url(\"{T_THEME_PATH}/images/corners_right2.gif\");\r\n}\r\n\r\n/* Topicreview */\r\n#cp-main .panel #topicreview span.corners-top, #cp-menu .panel #topicreview span.corners-top {\r\n	background-image: url(\"{T_THEME_PATH}/images/corners_left.gif\");\r\n}\r\n\r\n#cp-main .panel #topicreview span.corners-top span, #cp-menu .panel #topicreview span.corners-top span {\r\n	background-image: url(\"{T_THEME_PATH}/images/corners_right.gif\");\r\n}\r\n\r\n#cp-main .panel #topicreview span.corners-bottom, #cp-menu .panel #topicreview span.corners-bottom {\r\n	background-image: url(\"{T_THEME_PATH}/images/corners_left.gif\");\r\n}\r\n\r\n#cp-main .panel #topicreview span.corners-bottom span, #cp-menu .panel #topicreview span.corners-bottom span {\r\n	background-image: url(\"{T_THEME_PATH}/images/corners_right.gif\");\r\n}\r\n\r\n/* Friends list */\r\n.cp-mini {\r\n	background-color: #1e1e1e;\r\n}\r\n\r\ndl.mini dt {\r\n	color: #425067;\r\n}\r\n\r\n/* PM Styles\r\n----------------------------------------*/\r\n/* PM Message history */\r\n.current {\r\n	color: #fff !important;\r\n}\r\n\r\n/* PM panel adjustments */\r\n.pm-panel-header,\r\n#cp-main .pm-message-nav {\r\n	border-bottom-color: #A4B3BF;\r\n}\r\n\r\n/* PM marking colours */\r\n.pmlist li.pm_message_reported_colour, .pm_message_reported_colour {\r\n	border-left-color: #af00ba;\r\n	border-right-color: #af00ba;\r\n}\r\n\r\n.pmlist li.pm_marked_colour, .pm_marked_colour {\r\n	border-color: #FF6600;\r\n}\r\n\r\n.pmlist li.pm_replied_colour, .pm_replied_colour {\r\n	border-color: #A9B8C2;\r\n}\r\n\r\n.pmlist li.pm_friend_colour, .pm_friend_colour {\r\n	border-color: #5D8FBD;\r\n}\r\n\r\n.pmlist li.pm_foe_colour, .pm_foe_colour {\r\n	border-color: #000000;\r\n}\r\n\r\n/* Avatar gallery */\r\n#gallery label {\r\n	background-color: #FFFFFF;\r\n	border-color: #CCC;\r\n}\r\n\r\n#gallery label:hover {\r\n	background-color: #EEE;\r\n}\r\n\r\n/*  	\r\n--------------------------------------------------------------\r\nColours and backgrounds for forms.css\r\n-------------------------------------------------------------- */\r\n\r\n/* General form styles\r\n----------------------------------------*/\r\nselect {\r\n	border-color: #666666;\r\n	background-color: #1d1c1c;\r\n	color: #fff;\r\n}\r\n\r\nlabel {\r\n	color: #425067;\r\n}\r\n\r\noption.disabled-option {\r\n	color: graytext;\r\n}\r\n\r\n/* Definition list layout for forms\r\n---------------------------------------- */\r\ndd label {\r\n	color: #dcd2d2;\r\n}\r\n\r\n/* Hover effects */\r\nfieldset dl:hover dt label {\r\n	color: #FAFAFA;\r\n}\r\n\r\nfieldset.fields2 dl:hover dt label {\r\n	color: inherit;\r\n}\r\n\r\n/* Quick-login on index page */\r\nfieldset.quick-login input.inputbox {\r\n	background-color: #151414;\r\n}\r\n\r\n/* Posting page styles\r\n----------------------------------------*/\r\n\r\n#message-box textarea {\r\n	color: #cbc3c3;\r\n}\r\n\r\n/* Input field styles\r\n---------------------------------------- */\r\n.inputbox {\r\n	background-color: #211f1f; \r\n	border-color: #5c5959;\r\n	color: #FAFAFA;\r\n}\r\n\r\n.inputbox:hover {\r\n	border-color: #5c5959;\r\n}\r\n\r\n.inputbox:focus {\r\n	border-color: #5c5959;\r\n	color: #FAFAFA;\r\n}\r\n\r\n\r\n/* Form button styles\r\n---------------------------------------- */\r\n\r\na.button1, input.button1, input.button3, a.button2, input.button2 {\r\n	color: #FAFAFA;\r\n	background-color: #000;\r\n	background-image: url(\"{T_THEME_PATH}/images/bg_button.gif\");\r\n}\r\n\r\na.button1, input.button1 {\r\n	border-color: #5c5959;\r\n}\r\n\r\ninput.button3 {\r\n	background-image: none;\r\n}\r\n\r\n/* Alternative button */\r\na.button2, input.button2, input.button3 {\r\n	border-color: #5c5959;\r\n}\r\n\r\n/* <a> button in the style of the form buttons */\r\na.button1, a.button1:link, a.button1:visited, a.button1:active, a.button2, a.button2:link, a.button2:visited, a.button2:active {\r\n	color: #FAFAFA;\r\n}\r\n\r\n/* Hover states */\r\na.button1:hover, input.button1:hover, a.button2:hover, input.button2:hover, input.button3:hover {\r\n	border-color: #6d0d55;\r\n	color: #FAFAFA;\r\n}\r\n\r\ninput.search {\r\n	background-image: url(\"{T_THEME_PATH}/images/icon_textbox_search.gif\");\r\n}\r\n\r\ninput.disabled {\r\n	color: #bfbfb2;\r\n}\r\n'),(3,'Swirly_Orange','&copy; 2011 QuakeZone','Swirly_Orange',0,1348779191,''),(4,'Ruins','&copy; QuakeZone, 2011','Ruins',0,1348779805,''),(5,'hardwood','&copy; molotov, 2011','hardwood',1,1348779952,'/*  phpBB 3.0 Style Sheet\n    --------------------------------------------------------------\n	Style name:		proSilver\n	Based on style:	proSilver (this is the default phpBB 3 style)\n	Original author:	subBlue ( http://www.subBlue.com/ )\n	Modified by:		\n	\n	Copyright 2006 phpBB Group ( http://www.phpbb.com/ )\n    --------------------------------------------------------------\n*/\n\n/* General proSilver Markup Styles\n---------------------------------------- */\n\n* {\n	/* Reset browsers default margin, padding and font sizes */\n	margin: 0;\n	padding: 0;\n}\n\nhtml {\n	font-size: 100%;\n	/* Always show a scrollbar for short pages - stops the jump when the scrollbar appears. non-IE browsers */\n	height: 101%;\n}\n\nbody {\n	/* Text-Sizing with ems: http://www.clagnut.com/blog/348/ */\n	font-family: Verdana, Helvetica, Arial, sans-serif;\n	color: #828282;\n	background-color: #FFFFFF;\n	/*font-size: 62.5%;			 This sets the default font size to be equivalent to 10px */\n	font-size: 10px;\n	margin: 0;\n	padding: 12px 0;\n}\n\nh1 {\n	/* Forum name */\n	font-family: \"Trebuchet MS\", Arial, Helvetica, sans-serif;\n	margin-right: 200px;\n	color: #FFFFFF;\n	margin-top: 15px;\n	font-weight: bold;\n	font-size: 2em;\n}\n\nh2 {\n	/* Forum header titles */\n	font-family: \"Trebuchet MS\", Arial, Helvetica, sans-serif;\n	font-weight: normal;\n	color: #3f3f3f;\n	font-size: 2em;\n	margin: 0.8em 0 0.2em 0;\n}\n\nh2.solo {\n	margin-bottom: 1em;\n}\n\nh3 {\n	/* Sub-headers (also used as post headers, but defined later) */\n	font-family: Arial, Helvetica, sans-serif;\n	font-weight: bold;\n	text-transform: uppercase;\n	border-bottom: 1px solid #CCCCCC;\n	margin-bottom: 3px;\n	padding-bottom: 2px;\n	font-size: 1.05em;\n	color: #989898;\n	margin-top: 20px;\n}\n\nh4 {\n	/* Forum and topic list titles */\n	font-family: \"Trebuchet MS\", Verdana, Helvetica, Arial, Sans-serif;\n	font-size: 1.3em;\n}\n\np {\n	line-height: 1.3em;\n	font-size: 1.1em;\n	margin-bottom: 1.5em;\n}\n\nimg {\n	border-width: 0;\n}\n\nhr {\n	/* Also see tweaks.css */\n	border: 0 none #FFFFFF;\n	border-top: 1px solid #CCCCCC;\n	height: 1px;\n	margin: 5px 0;\n	display: block;\n	clear: both;\n}\n\nhr.dashed {\n	border-top: 1px dashed #CCCCCC;\n	margin: 10px 0;\n}\n\nhr.divider {\n	display: none;\n}\n\np.right {\n	text-align: right;\n}\n\n/* Main blocks\n---------------------------------------- */\n#wrap {\n	padding: 0 20px;\n	min-width: 650px;\n	width: 980px;\n    margin: 0 auto;\n}\n\n#simple-wrap {\n	padding: 6px 10px;\n}\n\n#page-body {\n	margin: 4px 0;\n	clear: both;\n}\n\n#page-footer {\n	clear: both;\n}\n\n#page-footer h3 {\n	margin-top: 20px;\n}\n\n#logo {\n	float: left;\n	width: auto;\n	padding: 10px 13px 0 10px;\n}\n\na#logo:hover {\n	text-decoration: none;\n}\n\n/* Search box\n--------------------------------------------- */\n#search-box {\n	color: #FFFFFF;\n	position: relative;\n	margin-top: 30px;\n	margin-right: 5px;\n	display: block;\n	float: right;\n	text-align: right;\n	white-space: nowrap; /* For Opera */\n}\n\n#search-box #keywords {\n	width: 95px;\n	background-color: #FFF;\n}\n\n#search-box input {\n	border: 1px solid #b0b0b0;\n}\n\n/* .button1 style defined later, just a few tweaks for the search button version */\n#search-box input.button1 {\n	padding: 1px 5px;\n}\n\n#search-box li {\n	text-align: right;\n	margin-top: 4px;\n}\n\n#search-box img {\n	vertical-align: middle;\n	margin-right: 3px;\n}\n\n/* Site description and logo */\n#site-description {\n	float: left;\n	width: 70%;\n}\n\n#site-description h1 {\n	margin-right: 0;\n}\n\n/* Round cornered boxes and backgrounds\n---------------------------------------- */\n.headerbar {\n	background: #ebebeb none repeat-x 0 0;\n	color: #FFFFFF;\n	margin-bottom: 4px;\n	padding: 0 5px;\n}\n\n.navbar {\n	background-color: #ebebeb;\n	padding: 0 10px;\n}\n\n.forabg {\n	background: #b1b1b1 none repeat-x 0 0;\n	margin-bottom: 4px;\n	padding: 0 5px;\n	clear: both;\n}\n\n.forumbg {\n	background: #ebebeb none repeat-x 0 0;\n	margin-bottom: 4px;\n	padding: 0 5px;\n	clear: both;\n}\n\n.panel {\n	margin-bottom: 4px;\n	padding: 0 10px;\n	background-color: #f3f3f3;\n	color: #3f3f3f;\n}\n\n.post {\n	padding: 0 10px;\n	margin-bottom: 4px;\n	background-repeat: no-repeat;\n	background-position: 100% 0;\n}\n\n.post:target .content {\n	color: #000000;\n}\n\n.post:target h3 a {\n	color: #000000;\n}\n\n.bg1	{ background-color: #f7f7f7;}\n.bg2	{ background-color: #f2f2f2; }\n.bg3	{ background-color: #ebebeb; }\n\n.rowbg {\n	margin: 5px 5px 2px 5px;\n}\n\n.ucprowbg {\n	background-color: #e2e2e2;\n}\n\n.fieldsbg {\n	/*border: 1px #DBDEE2 solid;*/\n	background-color: #eaeaea;\n}\n\nspan.corners-top, span.corners-bottom, span.corners-top span, span.corners-bottom span {\n	font-size: 1px;\n	line-height: 1px;\n	display: block;\n	height: 5px;\n	background-repeat: no-repeat;\n}\n\nspan.corners-top {\n	background-image: none;\n	background-position: 0 0;\n	margin: 0 -5px;\n}\n\nspan.corners-top span {\n	background-image: none;\n	background-position: 100% 0;\n}\n\nspan.corners-bottom {\n	background-image: none;\n	background-position: 0 100%;\n	margin: 0 -5px;\n	clear: both;\n}\n\nspan.corners-bottom span {\n	background-image: none;\n	background-position: 100% 100%;\n}\n\n.headbg span.corners-bottom {\n	margin-bottom: -1px;\n}\n\n.post span.corners-top, .post span.corners-bottom, .panel span.corners-top, .panel span.corners-bottom, .navbar span.corners-top, .navbar span.corners-bottom {\n	margin: 0 -10px;\n}\n\n.rules span.corners-top {\n	margin: 0 -10px 5px -10px;\n}\n\n.rules span.corners-bottom {\n	margin: 5px -10px 0 -10px;\n}\n\n/* Horizontal lists\n----------------------------------------*/\nul.linklist {\n	display: block;\n	margin: 0;\n}\n\nul.linklist li {\n	display: block;\n	list-style-type: none;\n	float: left;\n	width: auto;\n	margin-right: 5px;\n	font-size: 1.1em;\n	line-height: 2.2em;\n}\n\nul.linklist li.rightside, p.rightside {\n	float: right;\n	margin-right: 0;\n	margin-left: 5px;\n	text-align: right;\n}\n\nul.navlinks {\n	padding-bottom: 1px;\n	margin-bottom: 1px;\n	border-bottom: 1px solid #FFFFFF;\n	font-weight: bold;\n}\n\nul.leftside {\n	float: left;\n	margin-left: 0;\n	margin-right: 5px;\n	text-align: left;\n}\n\nul.rightside {\n	float: right;\n	margin-left: 5px;\n	margin-right: -5px;\n	text-align: right;\n}\n\n/* Table styles\n----------------------------------------*/\ntable.table1 {\n	/* See tweaks.css */\n}\n\n#ucp-main table.table1 {\n	padding: 2px;\n}\n\ntable.table1 thead th {\n	font-weight: normal;\n	text-transform: uppercase;\n	color: #FFFFFF;\n	line-height: 1.3em;\n	font-size: 1em;\n	padding: 0 0 4px 3px;\n}\n\ntable.table1 thead th span {\n	padding-left: 7px;\n}\n\ntable.table1 tbody tr {\n	border: 1px solid #cfcfcf;\n}\n\ntable.table1 tbody tr:hover, table.table1 tbody tr.hover {\n	background-color: #f6f6f6;\n	color: #000;\n}\n\ntable.table1 td {\n	color: #6a6a6a;\n	font-size: 1.1em;\n}\n\ntable.table1 tbody td {\n	padding: 5px;\n	border-top: 1px solid #FAFAFA;\n}\n\ntable.table1 tbody th {\n	padding: 5px;\n	border-bottom: 1px solid #000000;\n	text-align: left;\n	color: #333333;\n	background-color: #FFFFFF;\n}\n\n/* Specific column styles */\ntable.table1 .name		{ text-align: left; }\ntable.table1 .posts		{ text-align: center !important; width: 7%; }\ntable.table1 .joined	{ text-align: left; width: 15%; }\ntable.table1 .active	{ text-align: left; width: 15%; }\ntable.table1 .mark		{ text-align: center; width: 7%; }\ntable.table1 .info		{ text-align: left; width: 30%; }\ntable.table1 .info div	{ width: 100%; white-space: normal; overflow: hidden; }\ntable.table1 .autocol	{ line-height: 2em; white-space: nowrap; }\ntable.table1 thead .autocol { padding-left: 1em; }\n\ntable.table1 span.rank-img {\n	float: right;\n	width: auto;\n}\n\ntable.info td {\n	padding: 3px;\n}\n\ntable.info tbody th {\n	padding: 3px;\n	text-align: right;\n	vertical-align: top;\n	color: #000000;\n	font-weight: normal;\n}\n\n.forumbg table.table1 {\n	margin: 0 -2px -1px -1px;\n}\n\n/* Misc layout styles\n---------------------------------------- */\n/* column[1-2] styles are containers for two column layouts \n   Also see tweaks.css */\n.column1 {\n	float: left;\n	clear: left;\n	width: 49%;\n}\n\n.column2 {\n	float: right;\n	clear: right;\n	width: 49%;\n}\n\n/* General classes for placing floating blocks */\n.left-box {\n	float: left;\n	width: auto;\n	text-align: left;\n}\n\n.right-box {\n	float: right;\n	width: auto;\n	text-align: right;\n}\n\ndl.details {\n	/*font-family: \"Lucida Grande\", Verdana, Helvetica, Arial, sans-serif;*/\n	font-size: 1.1em;\n}\n\ndl.details dt {\n	float: left;\n	clear: left;\n	width: 30%;\n	text-align: right;\n	color: #000000;\n	display: block;\n}\n\ndl.details dd {\n	margin-left: 0;\n	padding-left: 5px;\n	margin-bottom: 5px;\n	color: #828282;\n	float: left;\n	width: 65%;\n}\n\n/* Pagination\n---------------------------------------- */\n.pagination {\n	height: 1%; /* IE tweak (holly hack) */\n	width: auto;\n	text-align: right;\n	margin-top: 5px;\n	float: right;\n}\n\n.pagination span.page-sep {\n	display: none;\n}\n\nli.pagination {\n	margin-top: 0;\n}\n\n.pagination strong, .pagination b {\n	font-weight: normal;\n}\n\n.pagination span strong {\n	padding: 0 2px;\n	margin: 0 2px;\n	font-weight: normal;\n	color: #FFFFFF;\n	background-color: #bfbfbf;\n	border: 1px solid #bfbfbf;\n	font-size: 0.9em;\n}\n\n.pagination span a, .pagination span a:link, .pagination span a:visited, .pagination span a:active {\n	font-weight: normal;\n	text-decoration: none;\n	color: #747474;\n	margin: 0 2px;\n	padding: 0 2px;\n	background-color: #eeeeee;\n	border: 1px solid #bababa;\n	font-size: 0.9em;\n	line-height: 1.5em;\n}\n\n.pagination span a:hover {\n	border-color: #d2d2d2;\n	background-color: #d2d2d2;\n	color: #FFF;\n	text-decoration: none;\n}\n\n.pagination img {\n	vertical-align: middle;\n}\n\n/* Pagination in viewforum for multipage topics */\n.row .pagination {\n	display: block;\n	float: right;\n	width: auto;\n	margin-top: 0;\n	padding: 1px 0 1px 15px;\n	font-size: 0.9em;\n	background: none 0 50% no-repeat;\n}\n\n.row .pagination span a, li.pagination span a {\n	background-color: #FFFFFF;\n}\n\n.row .pagination span a:hover, li.pagination span a:hover {\n	background-color: #d2d2d2;\n}\n\n/* Miscellaneous styles\n---------------------------------------- */\n#forum-permissions {\n	float: right;\n	width: auto;\n	padding-left: 5px;\n	margin-left: 5px;\n	margin-top: 10px;\n	text-align: right;\n}\n\n.copyright {\n	padding: 5px;\n	text-align: center;\n	color: #555555;\n}\n\n.small {\n	font-size: 0.9em !important;\n}\n\n.titlespace {\n	margin-bottom: 15px;\n}\n\n.headerspace {\n	margin-top: 20px;\n}\n\n.error {\n	color: #bcbcbc;\n	font-weight: bold;\n	font-size: 1em;\n}\n\n.reported {\n	background-color: #f7f7f7;\n}\n\nli.reported:hover {\n	background-color: #ececec;\n}\n\ndiv.rules {\n	background-color: #ececec;\n	color: #bcbcbc;\n	padding: 0 10px;\n	margin: 10px 0;\n	font-size: 1.1em;\n}\n\ndiv.rules ul, div.rules ol {\n	margin-left: 20px;\n}\n\np.rules {\n	background-color: #ececec;\n	background-image: none;\n	padding: 5px;\n}\n\np.rules img {\n	vertical-align: middle;\n	padding-top: 5px;\n}\n\np.rules a {\n	vertical-align: middle;\n	clear: both;\n}\n\n#top {\n	position: absolute;\n	top: -20px;\n}\n\n.clear {\n	display: block;\n	clear: both;\n	font-size: 1px;\n	line-height: 1px;\n	background: transparent;\n}\n/* proSilver Link Styles\n---------------------------------------- */\n\n/* Links adjustment to correctly display an order of rtl/ltr mixed content */\na {\n	direction: ltr;\n	unicode-bidi: embed;\n}\n\na:link	{ color: #898989; text-decoration: none; }\na:visited	{ color: #898989; text-decoration: none; }\na:hover	{ color: #d3d3d3; text-decoration: underline; }\na:active	{ color: #d2d2d2; text-decoration: none; }\n\n/* Coloured usernames */\n.username-coloured {\n	font-weight: bold;\n	display: inline !important;\n	padding: 0 !important;\n}\n\n/* Links on gradient backgrounds */\n#search-box a:link, .navbg a:link, .forumbg .header a:link, .forabg .header a:link, th a:link {\n	color: #FFFFFF;\n	text-decoration: none;\n}\n\n#search-box a:visited, .navbg a:visited, .forumbg .header a:visited, .forabg .header a:visited, th a:visited {\n	color: #FFFFFF;\n	text-decoration: none;\n}\n\n#search-box a:hover, .navbg a:hover, .forumbg .header a:hover, .forabg .header a:hover, th a:hover {\n	color: #ffffff;\n	text-decoration: underline;\n}\n\n#search-box a:active, .navbg a:active, .forumbg .header a:active, .forabg .header a:active, th a:active {\n	color: #ffffff;\n	text-decoration: none;\n}\n\n/* Links for forum/topic lists */\na.forumtitle {\n	font-family: \"Trebuchet MS\", Helvetica, Arial, Sans-serif;\n	font-size: 1.2em;\n	font-weight: bold;\n	color: #898989;\n	text-decoration: none;\n}\n\n/* a.forumtitle:visited { color: #898989; } */\n\na.forumtitle:hover {\n	color: #bcbcbc;\n	text-decoration: underline;\n}\n\na.forumtitle:active {\n	color: #898989;\n}\n\na.topictitle {\n	font-family: \"Trebuchet MS\", Helvetica, Arial, Sans-serif;\n	font-size: 1.2em;\n	font-weight: bold;\n	color: #898989;\n	text-decoration: none;\n}\n\n/* a.topictitle:visited { color: #d2d2d2; } */\n\na.topictitle:hover {\n	color: #bcbcbc;\n	text-decoration: underline;\n}\n\na.topictitle:active {\n	color: #898989;\n}\n\n/* Post body links */\n.postlink {\n	text-decoration: none;\n	color: #d2d2d2;\n	border-bottom: 1px solid #d2d2d2;\n	padding-bottom: 0;\n}\n\n.postlink:visited {\n	color: #bdbdbd;\n	border-bottom-style: dotted;\n	border-bottom-color: #666666;\n}\n\n.postlink:active {\n	color: #d2d2d2;\n}\n\n.postlink:hover {\n	background-color: #f6f6f6;\n	text-decoration: none;\n	color: #404040;\n}\n\n.signature a, .signature a:visited, .signature a:active, .signature a:hover {\n	border: none;\n	text-decoration: underline;\n	background-color: transparent;\n}\n\n/* Profile links */\n.postprofile a:link, .postprofile a:active, .postprofile a:visited, .postprofile dt.author a {\n	font-weight: bold;\n	color: #898989;\n	text-decoration: none;\n}\n\n.postprofile a:hover, .postprofile dt.author a:hover {\n	text-decoration: underline;\n	color: #d3d3d3;\n}\n\n\n/* Profile searchresults */	\n.search .postprofile a {\n	color: #898989;\n	text-decoration: none; \n	font-weight: normal;\n}\n\n.search .postprofile a:hover {\n	color: #d3d3d3;\n	text-decoration: underline; \n}\n\n/* Back to top of page */\n.back2top {\n	clear: both;\n	height: 11px;\n	text-align: right;\n}\n\na.top {\n	background: none no-repeat top left;\n	text-decoration: none;\n	width: {IMG_ICON_BACK_TOP_WIDTH}px;\n	height: {IMG_ICON_BACK_TOP_HEIGHT}px;\n	display: block;\n	float: right;\n	overflow: hidden;\n	letter-spacing: 1000px;\n	text-indent: 11px;\n}\n\na.top2 {\n	background: none no-repeat 0 50%;\n	text-decoration: none;\n	padding-left: 15px;\n}\n\n/* Arrow links  */\na.up		{ background: none no-repeat left center; }\na.down		{ background: none no-repeat right center; }\na.left		{ background: none no-repeat 3px 60%; }\na.right		{ background: none no-repeat 95% 60%; }\n\na.up, a.up:link, a.up:active, a.up:visited {\n	padding-left: 10px;\n	text-decoration: none;\n	border-bottom-width: 0;\n}\n\na.up:hover {\n	background-position: left top;\n	background-color: transparent;\n}\n\na.down, a.down:link, a.down:active, a.down:visited {\n	padding-right: 10px;\n}\n\na.down:hover {\n	background-position: right bottom;\n	text-decoration: none;\n}\n\na.left, a.left:active, a.left:visited {\n	padding-left: 12px;\n}\n\na.left:hover {\n	color: #d2d2d2;\n	text-decoration: none;\n	background-position: 0 60%;\n}\n\na.right, a.right:active, a.right:visited {\n	padding-right: 12px;\n}\n\na.right:hover {\n	color: #d2d2d2;\n	text-decoration: none;\n	background-position: 100% 60%;\n}\n\n/* invisible skip link, used for accessibility  */\n.skiplink {\n	position: absolute;\n	left: -999px;\n	width: 990px;\n}\n\n/* Feed icon in forumlist_body.html */\na.feed-icon-forum {\n	float: right;\n	margin: 3px;\n}\n/* proSilver Content Styles\n---------------------------------------- */\n\nul.topiclist {\n	display: block;\n	list-style-type: none;\n	margin: 0;\n}\n\nul.forums {\n	background: #f9f9f9 none repeat-x 0 0;\n}\n\nul.topiclist li {\n	display: block;\n	list-style-type: none;\n	color: #777777;\n	margin: 0;\n}\n\nul.topiclist dl {\n	position: relative;\n}\n\nul.topiclist li.row dl {\n	padding: 2px 0;\n}\n\nul.topiclist dt {\n	display: block;\n	float: left;\n	width: 50%;\n	font-size: 1.1em;\n	padding-left: 5px;\n	padding-right: 5px;\n}\n\nul.topiclist dd {\n	display: block;\n	float: left;\n	border-left: 1px solid #FFFFFF;\n	padding: 4px 0;\n}\n\nul.topiclist dfn {\n	/* Labels for post/view counts */\n	position: absolute;\n	left: -999px;\n	width: 990px;\n}\n\nul.topiclist li.row dt a.subforum {\n	background-image: none;\n	background-position: 0 50%;\n	background-repeat: no-repeat;\n	position: relative;\n	white-space: nowrap;\n	padding: 0 0 0 12px;\n}\n\n.forum-image {\n	float: left;\n	padding-top: 5px;\n	margin-right: 5px;\n}\n\nli.row {\n	border-top: 1px solid #FFFFFF;\n	border-bottom: 1px solid #8f8f8f;\n}\n\nli.row strong {\n	font-weight: normal;\n	color: #000000;\n}\n\nli.row:hover {\n	background-color: #f6f6f6;\n}\n\nli.row:hover dd {\n	border-left-color: #CCCCCC;\n}\n\nli.header dt, li.header dd {\n	line-height: 1em;\n	border-left-width: 0;\n	margin: 2px 0 4px 0;\n	color: #FFFFFF;\n	padding-top: 2px;\n	padding-bottom: 2px;\n	font-size: 1em;\n	font-family: Arial, Helvetica, sans-serif;\n	text-transform: uppercase;\n}\n\nli.header dt {\n	font-weight: bold;\n}\n\nli.header dd {\n	margin-left: 1px;\n}\n\nli.header dl.icon {\n	min-height: 0;\n}\n\nli.header dl.icon dt {\n	/* Tweak for headers alignment when folder icon used */\n	padding-left: 0;\n	padding-right: 50px;\n}\n\n/* Forum list column styles */\ndl.icon {\n	min-height: 35px;\n	background-position: 10px 50%;		/* Position of folder icon */\n	background-repeat: no-repeat;\n}\n\ndl.icon dt {\n	padding-left: 45px;					/* Space for folder icon */\n	background-repeat: no-repeat;\n	background-position: 5px 95%;		/* Position of topic icon */\n}\n\ndd.posts, dd.topics, dd.views {\n	width: 8%;\n	text-align: center;\n	line-height: 2.2em;\n	font-size: 1.2em;\n}\n\n/* List in forum description */\ndl.icon dt ol,\ndl.icon dt ul {\n	list-style-position: inside;\n	margin-left: 1em;\n}\n\ndl.icon dt li {\n	display: list-item;\n	list-style-type: inherit;\n}\n\ndd.lastpost {\n	width: 25%;\n	font-size: 1.1em;\n}\n\ndd.redirect {\n	font-size: 1.1em;\n	line-height: 2.5em;\n}\n\ndd.moderation {\n	font-size: 1.1em;\n}\n\ndd.lastpost span, ul.topiclist dd.searchby span, ul.topiclist dd.info span, ul.topiclist dd.time span, dd.redirect span, dd.moderation span {\n	display: block;\n	padding-left: 5px;\n}\n\ndd.time {\n	width: auto;\n	line-height: 200%;\n	font-size: 1.1em;\n}\n\ndd.extra {\n	width: 12%;\n	line-height: 200%;\n	text-align: center;\n	font-size: 1.1em;\n}\n\ndd.mark {\n	float: right !important;\n	width: 9%;\n	text-align: center;\n	line-height: 200%;\n	font-size: 1.2em;\n}\n\ndd.info {\n	width: 30%;\n}\n\ndd.option {\n	width: 15%;\n	line-height: 200%;\n	text-align: center;\n	font-size: 1.1em;\n}\n\ndd.searchby {\n	width: 47%;\n	font-size: 1.1em;\n	line-height: 1em;\n}\n\nul.topiclist dd.searchextra {\n	margin-left: 5px;\n	padding: 0.2em 0;\n	font-size: 1.1em;\n	color: #333333;\n	border-left: none;\n	clear: both;\n	width: 98%;\n	overflow: hidden;\n}\n\n/* Container for post/reply buttons and pagination */\n.topic-actions {\n	margin-bottom: 3px;\n	font-size: 1.1em;\n	height: 28px;\n	min-height: 28px;\n}\ndiv[class].topic-actions {\n	height: auto;\n}\n\n/* Post body styles\n----------------------------------------*/\n.postbody {\n	padding: 0;\n	line-height: 1.48em;\n	color: #333333;\n	width: 76%;\n	float: left;\n	clear: both;\n}\n\n.postbody .ignore {\n	font-size: 1.1em;\n}\n\n.postbody h3.first {\n	/* The first post on the page uses this */\n	font-size: 1.7em;\n}\n\n.postbody h3 {\n	/* Postbody requires a different h3 format - so change it here */\n	font-size: 1.5em;\n	padding: 2px 0 0 0;\n	margin: 0 0 0.3em 0 !important;\n	text-transform: none;\n	border: none;\n	font-family: \"Trebuchet MS\", Verdana, Helvetica, Arial, sans-serif;\n	line-height: 125%;\n}\n\n.postbody h3 img {\n	/* Also see tweaks.css */\n	vertical-align: bottom;\n}\n\n.postbody .content {\n	font-size: 1.3em;\n}\n\n.search .postbody {\n	width: 68%\n}\n\n/* Topic review panel\n----------------------------------------*/\n#review {\n	margin-top: 2em;\n}\n\n#topicreview {\n	padding-right: 5px;\n	overflow: auto;\n	height: 300px;\n}\n\n#topicreview .postbody {\n	width: auto;\n	float: none;\n	margin: 0;\n	height: auto;\n}\n\n#topicreview .post {\n	height: auto;\n}\n\n#topicreview h2 {\n	border-bottom-width: 0;\n}\n\n.post-ignore .postbody {\n	display: none;\n}\n\n/* MCP Post details\n----------------------------------------*/\n#post_details\n{\n	/* This will only work in IE7+, plus the others */\n	overflow: auto;\n	max-height: 300px;\n}\n\n#expand\n{\n	clear: both;\n}\n\n/* Content container styles\n----------------------------------------*/\n.content {\n	min-height: 3em;\n	overflow: hidden;\n	line-height: 1.4em;\n	font-family: \"Lucida Grande\", \"Trebuchet MS\", Verdana, Helvetica, Arial, sans-serif;\n	font-size: 1em;\n	color: #333333;\n	padding-bottom: 1px;\n}\n\n.content h2, .panel h2 {\n	font-weight: normal;\n	color: #989898;\n	border-bottom: 1px solid #CCCCCC;\n	font-size: 1.6em;\n	margin-top: 0.5em;\n	margin-bottom: 0.5em;\n	padding-bottom: 0.5em;\n}\n\n.panel h3 {\n	margin: 0.5em 0;\n}\n\n.panel p {\n	font-size: 1.2em;\n	margin-bottom: 1em;\n	line-height: 1.4em;\n}\n\n.content p {\n	font-family: \"Lucida Grande\", \"Trebuchet MS\", Verdana, Helvetica, Arial, sans-serif;\n	font-size: 1.2em;\n	margin-bottom: 1em;\n	line-height: 1.4em;\n}\n\ndl.faq {\n	font-family: \"Lucida Grande\", Verdana, Helvetica, Arial, sans-serif;\n	font-size: 1.1em;\n	margin-top: 1em;\n	margin-bottom: 2em;\n	line-height: 1.4em;\n}\n\ndl.faq dt {\n	font-weight: bold;\n	color: #333333;\n}\n\n.content dl.faq {\n	font-size: 1.2em;\n	margin-bottom: 0.5em;\n}\n\n.content li {\n	list-style-type: inherit;\n}\n\n.content ul, .content ol {\n	margin-bottom: 1em;\n	margin-left: 3em;\n}\n\n.posthilit {\n	background-color: #f3f3f3;\n	color: #BCBCBC;\n	padding: 0 2px 1px 2px;\n}\n\n.announce, .unreadpost {\n	/* Highlight the announcements & unread posts box */\n	border-left-color: #BCBCBC;\n	border-right-color: #BCBCBC;\n}\n\n/* Post author */\np.author {\n	margin: 0 15em 0.6em 0;\n	padding: 0 0 5px 0;\n	font-family: Verdana, Helvetica, Arial, sans-serif;\n	font-size: 1em;\n	line-height: 1.2em;\n}\n\n/* Post signature */\n.signature {\n	margin-top: 1.5em;\n	padding-top: 0.2em;\n	font-size: 1.1em;\n	border-top: 1px solid #CCCCCC;\n	clear: left;\n	line-height: 140%;\n	overflow: hidden;\n	width: 100%;\n}\n\ndd .signature {\n	margin: 0;\n	padding: 0;\n	clear: none;\n	border: none;\n}\n\n.signature li {\n	list-style-type: inherit;\n}\n\n.signature ul, .signature ol {\n	margin-bottom: 1em;\n	margin-left: 3em;\n}\n\n/* Post noticies */\n.notice {\n	font-family: \"Lucida Grande\", Verdana, Helvetica, Arial, sans-serif;\n	width: auto;\n	margin-top: 1.5em;\n	padding-top: 0.2em;\n	font-size: 1em;\n	border-top: 1px dashed #CCCCCC;\n	clear: left;\n	line-height: 130%;\n}\n\n/* Jump to post link for now */\nul.searchresults {\n	list-style: none;\n	text-align: right;\n	clear: both;\n}\n\n/* BB Code styles\n----------------------------------------*/\n/* Quote block */\nblockquote {\n	background: #ebebeb none 6px 8px no-repeat;\n	border: 1px solid #dbdbdb;\n	font-size: 0.95em;\n	margin: 0.5em 1px 0 25px;\n	overflow: hidden;\n	padding: 5px;\n}\n\nblockquote blockquote {\n	/* Nested quotes */\n	background-color: #bababa;\n	font-size: 1em;\n	margin: 0.5em 1px 0 15px;	\n}\n\nblockquote blockquote blockquote {\n	/* Nested quotes */\n	background-color: #e4e4e4;\n}\n\nblockquote cite {\n	/* Username/source of quoter */\n	font-style: normal;\n	font-weight: bold;\n	margin-left: 20px;\n	display: block;\n	font-size: 0.9em;\n}\n\nblockquote cite cite {\n	font-size: 1em;\n}\n\nblockquote.uncited {\n	padding-top: 25px;\n}\n\n/* Code block */\ndl.codebox {\n	padding: 3px;\n	background-color: #FFFFFF;\n	border: 1px solid #d8d8d8;\n	font-size: 1em;\n}\n\ndl.codebox dt {\n	text-transform: uppercase;\n	border-bottom: 1px solid #CCCCCC;\n	margin-bottom: 3px;\n	font-size: 0.8em;\n	font-weight: bold;\n	display: block;\n}\n\nblockquote dl.codebox {\n	margin-left: 0;\n}\n\ndl.codebox code {\n	/* Also see tweaks.css */\n	overflow: auto;\n	display: block;\n	height: auto;\n	max-height: 200px;\n	white-space: normal;\n	padding-top: 5px;\n	font: 0.9em Monaco, \"Andale Mono\",\"Courier New\", Courier, mono;\n	line-height: 1.3em;\n	color: #8b8b8b;\n	margin: 2px 0;\n}\n\n.syntaxbg		{ color: #FFFFFF; }\n.syntaxcomment	{ color: #000000; }\n.syntaxdefault	{ color: #bcbcbc; }\n.syntaxhtml		{ color: #000000; }\n.syntaxkeyword	{ color: #585858; }\n.syntaxstring	{ color: #a7a7a7; }\n\n/* Attachments\n----------------------------------------*/\n.attachbox {\n	float: left;\n	width: auto; \n	margin: 5px 5px 5px 0;\n	padding: 6px;\n	background-color: #FFFFFF;\n	border: 1px dashed #d8d8d8;\n	clear: left;\n}\n\n.pm-message .attachbox {\n	background-color: #f3f3f3;\n}\n\n.attachbox dt {\n	font-family: Arial, Helvetica, sans-serif;\n	text-transform: uppercase;\n}\n\n.attachbox dd {\n	margin-top: 4px;\n	padding-top: 4px;\n	clear: left;\n	border-top: 1px solid #d8d8d8;\n}\n\n.attachbox dd dd {\n	border: none;\n}\n\n.attachbox p {\n	line-height: 110%;\n	color: #666666;\n	font-weight: normal;\n	clear: left;\n}\n\n.attachbox p.stats\n{\n	line-height: 110%;\n	color: #666666;\n	font-weight: normal;\n	clear: left;\n}\n\n.attach-image {\n	margin: 3px 0;\n	width: 100%;\n	max-height: 350px;\n	overflow: auto;\n}\n\n.attach-image img {\n	border: 1px solid #999999;\n/*	cursor: move; */\n	cursor: default;\n}\n\n/* Inline image thumbnails */\ndiv.inline-attachment dl.thumbnail, div.inline-attachment dl.file {\n	display: block;\n	margin-bottom: 4px;\n}\n\ndiv.inline-attachment p {\n	font-size: 100%;\n}\n\ndl.file {\n	font-family: Verdana, Arial, Helvetica, sans-serif;\n	display: block;\n}\n\ndl.file dt {\n	text-transform: none;\n	margin: 0;\n	padding: 0;\n	font-weight: bold;\n	font-family: Verdana, Arial, Helvetica, sans-serif;\n}\n\ndl.file dd {\n	color: #666666;\n	margin: 0;\n	padding: 0;	\n}\n\ndl.thumbnail img {\n	padding: 3px;\n	border: 1px solid #666666;\n	background-color: #FFF;\n}\n\ndl.thumbnail dd {\n	color: #666666;\n	font-style: italic;\n	font-family: Verdana, Arial, Helvetica, sans-serif;\n}\n\n.attachbox dl.thumbnail dd {\n	font-size: 100%;\n}\n\ndl.thumbnail dt a:hover {\n	background-color: #EEEEEE;\n}\n\ndl.thumbnail dt a:hover img {\n	border: 1px solid #d2d2d2;\n}\n\n/* Post poll styles\n----------------------------------------*/\nfieldset.polls {\n	font-family: \"Trebuchet MS\", Verdana, Helvetica, Arial, sans-serif;\n}\n\nfieldset.polls dl {\n	margin-top: 5px;\n	border-top: 1px solid #e2e2e2;\n	padding: 5px 0 0 0;\n	line-height: 120%;\n	color: #666666;\n}\n\nfieldset.polls dl.voted {\n	font-weight: bold;\n	color: #000000;\n}\n\nfieldset.polls dt {\n	text-align: left;\n	float: left;\n	display: block;\n	width: 30%;\n	border-right: none;\n	padding: 0;\n	margin: 0;\n	font-size: 1.1em;\n}\n\nfieldset.polls dd {\n	float: left;\n	width: 10%;\n	border-left: none;\n	padding: 0 5px;\n	margin-left: 0;\n	font-size: 1.1em;\n}\n\nfieldset.polls dd.resultbar {\n	width: 50%;\n}\n\nfieldset.polls dd input {\n	margin: 2px 0;\n}\n\nfieldset.polls dd div {\n	text-align: right;\n	font-family: Arial, Helvetica, sans-serif;\n	color: #FFFFFF;\n	font-weight: bold;\n	padding: 0 2px;\n	overflow: visible;\n	min-width: 2%;\n}\n\n.pollbar1 {\n	background-color: #aaaaaa;\n	border-bottom: 1px solid #747474;\n	border-right: 1px solid #747474;\n}\n\n.pollbar2 {\n	background-color: #bebebe;\n	border-bottom: 1px solid #8c8c8c;\n	border-right: 1px solid #8c8c8c;\n}\n\n.pollbar3 {\n	background-color: #D1D1D1;\n	border-bottom: 1px solid #aaaaaa;\n	border-right: 1px solid #aaaaaa;\n}\n\n.pollbar4 {\n	background-color: #e4e4e4;\n	border-bottom: 1px solid #bebebe;\n	border-right: 1px solid #bebebe;\n}\n\n.pollbar5 {\n	background-color: #f8f8f8;\n	border-bottom: 1px solid #D1D1D1;\n	border-right: 1px solid #D1D1D1;\n}\n\n/* Poster profile block\n----------------------------------------*/\n.postprofile {\n	/* Also see tweaks.css */\n	margin: 5px 0 10px 0;\n	min-height: 80px;\n	color: #666666;\n	border-left: 1px solid #FFFFFF;\n	width: 22%;\n	float: right;\n	display: inline;\n}\n.pm .postprofile {\n	border-left: 1px solid #DDDDDD;\n}\n\n.postprofile dd, .postprofile dt {\n	line-height: 1.2em;\n	margin-left: 8px;\n}\n\n.postprofile strong {\n	font-weight: normal;\n	color: #000000;\n}\n\n.avatar {\n	border: none;\n	margin-bottom: 3px;\n}\n\n.online {\n	background-image: none;\n	background-position: 100% 0;\n	background-repeat: no-repeat;\n}\n\n/* Poster profile used by search*/\n.search .postprofile {\n	width: 30%;\n}\n\n/* pm list in compose message if mass pm is enabled */\ndl.pmlist dt {\n	width: 60% !important;\n}\n\ndl.pmlist dt textarea {\n	width: 95%;\n}\n\ndl.pmlist dd {\n	margin-left: 61% !important;\n	margin-bottom: 2px;\n}\n/* proSilver Button Styles\n---------------------------------------- */\n\n/* Rollover buttons\n   Based on: http://wellstyled.com/css-nopreload-rollovers.html\n----------------------------------------*/\n.buttons {\n	float: left;\n	width: auto;\n	height: auto;\n}\n\n/* Rollover state */\n.buttons div {\n	float: left;\n	margin: 0 5px 0 0;\n	background-position: 0 100%;\n}\n\n/* Rolloff state */\n.buttons div a {\n	display: block;\n	width: 100%;\n	height: 100%;\n	background-position: 0 0;\n	position: relative;\n	overflow: hidden;\n}\n\n/* Hide <a> text and hide off-state image when rolling over (prevents flicker in IE) */\n/*.buttons div span		{ display: none; }*/\n/*.buttons div a:hover	{ background-image: none; }*/\n.buttons div span			{ position: absolute; width: 100%; height: 100%; cursor: pointer;}\n.buttons div a:hover span	{ background-position: 0 100%; }\n\n/* Big button images */\n.reply-icon span	{ background: transparent none 0 0 no-repeat; }\n.post-icon span		{ background: transparent none 0 0 no-repeat; }\n.locked-icon span	{ background: transparent none 0 0 no-repeat; }\n.pmreply-icon span	{ background: none 0 0 no-repeat; }\n.newpm-icon span 	{ background: none 0 0 no-repeat; }\n.forwardpm-icon span 	{ background: none 0 0 no-repeat; }\n\n/* Set big button dimensions */\n.buttons div.reply-icon		{ width: {IMG_BUTTON_TOPIC_REPLY_WIDTH}px; height: {IMG_BUTTON_TOPIC_REPLY_HEIGHT}px; }\n.buttons div.post-icon		{ width: {IMG_BUTTON_TOPIC_NEW_WIDTH}px; height: {IMG_BUTTON_TOPIC_NEW_HEIGHT}px; }\n.buttons div.locked-icon	{ width: {IMG_BUTTON_TOPIC_LOCKED_WIDTH}px; height: {IMG_BUTTON_TOPIC_LOCKED_HEIGHT}px; }\n.buttons div.pmreply-icon	{ width: {IMG_BUTTON_PM_REPLY_WIDTH}px; height: {IMG_BUTTON_PM_REPLY_HEIGHT}px; }\n.buttons div.newpm-icon		{ width: {IMG_BUTTON_PM_NEW_WIDTH}px; height: {IMG_BUTTON_PM_NEW_HEIGHT}px; }\n.buttons div.forwardpm-icon	{ width: {IMG_BUTTON_PM_FORWARD_WIDTH}px; height: {IMG_BUTTON_PM_FORWARD_HEIGHT}px; }\n\n/* Sub-header (navigation bar)\n--------------------------------------------- */\na.print, a.sendemail, a.fontsize {\n	display: block;\n	overflow: hidden;\n	height: 18px;\n	text-indent: -5000px;\n	text-align: left;\n	background-repeat: no-repeat;\n}\n\na.print {\n	background-image: none;\n	width: 22px;\n}\n\na.sendemail {\n	background-image: none;\n	width: 22px;\n}\n\na.fontsize {\n	background-image: none;\n	background-position: 0 -1px;\n	width: 29px;\n}\n\na.fontsize:hover {\n	background-position: 0 -20px;\n	text-decoration: none;\n}\n\n/* Icon images\n---------------------------------------- */\n.sitehome, .icon-faq, .icon-members, .icon-home, .icon-ucp, .icon-register, .icon-logout,\n.icon-bookmark, .icon-bump, .icon-subscribe, .icon-unsubscribe, .icon-pages, .icon-search {\n	background-position: 0 50%;\n	background-repeat: no-repeat;\n	background-image: none;\n	padding: 1px 0 0 17px;\n}\n\n/* Poster profile icons\n----------------------------------------*/\nul.profile-icons {\n	padding-top: 10px;\n	list-style: none;\n}\n\n/* Rollover state */\nul.profile-icons li {\n	float: left;\n	margin: 0 6px 3px 0;\n	background-position: 0 100%;\n}\n\n/* Rolloff state */\nul.profile-icons li a {\n	display: block;\n	width: 100%;\n	height: 100%;\n	background-position: 0 0;\n}\n\n/* Hide <a> text and hide off-state image when rolling over (prevents flicker in IE) */\nul.profile-icons li span { display:none; }\nul.profile-icons li a:hover { background: none; }\n\n/* Positioning of moderator icons */\n.postbody ul.profile-icons {\n	float: right;\n	width: auto;\n	padding: 0;\n}\n\n.postbody ul.profile-icons li {\n	margin: 0 3px;\n}\n\n/* Profile & navigation icons */\n.email-icon, .email-icon a		{ background: none top left no-repeat; }\n.aim-icon, .aim-icon a			{ background: none top left no-repeat; }\n.yahoo-icon, .yahoo-icon a		{ background: none top left no-repeat; }\n.web-icon, .web-icon a			{ background: none top left no-repeat; }\n.msnm-icon, .msnm-icon a			{ background: none top left no-repeat; }\n.icq-icon, .icq-icon a			{ background: none top left no-repeat; }\n.jabber-icon, .jabber-icon a		{ background: none top left no-repeat; }\n.pm-icon, .pm-icon a				{ background: none top left no-repeat; }\n.quote-icon, .quote-icon a		{ background: none top left no-repeat; }\n\n/* Moderator icons */\n.report-icon, .report-icon a		{ background: none top left no-repeat; }\n.warn-icon, .warn-icon a			{ background: none top left no-repeat; }\n.edit-icon, .edit-icon a			{ background: none top left no-repeat; }\n.delete-icon, .delete-icon a		{ background: none top left no-repeat; }\n.info-icon, .info-icon a			{ background: none top left no-repeat; }\n\n/* Set profile icon dimensions */\nul.profile-icons li.email-icon		{ width: {IMG_ICON_CONTACT_EMAIL_WIDTH}px; height: {IMG_ICON_CONTACT_EMAIL_HEIGHT}px; }\nul.profile-icons li.aim-icon	{ width: {IMG_ICON_CONTACT_AIM_WIDTH}px; height: {IMG_ICON_CONTACT_AIM_HEIGHT}px; }\nul.profile-icons li.yahoo-icon	{ width: {IMG_ICON_CONTACT_YAHOO_WIDTH}px; height: {IMG_ICON_CONTACT_YAHOO_HEIGHT}px; }\nul.profile-icons li.web-icon	{ width: {IMG_ICON_CONTACT_WWW_WIDTH}px; height: {IMG_ICON_CONTACT_WWW_HEIGHT}px; }\nul.profile-icons li.msnm-icon	{ width: {IMG_ICON_CONTACT_MSNM_WIDTH}px; height: {IMG_ICON_CONTACT_MSNM_HEIGHT}px; }\nul.profile-icons li.icq-icon	{ width: {IMG_ICON_CONTACT_ICQ_WIDTH}px; height: {IMG_ICON_CONTACT_ICQ_HEIGHT}px; }\nul.profile-icons li.jabber-icon	{ width: {IMG_ICON_CONTACT_JABBER_WIDTH}px; height: {IMG_ICON_CONTACT_JABBER_HEIGHT}px; }\nul.profile-icons li.pm-icon		{ width: {IMG_ICON_CONTACT_PM_WIDTH}px; height: {IMG_ICON_CONTACT_PM_HEIGHT}px; }\nul.profile-icons li.quote-icon	{ width: {IMG_ICON_POST_QUOTE_WIDTH}px; height: {IMG_ICON_POST_QUOTE_HEIGHT}px; }\nul.profile-icons li.report-icon	{ width: {IMG_ICON_POST_REPORT_WIDTH}px; height: {IMG_ICON_POST_REPORT_HEIGHT}px; }\nul.profile-icons li.edit-icon	{ width: {IMG_ICON_POST_EDIT_WIDTH}px; height: {IMG_ICON_POST_EDIT_HEIGHT}px; }\nul.profile-icons li.delete-icon	{ width: {IMG_ICON_POST_DELETE_WIDTH}px; height: {IMG_ICON_POST_DELETE_HEIGHT}px; }\nul.profile-icons li.info-icon	{ width: {IMG_ICON_POST_INFO_WIDTH}px; height: {IMG_ICON_POST_INFO_HEIGHT}px; }\nul.profile-icons li.warn-icon	{ width: {IMG_ICON_USER_WARN_WIDTH}px; height: {IMG_ICON_USER_WARN_HEIGHT}px; }\n\n/* Fix profile icon default margins */\nul.profile-icons li.edit-icon	{ margin: 0 0 0 3px; }\nul.profile-icons li.quote-icon	{ margin: 0 0 0 10px; }\nul.profile-icons li.info-icon, ul.profile-icons li.report-icon	{ margin: 0 3px 0 0; }\n/* proSilver Control Panel Styles\n---------------------------------------- */\n\n\n/* Main CP box\n----------------------------------------*/\n#cp-menu {\n	float:left;\n	width: 19%;\n	margin-top: 1em;\n	margin-bottom: 5px;\n}\n\n#cp-main {\n	float: left;\n	width: 81%;\n}\n\n#cp-main .content {\n	padding: 0;\n}\n\n#cp-main h3, #cp-main hr, #cp-menu hr {\n	border-color: #bfbfbf;\n}\n\n#cp-main .panel p {\n	font-size: 1.1em;\n}\n\n#cp-main .panel ol {\n	margin-left: 2em;\n	font-size: 1.1em;\n}\n\n#cp-main .panel li.row {\n	border-bottom: 1px solid #cbcbcb;\n	border-top: 1px solid #F9F9F9;\n}\n\nul.cplist {\n	margin-bottom: 5px;\n	border-top: 1px solid #cbcbcb;\n}\n\n#cp-main .panel li.header dd, #cp-main .panel li.header dt {\n	color: #000000;\n	margin-bottom: 2px;\n}\n\n#cp-main table.table1 {\n	margin-bottom: 1em;\n}\n\n#cp-main table.table1 thead th {\n	color: #333333;\n	font-weight: bold;\n	border-bottom: 1px solid #333333;\n	padding: 5px;\n}\n\n#cp-main table.table1 tbody th {\n	font-style: italic;\n	background-color: transparent !important;\n	border-bottom: none;\n}\n\n#cp-main .pagination {\n	float: right;\n	width: auto;\n	padding-top: 1px;\n}\n\n#cp-main .postbody p {\n	font-size: 1.1em;\n}\n\n#cp-main .pm-message {\n	border: 1px solid #e2e2e2;\n	margin: 10px 0;\n	background-color: #FFFFFF;\n	width: auto;\n	float: none;\n}\n\n.pm-message h2 {\n	padding-bottom: 5px;\n}\n\n#cp-main .postbody h3, #cp-main .box2 h3 {\n	margin-top: 0;\n}\n\n#cp-main .buttons {\n	margin-left: 0;\n}\n\n#cp-main ul.linklist {\n	margin: 0;\n}\n\n/* MCP Specific tweaks */\n.mcp-main .postbody {\n	width: 100%;\n}\n\n/* CP tabbed menu\n----------------------------------------*/\n#tabs {\n	line-height: normal;\n	margin: 20px 0 -1px 7px;\n	min-width: 570px;\n}\n\n#tabs ul {\n	margin:0;\n	padding: 0;\n	list-style: none;\n}\n\n#tabs li {\n	display: inline;\n	margin: 0;\n	padding: 0;\n	font-size: 1em;\n	font-weight: bold;\n}\n\n#tabs a {\n	float: left;\n	background: none no-repeat 0% -35px;\n	margin: 0 1px 0 0;\n	padding: 0 0 0 5px;\n	text-decoration: none;\n	position: relative;\n	cursor: pointer;\n}\n\n#tabs a span {\n	float: left;\n	display: block;\n	background: none no-repeat 100% -35px;\n	padding: 6px 10px 6px 5px;\n	color: #828282;\n	white-space: nowrap;\n}\n\n#tabs a:hover span {\n	color: #bcbcbc;\n}\n\n#tabs .activetab a {\n	background-position: 0 0;\n	border-bottom: 1px solid #ebebeb;\n}\n\n#tabs .activetab a span {\n	background-position: 100% 0;\n	padding-bottom: 7px;\n	color: #333333;\n}\n\n#tabs a:hover {\n	background-position: 0 -70px;\n}\n\n#tabs a:hover span {\n	background-position:100% -70px;\n}\n\n#tabs .activetab a:hover {\n	background-position: 0 0;\n}\n\n#tabs .activetab a:hover span {\n	color: #000000;\n	background-position: 100% 0;\n}\n\n/* Mini tabbed menu used in MCP\n----------------------------------------*/\n#minitabs {\n	line-height: normal;\n	margin: -20px 7px 0 0;\n}\n\n#minitabs ul {\n	margin:0;\n	padding: 0;\n	list-style: none;\n}\n\n#minitabs li {\n	display: block;\n	float: right;\n	padding: 0 10px 4px 10px;\n	font-size: 1em;\n	font-weight: bold;\n	background-color: #f2f2f2;\n	margin-left: 2px;\n}\n\n#minitabs a {\n}\n\n#minitabs a:hover {\n	text-decoration: none;\n}\n\n#minitabs li.activetab {\n	background-color: #F9F9F9;\n}\n\n#minitabs li.activetab a, #minitabs li.activetab a:hover {\n	color: #333333;\n}\n\n/* UCP navigation menu\n----------------------------------------*/\n/* Container for sub-navigation list */\n#navigation {\n	width: 100%;\n	padding-top: 36px;\n}\n\n#navigation ul {\n	list-style:none;\n}\n\n/* Default list state */\n#navigation li {\n	margin: 1px 0;\n	padding: 0;\n	font-weight: bold;\n	display: inline;\n}\n\n/* Link styles for the sub-section links */\n#navigation a {\n	display: block;\n	padding: 5px;\n	margin: 1px 0;\n	text-decoration: none;\n	font-weight: bold;\n	color: #333;\n	background: #cfcfcf none repeat-y 100% 0;\n}\n\n#navigation a:hover {\n	text-decoration: none;\n	background-color: #c6c6c6;\n	color: #bcbcbc;\n	background-image: none;\n}\n\n#navigation #active-subsection a {\n	display: block;\n	color: #d3d3d3;\n	background-color: #F9F9F9;\n	background-image: none;\n}\n\n#navigation #active-subsection a:hover {\n	color: #d3d3d3;\n}\n\n/* Preferences pane layout\n----------------------------------------*/\n#cp-main h2 {\n	border-bottom: none;\n	padding: 0;\n	margin-left: 10px;\n	color: #333333;\n}\n\n#cp-main .panel {\n	background-color: #F9F9F9;\n}\n\n#cp-main .pm {\n	background-color: #FFFFFF;\n}\n\n#cp-main span.corners-top, #cp-menu span.corners-top {\n	background-image: none;\n}\n\n#cp-main span.corners-top span, #cp-menu span.corners-top span {\n	background-image: none;\n}\n\n#cp-main span.corners-bottom, #cp-menu span.corners-bottom {\n	background-image: none;\n}\n\n#cp-main span.corners-bottom span, #cp-menu span.corners-bottom span {\n	background-image: none;\n}\n\n/* Topicreview */\n#cp-main .panel #topicreview span.corners-top, #cp-menu .panel #topicreview span.corners-top {\n	background-image: none;\n}\n\n#cp-main .panel #topicreview span.corners-top span, #cp-menu .panel #topicreview span.corners-top span {\n	background-image: none;\n}\n\n#cp-main .panel #topicreview span.corners-bottom, #cp-menu .panel #topicreview span.corners-bottom {\n	background-image: none;\n}\n\n#cp-main .panel #topicreview span.corners-bottom span, #cp-menu .panel #topicreview span.corners-bottom span {\n	background-image: none;\n}\n\n/* Friends list */\n.cp-mini {\n	background-color: #f9f9f9;\n	padding: 0 5px;\n	margin: 10px 15px 10px 5px;\n}\n\n.cp-mini span.corners-top, .cp-mini span.corners-bottom {\n	margin: 0 -5px;\n}\n\ndl.mini dt {\n	font-weight: bold;\n	color: #676767;\n}\n\ndl.mini dd {\n	padding-top: 4px;\n}\n\n.friend-online {\n	font-weight: bold;\n}\n\n.friend-offline {\n	font-style: italic;\n}\n\n/* PM Styles\n----------------------------------------*/\n#pm-menu {\n	line-height: 2.5em;\n}\n\n/* PM panel adjustments */\n.pm-panel-header {\n	margin: 0; \n	padding-bottom: 10px; \n	border-bottom: 1px dashed #A4B3BF;\n}\n\n.reply-all {\n	display: block; \n	padding-top: 4px; \n	clear: both;\n	float: left;\n}\n\n.pm-panel-message {\n	padding-top: 10px;\n}\n\n.pm-return-to {\n	padding-top: 23px;\n}\n\n#cp-main .pm-message-nav {\n	margin: 0; \n	padding: 2px 10px 5px 10px; \n	border-bottom: 1px dashed #A4B3BF;\n}\n\n/* PM Message history */\n.current {\n	color: #999999;\n}\n\n/* Defined rules list for PM options */\nol.def-rules {\n	padding-left: 0;\n}\n\nol.def-rules li {\n	line-height: 180%;\n	padding: 1px;\n}\n\n/* PM marking colours */\n.pmlist li.bg1 {\n	border: solid 3px transparent;\n	border-width: 0 3px;\n}\n\n.pmlist li.bg2 {\n	border: solid 3px transparent;\n	border-width: 0 3px;\n}\n\n.pmlist li.pm_message_reported_colour, .pm_message_reported_colour {\n	border-left-color: #bcbcbc;\n	border-right-color: #bcbcbc;\n}\n\n.pmlist li.pm_marked_colour, .pm_marked_colour {\n	border: solid 3px #ffffff;\n	border-width: 0 3px;\n}\n\n.pmlist li.pm_replied_colour, .pm_replied_colour {\n	border: solid 3px #c2c2c2;\n	border-width: 0 3px;	\n}\n\n.pmlist li.pm_friend_colour, .pm_friend_colour {\n	border: solid 3px #bdbdbd;\n	border-width: 0 3px;\n}\n\n.pmlist li.pm_foe_colour, .pm_foe_colour {\n	border: solid 3px #000000;\n	border-width: 0 3px;\n}\n\n.pm-legend {\n	border-left-width: 10px;\n	border-left-style: solid;\n	border-right-width: 0;\n	margin-bottom: 3px;\n	padding-left: 3px;\n}\n\n/* Avatar gallery */\n#gallery label {\n	position: relative;\n	float: left;\n	margin: 10px;\n	padding: 5px;\n	width: auto;\n	background: #FFFFFF;\n	border: 1px solid #CCC;\n	text-align: center;\n}\n\n#gallery label:hover {\n	background-color: #EEE;\n}\n/* proSilver Form Styles\n---------------------------------------- */\n\n/* General form styles\n----------------------------------------*/\nfieldset {\n	border-width: 0;\n	font-family: Verdana, Helvetica, Arial, sans-serif;\n	font-size: 1.1em;\n}\n\ninput {\n	font-weight: normal;\n	cursor: pointer;\n	vertical-align: middle;\n	padding: 0 3px;\n	font-size: 1em;\n	font-family: Verdana, Helvetica, Arial, sans-serif;\n}\n\nselect {\n	font-family: Verdana, Helvetica, Arial, sans-serif;\n	font-weight: normal;\n	cursor: pointer;\n	vertical-align: middle;\n	border: 1px solid #666666;\n	padding: 1px;\n	background-color: #FAFAFA;\n}\n\noption {\n	padding-right: 1em;\n}\n\noption.disabled-option {\n	color: graytext;\n}\n\ntextarea {\n	font-family: \"Lucida Grande\", Verdana, Helvetica, Arial, sans-serif;\n	width: 60%;\n	padding: 2px;\n	font-size: 1em;\n	line-height: 1.4em;\n}\n\nlabel {\n	cursor: default;\n	padding-right: 5px;\n	color: #676767;\n}\n\nlabel input {\n	vertical-align: middle;\n}\n\nlabel img {\n	vertical-align: middle;\n}\n\n/* Definition list layout for forms\n---------------------------------------- */\nfieldset dl {\n	padding: 4px 0;\n}\n\nfieldset dt {\n	float: left;	\n	width: 40%;\n	text-align: left;\n	display: block;\n}\n\nfieldset dd {\n	margin-left: 41%;\n	vertical-align: top;\n	margin-bottom: 3px;\n}\n\n/* Specific layout 1 */\nfieldset.fields1 dt {\n	width: 15em;\n	border-right-width: 0;\n}\n\nfieldset.fields1 dd {\n	margin-left: 15em;\n	border-left-width: 0;\n}\n\nfieldset.fields1 {\n	background-color: transparent;\n}\n\nfieldset.fields1 div {\n	margin-bottom: 3px;\n}\n\n/* Set it back to 0px for the reCaptcha divs: PHPBB3-9587 */\nfieldset.fields1 #recaptcha_widget_div div {\n	margin-bottom: 0;\n}\n\n/* Specific layout 2 */\nfieldset.fields2 dt {\n	width: 15em;\n	border-right-width: 0;\n}\n\nfieldset.fields2 dd {\n	margin-left: 16em;\n	border-left-width: 0;\n}\n\n/* Form elements */\ndt label {\n	font-weight: bold;\n	text-align: left;\n}\n\ndd label {\n	white-space: nowrap;\n	color: #333;\n}\n\ndd input, dd textarea {\n	margin-right: 3px;\n}\n\ndd select {\n	width: auto;\n}\n\ndd textarea {\n	width: 85%;\n}\n\n/* Hover effects */\nfieldset dl:hover dt label {\n	color: #000000;\n}\n\nfieldset.fields2 dl:hover dt label {\n	color: inherit;\n}\n\n#timezone {\n	width: 95%;\n}\n\n* html #timezone {\n	width: 50%;\n}\n\n/* Quick-login on index page */\nfieldset.quick-login {\n	margin-top: 5px;\n}\n\nfieldset.quick-login input {\n	width: auto;\n}\n\nfieldset.quick-login input.inputbox {\n	width: 15%;\n	vertical-align: middle;\n	margin-right: 5px;\n	background-color: #f3f3f3;\n}\n\nfieldset.quick-login label {\n	white-space: nowrap;\n	padding-right: 2px;\n}\n\n/* Display options on viewtopic/viewforum pages  */\nfieldset.display-options {\n	text-align: center;\n	margin: 3px 0 5px 0;\n}\n\nfieldset.display-options label {\n	white-space: nowrap;\n	padding-right: 2px;\n}\n\nfieldset.display-options a {\n	margin-top: 3px;\n}\n\n/* Display actions for ucp and mcp pages */\nfieldset.display-actions {\n	text-align: right;\n	line-height: 2em;\n	white-space: nowrap;\n	padding-right: 1em;\n}\n\nfieldset.display-actions label {\n	white-space: nowrap;\n	padding-right: 2px;\n}\n\nfieldset.sort-options {\n	line-height: 2em;\n}\n\n/* MCP forum selection*/\nfieldset.forum-selection {\n	margin: 5px 0 3px 0;\n	float: right;\n}\n\nfieldset.forum-selection2 {\n	margin: 13px 0 3px 0;\n	float: right;\n}\n\n/* Jumpbox */\nfieldset.jumpbox {\n	text-align: right;\n	margin-top: 15px;\n	height: 2.5em;\n}\n\nfieldset.quickmod {\n	width: 50%;\n	float: right;\n	text-align: right;\n	height: 2.5em;\n}\n\n/* Submit button fieldset */\nfieldset.submit-buttons {\n	text-align: center;\n	vertical-align: middle;\n	margin: 5px 0;\n}\n\nfieldset.submit-buttons input {\n	vertical-align: middle;\n	padding-top: 3px;\n	padding-bottom: 3px;\n}\n\n/* Posting page styles\n----------------------------------------*/\n\n/* Buttons used in the editor */\n#format-buttons {\n	margin: 15px 0 2px 0;\n}\n\n#format-buttons input, #format-buttons select {\n	vertical-align: middle;\n}\n\n/* Main message box */\n#message-box {\n	width: 80%;\n}\n\n#message-box textarea {\n	font-family: \"Trebuchet MS\", Verdana, Helvetica, Arial, sans-serif;\n	width: 100%;\n	font-size: 1.2em;\n	color: #333333;\n}\n\n/* Emoticons panel */\n#smiley-box {\n	width: 18%;\n	float: right;\n}\n\n#smiley-box img {\n	margin: 3px;\n}\n\n/* Input field styles\n---------------------------------------- */\n.inputbox {\n	background-color: #FFFFFF;\n	border: 1px solid #c0c0c0;\n	color: #333333;\n	padding: 2px;\n	cursor: text;\n}\n\n.inputbox:hover {\n	border: 1px solid #eaeaea;\n}\n\n.inputbox:focus {\n	border: 1px solid #eaeaea;\n	color: #4b4b4b;\n}\n\ninput.inputbox	{ width: 85%; }\ninput.medium	{ width: 50%; }\ninput.narrow	{ width: 25%; }\ninput.tiny		{ width: 125px; }\n\ntextarea.inputbox {\n	width: 85%;\n}\n\n.autowidth {\n	width: auto !important;\n}\n\n/* Form button styles\n---------------------------------------- */\ninput.button1, input.button2 {\n	font-size: 1em;\n}\n\na.button1, input.button1, input.button3, a.button2, input.button2 {\n	width: auto !important;\n	padding-top: 1px;\n	padding-bottom: 1px;\n	font-family: \"Lucida Grande\", Verdana, Helvetica, Arial, sans-serif;\n	color: #000;\n	background: #FAFAFA none repeat-x top left;\n}\n\na.button1, input.button1 {\n	font-weight: bold;\n	border: 1px solid #666666;\n}\n\ninput.button3 {\n	padding: 0;\n	margin: 0;\n	line-height: 5px;\n	height: 12px;\n	background-image: none;\n	font-variant: small-caps;\n}\n\n/* Alternative button */\na.button2, input.button2, input.button3 {\n	border: 1px solid #666666;\n}\n\n/* <a> button in the style of the form buttons */\na.button1, a.button1:link, a.button1:visited, a.button1:active, a.button2, a.button2:link, a.button2:visited, a.button2:active {\n	text-decoration: none;\n	color: #000000;\n	padding: 2px 8px;\n	line-height: 250%;\n	vertical-align: text-bottom;\n	background-position: 0 1px;\n}\n\n/* Hover states */\na.button1:hover, input.button1:hover, a.button2:hover, input.button2:hover, input.button3:hover {\n	border: 1px solid #BCBCBC;\n	background-position: 0 100%;\n	color: #BCBCBC;\n}\n\ninput.disabled {\n	font-weight: normal;\n	color: #666666;\n}\n\n/* Topic and forum Search */\n.search-box {\n	margin-top: 3px;\n	margin-left: 5px;\n	float: left;\n}\n\n.search-box input {\n}\n\ninput.search {\n	background-image: none;\n	background-repeat: no-repeat;\n	background-position: left 1px;\n	padding-left: 17px;\n}\n\n.full { width: 95%; }\n.medium { width: 50%;}\n.narrow { width: 25%;}\n.tiny { width: 10%;}\n/* proSilver Style Sheet Tweaks\n\nThese style definitions are mainly IE specific \ntweaks required due to its poor CSS support.\n-------------------------------------------------*/\n\n* html table, * html select, * html input { font-size: 100%; }\n* html hr { margin: 0; }\n* html span.corners-top, * html span.corners-bottom { background-image: url(\"{T_THEME_PATH}/images/corners_left.gif\"); }\n* html span.corners-top span, * html span.corners-bottom span { background-image: url(\"{T_THEME_PATH}/images/corners_right.gif\"); }\n\ntable.table1 {\n	width: 99%;		/* IE < 6 browsers */\n	/* Tantek hack */\n	voice-family: \"\\\"}\\\"\";\n	voice-family: inherit;\n	width: 100%;\n}\nhtml>body table.table1 { width: 100%; }	/* Reset 100% for opera */\n\n* html ul.topiclist li { position: relative; }\n* html .postbody h3 img { vertical-align: middle; }\n\n/* Form styles */\nhtml>body dd label input { vertical-align: text-bottom; }	/* Align checkboxes/radio buttons nicely */\n\n* html input.button1, * html input.button2 {\n	padding-bottom: 0;\n	margin-bottom: 1px;\n}\n\n/* Misc layout styles */\n* html .column1, * html .column2 { width: 45%; }\n\n/* Nice method for clearing floated blocks without having to insert any extra markup (like spacer above)\n   From http://www.positioniseverything.net/easyclearing.html \n#tabs:after, #minitabs:after, .post:after, .navbar:after, fieldset dl:after, ul.topiclist dl:after, ul.linklist:after, dl.polls:after {\n	content: \".\"; \n	display: block; \n	height: 0; \n	clear: both; \n	visibility: hidden;\n}*/\n\n.clearfix, #tabs, #minitabs, fieldset dl, ul.topiclist dl, dl.polls {\n	height: 1%;\n	overflow: hidden;\n}\n\n/* viewtopic fix */\n* html .post {\n	height: 25%;\n	overflow: hidden;\n}\n\n/* navbar fix */\n* html .clearfix, * html .navbar, ul.linklist {\n	height: 4%;\n	overflow: hidden;\n}\n\n/* Simple fix so forum and topic lists always have a min-height set, even in IE6\n	From http://www.dustindiaz.com/min-height-fast-hack */\ndl.icon {\n	min-height: 35px;\n	height: auto !important;\n	height: 35px;\n}\n\n* html li.row dl.icon dt {\n	height: 35px;\n	overflow: visible;\n}\n\n* html #search-box {\n	width: 25%;\n}\n\n/* Correctly clear floating for details on profile view */\n*:first-child+html dl.details dd {\n	margin-left: 30%;\n	float: none;\n}\n\n* html dl.details dd {\n	margin-left: 30%;\n	float: none;\n}\n\n* html .forumbg table.table1 {\n	margin: 0 -2px 0px -1px;\n}\n/*  	\n--------------------------------------------------------------\nColours and backgrounds for common.css\n-------------------------------------------------------------- */\n\nhtml, body {\n	color: #ffffff;\n	background-image: url(\"{T_THEME_PATH}/images/Dusty_Wood.jpg\");\n	background-color: #BE9B7D;\n	background-attachment: fixed;\n	background-position: center;\n	background-repeat: repeat;\n}\n\nh1 {\n	color: #FFFFFF;\n}\n\nh2 {\n	color: #ffffff;\n}\n\nh3 {\n	border-bottom-color: #ffffff;\n	color: #ffffff;\n}\n\nhr {\n	border-color: #ffffff;\n	border-top-color: #ffffff;\n}\n\nhr.dashed {\n	border-top-color: #ffffff;\n}\n\n/* Search box\n--------------------------------------------- */\n\n#search-box {\n	color: #FFFFFF;\n}\n\n#search-box #keywords {\n	background-color: #FFF;\n}\n\n#search-box input {\n	border-color: #b19053;\n}\n\n/* Round cornered boxes and backgrounds\n---------------------------------------- */\n.navbar {\n	background-color: #b19053;\n	background-image: url(\"{T_THEME_PATH}/images/bgOFF.gif\");\n	color: #fff;\n}\n\n.forabg {\n	background-color: #b19053;\n	background-image: url(\"{T_THEME_PATH}/images/bgOFF.gif\");\n	background-repeat:repeat-y;\n}\n\n.forumbg {\n	background-color: #b19053;\n	background-image: url(\"{T_THEME_PATH}/images/bgOFF.gif\");\n}\n\n.panel {\n	background-color: #7b5a47;\n	background-image: url(\"{T_THEME_PATH}/images/bg_row.gif\");\n	color: #724c21;\n\n}\n\n.post:target .content {\n	color: #000000;\n}\n\n.post:target h3 a {\n	color: #000000;\n}\n\n.bg1, .bg2, .bg3 { \n	background-color: #7b5a47;\n	background-image: url(\"{T_THEME_PATH}/images/bg_row.gif\");\n	background-repeat: repeat;\n}\n\n.ucprowbg {\n	background-color: #ffffff;\n}\n\n.fieldsbg {\n	background-color: #ffffff;\n}\n\n/* Horizontal lists\n----------------------------------------*/\n\nul.navlinks {\n	border-bottom-color: #ffffff;\n}\n\n/* Table styles\n----------------------------------------*/\ntable.table1 thead th {\n	color: #ffffff;\n}\n\ntable.table1 tbody tr {\n	border-color: #ffffff;\n}\n\ntable.table1 tbody tr:hover, table.table1 tbody tr.hover {\n	background-color: #ffffff;\n	color: #000;\n}\n\ntable.table1 td {\n	color: #ffffff;\n}\n\ntable.table1 tbody td {\n	border-top-color: #ffffff;\n}\n\ntable.table1 tbody th {\n	border-bottom-color: #000000;\n	color: #333333;\n	background-color: #FFFFFF;\n}\n\ntable.info tbody th {\n	color: #000000;\n}\n\n/* Misc layout styles\n---------------------------------------- */\ndl.details dt {\n	color: #000000;\n}\n\ndl.details dd {\n	color: #ffffff;\n}\n\n.sep {\n	color: #ffffff;\n}\n\n/* Pagination\n---------------------------------------- */\n\n.pagination span strong {\n	color: #000000;\n	background-color: #ffffff;\n	border-color: #ffffff;\n}\n\n.pagination span a, .pagination span a:link, .pagination span a:visited, .pagination span a:active {\n	color: #ffffff;\n	background-color: #ffffff;\n	border-color: #ffffff;\n}\n\n.pagination span a:hover {\n	border-color: #ffffff;\n	background-color: #ffffff;\n	color: #000000;\n}\n\n/* Pagination in viewforum for multipage topics */\n.row .pagination {\n	background-image: url(\"{T_THEME_PATH}/images/icon_pages.gif\");\n}\n\n.row .pagination span a, li.pagination span a {\n	background-color: #FFFFFF;\n}\n\n.row .pagination span a:hover, li.pagination span a:hover {\n	background-color: #ffffff;\n}\n\n/* Miscellaneous styles\n---------------------------------------- */\n\n.copyright {\n	color: #ffffff;\n}\n\n.error {\n	color: #ffffff;\n}\n\n.reported {\n	background-color: #ffffff;\n}\n\nli.reported:hover {\n	background-color: #000000 !important;\n}\n.sticky, .announce {\n	/* you can add a background for stickies and announcements*/\n}\n\ndiv.rules {\n	background-color: #000000;\n	color: #ffffff;\n}\n\np.rules {\n	background-color: #000000;\n	background-image: none;\n}\n\n/*  	\n--------------------------------------------------------------\nColours and backgrounds for links.css\n-------------------------------------------------------------- */\n\na:link	{ color: #ffffff; }\na:visited	{ color: #ffffff; }\na:hover	{ color: #ffffff; }\na:active	{ color: #ffffff; }\n\n/* Links on gradient backgrounds */\n#search-box a:link, .navbg a:link, .forumbg .header a:link, .forabg .header a:link, th a:link {\n	color: #ffffff;\n}\n\n#search-box a:visited, .navbg a:visited, .forumbg .header a:visited, .forabg .header a:visited, th a:visited {\n	color: #ffffff;\n}\n\n#search-box a:hover, .navbg a:hover, .forumbg .header a:hover, .forabg .header a:hover, th a:hover {\n	color: #ffffff;\n}\n\n#search-box a:active, .navbg a:active, .forumbg .header a:active, .forabg .header a:active, th a:active {\n	color: #ffffff;\n}\n\n/* Links for forum/topic lists */\na.forumtitle {\n	color: #ffffff;\n}\n\n/* a.forumtitle:visited { color: #ffffff; } */\n\na.forumtitle:hover {\n	color: #ffffff;\n}\n\na.forumtitle:active {\n	color: #ffffff;\n}\n\na.topictitle {\n	color: #ffffff;\n}\n\n/* a.topictitle:visited { color: #ffffff; } */\n\na.topictitle:hover {\n	color: #ffffff;\n}\n\na.topictitle:active {\n	color: #ffffff;\n}\n\n/* Post body links */\n.postlink {\n	color: #ffffff;\n	text-decoration: underline;\n}\n\n.postlink:visited {\n	color: #ffffff;\n}\n\n.postlink:active {\n	color: #ffffff;\n}\n\n.postlink:hover {\n	color: #ffffff;\n	text-decoration: underline;\n}\n\n.signature a, .signature a:visited, .signature a:active, .signature a:hover {\n	background-color: transparent;\n}\n\n/* Profile links */\n.postprofile a:link, .postprofile a:active, .postprofile a:visited, .postprofile dt.author a {\n	color: #ffffff;\n}\n\n.postprofile a:hover, .postprofile dt.author a:hover {\n	color: #ffffff;\n}\n\n/* Profile searchresults */	\n.search .postprofile a {\n	color: #000000;\n}\n\n.search .postprofile a:hover {\n	color: #ffffff;\n}\n\n/* Back to top of page */\na.top {\n	background-image: url(\"{IMG_ICON_BACK_TOP_SRC}\");\n}\n\na.top2 {\n	background-image: url(\"{IMG_ICON_BACK_TOP_SRC}\");\n}\n\n/* Arrow links  */\na.up		{ background-image: url(\"{T_THEME_PATH}/images/arrow_up.gif\") }\na.down		{ background-image: url(\"{T_THEME_PATH}/images/arrow_down.gif\") }\na.left		{ background-image: url(\"{T_THEME_PATH}/images/arrow_left.gif\") }\na.right		{ background-image: url(\"{T_THEME_PATH}/images/arrow_right.gif\") }\n\na.up:hover {\n	background-color: transparent;\n}\n\na.left:hover {\n	color: #ffffff;\n}\n\na.right:hover {\n	color: #ffffff;\n}\n\n\n/*  	\n--------------------------------------------------------------\nColours and backgrounds for content.css\n-------------------------------------------------------------- */\n\nul.forums {\n    background-color: #7b5a47;\n	background-image: url(\"{T_THEME_PATH}/images/bg_row.gif\");\n	background-repeat:repeat;\n}\n\nul.topiclist li {\n	color: #ffffff;\n}\n\nul.topiclist dd {\n	border-left-color: #c9b185;\n}\n\n.rtl ul.topiclist dd {\n	border-right-color: #fff;\n	border-left-color: transparent;\n}\n\nul.topiclist li.row dt a.subforum.read {\n	background-image: url(\"{IMG_SUBFORUM_READ_SRC}\");\n}\n\nul.topiclist li.row dt a.subforum.unread {\n	background-image: url(\"{IMG_SUBFORUM_UNREAD_SRC}\");\n}\n\nli.row {\n	border-top-color:  #FFFFFF;\n	border-bottom-color: #c9b185;\n}\n\nli.row strong {\n	color: #000000;\n}\n\nli.row:hover {\n	background-color: #FFF;\n	background-image: url(\"{T_THEME_PATH}/images/bgOFF.gif\"); \n	background-repeat: repeat;\n}\n\nli.row:hover dd {\n	border-left-color: #ffffff;\n}\n\n.rtl li.row:hover dd {\n	border-right-color: #ffffff;\n	border-left-color: transparent;\n}\n\nli.header dt, li.header dd {\n	color: #FFFFFF;\n}\n\n/* Forum list column styles */\nul.topiclist dd.searchextra {\n	color: #333333;\n}\n\n/* Post body styles\n----------------------------------------*/\n.postbody {\n	color: #333333;\n}\n\n/* Content container styles\n----------------------------------------*/\n.content {\n	color: #333333;\n}\n\n.content h2, .panel h2 {\n	color: #ffffff;\n	border-bottom-color:  #ffffff;\n}\n\ndl.faq dt {\n	color: #333333;\n}\n\n.posthilit {\n	background-color: #F3BFCC;\n	color: #ffffff;\n}\n\n/* Post signature */\n.signature {\n	border-top-color: #ffffff;\n}\n\n/* Post noticies */\n.notice {\n	border-top-color:  #ffffff;\n}\n\n/* BB Code styles\n----------------------------------------*/\n/* Quote block */\nblockquote {\n	background-color: #b37b53;\n	background-image: url(\"{T_THEME_PATH}/images/quote.gif\");\n	border-color:#b37b53;\n}\n\n.rtl blockquote {\n	background-image: url(\"{T_THEME_PATH}/images/quote_rtl.gif\");\n}\n\nblockquote blockquote {\n	/* Nested quotes */\n	background-color:#b37b53;\n}\n\nblockquote blockquote blockquote {\n	/* Nested quotes */\n	background-color: #b37b53;\n}\n\n/* Code block */\ndl.codebox {\n	background-color: #b37b53;\n	border-color: #b37b53;\n}\n\ndl.codebox dt {\n	border-bottom-color:  #ffffff;\n}\n\ndl.codebox code {\n	color: #ffffff;\n}\n\n.syntaxbg		{ color: #FFFFFF; }\n.syntaxcomment	{ color: #FF8000; }\n.syntaxdefault	{ color: #0000BB; }\n.syntaxhtml		{ color: #000000; }\n.syntaxkeyword	{ color: #007700; }\n.syntaxstring	{ color: #DD0000; }\n\n/* Attachments\n----------------------------------------*/\n.attachbox {\n	background-color: #FFFFFF;\n	border-color:  #C9D2D8;\n}\n\n.pm-message .attachbox {\n	background-color: #F2F3F3;\n}\n\n.attachbox dd {\n	border-top-color: #C9D2D8;\n}\n\n.attachbox p {\n	color: #ffffff;\n}\n\n.attachbox p.stats {\n	color: #ffffff;\n}\n\n.attach-image img {\n	border-color: #999999;\n}\n\n/* Inline image thumbnails */\n\ndl.file dd {\n	color: #ffffff;\n}\n\ndl.thumbnail img {\n	border-color: #ffffff;\n	background-color: #FFFFFF;\n}\n\ndl.thumbnail dd {\n	color: #ffffff;\n}\n\ndl.thumbnail dt a:hover {\n	background-color: #EEEEEE;\n}\n\ndl.thumbnail dt a:hover img {\n	border-color: #ffffff;\n}\n\n/* Post poll styles\n----------------------------------------*/\n\nfieldset.polls dl {\n	border-top-color: #5b3715;\n	color: #ffffff;\n}\n\nfieldset.polls dl.voted {\n	color: #000000;\n}\n\nfieldset.polls dd div {\n	color: #FFFFFF;\n}\n\n.rtl .pollbar1, .rtl .pollbar2, .rtl .pollbar3, .rtl .pollbar4, .rtl .pollbar5 {\n	border-right-color: transparent;\n}\n\n.pollbar1 {\n	background-color: #ffffff;\n}\n\n.rtl .pollbar1 {\n	border-left-color: #74162C;\n}\n\n.pollbar2 {\n	background-color: #ffffff;\n}\n\n.rtl .pollbar2 {\n	border-left-color: #8C1C38;\n}\n\n.pollbar3 {\n	background-color: #ffffff;\n}\n\n.rtl .pollbar3 {\n	border-left-color: #5b3715;\n}\n\n.pollbar4 {\n	background-color: #ffffff;\n}\n\n.rtl .pollbar4 {\n	border-left-color: #5b3715;\n}\n\n.pollbar5 {\n	background-color: #ffffff;\n}\n\n.rtl .pollbar5 {\n	border-left-color: #5b3715;\n}\n\n/* Poster profile block\n----------------------------------------*/\n.postprofile {\n	color: #ffffff;\n	border-left-color: #FFFFFF;\n}\n\n.rtl .postprofile {\n	border-right-color: #FFFFFF;\n	border-left-color: transparent;\n}\n\n.pm .postprofile {\n	border-left-color: #ffffff;\n}\n\n.rtl .pm .postprofile {\n	border-right-color: #ffffff;\n	border-left-color: transparent;\n}\n\n.postprofile strong {\n	color: #ffffff;\n}\n\n/*  	\n--------------------------------------------------------------\nColours and backgrounds for buttons.css\n-------------------------------------------------------------- */\n\n/* Big button images */\n.reply-icon span	{ background-image: url(\"{IMG_BUTTON_TOPIC_REPLY_SRC}\"); }\n.post-icon span		{ background-image: url(\"{IMG_BUTTON_TOPIC_NEW_SRC}\"); }\n.locked-icon span	{ background-image: url(\"{IMG_BUTTON_TOPIC_LOCKED_SRC}\"); }\n.pmreply-icon span	{ background-image: url(\"{IMG_BUTTON_PM_REPLY_SRC}\") ;}\n.newpm-icon span 	{ background-image: url(\"{IMG_BUTTON_PM_NEW_SRC}\") ;}\n.forwardpm-icon span	{ background-image: url(\"{IMG_BUTTON_PM_FORWARD_SRC}\") ;}\n\na.print {\n	background-image: url(\"{T_THEME_PATH}/images/icon_print.gif\");\n}\n\na.sendemail {\n	background-image: url(\"{T_THEME_PATH}/images/icon_sendemail.gif\");\n}\n\na.fontsize {\n	background-image: url(\"{T_THEME_PATH}/images/icon_fontsize.gif\");\n}\n\n/* Icon images\n---------------------------------------- */\n.sitehome						{ background-image: url(\"{T_THEME_PATH}/images/icon_home.gif\"); }\n.icon-faq						{ background-image: url(\"{T_THEME_PATH}/images/icon_faq.gif\"); }\n.icon-members					{ background-image: url(\"{T_THEME_PATH}/images/icon_members.gif\"); }\n.icon-home						{ background-image: url(\"{T_THEME_PATH}/images/icon_home.gif\"); }\n.icon-ucp						{ background-image: url(\"{T_THEME_PATH}/images/icon_ucp.gif\"); }\n.icon-register					{ background-image: url(\"{T_THEME_PATH}/images/icon_register.gif\"); }\n.icon-logout					{ background-image: url(\"{T_THEME_PATH}/images/icon_logout.gif\"); }\n.icon-bookmark					{ background-image: url(\"{T_THEME_PATH}/images/icon_bookmark.gif\"); }\n.icon-bump						{ background-image: url(\"{T_THEME_PATH}/images/icon_bump.gif\"); }\n.icon-subscribe					{ background-image: url(\"{T_THEME_PATH}/images/icon_subscribe.gif\"); }\n.icon-unsubscribe				{ background-image: url(\"{T_THEME_PATH}/images/icon_unsubscribe.gif\"); }\n.icon-pages						{ background-image: url(\"{T_THEME_PATH}/images/icon_pages.gif\"); }\n.icon-search					{ background-image: url(\"{T_THEME_PATH}/images/icon_search.gif\"); }\n\n/* Profile & navigation icons */\n.email-icon, .email-icon a		{ background-image: url(\"{IMG_ICON_CONTACT_EMAIL_SRC}\"); }\n.aim-icon, .aim-icon a			{ background-image: url(\"{IMG_ICON_CONTACT_AIM_SRC}\"); }\n.yahoo-icon, .yahoo-icon a		{ background-image: url(\"{IMG_ICON_CONTACT_YAHOO_SRC}\"); }\n.web-icon, .web-icon a			{ background-image: url(\"{IMG_ICON_CONTACT_WWW_SRC}\"); }\n.msnm-icon, .msnm-icon a			{ background-image: url(\"{IMG_ICON_CONTACT_MSNM_SRC}\"); }\n.icq-icon, .icq-icon a			{ background-image: url(\"{IMG_ICON_CONTACT_ICQ_SRC}\"); }\n.jabber-icon, .jabber-icon a		{ background-image: url(\"{IMG_ICON_CONTACT_JABBER_SRC}\"); }\n.pm-icon, .pm-icon a				{ background-image: url(\"{IMG_ICON_CONTACT_PM_SRC}\"); }\n.quote-icon, .quote-icon a		{ background-image: url(\"{IMG_ICON_POST_QUOTE_SRC}\"); }\n\n/* Moderator icons */\n.report-icon, .report-icon a		{ background-image: url(\"{IMG_ICON_POST_REPORT_SRC}\"); }\n.edit-icon, .edit-icon a			{ background-image: url(\"{IMG_ICON_POST_EDIT_SRC}\"); }\n.delete-icon, .delete-icon a		{ background-image: url(\"{IMG_ICON_POST_DELETE_SRC}\"); }\n.info-icon, .info-icon a			{ background-image: url(\"{IMG_ICON_POST_INFO_SRC}\"); }\n.warn-icon, .warn-icon a			{ background-image: url(\"{IMG_ICON_USER_WARN_SRC}\"); } /* Need updated warn icon */\n\n/*  	\n--------------------------------------------------------------\nColours and backgrounds for cp.css\n-------------------------------------------------------------- */\n\n/* Main CP box\n----------------------------------------*/\n\n#cp-main h3, #cp-main hr, #cp-menu hr {\n	border-color: #ffffff;\n}\n\n#cp-main .panel li.row {\n	border-bottom-color: #ffffff;\n	border-top-color: #000000;\n}\n\nul.cplist {\n	border-top-color: #ffffff;\n}\n\n#cp-main .panel li.header dd, #cp-main .panel li.header dt {\n	color: #ffffff;\n}\n\n#cp-main table.table1 thead th {\n	color: #ffffff;\n	border-bottom-color: #000000;\n}\n\n#cp-main .pm-message {\n	border-color: #000000;\n	background-color: #FFFFFF;\n}\n\n/* CP tabbed menu\n----------------------------------------*/\n#tabs a {\n	background-image: url(\"{T_THEME_PATH}/images/bg_tabs1.gif\");\n}\n\n#tabs a span {\n	background-image: url(\"{T_THEME_PATH}/images/bg_tabs2.gif\");\n	color: #ffffff;\n}\n\n#tabs a:hover span {\n	color: #000000;\n}\n\n#tabs .activetab a {\n	border-bottom-color: #ffffff;\n}\n\n#tabs .activetab a span {\n	color: #000000;\n}\n\n#tabs .activetab a:hover span {\n	color: #000000;\n}\n\n/* Mini tabbed menu used in MCP\n----------------------------------------*/\n#minitabs li {\n	background-color: #b27b54;\n}\n\n#minitabs li.activetab {\n	background-color: #ffffff;\n}\n\n#minitabs li.activetab a, #minitabs li.activetab a:hover {\n	color: #000000;\n}\n\n/* UCP navigation menu\n----------------------------------------*/\n\n/* Link styles for the sub-section links */\n#navigation a {\n	color: #ffffff;\n	background-color: #b27b54;\n	background-image: url(\"{T_THEME_PATH}/images/bg_menu.gif\");\n}\n\n.rtl #navigation a {\n	background-image: url(\"{T_THEME_PATH}/images/bg_menu_rtl.gif\");\n	background-position: 0 100%;\n}\n\n#navigation a:hover {\n	background-image: none;\n	background-color: #5b3715;\n	color: #000000;\n}\n\n#navigation #active-subsection a {\n	color: #ffffff;\n	background-color: #5b3715;\n	background-image: none;\n}\n\n#navigation #active-subsection a:hover {\n	color: #000000;\n}\n\n/* Preferences pane layout\n----------------------------------------*/\n#cp-main h2 {\n	color: #ffffff;\n}\n\n#cp-main .panel {\n	background-color: #ffffff;\n}\n\n#cp-main .pm {\n	background-color: #FFFFFF;\n}\n\n#cp-main span.corners-top, #cp-menu span.corners-top {\n	background-image: url(\"{T_THEME_PATH}/images/corners_left2.gif\");\n}\n\n#cp-main span.corners-top span, #cp-menu span.corners-top span {\n	background-image: url(\"{T_THEME_PATH}/images/corners_right2.gif\");\n}\n\n#cp-main span.corners-bottom, #cp-menu span.corners-bottom {\n	background-image: url(\"{T_THEME_PATH}/images/corners_left2.gif\");\n}\n\n#cp-main span.corners-bottom span, #cp-menu span.corners-bottom span {\n	background-image: url(\"{T_THEME_PATH}/images/corners_right2.gif\");\n}\n\n/* Topicreview */\n#cp-main .panel #topicreview span.corners-top, #cp-menu .panel #topicreview span.corners-top {\n	background-image: url(\"{T_THEME_PATH}/images/corners_left.gif\");\n}\n\n#cp-main .panel #topicreview span.corners-top span, #cp-menu .panel #topicreview span.corners-top span {\n	background-image: url(\"{T_THEME_PATH}/images/corners_right.gif\");\n}\n\n#cp-main .panel #topicreview span.corners-bottom, #cp-menu .panel #topicreview span.corners-bottom {\n	background-image: url(\"{T_THEME_PATH}/images/corners_left.gif\");\n}\n\n#cp-main .panel #topicreview span.corners-bottom span, #cp-menu .panel #topicreview span.corners-bottom span {\n	background-image: url(\"{T_THEME_PATH}/images/corners_right.gif\");\n}\n\n/* Friends list */\n.cp-mini {\n	background-color: #ffffff;\n}\n\ndl.mini dt {\n	color: #ffffff;\n}\n\n/* PM Styles\n----------------------------------------*/\n/* PM Message history */\n.current {\n	color: #000000 !important;\n}\n\n/* PM panel adjustments */\n.pm-panel-header,\n#cp-main .pm-message-nav {\n	border-bottom-color: #A4B3BF;\n}\n\n/* PM marking colours */\n.pmlist li.pm_message_reported_colour, .pm_message_reported_colour {\n	border-left-color: #BC2A4D;\n	border-right-color: #BC2A4D;\n}\n\n.pmlist li.pm_marked_colour, .pm_marked_colour {\n	border-color: #FF6600;\n}\n\n.pmlist li.pm_replied_colour, .pm_replied_colour {\n	border-color: #A9B8C2;\n}\n\n.pmlist li.pm_friend_colour, .pm_friend_colour {\n	border-color: #5D8FBD;\n}\n\n.pmlist li.pm_foe_colour, .pm_foe_colour {\n	border-color: #000000;\n}\n\n/* Avatar gallery */\n#gallery label {\n	background-color: #FFFFFF;\n	border-color: #CCC;\n}\n\n#gallery label:hover {\n	background-color: #EEE;\n}\n\n/*  	\n--------------------------------------------------------------\nColours and backgrounds for forms.css\n-------------------------------------------------------------- */\n\n/* General form styles\n----------------------------------------*/\nselect {\n	border-color: #b27b54;\n	background-color: #ffffff;\n	color: #000;\n}\n\nlabel {\n	color: #ffffff;\n}\n\noption.disabled-option {\n	color: graytext;\n}\n\n/* Definition list layout for forms\n---------------------------------------- */\ndd label {\n	color: #333;\n}\n\n/* Hover effects */\nfieldset dl:hover dt label {\n	color: #000000;\n}\n\nfieldset.fields2 dl:hover dt label {\n	color: inherit;\n}\n\n/* Quick-login on index page */\nfieldset.quick-login input.inputbox {\n	background-color: #FFFFFF;\n}\n\n/* Posting page styles\n----------------------------------------*/\n\n#message-box textarea {\n	color: #333333;\n}\n\n/* Input field styles\n---------------------------------------- */\n.inputbox {\n	background-color: #FFFFFF; \n	border-color: #000000;\n	color: #333333;\n}\n\n.inputbox:hover {\n	border-color: #000000;\n}\n\n.inputbox:focus {\n	border-color: #333333;\n	color: #FFFFFF;\n}\n\n/* Form button styles\n---------------------------------------- */\n\na.button1, input.button1, input.button3, a.button2, input.button2 {\n	color: #000;\n	background-color: #b27b54;\n	background-image: url(\"{T_THEME_PATH}/images/bg_button.gif\");\n}\n\na.button1, input.button1 {\n	border-color: #b27b54;\n}\n\ninput.button3 {\n	background-image: none;\n}\n\n/* Alternative button */\na.button2, input.button2, input.button3 {\n	border-color: #b27b54;\n}\n\n/* <a> button in the style of the form buttons */\na.button1, a.button1:link, a.button1:visited, a.button1:active, a.button2, a.button2:link, a.button2:visited, a.button2:active {\n	color: #000000;\n}\n\n/* Hover states */\na.button1:hover, input.button1:hover, a.button2:hover, input.button2:hover, input.button3:hover {\n	border-color: #000000;\n	color: #ffffff;\n}\n\ninput.search {\n	background-image: url(\"{T_THEME_PATH}/images/icon_textbox_search.gif\");\n}\n\ninput.disabled {\n	color: #ffffff;\n}\n/*  phpBB 3.0 Style Sheet - Colours & Backgrounds for common.css\r\n        --------------------------------------------------------------\r\n		Style name:         timber_2\r\n		Based on style:     proSilver (this is the default phpBB 3 style)\r\n		Original author:	subBlue ( http://www.subBlue.com/ )\r\n		Copyright 2006 phpBB Group ( http://www.phpbb.com/ )\r\n		\r\n		Style Author:		molotov \r\n		Copyright 2008-2009 molotov\r\n        ---------------------------------------------------------------\r\n		\r\n		=================================================================== */\r\n\r\nh1 {\r\n	font-family:Constantina,Georgia,\'Nimbus Roman No9 L\',serif;\r\n	font-size:18px;\r\n	font-weight:bold;\r\n	margin:0;\r\n	padding:0;\r\n	}\r\n\r\nhr {\r\n	border:none;\r\n	border-top:1px solid #CCCCCC;\r\n	height:1px;\r\n	margin-bottom:25px;\r\n	}\r\n\r\nul#saturday{\r\n	margin:0;\r\n	padding:0;\r\n	list-style-type:none;\r\n	width:auto;\r\n	position:relative;\r\n	display:block;\r\n	height:78px;\r\n	text-transform:uppercase;\r\n	font-size:18px;\r\n	font-weight:bold;\r\n	background:transparent url(\"{T_THEME_PATH}/images/bgOFF.gif\") no-repeat top left;\r\n	font-family:Constantina,Georgia,\'Nimbus Roman No9 L\',serif;\r\n	}\r\n\r\nul#saturday li{\r\n	display:block;\r\n	float:left;\r\n	margin:0;\r\n	padding:0;\r\n	}\r\n\r\nul#saturday li a{\r\n	display:block;\r\n	float:left;\r\n	color:#000000;\r\n	text-decoration:none;\r\n	padding:12px 20px 0 20px;\r\n	height:24px;\r\n	background:transparent url(\"{T_THEME_PATH}/images/bgDIVIDER.png\") no-repeat top right;\r\n	}	\r\n	\r\nul#saturday li a:hover	{ color: #724c21; }\r\n           li a:active { color: #000000; }\n');
/*!40000 ALTER TABLE `phpbb_styles_theme` ENABLE KEYS */;
UNLOCK TABLES;

--
-- Table structure for table `phpbb_topics`
--

DROP TABLE IF EXISTS `phpbb_topics`;
/*!40101 SET @saved_cs_client     = @@character_set_client */;
/*!40101 SET character_set_client = utf8 */;
CREATE TABLE `phpbb_topics` (
  `topic_id` mediumint(8) unsigned NOT NULL AUTO_INCREMENT,
  `forum_id` mediumint(8) unsigned NOT NULL DEFAULT '0',
  `icon_id` mediumint(8) unsigned NOT NULL DEFAULT '0',
  `topic_attachment` tinyint(1) unsigned NOT NULL DEFAULT '0',
  `topic_approved` tinyint(1) unsigned NOT NULL DEFAULT '1',
  `topic_reported` tinyint(1) unsigned NOT NULL DEFAULT '0',
  `topic_title` varchar(255) CHARACTER SET utf8 COLLATE utf8_unicode_ci NOT NULL DEFAULT '',
  `topic_poster` mediumint(8) unsigned NOT NULL DEFAULT '0',
  `topic_time` int(11) unsigned NOT NULL DEFAULT '0',
  `topic_time_limit` int(11) unsigned NOT NULL DEFAULT '0',
  `topic_views` mediumint(8) unsigned NOT NULL DEFAULT '0',
  `topic_replies` mediumint(8) unsigned NOT NULL DEFAULT '0',
  `topic_replies_real` mediumint(8) unsigned NOT NULL DEFAULT '0',
  `topic_status` tinyint(3) NOT NULL DEFAULT '0',
  `topic_type` tinyint(3) NOT NULL DEFAULT '0',
  `topic_first_post_id` mediumint(8) unsigned NOT NULL DEFAULT '0',
  `topic_first_poster_name` varchar(255) COLLATE utf8_bin NOT NULL DEFAULT '',
  `topic_first_poster_colour` varchar(6) COLLATE utf8_bin NOT NULL DEFAULT '',
  `topic_last_post_id` mediumint(8) unsigned NOT NULL DEFAULT '0',
  `topic_last_poster_id` mediumint(8) unsigned NOT NULL DEFAULT '0',
  `topic_last_poster_name` varchar(255) COLLATE utf8_bin NOT NULL DEFAULT '',
  `topic_last_poster_colour` varchar(6) COLLATE utf8_bin NOT NULL DEFAULT '',
  `topic_last_post_subject` varchar(255) COLLATE utf8_bin NOT NULL DEFAULT '',
  `topic_last_post_time` int(11) unsigned NOT NULL DEFAULT '0',
  `topic_last_view_time` int(11) unsigned NOT NULL DEFAULT '0',
  `topic_moved_id` mediumint(8) unsigned NOT NULL DEFAULT '0',
  `topic_bumped` tinyint(1) unsigned NOT NULL DEFAULT '0',
  `topic_bumper` mediumint(8) unsigned NOT NULL DEFAULT '0',
  `poll_title` varchar(255) COLLATE utf8_bin NOT NULL DEFAULT '',
  `poll_start` int(11) unsigned NOT NULL DEFAULT '0',
  `poll_length` int(11) unsigned NOT NULL DEFAULT '0',
  `poll_max_options` tinyint(4) NOT NULL DEFAULT '1',
  `poll_last_vote` int(11) unsigned NOT NULL DEFAULT '0',
  `poll_vote_change` tinyint(1) unsigned NOT NULL DEFAULT '0',
  PRIMARY KEY (`topic_id`),
  KEY `forum_id` (`forum_id`),
  KEY `forum_id_type` (`forum_id`,`topic_type`),
  KEY `last_post_time` (`topic_last_post_time`),
  KEY `topic_approved` (`topic_approved`),
  KEY `forum_appr_last` (`forum_id`,`topic_approved`,`topic_last_post_id`),
  KEY `fid_time_moved` (`forum_id`,`topic_last_post_time`,`topic_moved_id`)
) ENGINE=MyISAM AUTO_INCREMENT=27 DEFAULT CHARSET=utf8 COLLATE=utf8_bin;
/*!40101 SET character_set_client = @saved_cs_client */;

--
-- Dumping data for table `phpbb_topics`
--

LOCK TABLES `phpbb_topics` WRITE;
/*!40000 ALTER TABLE `phpbb_topics` DISABLE KEYS */;
INSERT INTO `phpbb_topics` VALUES (1,2,3,0,1,0,'Welcome to Hack - In Forums',2,1348665736,0,133,1,1,0,0,1,'sharky_admin','AA0000',35,2,'sharky_admin','AA0000','Re: Welcome to Hack - In Forums',1348790984,1348846652,0,0,0,'',0,0,0,0,0),(5,3,0,0,1,0,'Question 1',57,1348749164,0,81,0,0,0,0,5,'Anuraag','',5,57,'Anuraag','','Question 1',1348749164,1348841522,0,0,0,'',0,0,1,0,0),(6,3,0,0,1,0,'Question 2',57,1348749193,0,62,0,0,0,0,6,'Anuraag','',6,57,'Anuraag','','Question 2',1348749193,1348837670,0,0,0,'',0,0,1,0,0),(7,3,0,0,1,0,'Question 3',57,1348749354,0,95,3,3,0,0,7,'Anuraag','',29,57,'Anuraag','','Re: Question 3',1348773826,1348846244,0,0,0,'',0,0,1,0,0),(9,3,0,0,1,0,'Question 4',57,1348749393,0,22,0,0,0,0,9,'Anuraag','',9,57,'Anuraag','','Question 4',1348749393,1348838479,0,0,0,'',0,0,1,0,0),(10,3,0,0,1,0,'Question 5',57,1348749419,0,18,0,0,0,0,10,'Anuraag','',10,57,'Anuraag','','Question 5',1348749419,1348846823,0,0,0,'',0,0,1,0,0),(11,3,0,0,1,0,'Question 6',57,1348749439,0,19,0,0,0,0,12,'Anuraag','',12,57,'Anuraag','','Question 6',1348749439,1348846831,0,0,0,'',0,0,1,0,0),(12,3,0,0,1,0,'Question 7',57,1348749467,0,107,5,5,0,0,13,'Anuraag','',34,61,'participant','','Re: Question 7',1348784145,1348846869,0,0,0,'',0,0,1,0,0),(19,4,0,0,1,0,'problem 14 (counting triangles)',64,1348777621,0,44,1,1,0,0,31,'SAM','',41,73,'particle.mania','','Re: problem 14 (counting triangles)',1348804453,1348845000,0,0,0,'',0,0,1,0,0),(18,3,0,0,1,0,'Question 9',83,1348770177,0,71,2,2,0,0,26,'DAWULF','',46,68,'kuchiku','','Re: Question 9',1348831870,1348845741,0,0,0,'',0,0,1,0,0),(15,2,0,0,1,0,'Test 2',77,1348750062,0,100,0,0,0,0,20,'lordinvader','',20,77,'lordinvader','','Test 2',1348750062,1348845998,0,0,0,'',0,0,1,0,0),(16,3,0,0,1,0,'Test 3',77,1348750148,0,49,0,0,0,0,21,'lordinvader','',21,77,'lordinvader','','Test 3',1348750148,1348833668,0,0,0,'',0,0,1,0,0),(24,4,0,0,1,0,'Problem 14',73,1348803969,0,29,1,1,0,0,40,'particle.mania','',42,73,'particle.mania','','Re: Problem 14',1348827347,1348846518,0,0,0,'',0,0,1,0,0),(23,4,0,0,1,0,'Problem 1',73,1348803908,0,19,0,0,0,0,39,'particle.mania','',39,73,'particle.mania','','Problem 1',1348803908,1348845794,0,0,0,'',0,0,1,0,0),(22,4,0,0,1,0,'Problem 0',73,1348803877,0,15,0,0,0,0,38,'particle.mania','',38,73,'particle.mania','','Problem 0',1348803877,1348845432,0,0,0,'',0,0,1,0,0),(25,3,0,0,1,0,'question 11',93,1348828247,0,28,2,2,0,0,43,'student','',47,57,'Anuraag','','Re: question 11',1348841153,1348845617,0,0,0,'',0,0,1,0,0);
/*!40000 ALTER TABLE `phpbb_topics` ENABLE KEYS */;
UNLOCK TABLES;

--
-- Table structure for table `phpbb_topics_posted`
--

DROP TABLE IF EXISTS `phpbb_topics_posted`;
/*!40101 SET @saved_cs_client     = @@character_set_client */;
/*!40101 SET character_set_client = utf8 */;
CREATE TABLE `phpbb_topics_posted` (
  `user_id` mediumint(8) unsigned NOT NULL DEFAULT '0',
  `topic_id` mediumint(8) unsigned NOT NULL DEFAULT '0',
  `topic_posted` tinyint(1) unsigned NOT NULL DEFAULT '0',
  PRIMARY KEY (`user_id`,`topic_id`)
) ENGINE=MyISAM DEFAULT CHARSET=utf8 COLLATE=utf8_bin;
/*!40101 SET character_set_client = @saved_cs_client */;

--
-- Dumping data for table `phpbb_topics_posted`
--

LOCK TABLES `phpbb_topics_posted` WRITE;
/*!40000 ALTER TABLE `phpbb_topics_posted` DISABLE KEYS */;
INSERT INTO `phpbb_topics_posted` VALUES (2,1,1),(57,5,1),(57,6,1),(57,7,1),(80,7,1),(57,9,1),(57,10,1),(62,12,1),(57,11,1),(57,12,1),(83,18,1),(77,15,1),(77,16,1),(84,7,1),(57,18,1),(64,19,1),(61,12,1),(73,23,1),(73,22,1),(73,24,1),(73,19,1),(93,25,1),(95,25,1),(68,18,1),(57,25,1);
/*!40000 ALTER TABLE `phpbb_topics_posted` ENABLE KEYS */;
UNLOCK TABLES;

--
-- Table structure for table `phpbb_topics_track`
--

DROP TABLE IF EXISTS `phpbb_topics_track`;
/*!40101 SET @saved_cs_client     = @@character_set_client */;
/*!40101 SET character_set_client = utf8 */;
CREATE TABLE `phpbb_topics_track` (
  `user_id` mediumint(8) unsigned NOT NULL DEFAULT '0',
  `topic_id` mediumint(8) unsigned NOT NULL DEFAULT '0',
  `forum_id` mediumint(8) unsigned NOT NULL DEFAULT '0',
  `mark_time` int(11) unsigned NOT NULL DEFAULT '0',
  PRIMARY KEY (`user_id`,`topic_id`),
  KEY `topic_id` (`topic_id`),
  KEY `forum_id` (`forum_id`)
) ENGINE=MyISAM DEFAULT CHARSET=utf8 COLLATE=utf8_bin;
/*!40101 SET character_set_client = @saved_cs_client */;

--
-- Dumping data for table `phpbb_topics_track`
--

LOCK TABLES `phpbb_topics_track` WRITE;
/*!40000 ALTER TABLE `phpbb_topics_track` DISABLE KEYS */;
INSERT INTO `phpbb_topics_track` VALUES (2,25,3,1348829314),(58,6,3,1348749193),(55,6,3,1348749193),(61,18,3,1348774495),(67,6,3,1348749193),(76,12,3,1348749737),(54,12,3,1348749737),(67,5,3,1348749164),(67,16,3,1348750148),(58,7,3,1348749354),(62,12,3,1348767880),(62,7,3,1348754728),(62,16,3,1348750148),(57,12,3,1348784145),(57,7,3,1348773826),(57,18,3,1348831870),(84,7,3,1348773826),(61,12,3,1348784145),(62,25,3,1348829314),(68,18,3,1348831870),(2,12,3,1348784145),(57,25,3,1348841153),(67,22,4,1348803877),(67,25,3,1348841153),(67,19,4,1348804453),(67,15,2,1348750062),(67,24,4,1348827347);
/*!40000 ALTER TABLE `phpbb_topics_track` ENABLE KEYS */;
UNLOCK TABLES;

--
-- Table structure for table `phpbb_topics_watch`
--

DROP TABLE IF EXISTS `phpbb_topics_watch`;
/*!40101 SET @saved_cs_client     = @@character_set_client */;
/*!40101 SET character_set_client = utf8 */;
CREATE TABLE `phpbb_topics_watch` (
  `topic_id` mediumint(8) unsigned NOT NULL DEFAULT '0',
  `user_id` mediumint(8) unsigned NOT NULL DEFAULT '0',
  `notify_status` tinyint(1) unsigned NOT NULL DEFAULT '0',
  KEY `topic_id` (`topic_id`),
  KEY `user_id` (`user_id`),
  KEY `notify_stat` (`notify_status`)
) ENGINE=MyISAM DEFAULT CHARSET=utf8 COLLATE=utf8_bin;
/*!40101 SET character_set_client = @saved_cs_client */;

--
-- Dumping data for table `phpbb_topics_watch`
--

LOCK TABLES `phpbb_topics_watch` WRITE;
/*!40000 ALTER TABLE `phpbb_topics_watch` DISABLE KEYS */;
/*!40000 ALTER TABLE `phpbb_topics_watch` ENABLE KEYS */;
UNLOCK TABLES;

--
-- Table structure for table `phpbb_user_group`
--

DROP TABLE IF EXISTS `phpbb_user_group`;
/*!40101 SET @saved_cs_client     = @@character_set_client */;
/*!40101 SET character_set_client = utf8 */;
CREATE TABLE `phpbb_user_group` (
  `group_id` mediumint(8) unsigned NOT NULL DEFAULT '0',
  `user_id` mediumint(8) unsigned NOT NULL DEFAULT '0',
  `group_leader` tinyint(1) unsigned NOT NULL DEFAULT '0',
  `user_pending` tinyint(1) unsigned NOT NULL DEFAULT '1',
  KEY `group_id` (`group_id`),
  KEY `user_id` (`user_id`),
  KEY `group_leader` (`group_leader`)
) ENGINE=MyISAM DEFAULT CHARSET=utf8 COLLATE=utf8_bin;
/*!40101 SET character_set_client = @saved_cs_client */;

--
-- Dumping data for table `phpbb_user_group`
--

LOCK TABLES `phpbb_user_group` WRITE;
/*!40000 ALTER TABLE `phpbb_user_group` DISABLE KEYS */;
INSERT INTO `phpbb_user_group` VALUES (1,1,0,0),(2,2,0,0),(4,2,0,0),(5,2,1,0),(6,3,0,0),(6,4,0,0),(6,5,0,0),(6,6,0,0),(6,7,0,0),(6,8,0,0),(6,9,0,0),(6,10,0,0),(6,11,0,0),(6,12,0,0),(6,13,0,0),(6,14,0,0),(6,15,0,0),(6,16,0,0),(6,17,0,0),(6,18,0,0),(6,19,0,0),(6,20,0,0),(6,21,0,0),(6,22,0,0),(6,23,0,0),(6,24,0,0),(6,25,0,0),(6,26,0,0),(6,27,0,0),(6,28,0,0),(6,29,0,0),(6,30,0,0),(6,31,0,0),(6,32,0,0),(6,33,0,0),(6,34,0,0),(6,35,0,0),(6,36,0,0),(6,37,0,0),(6,38,0,0),(6,39,0,0),(6,40,0,0),(6,41,0,0),(6,42,0,0),(6,43,0,0),(6,44,0,0),(6,45,0,0),(6,46,0,0),(6,47,0,0),(6,48,0,0),(6,49,0,0),(6,50,0,0),(6,51,0,0),(6,52,0,0),(6,53,0,0),(2,54,0,0),(7,86,0,0),(2,85,0,0),(8,2,1,0),(2,55,0,0),(7,55,0,0),(7,58,0,0),(2,58,0,0),(2,57,0,0),(7,77,0,0),(2,59,0,0),(7,59,0,0),(2,60,0,0),(7,60,0,0),(2,61,0,0),(5,54,1,0),(2,62,0,0),(7,62,0,0),(2,63,0,0),(7,63,0,0),(2,64,0,0),(7,64,0,0),(2,65,0,0),(7,65,0,0),(2,66,0,0),(7,66,0,0),(2,67,0,0),(7,67,0,0),(2,68,0,0),(7,68,0,0),(2,69,0,0),(7,69,0,0),(2,70,0,0),(7,70,0,0),(2,71,0,0),(7,71,0,0),(2,72,0,0),(7,72,0,0),(2,73,0,0),(2,86,0,0),(2,74,0,0),(7,74,0,0),(2,75,0,0),(7,75,0,0),(2,76,0,0),(2,77,0,0),(2,78,0,0),(7,78,0,0),(4,54,1,0),(2,79,0,0),(7,79,0,0),(2,80,0,0),(7,80,0,0),(2,81,0,0),(7,81,0,0),(2,82,0,0),(7,82,0,0),(2,83,0,0),(7,83,0,0),(2,84,0,0),(7,84,0,0),(7,85,0,0),(2,87,0,0),(7,87,0,0),(2,88,0,0),(7,88,0,0),(2,89,0,0),(7,89,0,0),(2,90,0,0),(7,90,0,0),(2,91,0,0),(7,91,0,0),(2,92,0,0),(7,92,0,0),(2,93,0,0),(7,93,0,0),(2,94,0,0),(7,94,0,0),(2,95,0,0),(7,95,0,0),(2,96,0,0),(7,96,0,0),(2,97,0,0),(7,97,0,0),(2,98,0,0),(7,98,0,0),(2,99,0,0),(7,99,0,0),(2,100,0,0),(7,100,0,0);
/*!40000 ALTER TABLE `phpbb_user_group` ENABLE KEYS */;
UNLOCK TABLES;

--
-- Table structure for table `phpbb_users`
--

DROP TABLE IF EXISTS `phpbb_users`;
/*!40101 SET @saved_cs_client     = @@character_set_client */;
/*!40101 SET character_set_client = utf8 */;
CREATE TABLE `phpbb_users` (
  `user_id` mediumint(8) unsigned NOT NULL AUTO_INCREMENT,
  `user_type` tinyint(2) NOT NULL DEFAULT '0',
  `group_id` mediumint(8) unsigned NOT NULL DEFAULT '3',
  `user_permissions` mediumtext COLLATE utf8_bin NOT NULL,
  `user_perm_from` mediumint(8) unsigned NOT NULL DEFAULT '0',
  `user_ip` varchar(40) COLLATE utf8_bin NOT NULL DEFAULT '',
  `user_regdate` int(11) unsigned NOT NULL DEFAULT '0',
  `username` varchar(255) COLLATE utf8_bin NOT NULL DEFAULT '',
  `username_clean` varchar(255) COLLATE utf8_bin NOT NULL DEFAULT '',
  `user_password` varchar(40) COLLATE utf8_bin NOT NULL DEFAULT '',
  `user_passchg` int(11) unsigned NOT NULL DEFAULT '0',
  `user_pass_convert` tinyint(1) unsigned NOT NULL DEFAULT '0',
  `user_email` varchar(100) COLLATE utf8_bin NOT NULL DEFAULT '',
  `user_email_hash` bigint(20) NOT NULL DEFAULT '0',
  `user_birthday` varchar(10) COLLATE utf8_bin NOT NULL DEFAULT '',
  `user_lastvisit` int(11) unsigned NOT NULL DEFAULT '0',
  `user_lastmark` int(11) unsigned NOT NULL DEFAULT '0',
  `user_lastpost_time` int(11) unsigned NOT NULL DEFAULT '0',
  `user_lastpage` varchar(200) COLLATE utf8_bin NOT NULL DEFAULT '',
  `user_last_confirm_key` varchar(10) COLLATE utf8_bin NOT NULL DEFAULT '',
  `user_last_search` int(11) unsigned NOT NULL DEFAULT '0',
  `user_warnings` tinyint(4) NOT NULL DEFAULT '0',
  `user_last_warning` int(11) unsigned NOT NULL DEFAULT '0',
  `user_login_attempts` tinyint(4) NOT NULL DEFAULT '0',
  `user_inactive_reason` tinyint(2) NOT NULL DEFAULT '0',
  `user_inactive_time` int(11) unsigned NOT NULL DEFAULT '0',
  `user_posts` mediumint(8) unsigned NOT NULL DEFAULT '0',
  `user_lang` varchar(30) COLLATE utf8_bin NOT NULL DEFAULT '',
  `user_timezone` decimal(5,2) NOT NULL DEFAULT '0.00',
  `user_dst` tinyint(1) unsigned NOT NULL DEFAULT '0',
  `user_dateformat` varchar(30) COLLATE utf8_bin NOT NULL DEFAULT 'd M Y H:i',
  `user_style` mediumint(8) unsigned NOT NULL DEFAULT '0',
  `user_rank` mediumint(8) unsigned NOT NULL DEFAULT '0',
  `user_colour` varchar(6) COLLATE utf8_bin NOT NULL DEFAULT '',
  `user_new_privmsg` int(4) NOT NULL DEFAULT '0',
  `user_unread_privmsg` int(4) NOT NULL DEFAULT '0',
  `user_last_privmsg` int(11) unsigned NOT NULL DEFAULT '0',
  `user_message_rules` tinyint(1) unsigned NOT NULL DEFAULT '0',
  `user_full_folder` int(11) NOT NULL DEFAULT '-3',
  `user_emailtime` int(11) unsigned NOT NULL DEFAULT '0',
  `user_topic_show_days` smallint(4) unsigned NOT NULL DEFAULT '0',
  `user_topic_sortby_type` varchar(1) COLLATE utf8_bin NOT NULL DEFAULT 't',
  `user_topic_sortby_dir` varchar(1) COLLATE utf8_bin NOT NULL DEFAULT 'd',
  `user_post_show_days` smallint(4) unsigned NOT NULL DEFAULT '0',
  `user_post_sortby_type` varchar(1) COLLATE utf8_bin NOT NULL DEFAULT 't',
  `user_post_sortby_dir` varchar(1) COLLATE utf8_bin NOT NULL DEFAULT 'a',
  `user_notify` tinyint(1) unsigned NOT NULL DEFAULT '0',
  `user_notify_pm` tinyint(1) unsigned NOT NULL DEFAULT '1',
  `user_notify_type` tinyint(4) NOT NULL DEFAULT '0',
  `user_allow_pm` tinyint(1) unsigned NOT NULL DEFAULT '1',
  `user_allow_viewonline` tinyint(1) unsigned NOT NULL DEFAULT '1',
  `user_allow_viewemail` tinyint(1) unsigned NOT NULL DEFAULT '1',
  `user_allow_massemail` tinyint(1) unsigned NOT NULL DEFAULT '1',
  `user_options` int(11) unsigned NOT NULL DEFAULT '230271',
  `user_avatar` varchar(255) COLLATE utf8_bin NOT NULL DEFAULT '',
  `user_avatar_type` tinyint(2) NOT NULL DEFAULT '0',
  `user_avatar_width` smallint(4) unsigned NOT NULL DEFAULT '0',
  `user_avatar_height` smallint(4) unsigned NOT NULL DEFAULT '0',
  `user_sig` mediumtext COLLATE utf8_bin NOT NULL,
  `user_sig_bbcode_uid` varchar(8) COLLATE utf8_bin NOT NULL DEFAULT '',
  `user_sig_bbcode_bitfield` varchar(255) COLLATE utf8_bin NOT NULL DEFAULT '',
  `user_from` varchar(100) COLLATE utf8_bin NOT NULL DEFAULT '',
  `user_icq` varchar(15) COLLATE utf8_bin NOT NULL DEFAULT '',
  `user_aim` varchar(255) COLLATE utf8_bin NOT NULL DEFAULT '',
  `user_yim` varchar(255) COLLATE utf8_bin NOT NULL DEFAULT '',
  `user_msnm` varchar(255) COLLATE utf8_bin NOT NULL DEFAULT '',
  `user_jabber` varchar(255) COLLATE utf8_bin NOT NULL DEFAULT '',
  `user_website` varchar(200) COLLATE utf8_bin NOT NULL DEFAULT '',
  `user_occ` text COLLATE utf8_bin NOT NULL,
  `user_interests` text COLLATE utf8_bin NOT NULL,
  `user_actkey` varchar(32) COLLATE utf8_bin NOT NULL DEFAULT '',
  `user_newpasswd` varchar(40) COLLATE utf8_bin NOT NULL DEFAULT '',
  `user_form_salt` varchar(32) COLLATE utf8_bin NOT NULL DEFAULT '',
  `user_new` tinyint(1) unsigned NOT NULL DEFAULT '1',
  `user_reminded` tinyint(4) NOT NULL DEFAULT '0',
  `user_reminded_time` int(11) unsigned NOT NULL DEFAULT '0',
  PRIMARY KEY (`user_id`),
  UNIQUE KEY `username_clean` (`username_clean`),
  KEY `user_birthday` (`user_birthday`),
  KEY `user_email_hash` (`user_email_hash`),
  KEY `user_type` (`user_type`)
) ENGINE=MyISAM AUTO_INCREMENT=101 DEFAULT CHARSET=utf8 COLLATE=utf8_bin;
/*!40101 SET character_set_client = @saved_cs_client */;

--
-- Dumping data for table `phpbb_users`
--

LOCK TABLES `phpbb_users` WRITE;
/*!40000 ALTER TABLE `phpbb_users` DISABLE KEYS */;
INSERT INTO `phpbb_users` VALUES (1,2,1,'00000000003khra3nk\ni1cjyo000000\ni1cjyo000000\ni1cjyo000000\ni1cjyo000000',0,'',1348665736,'Anonymous','anonymous','',0,0,'',0,'',0,0,0,'','',1348839903,0,0,0,0,0,0,'en','0.00',0,'d M Y H:i',1,0,'',0,0,0,0,-3,0,0,'t','d',0,'t','a',0,1,0,1,1,1,0,230271,'',0,0,0,'','','','','','','','','','','','','','','ebadc3121b0a87d2',1,0,0),(2,3,5,'zik0zjzik0zjzik0xs\ni1cjyo000000\nzik0zjzhb2tc\nzik0zjzhb2tc\nzik0zjzhb2tc',0,'10.3.11.219',1348665736,'sharky_admin','sharky_admin','$H$9o.hO1sNEJYuDMlFus33db57EyQ1PO0',1348777582,0,'admin@felicitybuzz.com',24678198422,'',1348833251,0,1348829340,'ucp.php?i=profile&mode=reg_details','',1348833250,0,0,0,0,0,2,'en','5.50',0,'D M d, Y g:i a',6,1,'AA0000',0,0,0,0,-3,0,0,'t','d',0,'t','a',0,1,0,1,1,1,1,230271,'',0,0,0,'','','','','','','','','','','','','','','62ea137d6aafe89b',1,0,0),(3,2,6,'',0,'',1348665741,'AdsBot [Google]','adsbot [google]','',1348665741,0,'',0,'',0,1348665741,0,'','',0,0,0,0,0,0,0,'en','0.00',0,'D M d, Y g:i a',1,0,'9E8DA7',0,0,0,0,-3,0,0,'t','d',0,'t','a',0,1,0,1,1,1,0,230271,'',0,0,0,'','','','','','','','','','','','','','','e439a68b350558b1',0,0,0),(4,2,6,'',0,'',1348665741,'Alexa [Bot]','alexa [bot]','',1348665741,0,'',0,'',0,1348665741,0,'','',0,0,0,0,0,0,0,'en','0.00',0,'D M d, Y g:i a',1,0,'9E8DA7',0,0,0,0,-3,0,0,'t','d',0,'t','a',0,1,0,1,1,1,0,230271,'',0,0,0,'','','','','','','','','','','','','','','8e51f4073ff20a0e',0,0,0),(5,2,6,'',0,'',1348665741,'Alta Vista [Bot]','alta vista [bot]','',1348665741,0,'',0,'',0,1348665741,0,'','',0,0,0,0,0,0,0,'en','0.00',0,'D M d, Y g:i a',1,0,'9E8DA7',0,0,0,0,-3,0,0,'t','d',0,'t','a',0,1,0,1,1,1,0,230271,'',0,0,0,'','','','','','','','','','','','','','','41691088bb194717',0,0,0),(6,2,6,'',0,'',1348665741,'Ask Jeeves [Bot]','ask jeeves [bot]','',1348665741,0,'',0,'',0,1348665741,0,'','',0,0,0,0,0,0,0,'en','0.00',0,'D M d, Y g:i a',1,0,'9E8DA7',0,0,0,0,-3,0,0,'t','d',0,'t','a',0,1,0,1,1,1,0,230271,'',0,0,0,'','','','','','','','','','','','','','','40595e24b7b82d35',0,0,0),(7,2,6,'',0,'',1348665741,'Baidu [Spider]','baidu [spider]','',1348665741,0,'',0,'',0,1348665741,0,'','',0,0,0,0,0,0,0,'en','0.00',0,'D M d, Y g:i a',1,0,'9E8DA7',0,0,0,0,-3,0,0,'t','d',0,'t','a',0,1,0,1,1,1,0,230271,'',0,0,0,'','','','','','','','','','','','','','','ff4f3552adc5ecdc',0,0,0),(8,2,6,'',0,'',1348665741,'Bing [Bot]','bing [bot]','',1348665741,0,'',0,'',0,1348665741,0,'','',0,0,0,0,0,0,0,'en','0.00',0,'D M d, Y g:i a',1,0,'9E8DA7',0,0,0,0,-3,0,0,'t','d',0,'t','a',0,1,0,1,1,1,0,230271,'',0,0,0,'','','','','','','','','','','','','','','16cbc1354dae8034',0,0,0),(9,2,6,'',0,'',1348665741,'Exabot [Bot]','exabot [bot]','',1348665741,0,'',0,'',0,1348665741,0,'','',0,0,0,0,0,0,0,'en','0.00',0,'D M d, Y g:i a',1,0,'9E8DA7',0,0,0,0,-3,0,0,'t','d',0,'t','a',0,1,0,1,1,1,0,230271,'',0,0,0,'','','','','','','','','','','','','','','a918961aec9bf4cf',0,0,0),(10,2,6,'',0,'',1348665741,'FAST Enterprise [Crawler]','fast enterprise [crawler]','',1348665741,0,'',0,'',0,1348665741,0,'','',0,0,0,0,0,0,0,'en','0.00',0,'D M d, Y g:i a',1,0,'9E8DA7',0,0,0,0,-3,0,0,'t','d',0,'t','a',0,1,0,1,1,1,0,230271,'',0,0,0,'','','','','','','','','','','','','','','d523bfc07fc83592',0,0,0),(11,2,6,'',0,'',1348665741,'FAST WebCrawler [Crawler]','fast webcrawler [crawler]','',1348665741,0,'',0,'',0,1348665741,0,'','',0,0,0,0,0,0,0,'en','0.00',0,'D M d, Y g:i a',1,0,'9E8DA7',0,0,0,0,-3,0,0,'t','d',0,'t','a',0,1,0,1,1,1,0,230271,'',0,0,0,'','','','','','','','','','','','','','','f904a5853103f353',0,0,0),(12,2,6,'',0,'',1348665741,'Francis [Bot]','francis [bot]','',1348665741,0,'',0,'',0,1348665741,0,'','',0,0,0,0,0,0,0,'en','0.00',0,'D M d, Y g:i a',1,0,'9E8DA7',0,0,0,0,-3,0,0,'t','d',0,'t','a',0,1,0,1,1,1,0,230271,'',0,0,0,'','','','','','','','','','','','','','','def1a8bead3eba62',0,0,0),(13,2,6,'',0,'',1348665741,'Gigabot [Bot]','gigabot [bot]','',1348665741,0,'',0,'',0,1348665741,0,'','',0,0,0,0,0,0,0,'en','0.00',0,'D M d, Y g:i a',1,0,'9E8DA7',0,0,0,0,-3,0,0,'t','d',0,'t','a',0,1,0,1,1,1,0,230271,'',0,0,0,'','','','','','','','','','','','','','','b727e46bb5843d64',0,0,0),(14,2,6,'',0,'',1348665741,'Google Adsense [Bot]','google adsense [bot]','',1348665741,0,'',0,'',0,1348665741,0,'','',0,0,0,0,0,0,0,'en','0.00',0,'D M d, Y g:i a',1,0,'9E8DA7',0,0,0,0,-3,0,0,'t','d',0,'t','a',0,1,0,1,1,1,0,230271,'',0,0,0,'','','','','','','','','','','','','','','d287693336d8b876',0,0,0),(15,2,6,'',0,'',1348665741,'Google Desktop','google desktop','',1348665741,0,'',0,'',0,1348665741,0,'','',0,0,0,0,0,0,0,'en','0.00',0,'D M d, Y g:i a',1,0,'9E8DA7',0,0,0,0,-3,0,0,'t','d',0,'t','a',0,1,0,1,1,1,0,230271,'',0,0,0,'','','','','','','','','','','','','','','9d60f72f5587cf71',0,0,0),(16,2,6,'',0,'',1348665741,'Google Feedfetcher','google feedfetcher','',1348665741,0,'',0,'',0,1348665741,0,'','',0,0,0,0,0,0,0,'en','0.00',0,'D M d, Y g:i a',1,0,'9E8DA7',0,0,0,0,-3,0,0,'t','d',0,'t','a',0,1,0,1,1,1,0,230271,'',0,0,0,'','','','','','','','','','','','','','','c4051f2b74c97f97',0,0,0),(17,2,6,'',0,'',1348665741,'Google [Bot]','google [bot]','',1348665741,0,'',0,'',0,1348665741,0,'','',0,0,0,0,0,0,0,'en','0.00',0,'D M d, Y g:i a',1,0,'9E8DA7',0,0,0,0,-3,0,0,'t','d',0,'t','a',0,1,0,1,1,1,0,230271,'',0,0,0,'','','','','','','','','','','','','','','5f9c428bac3188e1',0,0,0),(18,2,6,'',0,'',1348665741,'Heise IT-Markt [Crawler]','heise it-markt [crawler]','',1348665741,0,'',0,'',0,1348665741,0,'','',0,0,0,0,0,0,0,'en','0.00',0,'D M d, Y g:i a',1,0,'9E8DA7',0,0,0,0,-3,0,0,'t','d',0,'t','a',0,1,0,1,1,1,0,230271,'',0,0,0,'','','','','','','','','','','','','','','5b7ffeef035063d4',0,0,0),(19,2,6,'',0,'',1348665741,'Heritrix [Crawler]','heritrix [crawler]','',1348665741,0,'',0,'',0,1348665741,0,'','',0,0,0,0,0,0,0,'en','0.00',0,'D M d, Y g:i a',1,0,'9E8DA7',0,0,0,0,-3,0,0,'t','d',0,'t','a',0,1,0,1,1,1,0,230271,'',0,0,0,'','','','','','','','','','','','','','','56aa0bfd55e48c58',0,0,0),(20,2,6,'',0,'',1348665741,'IBM Research [Bot]','ibm research [bot]','',1348665741,0,'',0,'',0,1348665741,0,'','',0,0,0,0,0,0,0,'en','0.00',0,'D M d, Y g:i a',1,0,'9E8DA7',0,0,0,0,-3,0,0,'t','d',0,'t','a',0,1,0,1,1,1,0,230271,'',0,0,0,'','','','','','','','','','','','','','','6d3786f77c4d7f08',0,0,0),(21,2,6,'',0,'',1348665741,'ICCrawler - ICjobs','iccrawler - icjobs','',1348665741,0,'',0,'',0,1348665741,0,'','',0,0,0,0,0,0,0,'en','0.00',0,'D M d, Y g:i a',1,0,'9E8DA7',0,0,0,0,-3,0,0,'t','d',0,'t','a',0,1,0,1,1,1,0,230271,'',0,0,0,'','','','','','','','','','','','','','','694e6235f97c3669',0,0,0),(22,2,6,'',0,'',1348665741,'ichiro [Crawler]','ichiro [crawler]','',1348665741,0,'',0,'',0,1348665741,0,'','',0,0,0,0,0,0,0,'en','0.00',0,'D M d, Y g:i a',1,0,'9E8DA7',0,0,0,0,-3,0,0,'t','d',0,'t','a',0,1,0,1,1,1,0,230271,'',0,0,0,'','','','','','','','','','','','','','','30e0cacc8a627015',0,0,0),(23,2,6,'',0,'',1348665741,'Majestic-12 [Bot]','majestic-12 [bot]','',1348665741,0,'',0,'',0,1348665741,0,'','',0,0,0,0,0,0,0,'en','0.00',0,'D M d, Y g:i a',1,0,'9E8DA7',0,0,0,0,-3,0,0,'t','d',0,'t','a',0,1,0,1,1,1,0,230271,'',0,0,0,'','','','','','','','','','','','','','','c5d9f2d6fecb263a',0,0,0),(24,2,6,'',0,'',1348665741,'Metager [Bot]','metager [bot]','',1348665741,0,'',0,'',0,1348665741,0,'','',0,0,0,0,0,0,0,'en','0.00',0,'D M d, Y g:i a',1,0,'9E8DA7',0,0,0,0,-3,0,0,'t','d',0,'t','a',0,1,0,1,1,1,0,230271,'',0,0,0,'','','','','','','','','','','','','','','90b7e14ccf7dd28a',0,0,0),(25,2,6,'',0,'',1348665741,'MSN NewsBlogs','msn newsblogs','',1348665741,0,'',0,'',0,1348665741,0,'','',0,0,0,0,0,0,0,'en','0.00',0,'D M d, Y g:i a',1,0,'9E8DA7',0,0,0,0,-3,0,0,'t','d',0,'t','a',0,1,0,1,1,1,0,230271,'',0,0,0,'','','','','','','','','','','','','','','8f88f3a62aa577ee',0,0,0),(26,2,6,'',0,'',1348665741,'MSN [Bot]','msn [bot]','',1348665741,0,'',0,'',0,1348665741,0,'','',0,0,0,0,0,0,0,'en','0.00',0,'D M d, Y g:i a',1,0,'9E8DA7',0,0,0,0,-3,0,0,'t','d',0,'t','a',0,1,0,1,1,1,0,230271,'',0,0,0,'','','','','','','','','','','','','','','413914d1afa75f44',0,0,0),(27,2,6,'',0,'',1348665741,'MSNbot Media','msnbot media','',1348665741,0,'',0,'',0,1348665741,0,'','',0,0,0,0,0,0,0,'en','0.00',0,'D M d, Y g:i a',1,0,'9E8DA7',0,0,0,0,-3,0,0,'t','d',0,'t','a',0,1,0,1,1,1,0,230271,'',0,0,0,'','','','','','','','','','','','','','','592055e7405c9122',0,0,0),(28,2,6,'',0,'',1348665741,'NG-Search [Bot]','ng-search [bot]','',1348665741,0,'',0,'',0,1348665741,0,'','',0,0,0,0,0,0,0,'en','0.00',0,'D M d, Y g:i a',1,0,'9E8DA7',0,0,0,0,-3,0,0,'t','d',0,'t','a',0,1,0,1,1,1,0,230271,'',0,0,0,'','','','','','','','','','','','','','','20e1550ff59e08a7',0,0,0),(29,2,6,'',0,'',1348665741,'Nutch [Bot]','nutch [bot]','',1348665741,0,'',0,'',0,1348665741,0,'','',0,0,0,0,0,0,0,'en','0.00',0,'D M d, Y g:i a',1,0,'9E8DA7',0,0,0,0,-3,0,0,'t','d',0,'t','a',0,1,0,1,1,1,0,230271,'',0,0,0,'','','','','','','','','','','','','','','70a01c7cd363359b',0,0,0),(30,2,6,'',0,'',1348665741,'Nutch/CVS [Bot]','nutch/cvs [bot]','',1348665741,0,'',0,'',0,1348665741,0,'','',0,0,0,0,0,0,0,'en','0.00',0,'D M d, Y g:i a',1,0,'9E8DA7',0,0,0,0,-3,0,0,'t','d',0,'t','a',0,1,0,1,1,1,0,230271,'',0,0,0,'','','','','','','','','','','','','','','477cb513485fd255',0,0,0),(31,2,6,'',0,'',1348665741,'OmniExplorer [Bot]','omniexplorer [bot]','',1348665741,0,'',0,'',0,1348665741,0,'','',0,0,0,0,0,0,0,'en','0.00',0,'D M d, Y g:i a',1,0,'9E8DA7',0,0,0,0,-3,0,0,'t','d',0,'t','a',0,1,0,1,1,1,0,230271,'',0,0,0,'','','','','','','','','','','','','','','d44a3b6bfe72032e',0,0,0),(32,2,6,'',0,'',1348665741,'Online link [Validator]','online link [validator]','',1348665741,0,'',0,'',0,1348665741,0,'','',0,0,0,0,0,0,0,'en','0.00',0,'D M d, Y g:i a',1,0,'9E8DA7',0,0,0,0,-3,0,0,'t','d',0,'t','a',0,1,0,1,1,1,0,230271,'',0,0,0,'','','','','','','','','','','','','','','e13273b226f61cf5',0,0,0),(33,2,6,'',0,'',1348665741,'psbot [Picsearch]','psbot [picsearch]','',1348665741,0,'',0,'',0,1348665741,0,'','',0,0,0,0,0,0,0,'en','0.00',0,'D M d, Y g:i a',1,0,'9E8DA7',0,0,0,0,-3,0,0,'t','d',0,'t','a',0,1,0,1,1,1,0,230271,'',0,0,0,'','','','','','','','','','','','','','','b596c6ece1c05392',0,0,0),(34,2,6,'',0,'',1348665741,'Seekport [Bot]','seekport [bot]','',1348665741,0,'',0,'',0,1348665741,0,'','',0,0,0,0,0,0,0,'en','0.00',0,'D M d, Y g:i a',1,0,'9E8DA7',0,0,0,0,-3,0,0,'t','d',0,'t','a',0,1,0,1,1,1,0,230271,'',0,0,0,'','','','','','','','','','','','','','','37ca86e345837520',0,0,0),(35,2,6,'',0,'',1348665741,'Sensis [Crawler]','sensis [crawler]','',1348665741,0,'',0,'',0,1348665741,0,'','',0,0,0,0,0,0,0,'en','0.00',0,'D M d, Y g:i a',1,0,'9E8DA7',0,0,0,0,-3,0,0,'t','d',0,'t','a',0,1,0,1,1,1,0,230271,'',0,0,0,'','','','','','','','','','','','','','','958c2f88dcbf12a0',0,0,0),(36,2,6,'',0,'',1348665741,'SEO Crawler','seo crawler','',1348665741,0,'',0,'',0,1348665741,0,'','',0,0,0,0,0,0,0,'en','0.00',0,'D M d, Y g:i a',1,0,'9E8DA7',0,0,0,0,-3,0,0,'t','d',0,'t','a',0,1,0,1,1,1,0,230271,'',0,0,0,'','','','','','','','','','','','','','','9b629365b92812c1',0,0,0),(37,2,6,'',0,'',1348665741,'Seoma [Crawler]','seoma [crawler]','',1348665741,0,'',0,'',0,1348665741,0,'','',0,0,0,0,0,0,0,'en','0.00',0,'D M d, Y g:i a',1,0,'9E8DA7',0,0,0,0,-3,0,0,'t','d',0,'t','a',0,1,0,1,1,1,0,230271,'',0,0,0,'','','','','','','','','','','','','','','df00b92732118566',0,0,0),(38,2,6,'',0,'',1348665741,'SEOSearch [Crawler]','seosearch [crawler]','',1348665741,0,'',0,'',0,1348665741,0,'','',0,0,0,0,0,0,0,'en','0.00',0,'D M d, Y g:i a',1,0,'9E8DA7',0,0,0,0,-3,0,0,'t','d',0,'t','a',0,1,0,1,1,1,0,230271,'',0,0,0,'','','','','','','','','','','','','','','17eff7eb3691388b',0,0,0),(39,2,6,'',0,'',1348665741,'Snappy [Bot]','snappy [bot]','',1348665741,0,'',0,'',0,1348665741,0,'','',0,0,0,0,0,0,0,'en','0.00',0,'D M d, Y g:i a',1,0,'9E8DA7',0,0,0,0,-3,0,0,'t','d',0,'t','a',0,1,0,1,1,1,0,230271,'',0,0,0,'','','','','','','','','','','','','','','0d128fa9e666e21a',0,0,0),(40,2,6,'',0,'',1348665741,'Steeler [Crawler]','steeler [crawler]','',1348665741,0,'',0,'',0,1348665741,0,'','',0,0,0,0,0,0,0,'en','0.00',0,'D M d, Y g:i a',1,0,'9E8DA7',0,0,0,0,-3,0,0,'t','d',0,'t','a',0,1,0,1,1,1,0,230271,'',0,0,0,'','','','','','','','','','','','','','','667f6373b1c31e4d',0,0,0),(41,2,6,'',0,'',1348665741,'Synoo [Bot]','synoo [bot]','',1348665741,0,'',0,'',0,1348665741,0,'','',0,0,0,0,0,0,0,'en','0.00',0,'D M d, Y g:i a',1,0,'9E8DA7',0,0,0,0,-3,0,0,'t','d',0,'t','a',0,1,0,1,1,1,0,230271,'',0,0,0,'','','','','','','','','','','','','','','9f4a80ec5296d569',0,0,0),(42,2,6,'',0,'',1348665741,'Telekom [Bot]','telekom [bot]','',1348665741,0,'',0,'',0,1348665741,0,'','',0,0,0,0,0,0,0,'en','0.00',0,'D M d, Y g:i a',1,0,'9E8DA7',0,0,0,0,-3,0,0,'t','d',0,'t','a',0,1,0,1,1,1,0,230271,'',0,0,0,'','','','','','','','','','','','','','','d9361055e462a7bb',0,0,0),(43,2,6,'',0,'',1348665741,'TurnitinBot [Bot]','turnitinbot [bot]','',1348665741,0,'',0,'',0,1348665741,0,'','',0,0,0,0,0,0,0,'en','0.00',0,'D M d, Y g:i a',1,0,'9E8DA7',0,0,0,0,-3,0,0,'t','d',0,'t','a',0,1,0,1,1,1,0,230271,'',0,0,0,'','','','','','','','','','','','','','','f241caed34a3c973',0,0,0),(44,2,6,'',0,'',1348665741,'Voyager [Bot]','voyager [bot]','',1348665741,0,'',0,'',0,1348665741,0,'','',0,0,0,0,0,0,0,'en','0.00',0,'D M d, Y g:i a',1,0,'9E8DA7',0,0,0,0,-3,0,0,'t','d',0,'t','a',0,1,0,1,1,1,0,230271,'',0,0,0,'','','','','','','','','','','','','','','f2c0ab71c06d7085',0,0,0),(45,2,6,'',0,'',1348665741,'W3 [Sitesearch]','w3 [sitesearch]','',1348665741,0,'',0,'',0,1348665741,0,'','',0,0,0,0,0,0,0,'en','0.00',0,'D M d, Y g:i a',1,0,'9E8DA7',0,0,0,0,-3,0,0,'t','d',0,'t','a',0,1,0,1,1,1,0,230271,'',0,0,0,'','','','','','','','','','','','','','','3d92e9d7b9ce4878',0,0,0),(46,2,6,'',0,'',1348665741,'W3C [Linkcheck]','w3c [linkcheck]','',1348665741,0,'',0,'',0,1348665741,0,'','',0,0,0,0,0,0,0,'en','0.00',0,'D M d, Y g:i a',1,0,'9E8DA7',0,0,0,0,-3,0,0,'t','d',0,'t','a',0,1,0,1,1,1,0,230271,'',0,0,0,'','','','','','','','','','','','','','','a6a750dcce26dfb6',0,0,0),(47,2,6,'',0,'',1348665741,'W3C [Validator]','w3c [validator]','',1348665741,0,'',0,'',0,1348665741,0,'','',0,0,0,0,0,0,0,'en','0.00',0,'D M d, Y g:i a',1,0,'9E8DA7',0,0,0,0,-3,0,0,'t','d',0,'t','a',0,1,0,1,1,1,0,230271,'',0,0,0,'','','','','','','','','','','','','','','779af8ea376e17cd',0,0,0),(48,2,6,'',0,'',1348665741,'WiseNut [Bot]','wisenut [bot]','',1348665741,0,'',0,'',0,1348665741,0,'','',0,0,0,0,0,0,0,'en','0.00',0,'D M d, Y g:i a',1,0,'9E8DA7',0,0,0,0,-3,0,0,'t','d',0,'t','a',0,1,0,1,1,1,0,230271,'',0,0,0,'','','','','','','','','','','','','','','32f8a003e1284fe8',0,0,0),(49,2,6,'',0,'',1348665741,'YaCy [Bot]','yacy [bot]','',1348665741,0,'',0,'',0,1348665741,0,'','',0,0,0,0,0,0,0,'en','0.00',0,'D M d, Y g:i a',1,0,'9E8DA7',0,0,0,0,-3,0,0,'t','d',0,'t','a',0,1,0,1,1,1,0,230271,'',0,0,0,'','','','','','','','','','','','','','','a6e62540590c6caf',0,0,0),(50,2,6,'',0,'',1348665741,'Yahoo MMCrawler [Bot]','yahoo mmcrawler [bot]','',1348665741,0,'',0,'',0,1348665741,0,'','',0,0,0,0,0,0,0,'en','0.00',0,'D M d, Y g:i a',1,0,'9E8DA7',0,0,0,0,-3,0,0,'t','d',0,'t','a',0,1,0,1,1,1,0,230271,'',0,0,0,'','','','','','','','','','','','','','','2e9fdbc65254f5fe',0,0,0),(51,2,6,'',0,'',1348665741,'Yahoo Slurp [Bot]','yahoo slurp [bot]','',1348665741,0,'',0,'',0,1348665741,0,'','',0,0,0,0,0,0,0,'en','0.00',0,'D M d, Y g:i a',1,0,'9E8DA7',0,0,0,0,-3,0,0,'t','d',0,'t','a',0,1,0,1,1,1,0,230271,'',0,0,0,'','','','','','','','','','','','','','','f1e8fab89ddc2354',0,0,0),(52,2,6,'',0,'',1348665741,'Yahoo [Bot]','yahoo [bot]','',1348665741,0,'',0,'',0,1348665741,0,'','',0,0,0,0,0,0,0,'en','0.00',0,'D M d, Y g:i a',1,0,'9E8DA7',0,0,0,0,-3,0,0,'t','d',0,'t','a',0,1,0,1,1,1,0,230271,'',0,0,0,'','','','','','','','','','','','','','','092d9a94f68e759b',0,0,0),(53,2,6,'',0,'',1348665741,'YahooSeeker [Bot]','yahooseeker [bot]','',1348665741,0,'',0,'',0,1348665741,0,'','',0,0,0,0,0,0,0,'en','0.00',0,'D M d, Y g:i a',1,0,'9E8DA7',0,0,0,0,-3,0,0,'t','d',0,'t','a',0,1,0,1,1,1,0,230271,'',0,0,0,'','','','','','','','','','','','','','','0a3067cb2cf56463',0,0,0),(76,0,2,'',0,'10.1.39.83',1348749309,'anubhav.gupta','anubhav.gupta','$H$9qKadAhKnv6gmXXW3DeLU0PQkfZv6A0',1348749309,0,'anubhav.gupta@students.iiit.ac.in',329793124233,'',1348752739,1348749309,1348750468,'ucp.php?i=pm&mode=view&f=0&p=1','',0,2,1348751252,0,0,0,0,'en','5.50',0,'D M d, Y g:i a',1,0,'',0,0,1348749340,0,-3,0,0,'t','d',0,'t','a',0,1,0,1,1,1,1,230271,'',0,0,0,'','','','','','','','','','','','','','','6f983b4ea1e3d815',0,0,0),(54,0,2,'',0,'10.3.11.219',1348666715,'sharky','sharky','$H$9r.tg5A0Ue42Bfv5LMtqz.6Rih5TVo/',1348786624,0,'sharkyraj123@gmail.com',166959040822,'',1348789371,1348672962,1348751252,'ucp.php?i=profile&mode=reg_details','',0,0,0,0,0,0,0,'en','5.50',0,'D M d, Y g:i a',6,0,'',0,0,0,0,-3,0,0,'t','d',0,'t','a',0,1,0,1,1,1,1,230271,'',0,0,0,'','','','','','','','','','','','','','','cbe05f6100a7dda8',1,0,0),(78,0,2,'',0,'10.1.39.147',1348752254,'ZeForce','zeforce','$H$97SRJNEH7wE/733XIPANRTc4cpxekF0',1348752254,0,'nishantr.krishan@students.iiit.ac.in',239597700636,'',1348752412,1348752254,1348752293,'index.php','',0,0,0,0,0,0,0,'en','5.50',0,'D M d, Y g:i a',1,0,'',0,0,0,0,-3,0,0,'t','d',0,'t','a',0,1,0,1,1,1,1,230271,'',0,0,0,'','','','','','','','','','','','','','','2095a36897953af0',1,0,0),(55,0,2,'',0,'10.3.11.219',1348673408,'freakin','freakin','$H$9tHy7nMbVe5Cu/fAaecS2Mx6oqLznU/',1348673408,0,'rishabhr123@gmail.com',118086137721,'',1348778102,1348673408,1348673615,'','',0,0,0,0,0,0,0,'en','5.50',0,'D M d, Y g:i a',1,0,'',0,0,0,0,-3,0,0,'t','d',0,'t','a',0,1,0,1,1,1,1,230271,'',0,0,0,'','','','','','','','','','','','','','','2d38b847866acac7',1,0,0),(77,0,2,'00000000006xrqeiww\ni1cjyo000000\nqlc4pjzhb2tc\nqlc4pi000000\nqlc4pi000000',0,'10.1.39.126',1348750028,'lordinvader','lordinvader','$H$9qxpogitNK7s.tN/GpKAPEankQ62Fi.',1348750028,0,'ankush.jain@students.iiit.ac.in',345764761431,'',1348826647,1348750028,1348750148,'viewforum.php?f=2','',0,0,0,0,0,0,2,'en','5.50',0,'D M d, Y g:i a',1,0,'',0,0,0,0,-3,0,0,'t','d',0,'t','a',0,1,0,1,1,1,1,230271,'',0,0,0,'','','','','','','','','','','','','','','e83c94ffa6650dab',1,0,0),(58,0,2,'',0,'10.1.40.186',1348733566,'Sriharsha V','sriharsha v','$H$9gMhGWEQMz5BE3XMsviIc1YeH/H3qX0',1348733566,0,'vogetisri.harsha@students.iiit.ac.in',408215662836,'',1348750872,1348733566,0,'viewtopic.php?f=3&t=7','',0,0,0,0,0,0,0,'en','5.50',0,'D M d, Y g:i a',1,0,'',0,0,0,0,-3,0,0,'t','d',0,'t','a',0,1,0,1,1,1,1,230271,'',0,0,0,'','','','','','','','','','','','','','','345c1926b3145d68',1,0,0),(57,0,2,'00000000006xv2fa68\ni1cjyo000000\nqlc4pi000000\nzik0zjzhb2tc\nqlc4pi000000',0,'10.1.39.140',1348722387,'Anuraag','anuraag','$H$9SslFc7JAGante8OtpyzkG.ektmgUR1',1348722387,0,'anuraag.a@students.iiit.ac.in',36361532429,'',1348841249,1348722387,1348841153,'viewtopic.php?f=3&t=18','',1348777264,0,0,0,0,0,11,'en','5.50',0,'D M d, Y g:i a',1,0,'',0,0,0,0,-3,0,0,'t','d',0,'t','a',0,1,0,1,1,1,1,230271,'',0,0,0,'','','','','','','','','','','','','','','ed293ae2ac9839b5',0,0,0),(79,0,2,'',0,'10.3.10.195',1348752784,'shipra.bangaf','shipra.bangaf','$H$9SHIfSPuB7siFAlrGXtWo4LI7qB31C/',1348752784,0,'shipra.banga@students.iiit.ac.in',25463743432,'',1348752810,1348752784,0,'','',0,0,0,0,0,0,0,'en','5.50',0,'D M d, Y g:i a',1,0,'',0,0,0,0,-3,0,0,'t','d',0,'t','a',0,1,0,1,1,1,1,230271,'',0,0,0,'','','','','','','','','','','','','','','e95c65c9763c16a5',1,0,0),(59,0,2,'',0,'10.1.98.212',1348734613,'MASTH','masth','$H$93zIDBaJacJai64kcYYeGbbeW.BlxP.',1348734613,0,'prathyusha.k@students.iiit.ac.in',27839835232,'',1348744757,1348734613,0,'memberlist.php?mode=viewprofile&u=2','',0,0,0,0,0,0,0,'en','5.50',0,'D M d, Y g:i a',1,0,'',0,0,0,0,-3,0,0,'t','d',0,'t','a',0,1,0,1,1,1,1,230271,'',0,0,0,'','','','','','','','','','','','','','','7d84695cbc1a84a6',1,0,0),(60,0,2,'',0,'10.1.98.212',1348734694,'TRASH','trash','$H$9FiaNtwVtcrMashwjfpps8.nxOmaO./',1348734694,0,'mounika.banda@students.iiit.ac.in',280794587933,'',0,1348734694,0,'','',0,0,0,0,0,0,0,'en','5.50',0,'D M d, Y g:i a',1,0,'',0,0,0,0,-3,0,0,'t','d',0,'t','a',0,1,0,1,1,1,1,230271,'',0,0,0,'','','','','','','','','','','','','','','d97de17f521ad14a',1,0,0),(61,0,2,'',0,'10.1.98.114',1348735150,'participant','participant','$H$98T6z5WBL2sSLgv.ryhDdW6PPz2w5g0',1348735150,0,'simpik@gmail.com',1997233616,'',1348788307,1348735150,1348784145,'viewtopic.php?f=3&t=12','',0,0,0,0,0,0,3,'en','5.50',0,'D M d, Y g:i a',1,0,'',0,0,0,0,-3,0,0,'t','d',0,'t','a',0,1,0,1,1,1,1,230271,'',0,0,0,'','','','','','','','','','','','','','','a3a55b2d8b064699',0,0,0),(62,0,2,'00000000006xrqeiww\ni1cjyo000000\nqlc4pi000000\nqlc4pi000000\nqlc4pi000000',0,'10.4.2.208',1348735198,'kindergartencop','kindergartencop','$H$9IJ5g6kiHJc0LO6a3/BQVv1yt445TI/',1348735198,0,'akshatk7@gmail.com',230362531418,'',1348830668,1348735198,1348767880,'index.php','',0,0,0,0,0,0,1,'en','5.50',0,'D M d, Y g:i a',1,0,'',0,0,0,0,-3,0,0,'t','d',0,'t','a',0,1,0,1,1,1,1,230271,'',0,0,0,'','','','','','','','','','','','','','','f8a48771bf0fc69b',1,0,0),(63,0,2,'',0,'10.1.36.73',1348735313,'blacksmith','blacksmith','$H$9k0D8MunBWLIOyTawj.P0DLtunTywF/',1348735313,0,'gtg.bansal@gmail.com',317932641020,'',1348735350,1348735313,0,'viewtopic.php?f=2&t=1','',0,0,0,0,0,0,0,'en','5.50',0,'D M d, Y g:i a',1,0,'',0,0,0,0,-3,0,0,'t','d',0,'t','a',0,1,0,1,1,1,1,230271,'',0,0,0,'','','','','','','','','','','','','','','b3647e74234057af',1,0,0),(80,0,2,'',0,'10.1.33.143',1348752791,'Shaggy','shaggy','$H$95jjzm8EGVcSmxjsvsKqAKCQ5qJ9QS0',1348752791,0,'crazyboy2608@gmail.com',3506161622,'',1348754731,1348752791,1348754728,'viewtopic.php?f=3&t=7&p=24','',0,0,0,0,0,0,1,'en','5.50',0,'D M d, Y g:i a',1,0,'',0,0,0,0,-3,0,0,'t','d',0,'t','a',0,1,0,1,1,1,1,230271,'',0,0,0,'','','','','','','','','','','','','','','c4ce71cb94fd482b',1,0,0),(64,0,2,'',0,'10.1.39.164',1348737702,'SAM','sam','$H$9yitHdNXE6yt9WDn2FsqLGYn9ILNia1',1348737702,0,'saksham.maheshwari@students.iiit.ac.in',235917854538,'',1348779385,1348737702,1348777621,'viewtopic.php?f=4&t=19','',1348777680,0,0,2,0,0,1,'en','5.50',0,'D M d, Y g:i a',1,0,'',0,0,0,0,-3,0,0,'t','d',0,'t','a',0,1,0,1,1,1,1,230271,'',0,0,0,'','','','','','','','','','','','','','','423b76c4fd6a4637',1,0,0),(65,0,2,'',0,'10.4.2.208',1348739965,'ayush1794','ayush1794','$H$9NwXoYx0AIl5IwZToLN7eXKqVDc.GB0',1348739965,0,'ayush.garg@students.iiit.ac.in',330831304230,'',1348740182,1348739965,0,'','',0,0,0,0,0,0,0,'en','5.50',0,'D M d, Y g:i a',1,0,'',0,0,0,0,-3,0,0,'t','d',0,'t','a',0,1,0,1,1,1,1,230271,'',0,0,0,'','','','','','','','','','','','','','','1cc5ccabe0fcf642',1,0,0),(66,0,2,'',0,'10.1.34.27',1348740366,'JackSparrow','jacksparrow','$H$9zxMPAKwK3/F3MopfOjqZGuOA42u7Z/',1348740366,0,'anubhav.chaturvedi@students.iiit.ac.in',105864713738,'',1348740898,1348740366,0,'viewforum.php?f=3','',0,0,0,0,0,0,0,'en','5.50',0,'D M d, Y g:i a',1,0,'',0,0,0,0,-3,0,0,'t','d',0,'t','a',0,1,0,1,1,1,1,230271,'',0,0,0,'','','','','','','','','','','','','','','fbfbb24b6080bf8c',1,0,0),(67,0,2,'00000000006xrqeiww\ni1cjyo000000\nqlc4pi000000\nqlc4pi000000\nqlc4pi000000',0,'10.1.33.112',1348742388,'bhargav22','bhargav22','$H$9T4keMF3CjPNZssGTv1tJway1Y/6e6.',1348742388,0,'yimmidisetti.bhargav@students.iiit.ac.in',183810819240,'',1348757808,1348742388,0,'memberlist.php?mode=viewprofile&u=81','',0,0,0,0,0,0,0,'en','5.50',0,'D M d, Y g:i a',1,0,'',0,0,0,0,-3,0,0,'t','d',0,'t','a',0,1,0,1,1,1,1,230271,'',0,0,0,'','','','','','','','','','','','','','','c31c6c9d10c94aa8',1,0,0),(68,0,2,'00000000006xrqeiww\ni1cjyo000000\nqlc4pi000000\nqlc4pi000000\nqlc4pi000000',0,'10.1.98.128',1348742669,'kuchiku','kuchiku','$H$9g8owNtGG0OdpDUC86cO3Wfg9bwI1C.',1348742669,0,'k.sravya@students.iiit.ac.in',325451052728,'',1348833098,1348742669,1348831870,'viewtopic.php?f=3&t=18&p=46','',0,0,0,0,0,0,1,'en','5.50',0,'D M d, Y g:i a',1,0,'',0,0,0,0,-3,0,0,'t','d',0,'t','a',0,1,0,1,1,1,1,230271,'',0,0,0,'','','','','','','','','','','','','','','f8fffacab7aa71d4',1,0,0),(69,0,2,'',0,'10.1.36.85',1348742995,'alexander','alexander','$H$9C5y7tqotp70njMXKdEUdgi04/tuVm1',1348742995,0,'thelostworld7832@gmail.com',36809569326,'',1348743041,1348742995,0,'viewtopic.php?f=2&t=1','',0,0,0,0,0,0,0,'en','5.50',0,'D M d, Y g:i a',1,0,'',0,0,0,0,-3,0,0,'t','d',0,'t','a',0,1,0,1,1,1,1,230271,'',0,0,0,'','','','','','','','','','','','','','','aebb508a776a3a9f',1,0,0),(70,0,2,'',0,'10.1.36.93',1348743186,'billy','billy','$H$9Z2bI62KRb5pwuZITrBPGVwYOqE7lM0',1348743186,0,'billyjohn143@gmail.com',194372392722,'',1348743208,1348743186,0,'','',0,0,0,0,0,0,0,'en','5.50',0,'D M d, Y g:i a',1,0,'',0,0,0,0,-3,0,0,'t','d',0,'t','a',0,1,0,1,1,1,1,230271,'',0,0,0,'','','','','','','','','','','','','','','e25846bb7386ac41',1,0,0),(71,0,2,'',0,'10.3.10.9',1348745186,'karanaggarwal','karanaggarwal','$H$9WCq1FbSq4lDT5sD9O7AP4EiarOGT6/',1348745186,0,'karan.aggarwal@students.iiit.ac.in',382616734534,'',1348745239,1348745186,0,'','',0,0,0,0,0,0,0,'en','5.50',0,'D M d, Y g:i a',1,0,'',0,0,0,0,-3,0,0,'t','d',0,'t','a',0,1,0,1,1,1,1,230271,'',0,0,0,'','','','','','','','','','','','','','','b9e13a5e3e4cc754',1,0,0),(72,0,2,'',0,'10.1.39.154',1348745190,'worldwide','worldwide','$H$9K6M63ORx0I7RFhvQPRyDnLju72CY7/',1348745190,0,'saksham.garg@students.iiit.ac.in',91955524432,'',1348745501,1348745190,0,'viewforum.php?f=3','',0,0,0,0,0,0,0,'en','5.50',0,'D M d, Y g:i a',1,0,'',0,0,0,0,-3,0,0,'t','d',0,'t','a',0,1,0,1,1,1,1,230271,'',0,0,0,'','','','','','','','','','','','','','','b07c78eeb05ce107',1,0,0),(73,0,2,'00000000006xv29nwg\ni1cjyo000000\nqlc4pi000000\nqlc4pi000000\nqlc4pjzhb2tc',0,'10.1.39.115',1348746310,'particle.mania','particle.mania','$H$9ON6uix.VDi7BBPGd/6MQFMAUkyByF0',1348746310,0,'particle.mania@gmail.com',62036749724,'',1348827350,1348746310,1348827347,'viewtopic.php?f=4&t=24&p=42','',0,0,0,0,0,0,5,'en','5.50',0,'D M d, Y g:i a',1,0,'',1,1,1348829340,0,-3,0,0,'t','d',0,'t','a',0,1,0,1,1,1,1,230271,'',0,0,0,'','','','','','','','','','','','','','','a23d9c070cd4c5be',0,0,0),(74,0,2,'',0,'10.2.12.92',1348746635,'euler_dif','euler_dif','$H$9wQWxW6UiHXhbHgerygw7J5lKYqdaa/',1348746635,0,'maharshi91@gmail.com',160867349420,'',0,1348746635,0,'','',0,0,0,0,0,0,0,'en','5.50',0,'D M d, Y g:i a',1,0,'',0,0,0,0,-3,0,0,'t','d',0,'t','a',0,1,0,1,1,1,1,230271,'',0,0,0,'','','','','','','','','','','','','','','24e3d748cf5aa59d',1,0,0),(75,0,2,'',0,'10.1.40.158',1348748773,'normaluser','normaluser','$H$9.8Sq5Jre9bGdny4J6dlHkNYl6Jp6A1',1348748773,0,'random@gmail.com',187105992216,'',1348748822,1348748773,0,'','',0,0,0,0,0,0,0,'en','5.50',0,'D M d, Y g:i a',1,0,'',0,0,0,0,-3,0,0,'t','d',0,'t','a',0,1,0,1,1,1,1,230271,'',0,0,0,'','','','','','','','','','','','','','','3f55c53e718e6048',1,0,0),(81,0,2,'',0,'10.1.39.78',1348757184,'neel','neel','$H$9Mvk1qv2XxefhNepENHw6A4jiRAnRp1',1348757184,0,'neel.bommisetty@students.iiit.ac.in',320913089635,'',1348757661,1348757184,0,'viewforum.php?f=3','35KMYMD5CE',0,0,0,0,0,0,0,'en','5.50',0,'D M d, Y g:i a',1,0,'',0,0,0,0,-3,0,0,'t','d',0,'t','a',0,1,0,1,1,1,1,230271,'',0,0,0,'','','','','','','','','','','','','','','f084d7da5acaefbf',1,0,0),(82,0,2,'',0,'10.1.97.123',1348768569,'rocks','rocks','$H$9x8G1syhzeYfDYpPuPbKcdtrhfIa4s/',1348768569,0,'arpitaraj.gupta@students.iiit.ac.in',316491470235,'',1348768611,1348768569,0,'viewtopic.php?f=3&t=5','',0,0,0,0,0,0,0,'en','5.50',0,'D M d, Y g:i a',1,0,'',0,0,0,0,-3,0,0,'t','d',0,'t','a',0,1,0,1,1,1,1,230271,'',0,0,0,'','','','','','','','','','','','','','','373b000a4d092b64',1,0,0),(83,0,2,'',0,'10.1.40.206',1348770086,'DAWULF','dawulf','$H$9MYhYoEzEY41HMgzP0WusjoLNrHxec.',1348770086,0,'darshitsingh.sarna@students.iiit.ac.in',383528974738,'',1348771169,1348770086,1348770177,'viewtopic.php?f=3&t=18','',1348771142,0,0,0,0,0,1,'en','5.50',0,'D M d, Y g:i a',1,0,'',0,0,0,0,-3,0,0,'t','d',0,'t','a',0,1,0,1,1,1,1,230271,'',0,0,0,'','','','','','','','','','','','','','','2f7d482270290ed0',1,0,0),(86,0,2,'',0,'10.1.33.223',1348813253,'full_tandoori','full_tandoori','$H$93jalJbkttCURPOP.FmOBzOa1u83rB.',1348813253,0,'anujbal.gadhave@students.iiit.ac.in',254402919535,'',0,1348813253,0,'','',0,0,0,0,0,0,0,'en','5.50',0,'D M d, Y g:i a',6,0,'',0,0,0,0,-3,0,0,'t','d',0,'t','a',0,1,0,1,1,1,1,230271,'',0,0,0,'','','','','','','','','','','','','','','b7c99ee6e43bde2c',1,0,0),(84,0,2,'00000000006xrqeiww\ni1cjyo000000\nqlc4pi000000\nqlc4pi000000\nqlc4pi000000',0,'10.1.34.179',1348771752,'bhant','bhant','$H$9yP/SpnCXwahFUZIyI6BGBGyp5j4rT1',1348771752,0,'kaveeshd_rokz@yahoo.com',162107012823,'',1348797244,1348771752,1348771777,'viewtopic.php?f=2&t=15','',0,0,0,0,0,0,1,'en','5.50',0,'D M d, Y g:i a',1,0,'',0,0,0,0,-3,0,0,'t','d',0,'t','a',0,1,0,1,1,1,1,230271,'',0,0,0,'','','','','','','','','','','','','','','f102bc2dc29013ef',1,0,0),(85,0,2,'00000000006xrqeiww\ni1cjyo000000\nqlc4pi000000\nqlc4pi000000\nqlc4pi000000',0,'10.1.39.142',1348788921,'hellboy2k8','hellboy2k8','$H$9uOKoPLU.CPatHrNCL5n3NHB8Jbmmn1',1348788921,0,'shailrishabh@gmail.com',136803830122,'',1348791518,1348788921,0,'index.php','',0,0,0,0,0,0,0,'en','5.50',0,'D M d, Y g:i a',6,0,'',0,0,0,0,-3,0,0,'t','d',0,'t','a',0,1,0,1,1,1,1,230271,'',0,0,0,'','','','','','','','','','','','','','','2446ea575d02e892',1,0,0),(87,0,2,'00000000006xrqeiww\ni1cjyo000000\nqlc4pi000000\nqlc4pi000000\nqlc4pi000000',0,'10.1.36.72',1348818820,'Umang','umang','$H$9DK59XAXjqUjfpchsR8dtTxwTeUAVY1',1348818820,0,'umange@gmail.com',12675050416,'',1348818847,1348818820,0,'index.php','',0,0,0,0,0,0,0,'en','5.50',0,'D M d, Y g:i a',6,0,'',0,0,0,0,-3,0,0,'t','d',0,'t','a',0,1,0,1,1,1,1,230271,'',0,0,0,'','','','','','','','','','','','','','','c165816a43822099',1,0,0),(88,0,2,'',0,'10.1.39.223',1348820420,'CRON','cron','$H$91DTeVqFWDcjQH8kg7lwiDM5Inwf6L0',1348820420,0,'sharadgpt01@gmail.com',36162464721,'',0,1348820420,0,'','',0,0,0,0,0,0,0,'en','5.50',0,'D M d, Y g:i a',6,0,'',0,0,0,0,-3,0,0,'t','d',0,'t','a',0,1,0,1,1,1,1,230271,'',0,0,0,'','','','','','','','','','','','','','','3fe9c64bd00562e1',1,0,0),(89,0,2,'00000000006xrqeiww\ni1cjyo000000\nqlc4pi000000\nqlc4pi000000\nqlc4pi000000',0,'10.1.40.26',1348820561,'ran','ran','$H$9fqTktddKUNdY/AwdDpK9nfE4mZSdS0',1348820561,0,'nssranganath.vidyamsetti@students.iiit.ac.in',66383743244,'',1348820626,1348820561,0,'','',0,0,0,0,0,0,0,'en','5.50',0,'D M d, Y g:i a',6,0,'',0,0,0,0,-3,0,0,'t','d',0,'t','a',0,1,0,1,1,1,1,230271,'',0,0,0,'','','','','','','','','','','','','','','1e13f9464a9a2d29',1,0,0),(90,0,2,'00000000006xrqeiww\ni1cjyo000000\nqlc4pi000000\nqlc4pi000000\nqlc4pi000000',0,'10.1.39.207',1348820571,'wrumf','wrumf','$H$97Hji6H.Eo3iW7nHcf22et21eVsVO4/',1348820571,0,'mayankrocks.1993@gmail.com',264797732526,'',1348839082,1348820571,0,'viewtopic.php?f=2&t=1','',0,0,0,0,0,0,0,'en','5.50',0,'D M d, Y g:i a',6,0,'',0,0,0,0,-3,0,0,'t','d',0,'t','a',0,1,0,1,1,1,1,230271,'',0,0,0,'','','','','','','','','','','','','','','57e6e3f9e7a5ba3e',1,0,0),(91,0,2,'00000000006xrqeiww\ni1cjyo000000\nqlc4pi000000\nqlc4pi000000\nqlc4pi000000',0,'10.1.98.204',1348821858,'sam1','sam1','$H$9ae0UATw/p.Y8fIqCFyadEZLb3744e0',1348821858,0,'rishikareddyar4@gmail.com',247070691325,'',1348821986,1348821858,0,'viewforum.php','',0,0,0,0,0,0,0,'en','5.50',0,'D M d, Y g:i a',6,0,'',0,0,0,0,-3,0,0,'t','d',0,'t','a',0,1,0,1,1,1,1,230271,'',0,0,0,'','','','','','','','','','','','','','','58cd28c01a75aa39',1,0,0),(92,0,2,'00000000006xrqeiww\ni1cjyo000000\nqlc4pi000000\nqlc4pi000000\nqlc4pi000000',0,'10.1.40.132',1348824777,'rocko','rocko','$H$9CTtrHvYGHb0Z9BHBW7rWk92B.QB5e0',1348824777,0,'aman.j@students.iiit.ac.in',62021579526,'',1348825080,1348824777,0,'search.php?author_id=77&sr=posts','',1348824932,0,0,0,0,0,0,'en','5.50',0,'D M d, Y g:i a',6,0,'',0,0,0,0,-3,0,0,'t','d',0,'t','a',0,1,0,1,1,1,1,230271,'',0,0,0,'','','','','','','','','','','','','','','2900245dee4f977c',1,0,0),(93,0,2,'00000000006xrqeiww\ni1cjyo000000\nqlc4pi000000\nqlc4pi000000\nqlc4pi000000',0,'10.1.39.109',1348828179,'student','student','$H$9q/dcVo5c.OoYQCzoUI5pHoJABL8GB/',1348828179,0,'siddharth.sinha@students.iiit.ac.in',330726445735,'',1348829012,1348828179,1348828247,'viewtopic.php?f=3&t=5','',0,0,0,0,0,0,1,'en','5.50',0,'D M d, Y g:i a',6,0,'',0,0,0,0,-3,0,0,'t','d',0,'t','a',0,1,0,1,1,1,1,230271,'',0,0,0,'','','','','','','','','','','','','','','40066f9677492af2',1,0,0),(94,0,2,'00000000006xrqeiww\ni1cjyo000000\nqlc4pi000000\nqlc4pi000000\nqlc4pi000000',0,'10.1.40.46',1348828370,'_|_ar','__ar','$H$9qZYIGPgon1rcw0GBO6uzyoJorVY5g.',1348828370,0,'shantanu.patil@students.iiit.ac.in',47353480734,'',1348828488,1348828370,0,'viewtopic.php?f=4&t=24','',0,0,0,0,0,0,0,'en','5.50',0,'D M d, Y g:i a',6,0,'',0,0,0,0,-3,0,0,'t','d',0,'t','a',0,1,0,1,1,1,1,230271,'',0,0,0,'','','','','','','','','','','','','','','301c5f24cc842efc',1,0,0),(95,0,2,'00000000006xrqeiww\ni1cjyo000000\nqlc4pi000000\nqlc4pi000000\nqlc4pi000000',0,'10.1.40.171',1348829257,'lahori','lahori','$H$9tGKagWLfPKbFSykzBb5s1b3hHa/IU.',1348829257,0,'jayesh.lahori@students.iiit.ac.in',82727008433,'',1348829336,1348829257,1348829314,'','',0,0,0,0,0,0,1,'en','5.50',0,'D M d, Y g:i a',6,0,'',0,0,0,0,-3,0,0,'t','d',0,'t','a',0,1,0,1,1,1,1,230271,'',0,0,0,'','','','','','','','','','','','','','','2a57befe7ae26e77',1,0,0),(96,0,2,'00000000006xrqeiww\ni1cjyo000000\nqlc4pi000000\nqlc4pi000000\nqlc4pi000000',0,'10.1.39.188',1348831455,'dreamrulez07','dreamrulez07','$H$9LCD/daxqCTZxCFHaQG5UHUWHr6OaC.',1348831455,0,'dreamrulez.07@gmail.com',414578487623,'',1348831696,1348831455,1348831561,'viewforum.php?f=2','',0,0,0,0,0,0,0,'en','5.50',0,'D M d, Y g:i a',6,0,'',0,0,0,0,-3,0,0,'t','d',0,'t','a',0,1,0,1,1,1,1,230271,'',0,0,0,'','','','','','','','','','','','','','','9b69391b0b3fb74a',1,0,0),(97,0,2,'00000000006xrqeiww\ni1cjyo000000\nqlc4pi000000\nqlc4pi000000\nqlc4pi000000',0,'10.1.36.68',1348834188,'mohanty','mohanty','$H$9JDHQsGjWbPq9FKP3ivfCPk0hu0dI.1',1348834188,0,'spmohanty91@gmail.com',422612610021,'',1348834203,1348834188,0,'posting.php?mode=reply&f=2&t=1','',0,0,0,0,0,0,0,'en','5.50',0,'D M d, Y g:i a',6,0,'',0,0,0,0,-3,0,0,'t','d',0,'t','a',0,1,0,1,1,1,1,230271,'',0,0,0,'','','','','','','','','','','','','','','75b2966c8047efb1',1,0,0),(98,0,2,'00000000006xrqeiww\ni1cjyo000000\nqlc4pi000000\nqlc4pi000000\nqlc4pi000000',0,'10.1.97.238',1348836179,'nityatiwari','nityatiwari','$H$9/KDi6zQTnBLMclAIQPrK7aidlaLIa1',1348836179,0,'nitya.tiwari.18@gmail.com',214304523325,'',0,1348836179,0,'','',0,0,0,0,0,0,0,'en','5.50',0,'D M d, Y g:i a',6,0,'',0,0,0,0,-3,0,0,'t','d',0,'t','a',0,1,0,1,1,1,1,230271,'',0,0,0,'','','','','','','','','','','','','','','54adb33654f634e6',1,0,0),(99,0,2,'00000000006xrqeiww\ni1cjyo000000\nqlc4pi000000\nqlc4pi000000\nqlc4pi000000',0,'10.1.34.43',1348840321,'phinfinity','phinfinity','$H$9pTYDQbrVghTAsxGAA9jeGSKncQBLH.',1348840321,0,'anish.shankar@students.iiit.ac.in',217848870933,'',0,1348840321,0,'','',0,0,0,0,0,0,0,'en','5.50',0,'D M d, Y g:i a',6,0,'',0,0,0,0,-3,0,0,'t','d',0,'t','a',0,1,0,1,1,1,1,230271,'',0,0,0,'','','','','','','','','','','','','','','655e7350ce27c4fa',1,0,0),(100,0,2,'00000000006xrqeiww\ni1cjyo000000\nqlc4pi000000\nqlc4pi000000\nqlc4pi000000',0,'10.3.9.117',1348845666,'hack_it','hack_it','$H$9AyeVZzoid6Iq06BLRk5HxrbkYyZEH1',1348845666,0,'sarvesh.mahajan@students.iiit.ac.in',260976180235,'',0,1348845666,0,'','',1348845768,0,0,0,0,0,0,'en','5.50',0,'D M d, Y g:i a',6,0,'',0,0,0,0,-3,0,0,'t','d',0,'t','a',0,1,0,1,1,1,1,230271,'',0,0,0,'','','','','','','','','','','','','','','4c58206e44c0ab75',1,0,0);
/*!40000 ALTER TABLE `phpbb_users` ENABLE KEYS */;
UNLOCK TABLES;

--
-- Table structure for table `phpbb_warnings`
--

DROP TABLE IF EXISTS `phpbb_warnings`;
/*!40101 SET @saved_cs_client     = @@character_set_client */;
/*!40101 SET character_set_client = utf8 */;
CREATE TABLE `phpbb_warnings` (
  `warning_id` mediumint(8) unsigned NOT NULL AUTO_INCREMENT,
  `user_id` mediumint(8) unsigned NOT NULL DEFAULT '0',
  `post_id` mediumint(8) unsigned NOT NULL DEFAULT '0',
  `log_id` mediumint(8) unsigned NOT NULL DEFAULT '0',
  `warning_time` int(11) unsigned NOT NULL DEFAULT '0',
  PRIMARY KEY (`warning_id`)
) ENGINE=MyISAM AUTO_INCREMENT=3 DEFAULT CHARSET=utf8 COLLATE=utf8_bin;
/*!40101 SET character_set_client = @saved_cs_client */;

--
-- Dumping data for table `phpbb_warnings`
--

LOCK TABLES `phpbb_warnings` WRITE;
/*!40000 ALTER TABLE `phpbb_warnings` DISABLE KEYS */;
INSERT INTO `phpbb_warnings` VALUES (1,76,22,66,1348750514),(2,76,8,73,1348751252);
/*!40000 ALTER TABLE `phpbb_warnings` ENABLE KEYS */;
UNLOCK TABLES;

--
-- Table structure for table `phpbb_words`
--

DROP TABLE IF EXISTS `phpbb_words`;
/*!40101 SET @saved_cs_client     = @@character_set_client */;
/*!40101 SET character_set_client = utf8 */;
CREATE TABLE `phpbb_words` (
  `word_id` mediumint(8) unsigned NOT NULL AUTO_INCREMENT,
  `word` varchar(255) COLLATE utf8_bin NOT NULL DEFAULT '',
  `replacement` varchar(255) COLLATE utf8_bin NOT NULL DEFAULT '',
  PRIMARY KEY (`word_id`)
) ENGINE=MyISAM DEFAULT CHARSET=utf8 COLLATE=utf8_bin;
/*!40101 SET character_set_client = @saved_cs_client */;

--
-- Dumping data for table `phpbb_words`
--

LOCK TABLES `phpbb_words` WRITE;
/*!40000 ALTER TABLE `phpbb_words` DISABLE KEYS */;
/*!40000 ALTER TABLE `phpbb_words` ENABLE KEYS */;
UNLOCK TABLES;

--
-- Table structure for table `phpbb_zebra`
--

DROP TABLE IF EXISTS `phpbb_zebra`;
/*!40101 SET @saved_cs_client     = @@character_set_client */;
/*!40101 SET character_set_client = utf8 */;
CREATE TABLE `phpbb_zebra` (
  `user_id` mediumint(8) unsigned NOT NULL DEFAULT '0',
  `zebra_id` mediumint(8) unsigned NOT NULL DEFAULT '0',
  `friend` tinyint(1) unsigned NOT NULL DEFAULT '0',
  `foe` tinyint(1) unsigned NOT NULL DEFAULT '0',
  PRIMARY KEY (`user_id`,`zebra_id`)
) ENGINE=MyISAM DEFAULT CHARSET=utf8 COLLATE=utf8_bin;
/*!40101 SET character_set_client = @saved_cs_client */;

--
-- Dumping data for table `phpbb_zebra`
--

LOCK TABLES `phpbb_zebra` WRITE;
/*!40000 ALTER TABLE `phpbb_zebra` DISABLE KEYS */;
/*!40000 ALTER TABLE `phpbb_zebra` ENABLE KEYS */;
UNLOCK TABLES;

--
-- Table structure for table `register`
--

DROP TABLE IF EXISTS `register`;
/*!40101 SET @saved_cs_client     = @@character_set_client */;
/*!40101 SET character_set_client = utf8 */;
CREATE TABLE `register` (
  `nickname` varchar(15) COLLATE utf8_bin NOT NULL,
  `email_id` varchar(30) COLLATE utf8_bin NOT NULL,
  `password` varchar(65) COLLATE utf8_bin NOT NULL,
  PRIMARY KEY (`nickname`),
  UNIQUE KEY `email_id` (`email_id`)
) ENGINE=InnoDB DEFAULT CHARSET=utf8 COLLATE=utf8_bin;
/*!40101 SET character_set_client = @saved_cs_client */;

--
-- Dumping data for table `register`
--

LOCK TABLES `register` WRITE;
/*!40000 ALTER TABLE `register` DISABLE KEYS */;
INSERT INTO `register` VALUES ('04EhU_RobotBana','Fe6He@gmail.com','e6e3be2d833cdf5d9d4c7bc2f85cd098'),('06im8_RobotBana','yezaW@gmail.com','e6e3be2d833cdf5d9d4c7bc2f85cd098'),('0Bp5ERobotBanao','PghWF@gmail.com','e6e3be2d833cdf5d9d4c7bc2f85cd098'),('0HIwdRobotBanao','FO4I9@gmail.com','e6e3be2d833cdf5d9d4c7bc2f85cd098'),('0Iuen_RobotBana','jomk5@gmail.com','e6e3be2d833cdf5d9d4c7bc2f85cd098'),('0LpzG_RobotBana','EGtCV@gmail.com','e6e3be2d833cdf5d9d4c7bc2f85cd098'),('0XcyQRobotBanao','fc7HV@gmail.com','e6e3be2d833cdf5d9d4c7bc2f85cd098'),('0XpauRobotBanao','Arbzt@gmail.com','e6e3be2d833cdf5d9d4c7bc2f85cd098'),('0cnBhRobotBanao','zStVY@gmail.com','e6e3be2d833cdf5d9d4c7bc2f85cd098'),('0nv5K_RobotBana','To9Dl@gmail.com','e6e3be2d833cdf5d9d4c7bc2f85cd098'),('0oY1n_RobotBana','pjbJE@gmail.com','e6e3be2d833cdf5d9d4c7bc2f85cd098'),('0okgERobotBanao','onbJH@gmail.com','e6e3be2d833cdf5d9d4c7bc2f85cd098'),('0qwhq_RobotBana','F5VRX@gmail.com','e6e3be2d833cdf5d9d4c7bc2f85cd098'),('0stbURobotBanao','A1bmi@gmail.com','e6e3be2d833cdf5d9d4c7bc2f85cd098'),('0vT5A_RobotBana','PZCv0@gmail.com','e6e3be2d833cdf5d9d4c7bc2f85cd098'),('0xjZhRobotBanao','ICVnl@gmail.com','e6e3be2d833cdf5d9d4c7bc2f85cd098'),('11FMqRobotBanao','7rpn6@gmail.com','e6e3be2d833cdf5d9d4c7bc2f85cd098'),('169Il_RobotBana','a4l2R@gmail.com','e6e3be2d833cdf5d9d4c7bc2f85cd098'),('1BL3QRobotBanao','aAGzE@gmail.com','e6e3be2d833cdf5d9d4c7bc2f85cd098'),('1DCKe_RobotBana','ofilp@gmail.com','e6e3be2d833cdf5d9d4c7bc2f85cd098'),('1Pv86_RobotBana','GLWK6@gmail.com','e6e3be2d833cdf5d9d4c7bc2f85cd098'),('1S8lR_RobotBana','GwbRO@gmail.com','e6e3be2d833cdf5d9d4c7bc2f85cd098'),('1XUMnRobotBanao','1Jghq@gmail.com','e6e3be2d833cdf5d9d4c7bc2f85cd098'),('1YJH2_RobotBana','HiQdJ@gmail.com','e6e3be2d833cdf5d9d4c7bc2f85cd098'),('1gRL9_RobotBana','9JbNf@gmail.com','e6e3be2d833cdf5d9d4c7bc2f85cd098'),('1hnc1_RobotBana','B69ED@gmail.com','e6e3be2d833cdf5d9d4c7bc2f85cd098'),('1ow2z_RobotBana','cCQHK@gmail.com','e6e3be2d833cdf5d9d4c7bc2f85cd098'),('1zy0ERobotBanao','Y18QL@gmail.com','e6e3be2d833cdf5d9d4c7bc2f85cd098'),('23Dd9RobotBanao','HgxMM@gmail.com','e6e3be2d833cdf5d9d4c7bc2f85cd098'),('26JteRobotBanao','TpUap@gmail.com','e6e3be2d833cdf5d9d4c7bc2f85cd098'),('28MNi_RobotBana','1mqN0@gmail.com','e6e3be2d833cdf5d9d4c7bc2f85cd098'),('2F1HDRobotBanao','8l3Ja@gmail.com','e6e3be2d833cdf5d9d4c7bc2f85cd098'),('2GsLH_RobotBana','9Uz8t@gmail.com','e6e3be2d833cdf5d9d4c7bc2f85cd098'),('2HTXR_RobotBana','Ly7ZW@gmail.com','e6e3be2d833cdf5d9d4c7bc2f85cd098'),('2KE2B_RobotBana','k7klB@gmail.com','e6e3be2d833cdf5d9d4c7bc2f85cd098'),('2Lb8oRobotBanao','bQczm@gmail.com','e6e3be2d833cdf5d9d4c7bc2f85cd098'),('2PjouRobotBanao','1R6F5@gmail.com','e6e3be2d833cdf5d9d4c7bc2f85cd098'),('2WJ39_RobotBana','HEft1@gmail.com','e6e3be2d833cdf5d9d4c7bc2f85cd098'),('2ZuOD_RobotBana','STNDA@gmail.com','e6e3be2d833cdf5d9d4c7bc2f85cd098'),('2iMWs_RobotBana','pmxm9@gmail.com','e6e3be2d833cdf5d9d4c7bc2f85cd098'),('2m19VRobotBanao','KO0VR@gmail.com','e6e3be2d833cdf5d9d4c7bc2f85cd098'),('2mm8m_RobotBana','RjA2l@gmail.com','e6e3be2d833cdf5d9d4c7bc2f85cd098'),('2q8xS_RobotBana','OYzL0@gmail.com','e6e3be2d833cdf5d9d4c7bc2f85cd098'),('2ss1B_RobotBana','7AlqB@gmail.com','e6e3be2d833cdf5d9d4c7bc2f85cd098'),('30c1R_RobotBana','FXxjH@gmail.com','e6e3be2d833cdf5d9d4c7bc2f85cd098'),('31InZRobotBanao','Aha8a@gmail.com','e6e3be2d833cdf5d9d4c7bc2f85cd098'),('36XQy_RobotBana','DhTwR@gmail.com','e6e3be2d833cdf5d9d4c7bc2f85cd098'),('38go0_RobotBana','g6MQa@gmail.com','e6e3be2d833cdf5d9d4c7bc2f85cd098'),('38lylRobotBanao','8Vuom@gmail.com','e6e3be2d833cdf5d9d4c7bc2f85cd098'),('3GlBC_RobotBana','LtFrr@gmail.com','e6e3be2d833cdf5d9d4c7bc2f85cd098'),('3I6LP_RobotBana','pIEd6@gmail.com','e6e3be2d833cdf5d9d4c7bc2f85cd098'),('3JzXGRobotBanao','uhBXY@gmail.com','e6e3be2d833cdf5d9d4c7bc2f85cd098'),('3Lv63RobotBanao','EQyPx@gmail.com','e6e3be2d833cdf5d9d4c7bc2f85cd098'),('3PSGU_RobotBana','dB6Po@gmail.com','e6e3be2d833cdf5d9d4c7bc2f85cd098'),('3SVUf_RobotBana','hQ1a1@gmail.com','e6e3be2d833cdf5d9d4c7bc2f85cd098'),('3XEPP_RobotBana','F4hnS@gmail.com','e6e3be2d833cdf5d9d4c7bc2f85cd098'),('3cd3l_RobotBana','Vq05y@gmail.com','e6e3be2d833cdf5d9d4c7bc2f85cd098'),('3hbnbRobotBanao','5FgOB@gmail.com','e6e3be2d833cdf5d9d4c7bc2f85cd098'),('3vUvhRobotBanao','mpP8X@gmail.com','e6e3be2d833cdf5d9d4c7bc2f85cd098'),('3wjXJ_RobotBana','tZn1s@gmail.com','e6e3be2d833cdf5d9d4c7bc2f85cd098'),('3x53A_RobotBana','xxSzy@gmail.com','e6e3be2d833cdf5d9d4c7bc2f85cd098'),('3zdv1RobotBanao','KiAxC@gmail.com','e6e3be2d833cdf5d9d4c7bc2f85cd098'),('4064ERobotBanao','0M0vS@gmail.com','e6e3be2d833cdf5d9d4c7bc2f85cd098'),('43jOuRobotBanao','yjFqk@gmail.com','e6e3be2d833cdf5d9d4c7bc2f85cd098'),('49VDJRobotBanao','9v1hn@gmail.com','e6e3be2d833cdf5d9d4c7bc2f85cd098'),('49and_RobotBana','WxWxe@gmail.com','e6e3be2d833cdf5d9d4c7bc2f85cd098'),('49cP8RobotBanao','JJxbD@gmail.com','e6e3be2d833cdf5d9d4c7bc2f85cd098'),('4FkgcRobotBanao','ZAXqW@gmail.com','e6e3be2d833cdf5d9d4c7bc2f85cd098'),('4IRnt_RobotBana','jpHIn@gmail.com','e6e3be2d833cdf5d9d4c7bc2f85cd098'),('4ISqP_RobotBana','09dhA@gmail.com','e6e3be2d833cdf5d9d4c7bc2f85cd098'),('4KEP6_RobotBana','YT1hy@gmail.com','e6e3be2d833cdf5d9d4c7bc2f85cd098'),('4OB49_RobotBana','iVBwV@gmail.com','e6e3be2d833cdf5d9d4c7bc2f85cd098'),('4OS85RobotBanao','Udq5b@gmail.com','e6e3be2d833cdf5d9d4c7bc2f85cd098'),('4XGn1_RobotBana','gYbcm@gmail.com','e6e3be2d833cdf5d9d4c7bc2f85cd098'),('4ZHUd_RobotBana','P1Bpt@gmail.com','e6e3be2d833cdf5d9d4c7bc2f85cd098'),('4b0Gs_RobotBana','5wP68@gmail.com','e6e3be2d833cdf5d9d4c7bc2f85cd098'),('4e2qSRobotBanao','Yxj4C@gmail.com','e6e3be2d833cdf5d9d4c7bc2f85cd098'),('4gX6Z_RobotBana','1PB7t@gmail.com','e6e3be2d833cdf5d9d4c7bc2f85cd098'),('4kE5i_RobotBana','EfyIL@gmail.com','e6e3be2d833cdf5d9d4c7bc2f85cd098'),('4sq3eRobotBanao','fKiuC@gmail.com','e6e3be2d833cdf5d9d4c7bc2f85cd098'),('4wmrk_RobotBana','91wE8@gmail.com','e6e3be2d833cdf5d9d4c7bc2f85cd098'),('4yXdg_RobotBana','uCKrr@gmail.com','e6e3be2d833cdf5d9d4c7bc2f85cd098'),('50dBqRobotBanao','Rispk@gmail.com','e6e3be2d833cdf5d9d4c7bc2f85cd098'),('53EklRobotBanao','kswvc@gmail.com','e6e3be2d833cdf5d9d4c7bc2f85cd098'),('53lJORobotBanao','urw0n@gmail.com','e6e3be2d833cdf5d9d4c7bc2f85cd098'),('5HEw6RobotBanao','5mYZZ@gmail.com','e6e3be2d833cdf5d9d4c7bc2f85cd098'),('5HRUwRobotBanao','nbRu0@gmail.com','e6e3be2d833cdf5d9d4c7bc2f85cd098'),('5INgo_RobotBana','TOG3o@gmail.com','e6e3be2d833cdf5d9d4c7bc2f85cd098'),('5LyRURobotBanao','tNUqQ@gmail.com','e6e3be2d833cdf5d9d4c7bc2f85cd098'),('5MS5F_RobotBana','fmWjm@gmail.com','e6e3be2d833cdf5d9d4c7bc2f85cd098'),('5PhzORobotBanao','1PZSs@gmail.com','e6e3be2d833cdf5d9d4c7bc2f85cd098'),('5TCsNRobotBanao','5fcA0@gmail.com','e6e3be2d833cdf5d9d4c7bc2f85cd098'),('5UXh4RobotBanao','rSz5L@gmail.com','e6e3be2d833cdf5d9d4c7bc2f85cd098'),('5bERe_RobotBana','lA4Ub@gmail.com','e6e3be2d833cdf5d9d4c7bc2f85cd098'),('5d6XZ_RobotBana','4UZhP@gmail.com','e6e3be2d833cdf5d9d4c7bc2f85cd098'),('5e2yXRobotBanao','NhQqW@gmail.com','e6e3be2d833cdf5d9d4c7bc2f85cd098'),('5giDCRobotBanao','XCrlc@gmail.com','e6e3be2d833cdf5d9d4c7bc2f85cd098'),('5rKKQRobotBanao','wBflX@gmail.com','e6e3be2d833cdf5d9d4c7bc2f85cd098'),('5uZnp_RobotBana','8TuKD@gmail.com','e6e3be2d833cdf5d9d4c7bc2f85cd098'),('61kl1_RobotBana','SwBgI@gmail.com','e6e3be2d833cdf5d9d4c7bc2f85cd098'),('6AoNE_RobotBana','ouPxj@gmail.com','e6e3be2d833cdf5d9d4c7bc2f85cd098'),('6B2M9RobotBanao','MVy6s@gmail.com','e6e3be2d833cdf5d9d4c7bc2f85cd098'),('6F4ABRobotBanao','e3txI@gmail.com','e6e3be2d833cdf5d9d4c7bc2f85cd098'),('6HnJL_RobotBana','Z9i5T@gmail.com','e6e3be2d833cdf5d9d4c7bc2f85cd098'),('6JikKRobotBanao','58UtL@gmail.com','e6e3be2d833cdf5d9d4c7bc2f85cd098'),('6Kr2M_RobotBana','HXYtc@gmail.com','e6e3be2d833cdf5d9d4c7bc2f85cd098'),('6MBneRobotBanao','npr9u@gmail.com','e6e3be2d833cdf5d9d4c7bc2f85cd098'),('6NpvMRobotBanao','qmVY1@gmail.com','e6e3be2d833cdf5d9d4c7bc2f85cd098'),('6QaJ4RobotBanao','01CU6@gmail.com','e6e3be2d833cdf5d9d4c7bc2f85cd098'),('6RHUqRobotBanao','G0Wub@gmail.com','e6e3be2d833cdf5d9d4c7bc2f85cd098'),('6S2RmRobotBanao','fIELn@gmail.com','e6e3be2d833cdf5d9d4c7bc2f85cd098'),('6Wc9yRobotBanao','iruL0@gmail.com','e6e3be2d833cdf5d9d4c7bc2f85cd098'),('6ZLrARobotBanao','F5QNR@gmail.com','e6e3be2d833cdf5d9d4c7bc2f85cd098'),('6dfWU_RobotBana','73SPw@gmail.com','e6e3be2d833cdf5d9d4c7bc2f85cd098'),('6gXTo_RobotBana','z5GvM@gmail.com','e6e3be2d833cdf5d9d4c7bc2f85cd098'),('6nH5D_RobotBana','4ABeR@gmail.com','e6e3be2d833cdf5d9d4c7bc2f85cd098'),('6tGJBRobotBanao','9nIAC@gmail.com','e6e3be2d833cdf5d9d4c7bc2f85cd098'),('6vRWd_RobotBana','FEqOB@gmail.com','e6e3be2d833cdf5d9d4c7bc2f85cd098'),('6wKGyRobotBanao','MibpA@gmail.com','e6e3be2d833cdf5d9d4c7bc2f85cd098'),('72xTDRobotBanao','vjOHG@gmail.com','e6e3be2d833cdf5d9d4c7bc2f85cd098'),('7Hnyc_RobotBana','i4KGT@gmail.com','e6e3be2d833cdf5d9d4c7bc2f85cd098'),('7JJPA_RobotBana','r92HP@gmail.com','e6e3be2d833cdf5d9d4c7bc2f85cd098'),('7KLzaRobotBanao','jRkA3@gmail.com','e6e3be2d833cdf5d9d4c7bc2f85cd098'),('7OA4YRobotBanao','GtttD@gmail.com','e6e3be2d833cdf5d9d4c7bc2f85cd098'),('7OusGRobotBanao','RrDVX@gmail.com','e6e3be2d833cdf5d9d4c7bc2f85cd098'),('7Ph4aRobotBanao','KNqYH@gmail.com','e6e3be2d833cdf5d9d4c7bc2f85cd098'),('7YN4ERobotBanao','yxuUg@gmail.com','e6e3be2d833cdf5d9d4c7bc2f85cd098'),('7ZWthRobotBanao','cMN56@gmail.com','e6e3be2d833cdf5d9d4c7bc2f85cd098'),('7d4ctRobotBanao','8ElYR@gmail.com','e6e3be2d833cdf5d9d4c7bc2f85cd098'),('7dpgGRobotBanao','JrJyy@gmail.com','e6e3be2d833cdf5d9d4c7bc2f85cd098'),('7f4R1RobotBanao','uB8gx@gmail.com','e6e3be2d833cdf5d9d4c7bc2f85cd098'),('7k9P2RobotBanao','csw78@gmail.com','e6e3be2d833cdf5d9d4c7bc2f85cd098'),('7kniMRobotBanao','gDJbE@gmail.com','e6e3be2d833cdf5d9d4c7bc2f85cd098'),('7mbk1_RobotBana','DuOLF@gmail.com','e6e3be2d833cdf5d9d4c7bc2f85cd098'),('7my5CRobotBanao','cZ4m8@gmail.com','e6e3be2d833cdf5d9d4c7bc2f85cd098'),('7yHA9RobotBanao','dhLtL@gmail.com','e6e3be2d833cdf5d9d4c7bc2f85cd098'),('81E5fRobotBanao','6IJFI@gmail.com','e6e3be2d833cdf5d9d4c7bc2f85cd098'),('85yW6RobotBanao','g8qO7@gmail.com','e6e3be2d833cdf5d9d4c7bc2f85cd098'),('8B7v4RobotBanao','wFy93@gmail.com','e6e3be2d833cdf5d9d4c7bc2f85cd098'),('8EQ6W_RobotBana','ZZ43B@gmail.com','e6e3be2d833cdf5d9d4c7bc2f85cd098'),('8K3zHRobotBanao','TSTxc@gmail.com','e6e3be2d833cdf5d9d4c7bc2f85cd098'),('8QF6f_RobotBana','I6Ib2@gmail.com','e6e3be2d833cdf5d9d4c7bc2f85cd098'),('8YTdK_RobotBana','vOL0P@gmail.com','e6e3be2d833cdf5d9d4c7bc2f85cd098'),('8ZpGM_RobotBana','ZN3FX@gmail.com','e6e3be2d833cdf5d9d4c7bc2f85cd098'),('8dJlpRobotBanao','uhmlX@gmail.com','e6e3be2d833cdf5d9d4c7bc2f85cd098'),('8yrOc_RobotBana','4gLat@gmail.com','e6e3be2d833cdf5d9d4c7bc2f85cd098'),('8yyFm_RobotBana','9cQ1L@gmail.com','e6e3be2d833cdf5d9d4c7bc2f85cd098'),('8zf9c_RobotBana','XWxcG@gmail.com','e6e3be2d833cdf5d9d4c7bc2f85cd098'),('95Y4Y_RobotBana','CVpXM@gmail.com','e6e3be2d833cdf5d9d4c7bc2f85cd098'),('96aRd_RobotBana','8i7n4@gmail.com','e6e3be2d833cdf5d9d4c7bc2f85cd098'),('99noq_RobotBana','CwRPP@gmail.com','e6e3be2d833cdf5d9d4c7bc2f85cd098'),('9ALVe_RobotBana','rcN91@gmail.com','e6e3be2d833cdf5d9d4c7bc2f85cd098'),('9ArkC_RobotBana','spzyD@gmail.com','e6e3be2d833cdf5d9d4c7bc2f85cd098'),('9BrD5RobotBanao','7AEzb@gmail.com','e6e3be2d833cdf5d9d4c7bc2f85cd098'),('9D8um_RobotBana','ce7KC@gmail.com','e6e3be2d833cdf5d9d4c7bc2f85cd098'),('9DkiL_RobotBana','fduCW@gmail.com','e6e3be2d833cdf5d9d4c7bc2f85cd098'),('9F5YERobotBanao','6xQav@gmail.com','e6e3be2d833cdf5d9d4c7bc2f85cd098'),('9POdFRobotBanao','5EWWS@gmail.com','e6e3be2d833cdf5d9d4c7bc2f85cd098'),('9SiWdRobotBanao','bcaNF@gmail.com','e6e3be2d833cdf5d9d4c7bc2f85cd098'),('9aRRM_RobotBana','qkalW@gmail.com','e6e3be2d833cdf5d9d4c7bc2f85cd098'),('9blww_RobotBana','OOZqq@gmail.com','e6e3be2d833cdf5d9d4c7bc2f85cd098'),('9ek2u_RobotBana','sBJcq@gmail.com','e6e3be2d833cdf5d9d4c7bc2f85cd098'),('9kxhS_RobotBana','fciG9@gmail.com','e6e3be2d833cdf5d9d4c7bc2f85cd098'),('9llNX_RobotBana','nNhvo@gmail.com','e6e3be2d833cdf5d9d4c7bc2f85cd098'),('9m6DP_RobotBana','maUoE@gmail.com','e6e3be2d833cdf5d9d4c7bc2f85cd098'),('9oIzH_RobotBana','J87L5@gmail.com','e6e3be2d833cdf5d9d4c7bc2f85cd098'),('A2UqQRobotBanao','44a6K@gmail.com','e6e3be2d833cdf5d9d4c7bc2f85cd098'),('A53sx_RobotBana','2Uxll@gmail.com','e6e3be2d833cdf5d9d4c7bc2f85cd098'),('A6DV6RobotBanao','HOSIH@gmail.com','e6e3be2d833cdf5d9d4c7bc2f85cd098'),('ABRrIV_nahihai_','vPjAQq@xyz.com','e80b5017098950fc58aad83c8c14978e'),('ACwuDw_potty_MK','LMBYVc@xyz.com','e80b5017098950fc58aad83c8c14978e'),('AEGxps_potty_MK','cakDHi@xyz.com','e80b5017098950fc58aad83c8c14978e'),('AENAFA_potty_MK','vhbTXs@xyz.com','e80b5017098950fc58aad83c8c14978e'),('AETLQ_RobotBana','Pq24p@gmail.com','e6e3be2d833cdf5d9d4c7bc2f85cd098'),('AEzJUK_letsgo_C','RMVPTy@xyz.com','e80b5017098950fc58aad83c8c14978e'),('AGzHrx_nahihai_','eanoVA@xyz.com','e80b5017098950fc58aad83c8c14978e'),('AJAno_RobotBana','tbqoY@gmail.com','e6e3be2d833cdf5d9d4c7bc2f85cd098'),('AJdIPY_letsgo_C','liaIow@xyz.com','e80b5017098950fc58aad83c8c14978e'),('AKIvFL_potty_MK','AANjrb@xyz.com','e80b5017098950fc58aad83c8c14978e'),('AKLBMK_potty_MK','IraimR@xyz.com','e80b5017098950fc58aad83c8c14978e'),('AKUihg_letsgo_C','ImCDMz@xyz.com','e80b5017098950fc58aad83c8c14978e'),('ANNZDR_nahihai_','OYNfuW@xyz.com','e80b5017098950fc58aad83c8c14978e'),('AOezcu_nahihai_','YBUazI@xyz.com','e80b5017098950fc58aad83c8c14978e'),('AOvkch_letsgo_C','_OzyGO@xyz.com','e80b5017098950fc58aad83c8c14978e'),('AOzUx_RobotBana','ZFZNb@gmail.com','e6e3be2d833cdf5d9d4c7bc2f85cd098'),('APYAsb_potty_MK','mhcCCK@xyz.com','e80b5017098950fc58aad83c8c14978e'),('APpAaH_letsgo_C','lFCAQh@xyz.com','e80b5017098950fc58aad83c8c14978e'),('ASvYVM_potty_MK','oknUDl@xyz.com','e80b5017098950fc58aad83c8c14978e'),('ATIZsC_potty_MK','nSjcnQ@xyz.com','e80b5017098950fc58aad83c8c14978e'),('ATkuRRobotBanao','O2llw@gmail.com','e6e3be2d833cdf5d9d4c7bc2f85cd098'),('AUCvXC_letsgo_C','HHvfyR@xyz.com','e80b5017098950fc58aad83c8c14978e'),('AUT','uttam.tammewar@students.iiit.a','5f4dcc3b5aa765d61d8327deb882cf99'),('AVDyJt_letsgo_C','egaxwU@xyz.com','e80b5017098950fc58aad83c8c14978e'),('AVzCOT_potty_MK','ppNQcZ@xyz.com','e80b5017098950fc58aad83c8c14978e'),('AX_uIP_nahihai_','rxMdAi@xyz.com','e80b5017098950fc58aad83c8c14978e'),('AYNh_L_potty_MK','xoKnnL@xyz.com','e80b5017098950fc58aad83c8c14978e'),('AYilMC_nahihai_','ndP_lO@xyz.com','e80b5017098950fc58aad83c8c14978e'),('AYnoom_nahihai_','exHsTX@xyz.com','e80b5017098950fc58aad83c8c14978e'),('AZdgIE_letsgo_C','JcVBdO@xyz.com','e80b5017098950fc58aad83c8c14978e'),('A_DYEN_letsgo_C','XdsxNG@xyz.com','e80b5017098950fc58aad83c8c14978e'),('A_WEMV_potty_MK','jTQtEg@xyz.com','e80b5017098950fc58aad83c8c14978e'),('A_kuvJ_potty_MK','uevGCL@xyz.com','e80b5017098950fc58aad83c8c14978e'),('Ab2heRobotBanao','m0eb5@gmail.com','e6e3be2d833cdf5d9d4c7bc2f85cd098'),('AbcJCt_potty_MK','LyA_So@xyz.com','e80b5017098950fc58aad83c8c14978e'),('Aby7k_RobotBana','U333J@gmail.com','e6e3be2d833cdf5d9d4c7bc2f85cd098'),('AccMVb_potty_MK','GIkYMm@xyz.com','e80b5017098950fc58aad83c8c14978e'),('Ae_Phk_letsgo_C','lhtuNK@xyz.com','e80b5017098950fc58aad83c8c14978e'),('AexcjRobotBanao','YKP9C@gmail.com','e6e3be2d833cdf5d9d4c7bc2f85cd098'),('Afap_b_nahihai_','nHfLOf@xyz.com','e80b5017098950fc58aad83c8c14978e'),('AhddkS_potty_MK','qAxiAr@xyz.com','e80b5017098950fc58aad83c8c14978e'),('AhsFhN_potty_MK','eUwqpR@xyz.com','e80b5017098950fc58aad83c8c14978e'),('AhyyrL_potty_MK','OayTCq@xyz.com','e80b5017098950fc58aad83c8c14978e'),('AiMxlw_nahihai_','TUtlGS@xyz.com','e80b5017098950fc58aad83c8c14978e'),('AjStMu_nahihai_','gnePTN@xyz.com','e80b5017098950fc58aad83c8c14978e'),('AjUZcV_letsgo_C','wYHtAI@xyz.com','e80b5017098950fc58aad83c8c14978e'),('Ako_ou_letsgo_C','mxhCxd@xyz.com','e80b5017098950fc58aad83c8c14978e'),('AlByso_potty_MK','cMOuZw@xyz.com','e80b5017098950fc58aad83c8c14978e'),('AlenTuring','nitin.khandelwal@students.iiit','a722c63db8ec8625af6cf71cb8c2d939'),('AmTiDD_letsgo_C','rczcxB@xyz.com','e80b5017098950fc58aad83c8c14978e'),('AmatBh_potty_MK','Dov_Aj@xyz.com','e80b5017098950fc58aad83c8c14978e'),('AnOpuE_potty_MK','bJEFwy@xyz.com','e80b5017098950fc58aad83c8c14978e'),('AoFhFa_letsgo_C','Dlrxnz@xyz.com','e80b5017098950fc58aad83c8c14978e'),('Apsyge_nahihai_','reDdUG@xyz.com','e80b5017098950fc58aad83c8c14978e'),('ApykQo_nahihai_','WDDojg@xyz.com','e80b5017098950fc58aad83c8c14978e'),('AqGsWx_letsgo_C','izVsqw@xyz.com','e80b5017098950fc58aad83c8c14978e'),('AqOUG_RobotBana','htWfh@gmail.com','e6e3be2d833cdf5d9d4c7bc2f85cd098'),('AqbaUv_letsgo_C','FsVZtz@xyz.com','e80b5017098950fc58aad83c8c14978e'),('ArgpCx_potty_MK','CrLhxL@xyz.com','e80b5017098950fc58aad83c8c14978e'),('AscarRobotBanao','FTb4z@gmail.com','e6e3be2d833cdf5d9d4c7bc2f85cd098'),('AtJLhg_potty_MK','hLzpuR@xyz.com','e80b5017098950fc58aad83c8c14978e'),('AtbchK_potty_MK','wWHmRO@xyz.com','e80b5017098950fc58aad83c8c14978e'),('AulwLg_letsgo_C','bEBkR_@xyz.com','e80b5017098950fc58aad83c8c14978e'),('AuwZtC_letsgo_C','QIOSPT@xyz.com','e80b5017098950fc58aad83c8c14978e'),('AwhBll_letsgo_C','gwxOsM@xyz.com','e80b5017098950fc58aad83c8c14978e'),('AxiuuR_potty_MK','FDGaeu@xyz.com','e80b5017098950fc58aad83c8c14978e'),('AyIwtM_letsgo_C','aswxEZ@xyz.com','e80b5017098950fc58aad83c8c14978e'),('Ay_xBv_nahihai_','kvJiIt@xyz.com','e80b5017098950fc58aad83c8c14978e'),('AzWNym_nahihai_','GBgJHU@xyz.com','e80b5017098950fc58aad83c8c14978e'),('B0GMvRobotBanao','65WfB@gmail.com','e6e3be2d833cdf5d9d4c7bc2f85cd098'),('B2jQkRobotBanao','yzNwn@gmail.com','e6e3be2d833cdf5d9d4c7bc2f85cd098'),('B2lua_RobotBana','bWKLy@gmail.com','e6e3be2d833cdf5d9d4c7bc2f85cd098'),('B3RGXRobotBanao','MO1IN@gmail.com','e6e3be2d833cdf5d9d4c7bc2f85cd098'),('B740X_RobotBana','Rpbdz@gmail.com','e6e3be2d833cdf5d9d4c7bc2f85cd098'),('B9RY4_RobotBana','45vFX@gmail.com','e6e3be2d833cdf5d9d4c7bc2f85cd098'),('BAMFtx_nahihai_','YIybSL@xyz.com','e80b5017098950fc58aad83c8c14978e'),('BBztME_nahihai_','PlDfkO@xyz.com','e80b5017098950fc58aad83c8c14978e'),('BEqRux_potty_MK','uphEtt@xyz.com','e80b5017098950fc58aad83c8c14978e'),('BFZ8yRobotBanao','jg1Ao@gmail.com','e6e3be2d833cdf5d9d4c7bc2f85cd098'),('BIZZZF_nahihai_','THyNkF@xyz.com','e80b5017098950fc58aad83c8c14978e'),('BJBjnU_potty_MK','lu_jEg@xyz.com','e80b5017098950fc58aad83c8c14978e'),('BJNPLr_letsgo_C','XuMPEQ@xyz.com','e80b5017098950fc58aad83c8c14978e'),('BJzsvU_nahihai_','XvWdSP@xyz.com','e80b5017098950fc58aad83c8c14978e'),('BMBvQF_potty_MK','_nLmyM@xyz.com','e80b5017098950fc58aad83c8c14978e'),('BMDzGs_letsgo_C','iDGvVx@xyz.com','e80b5017098950fc58aad83c8c14978e'),('BOcgIE_letsgo_C','RiTfKO@xyz.com','e80b5017098950fc58aad83c8c14978e'),('BQvVRh_nahihai_','aNVeUS@xyz.com','e80b5017098950fc58aad83c8c14978e'),('BSoGRP_nahihai_','AJgPlK@xyz.com','e80b5017098950fc58aad83c8c14978e'),('BUFArq_potty_MK','BAnODT@xyz.com','e80b5017098950fc58aad83c8c14978e'),('BUqIpB_nahihai_','vsikFh@xyz.com','e80b5017098950fc58aad83c8c14978e'),('BVKywe_letsgo_C','iJYDqJ@xyz.com','e80b5017098950fc58aad83c8c14978e'),('BVgJT_RobotBana','6btKH@gmail.com','e6e3be2d833cdf5d9d4c7bc2f85cd098'),('BVkECB_potty_MK','_xSOrR@xyz.com','e80b5017098950fc58aad83c8c14978e'),('BWBOu_RobotBana','m0x5m@gmail.com','e6e3be2d833cdf5d9d4c7bc2f85cd098'),('BWQWLK_potty_MK','UMmZKq@xyz.com','e80b5017098950fc58aad83c8c14978e'),('BWTTho_nahihai_','JIgiLh@xyz.com','e80b5017098950fc58aad83c8c14978e'),('BWiPU__letsgo_C','yQBxAS@xyz.com','e80b5017098950fc58aad83c8c14978e'),('BXEJvQ_potty_MK','CPRsdV@xyz.com','e80b5017098950fc58aad83c8c14978e'),('BXJztK_nahihai_','ldglBB@xyz.com','e80b5017098950fc58aad83c8c14978e'),('BXjWuc_potty_MK','OnLlbU@xyz.com','e80b5017098950fc58aad83c8c14978e'),('BYHRZi_potty_MK','AdUwci@xyz.com','e80b5017098950fc58aad83c8c14978e'),('BZfSzh_potty_MK','uvLhye@xyz.com','e80b5017098950fc58aad83c8c14978e'),('BaCWQ_RobotBana','SWERq@gmail.com','e6e3be2d833cdf5d9d4c7bc2f85cd098'),('BbIEfC_letsgo_C','CVeqSm@xyz.com','e80b5017098950fc58aad83c8c14978e'),('BbjVix_letsgo_C','rAqQQW@xyz.com','e80b5017098950fc58aad83c8c14978e'),('BblPWRobotBanao','T79E6@gmail.com','e6e3be2d833cdf5d9d4c7bc2f85cd098'),('BclrLV_letsgo_C','sQPxiR@xyz.com','e80b5017098950fc58aad83c8c14978e'),('BdSIlg_potty_MK','FKQkTN@xyz.com','e80b5017098950fc58aad83c8c14978e'),('BedsXRobotBanao','pKSub@gmail.com','e6e3be2d833cdf5d9d4c7bc2f85cd098'),('BfBacN_letsgo_C','pPFkMj@xyz.com','e80b5017098950fc58aad83c8c14978e'),('BgCPYL_nahihai_','Mitwk_@xyz.com','e80b5017098950fc58aad83c8c14978e'),('BgcfxG_potty_MK','AywURP@xyz.com','e80b5017098950fc58aad83c8c14978e'),('BhTnMI_potty_MK','cupYYX@xyz.com','e80b5017098950fc58aad83c8c14978e'),('BhrPLy_potty_MK','HXVXLa@xyz.com','e80b5017098950fc58aad83c8c14978e'),('BiBhkC_potty_MK','WhDOZZ@xyz.com','e80b5017098950fc58aad83c8c14978e'),('BiEX_W_potty_MK','xDuVNS@xyz.com','e80b5017098950fc58aad83c8c14978e'),('BkuVQA_potty_MK','gLvoBM@xyz.com','e80b5017098950fc58aad83c8c14978e'),('Bl6mxRobotBanao','KHmHu@gmail.com','e6e3be2d833cdf5d9d4c7bc2f85cd098'),('BlXQie_letsgo_C','CWnEVf@xyz.com','e80b5017098950fc58aad83c8c14978e'),('BnovEW_letsgo_C','rLPqJQ@xyz.com','e80b5017098950fc58aad83c8c14978e'),('Bpyvlt_potty_MK','wBockA@xyz.com','e80b5017098950fc58aad83c8c14978e'),('BqdlK_RobotBana','GeEW0@gmail.com','e6e3be2d833cdf5d9d4c7bc2f85cd098'),('Br3K0_RobotBana','Kq3eR@gmail.com','e6e3be2d833cdf5d9d4c7bc2f85cd098'),('BslJWC_letsgo_C','PqyEZX@xyz.com','e80b5017098950fc58aad83c8c14978e'),('ButePp_nahihai_','dlGcLv@xyz.com','e80b5017098950fc58aad83c8c14978e'),('BuyVRr_letsgo_C','gbmwzU@xyz.com','e80b5017098950fc58aad83c8c14978e'),('BvpnZp_nahihai_','ODRLai@xyz.com','e80b5017098950fc58aad83c8c14978e'),('BvwqAX_potty_MK','_pUAIn@xyz.com','e80b5017098950fc58aad83c8c14978e'),('BzQ6FRobotBanao','tCMnn@gmail.com','e6e3be2d833cdf5d9d4c7bc2f85cd098'),('C8A44RobotBanao','3mFos@gmail.com','e6e3be2d833cdf5d9d4c7bc2f85cd098'),('CAWKO_RobotBana','11FBH@gmail.com','e6e3be2d833cdf5d9d4c7bc2f85cd098'),('CAvTo_RobotBana','vjqyh@gmail.com','e6e3be2d833cdf5d9d4c7bc2f85cd098'),('CCbHIk_potty_MK','cfnTZD@xyz.com','e80b5017098950fc58aad83c8c14978e'),('CCkQwe_potty_MK','eHNhSb@xyz.com','e80b5017098950fc58aad83c8c14978e'),('CCtwdj_nahihai_','AdKyCd@xyz.com','e80b5017098950fc58aad83c8c14978e'),('CEZDiZ_letsgo_C','eTVxtz@xyz.com','e80b5017098950fc58aad83c8c14978e'),('CGvlwa_potty_MK','judvMR@xyz.com','e80b5017098950fc58aad83c8c14978e'),('CHHlOd_potty_MK','jIsoSU@xyz.com','e80b5017098950fc58aad83c8c14978e'),('CIVIOe_nahihai_','PFzmct@xyz.com','e80b5017098950fc58aad83c8c14978e'),('CIjQCS_nahihai_','zcpGZA@xyz.com','e80b5017098950fc58aad83c8c14978e'),('CIye1RobotBanao','3Thz3@gmail.com','e6e3be2d833cdf5d9d4c7bc2f85cd098'),('CJlUYM_letsgo_C','tpZNQ_@xyz.com','e80b5017098950fc58aad83c8c14978e'),('CKFZDc_potty_MK','oYmIwz@xyz.com','e80b5017098950fc58aad83c8c14978e'),('CKstORobotBanao','dJaJL@gmail.com','e6e3be2d833cdf5d9d4c7bc2f85cd098'),('CLTfqp_letsgo_C','_BPNAq@xyz.com','e80b5017098950fc58aad83c8c14978e'),('CONorg_letsgo_C','PhjOzA@xyz.com','e80b5017098950fc58aad83c8c14978e'),('CObGnF_letsgo_C','iPrBgA@xyz.com','e80b5017098950fc58aad83c8c14978e'),('CRELie_letsgo_C','kTRSwg@xyz.com','e80b5017098950fc58aad83c8c14978e'),('CRON','sharadgpt01@gmail.com','2f63b25723572a057cdb91bd7b8f8067'),('CR_cLp_nahihai_','mgpsgr@xyz.com','e80b5017098950fc58aad83c8c14978e'),('CRdEFf_letsgo_C','kBoVqy@xyz.com','e80b5017098950fc58aad83c8c14978e'),('CSgz9RobotBanao','h2UEW@gmail.com','e6e3be2d833cdf5d9d4c7bc2f85cd098'),('CT2uvRobotBanao','2DsZ4@gmail.com','e6e3be2d833cdf5d9d4c7bc2f85cd098'),('CUz_uy_letsgo_C','eZxvVp@xyz.com','e80b5017098950fc58aad83c8c14978e'),('CVTdvY_letsgo_C','IDfdjO@xyz.com','e80b5017098950fc58aad83c8c14978e'),('CVkTjp_letsgo_C','fHSdje@xyz.com','e80b5017098950fc58aad83c8c14978e'),('CVlthq_nahihai_','nDYrpD@xyz.com','e80b5017098950fc58aad83c8c14978e'),('CWYOnO_nahihai_','_xlXCi@xyz.com','e80b5017098950fc58aad83c8c14978e'),('CWdO0RobotBanao','YOuEa@gmail.com','e6e3be2d833cdf5d9d4c7bc2f85cd098'),('CXVIDv_nahihai_','AxcTQA@xyz.com','e80b5017098950fc58aad83c8c14978e'),('CYBWUl_letsgo_C','OmvURU@xyz.com','e80b5017098950fc58aad83c8c14978e'),('CYgHcK_letsgo_C','ORDXwL@xyz.com','e80b5017098950fc58aad83c8c14978e'),('CZTknt_potty_MK','C_CfKc@xyz.com','e80b5017098950fc58aad83c8c14978e'),('CZYZqA_letsgo_C','BJwRte@xyz.com','e80b5017098950fc58aad83c8c14978e'),('C_LRro_potty_MK','eqezQb@xyz.com','e80b5017098950fc58aad83c8c14978e'),('C_ZGcP_letsgo_C','XUEfFh@xyz.com','e80b5017098950fc58aad83c8c14978e'),('CaVuMA_potty_MK','_lPCWO@xyz.com','e80b5017098950fc58aad83c8c14978e'),('Ca_eNu_potty_MK','ktRDXC@xyz.com','e80b5017098950fc58aad83c8c14978e'),('Cazwgy_nahihai_','pccUJC@xyz.com','e80b5017098950fc58aad83c8c14978e'),('CbPXRL_potty_MK','ZzEOUq@xyz.com','e80b5017098950fc58aad83c8c14978e'),('CbTTaF_potty_MK','cQfZRZ@xyz.com','e80b5017098950fc58aad83c8c14978e'),('CdaBRU_nahihai_','FkwXYj@xyz.com','e80b5017098950fc58aad83c8c14978e'),('CdzzPB_nahihai_','WOPQeH@xyz.com','e80b5017098950fc58aad83c8c14978e'),('CeclMRobotBanao','SsmJU@gmail.com','e6e3be2d833cdf5d9d4c7bc2f85cd098'),('CfT_lU_nahihai_','mRYjct@xyz.com','e80b5017098950fc58aad83c8c14978e'),('CfWKoT_potty_MK','pKBmJj@xyz.com','e80b5017098950fc58aad83c8c14978e'),('CgoDtRobotBanao','YTUOU@gmail.com','e6e3be2d833cdf5d9d4c7bc2f85cd098'),('Chronos','free.extraspeed@gmail.com','d8578edf8458ce06fbc5bb76a58c5ca4'),('CiasKX_potty_MK','QwKFPM@xyz.com','e80b5017098950fc58aad83c8c14978e'),('CksMIu_potty_MK','hZqZkM@xyz.com','e80b5017098950fc58aad83c8c14978e'),('ClSws__letsgo_C','sEHKws@xyz.com','e80b5017098950fc58aad83c8c14978e'),('Cler','saipraneeeth@gmail.com','585a32b10bf63cc329536ed8dbcb006a'),('CljlbW_potty_MK','fNdBBo@xyz.com','e80b5017098950fc58aad83c8c14978e'),('ClnDBC_letsgo_C','chOGAE@xyz.com','e80b5017098950fc58aad83c8c14978e'),('CmKdrRobotBanao','nfpRv@gmail.com','e6e3be2d833cdf5d9d4c7bc2f85cd098'),('CmsVCRobotBanao','AtuHX@gmail.com','e6e3be2d833cdf5d9d4c7bc2f85cd098'),('CnPjEC_nahihai_','VrchHL@xyz.com','e80b5017098950fc58aad83c8c14978e'),('Cnihqh_nahihai_','NlLWhl@xyz.com','e80b5017098950fc58aad83c8c14978e'),('CoFdxI_letsgo_C','rwizqP@xyz.com','e80b5017098950fc58aad83c8c14978e'),('CoVQXv_potty_MK','WKewyP@xyz.com','e80b5017098950fc58aad83c8c14978e'),('CoYBps_letsgo_C','QKsuUw@xyz.com','e80b5017098950fc58aad83c8c14978e'),('Cp_Drd_letsgo_C','PddyUe@xyz.com','e80b5017098950fc58aad83c8c14978e'),('CpiOap_potty_MK','hJvlOM@xyz.com','e80b5017098950fc58aad83c8c14978e'),('CseRYt_nahihai_','ykzKjK@xyz.com','e80b5017098950fc58aad83c8c14978e'),('CuSeiu_potty_MK','hYIZUp@xyz.com','e80b5017098950fc58aad83c8c14978e'),('CvTNVR_potty_MK','ZphaUc@xyz.com','e80b5017098950fc58aad83c8c14978e'),('CvVf9_RobotBana','mgmyB@gmail.com','e6e3be2d833cdf5d9d4c7bc2f85cd098'),('CwAObJ_potty_MK','ndXsmN@xyz.com','e80b5017098950fc58aad83c8c14978e'),('Cwppdm_potty_MK','mudvBE@xyz.com','e80b5017098950fc58aad83c8c14978e'),('Cx0gYRobotBanao','X9skl@gmail.com','e6e3be2d833cdf5d9d4c7bc2f85cd098'),('CxYWBS_potty_MK','rriRmz@xyz.com','e80b5017098950fc58aad83c8c14978e'),('CyGGNa_potty_MK','iKhgbZ@xyz.com','e80b5017098950fc58aad83c8c14978e'),('CyTPrJ_letsgo_C','wHGAfQ@xyz.com','e80b5017098950fc58aad83c8c14978e'),('CyZGei_letsgo_C','jwRire@xyz.com','e80b5017098950fc58aad83c8c14978e'),('Cyd_uX_potty_MK','UUqlnL@xyz.com','e80b5017098950fc58aad83c8c14978e'),('CzHwkR_potty_MK','BaXacw@xyz.com','e80b5017098950fc58aad83c8c14978e'),('CzJK6_RobotBana','o7fhq@gmail.com','e6e3be2d833cdf5d9d4c7bc2f85cd098'),('CzXZ9_RobotBana','bXHd8@gmail.com','e6e3be2d833cdf5d9d4c7bc2f85cd098'),('D2VVu_RobotBana','Qw2R0@gmail.com','e6e3be2d833cdf5d9d4c7bc2f85cd098'),('DBLUvJ_potty_MK','bZJbBS@xyz.com','e80b5017098950fc58aad83c8c14978e'),('DBeCVX_letsgo_C','NwBFQr@xyz.com','e80b5017098950fc58aad83c8c14978e'),('DCLYMz_potty_MK','wvEMYb@xyz.com','e80b5017098950fc58aad83c8c14978e'),('DDQUwO_nahihai_','wdZyPn@xyz.com','e80b5017098950fc58aad83c8c14978e'),('DDYhjL_letsgo_C','inpHni@xyz.com','e80b5017098950fc58aad83c8c14978e'),('DDeGvRobotBanao','HkOK3@gmail.com','e6e3be2d833cdf5d9d4c7bc2f85cd098'),('DEI_yu_nahihai_','jnEZkW@xyz.com','e80b5017098950fc58aad83c8c14978e'),('DEzTFK_nahihai_','hBwaAf@xyz.com','e80b5017098950fc58aad83c8c14978e'),('DGVZQM_potty_MK','RQJsBo@xyz.com','e80b5017098950fc58aad83c8c14978e'),('DGYG_U_nahihai_','DidKSN@xyz.com','e80b5017098950fc58aad83c8c14978e'),('DGawxt_potty_MK','cltVx_@xyz.com','e80b5017098950fc58aad83c8c14978e'),('DGjNar_nahihai_','XfdCEG@xyz.com','e80b5017098950fc58aad83c8c14978e'),('DIirlV_letsgo_C','SQhZPV@xyz.com','e80b5017098950fc58aad83c8c14978e'),('DIn1J_RobotBana','19PCi@gmail.com','e6e3be2d833cdf5d9d4c7bc2f85cd098'),('DIy7m_RobotBana','LEeLX@gmail.com','e6e3be2d833cdf5d9d4c7bc2f85cd098'),('DJMexp_letsgo_C','gnIrUQ@xyz.com','e80b5017098950fc58aad83c8c14978e'),('DKbRZA_letsgo_C','ngymBZ@xyz.com','e80b5017098950fc58aad83c8c14978e'),('DKhRWA_potty_MK','plRULv@xyz.com','e80b5017098950fc58aad83c8c14978e'),('DMlfzH_letsgo_C','sfShQH@xyz.com','e80b5017098950fc58aad83c8c14978e'),('DNmuMy_letsgo_C','qPGBuZ@xyz.com','e80b5017098950fc58aad83c8c14978e'),('DOlHMR_potty_MK','yGcODI@xyz.com','e80b5017098950fc58aad83c8c14978e'),('DQPWUz_letsgo_C','HPdHsI@xyz.com','e80b5017098950fc58aad83c8c14978e'),('DRAKE','drake@gmail.com','f315c9d829e7400aa7aace329c8a2b05'),('DRLJJM_letsgo_C','EuyFLF@xyz.com','e80b5017098950fc58aad83c8c14978e'),('DSiAon_nahihai_','YqpxqW@xyz.com','e80b5017098950fc58aad83c8c14978e'),('DTE1gRobotBanao','Lx6Dx@gmail.com','e6e3be2d833cdf5d9d4c7bc2f85cd098'),('DTEOnO_potty_MK','kwZLjB@xyz.com','e80b5017098950fc58aad83c8c14978e'),('DTHEhRobotBanao','jgfeb@gmail.com','e6e3be2d833cdf5d9d4c7bc2f85cd098'),('DTdohU_letsgo_C','BAjzGI@xyz.com','e80b5017098950fc58aad83c8c14978e'),('DTixhH_letsgo_C','HAZZjZ@xyz.com','e80b5017098950fc58aad83c8c14978e'),('DTtegF_nahihai_','wsceAR@xyz.com','e80b5017098950fc58aad83c8c14978e'),('DUMFg_RobotBana','9fAzD@gmail.com','e6e3be2d833cdf5d9d4c7bc2f85cd098'),('DVsRov_potty_MK','FFMhUT@xyz.com','e80b5017098950fc58aad83c8c14978e'),('DVwRQn_letsgo_C','qZtlla@xyz.com','e80b5017098950fc58aad83c8c14978e'),('DXdxKD_potty_MK','JuVSoP@xyz.com','e80b5017098950fc58aad83c8c14978e'),('DXhWMH_nahihai_','BpCoyM@xyz.com','e80b5017098950fc58aad83c8c14978e'),('DXy_vE_letsgo_C','sTQBBI@xyz.com','e80b5017098950fc58aad83c8c14978e'),('DYYjORobotBanao','MB8ik@gmail.com','e6e3be2d833cdf5d9d4c7bc2f85cd098'),('DYz8RRobotBanao','zqWoS@gmail.com','e6e3be2d833cdf5d9d4c7bc2f85cd098'),('DZFdn_RobotBana','rsdzn@gmail.com','e6e3be2d833cdf5d9d4c7bc2f85cd098'),('DZjaQk_potty_MK','QpMRVC@xyz.com','e80b5017098950fc58aad83c8c14978e'),('DZreUu_letsgo_C','uuJXEa@xyz.com','e80b5017098950fc58aad83c8c14978e'),('D_MWdN_letsgo_C','HGNIcU@xyz.com','e80b5017098950fc58aad83c8c14978e'),('DaNcNG_potty_MK','nIKryW@xyz.com','e80b5017098950fc58aad83c8c14978e'),('DaZelL_potty_MK','DhGEmh@xyz.com','e80b5017098950fc58aad83c8c14978e'),('Da_Wjb_potty_MK','MTIDpf@xyz.com','e80b5017098950fc58aad83c8c14978e'),('DasXx_RobotBana','GOXJS@gmail.com','e6e3be2d833cdf5d9d4c7bc2f85cd098'),('DatAwl_nahihai_','ZAKqFM@xyz.com','e80b5017098950fc58aad83c8c14978e'),('DayK5_RobotBana','keo6F@gmail.com','e6e3be2d833cdf5d9d4c7bc2f85cd098'),('DbXauRobotBanao','LLkvo@gmail.com','e6e3be2d833cdf5d9d4c7bc2f85cd098'),('DeijEf_letsgo_C','BqPdrR@xyz.com','e80b5017098950fc58aad83c8c14978e'),('DfRtDc_potty_MK','WHCAgv@xyz.com','e80b5017098950fc58aad83c8c14978e'),('DfTmcU_letsgo_C','jMW_lS@xyz.com','e80b5017098950fc58aad83c8c14978e'),('DhSfxb_letsgo_C','zvQteY@xyz.com','e80b5017098950fc58aad83c8c14978e'),('DidmcX_nahihai_','ydzuej@xyz.com','e80b5017098950fc58aad83c8c14978e'),('DinTww_nahihai_','vvpMWh@xyz.com','e80b5017098950fc58aad83c8c14978e'),('DjSgUA_potty_MK','ySPfeA@xyz.com','e80b5017098950fc58aad83c8c14978e'),('DjhrPb_potty_MK','yWYSjO@xyz.com','e80b5017098950fc58aad83c8c14978e'),('DmJ03RobotBanao','r6ASk@gmail.com','e6e3be2d833cdf5d9d4c7bc2f85cd098'),('DmPtAc_potty_MK','NzpsEA@xyz.com','e80b5017098950fc58aad83c8c14978e'),('DmSgjs_potty_MK','oDINRB@xyz.com','e80b5017098950fc58aad83c8c14978e'),('DmXerz_potty_MK','JIidMt@xyz.com','e80b5017098950fc58aad83c8c14978e'),('DnmxlC_nahihai_','sWFvqe@xyz.com','e80b5017098950fc58aad83c8c14978e'),('DnxlmX_potty_MK','dyhcBJ@xyz.com','e80b5017098950fc58aad83c8c14978e'),('DqMKbx_potty_MK','zEiHob@xyz.com','e80b5017098950fc58aad83c8c14978e'),('DrTspj_nahihai_','IKLrSC@xyz.com','e80b5017098950fc58aad83c8c14978e'),('DsBDiRobotBanao','6qvkl@gmail.com','e6e3be2d833cdf5d9d4c7bc2f85cd098'),('DsI_xo_potty_MK','RXlulF@xyz.com','e80b5017098950fc58aad83c8c14978e'),('DsyMwN_potty_MK','cFUXOE@xyz.com','e80b5017098950fc58aad83c8c14978e'),('DtABtB_letsgo_C','preJlT@xyz.com','e80b5017098950fc58aad83c8c14978e'),('DtqloF_letsgo_C','bPpHRU@xyz.com','e80b5017098950fc58aad83c8c14978e'),('Duppnp_nahihai_','xicUJF@xyz.com','e80b5017098950fc58aad83c8c14978e'),('DvMBup_potty_MK','HaOzfY@xyz.com','e80b5017098950fc58aad83c8c14978e'),('DvjrOa_letsgo_C','UJgsYN@xyz.com','e80b5017098950fc58aad83c8c14978e'),('DvxzuH_potty_MK','toSXOP@xyz.com','e80b5017098950fc58aad83c8c14978e'),('Dvzlmv_letsgo_C','_rlQhH@xyz.com','e80b5017098950fc58aad83c8c14978e'),('Dz27IRobotBanao','IE3Sn@gmail.com','e6e3be2d833cdf5d9d4c7bc2f85cd098'),('Dz__Py_nahihai_','cAJYyN@xyz.com','e80b5017098950fc58aad83c8c14978e'),('DzqTuv_potty_MK','EoOBcn@xyz.com','e80b5017098950fc58aad83c8c14978e'),('E68Ck_RobotBana','w8wVy@gmail.com','e6e3be2d833cdf5d9d4c7bc2f85cd098'),('E6xuRRobotBanao','Y9aPR@gmail.com','e6e3be2d833cdf5d9d4c7bc2f85cd098'),('EAuOij_nahihai_','OrdbIg@xyz.com','e80b5017098950fc58aad83c8c14978e'),('EBsslRobotBanao','ddo0t@gmail.com','e6e3be2d833cdf5d9d4c7bc2f85cd098'),('EC__Wu_nahihai_','RsoaPN@xyz.com','e80b5017098950fc58aad83c8c14978e'),('EDCqeh_potty_MK','LAHhwv@xyz.com','e80b5017098950fc58aad83c8c14978e'),('EFAsVT_potty_MK','MLjlDy@xyz.com','e80b5017098950fc58aad83c8c14978e'),('EF_TkF_letsgo_C','sjBhJQ@xyz.com','e80b5017098950fc58aad83c8c14978e'),('EHtuTB_potty_MK','vuyDvp@xyz.com','e80b5017098950fc58aad83c8c14978e'),('EHzev__nahihai_','oGH_uF@xyz.com','e80b5017098950fc58aad83c8c14978e'),('EIpsHP_potty_MK','ddiuoa@xyz.com','e80b5017098950fc58aad83c8c14978e'),('EKgTT_RobotBana','4NXRg@gmail.com','e6e3be2d833cdf5d9d4c7bc2f85cd098'),('EKmkQl_potty_MK','cpOMQn@xyz.com','e80b5017098950fc58aad83c8c14978e'),('ELwqfC_potty_MK','UlNRmg@xyz.com','e80b5017098950fc58aad83c8c14978e'),('ELxPIh_potty_MK','sypLuF@xyz.com','e80b5017098950fc58aad83c8c14978e'),('EMnHYD_nahihai_','fCFpTg@xyz.com','e80b5017098950fc58aad83c8c14978e'),('EMupOQ_nahihai_','kBWjsT@xyz.com','e80b5017098950fc58aad83c8c14978e'),('ENCwHE_nahihai_','ilEBOj@xyz.com','e80b5017098950fc58aad83c8c14978e'),('ENDqqg_nahihai_','Xxusbc@xyz.com','e80b5017098950fc58aad83c8c14978e'),('EO_NDZ_letsgo_C','hHhZs_@xyz.com','e80b5017098950fc58aad83c8c14978e'),('EOcrER_nahihai_','zqRVoh@xyz.com','e80b5017098950fc58aad83c8c14978e'),('EPI7B_RobotBana','T3yZg@gmail.com','e6e3be2d833cdf5d9d4c7bc2f85cd098'),('EPWeMb_letsgo_C','acH___@xyz.com','e80b5017098950fc58aad83c8c14978e'),('EPWg_m_nahihai_','zCzhLN@xyz.com','e80b5017098950fc58aad83c8c14978e'),('EPqqYm_nahihai_','_HFeAu@xyz.com','e80b5017098950fc58aad83c8c14978e'),('EQVFix_nahihai_','kjGGRZ@xyz.com','e80b5017098950fc58aad83c8c14978e'),('ERDWFl_nahihai_','rCqqgc@xyz.com','e80b5017098950fc58aad83c8c14978e'),('ERE_kW_nahihai_','jUSkSt@xyz.com','e80b5017098950fc58aad83c8c14978e'),('ERLuvH_nahihai_','kuZJUq@xyz.com','e80b5017098950fc58aad83c8c14978e'),('ESDlaA_nahihai_','FmXTBq@xyz.com','e80b5017098950fc58aad83c8c14978e'),('ESQxbRobotBanao','qLd5Q@gmail.com','e6e3be2d833cdf5d9d4c7bc2f85cd098'),('ESYtRM_letsgo_C','efJTFB@xyz.com','e80b5017098950fc58aad83c8c14978e'),('ESyzJK_letsgo_C','cmZJJA@xyz.com','e80b5017098950fc58aad83c8c14978e'),('ETFBto_nahihai_','KphJVV@xyz.com','e80b5017098950fc58aad83c8c14978e'),('ETXGqx_potty_MK','jEWQgt@xyz.com','e80b5017098950fc58aad83c8c14978e'),('EUNpPQ_letsgo_C','ejkmjE@xyz.com','e80b5017098950fc58aad83c8c14978e'),('EVkDlD_nahihai_','hlbmqs@xyz.com','e80b5017098950fc58aad83c8c14978e'),('EVqUwy_potty_MK','xNJwpq@xyz.com','e80b5017098950fc58aad83c8c14978e'),('EWBtcy_potty_MK','lzOand@xyz.com','e80b5017098950fc58aad83c8c14978e'),('EWJPnb_nahihai_','lfpbgs@xyz.com','e80b5017098950fc58aad83c8c14978e'),('EWXzK_RobotBana','blFjq@gmail.com','e6e3be2d833cdf5d9d4c7bc2f85cd098'),('EWnwJRobotBanao','YwXxJ@gmail.com','e6e3be2d833cdf5d9d4c7bc2f85cd098'),('EXrwJE_nahihai_','BofAVM@xyz.com','e80b5017098950fc58aad83c8c14978e'),('EYCasG_nahihai_','SAJeWo@xyz.com','e80b5017098950fc58aad83c8c14978e'),('EZewcr_potty_MK','ADwlTA@xyz.com','e80b5017098950fc58aad83c8c14978e'),('EaMyARobotBanao','WF7cU@gmail.com','e6e3be2d833cdf5d9d4c7bc2f85cd098'),('EaRYvf_nahihai_','QJpsot@xyz.com','e80b5017098950fc58aad83c8c14978e'),('EaqnPb_potty_MK','vbYLVV@xyz.com','e80b5017098950fc58aad83c8c14978e'),('EdGmqy_nahihai_','lOAMCI@xyz.com','e80b5017098950fc58aad83c8c14978e'),('EdpJEp_potty_MK','YpvtPV@xyz.com','e80b5017098950fc58aad83c8c14978e'),('EeYBHy_potty_MK','_kgHHT@xyz.com','e80b5017098950fc58aad83c8c14978e'),('EgMIKc_potty_MK','GMVHJH@xyz.com','e80b5017098950fc58aad83c8c14978e'),('EggULa_nahihai_','QRHPTm@xyz.com','e80b5017098950fc58aad83c8c14978e'),('EhhZEs_nahihai_','EyniRp@xyz.com','e80b5017098950fc58aad83c8c14978e'),('EiAQWt_letsgo_C','lnGboF@xyz.com','e80b5017098950fc58aad83c8c14978e'),('EiCEWl_letsgo_C','uVyYxL@xyz.com','e80b5017098950fc58aad83c8c14978e'),('EiZXoB_potty_MK','wejNKs@xyz.com','e80b5017098950fc58aad83c8c14978e'),('EiqPUf_potty_MK','tIAsgC@xyz.com','e80b5017098950fc58aad83c8c14978e'),('EjexuD_letsgo_C','BPeJfn@xyz.com','e80b5017098950fc58aad83c8c14978e'),('EjqMtp_nahihai_','ZtJfsV@xyz.com','e80b5017098950fc58aad83c8c14978e'),('EkQZOS_nahihai_','lNnNYD@xyz.com','e80b5017098950fc58aad83c8c14978e'),('EktGL_RobotBana','qPlsj@gmail.com','e6e3be2d833cdf5d9d4c7bc2f85cd098'),('ElEdgN_nahihai_','mx_MiS@xyz.com','e80b5017098950fc58aad83c8c14978e'),('EllAnt_potty_MK','SPoPry@xyz.com','e80b5017098950fc58aad83c8c14978e'),('Emq1c_RobotBana','BsHMI@gmail.com','e6e3be2d833cdf5d9d4c7bc2f85cd098'),('EnvIiF_letsgo_C','hPuDqX@xyz.com','e80b5017098950fc58aad83c8c14978e'),('EoKcZu_nahihai_','ESOIME@xyz.com','e80b5017098950fc58aad83c8c14978e'),('Eovuq_RobotBana','LAVWc@gmail.com','e6e3be2d833cdf5d9d4c7bc2f85cd098'),('EpGOJz_letsgo_C','XdjhWN@xyz.com','e80b5017098950fc58aad83c8c14978e'),('EpHIWs_letsgo_C','KFF_xC@xyz.com','e80b5017098950fc58aad83c8c14978e'),('EqDXzD_nahihai_','FrDFeS@xyz.com','e80b5017098950fc58aad83c8c14978e'),('EqWPsK_letsgo_C','ariIzW@xyz.com','e80b5017098950fc58aad83c8c14978e'),('EqzQYT_potty_MK','OVdavU@xyz.com','e80b5017098950fc58aad83c8c14978e'),('Ethan','troy.saddy416@gmail.com','e6e3be2d833cdf5d9d4c7bc2f85cd098'),('EuPNZZ_nahihai_','ODoDcr@xyz.com','e80b5017098950fc58aad83c8c14978e'),('EvkumQ_nahihai_','OIMRSn@xyz.com','e80b5017098950fc58aad83c8c14978e'),('EvoyX_RobotBana','fORn6@gmail.com','e6e3be2d833cdf5d9d4c7bc2f85cd098'),('EwlUst_potty_MK','zkKcpF@xyz.com','e80b5017098950fc58aad83c8c14978e'),('Ewvlss_nahihai_','KuysSV@xyz.com','e80b5017098950fc58aad83c8c14978e'),('ExEKzS_nahihai_','LtFobK@xyz.com','e80b5017098950fc58aad83c8c14978e'),('ExOuHs_nahihai_','ewvOvr@xyz.com','e80b5017098950fc58aad83c8c14978e'),('ExVLGu_nahihai_','yVHSVg@xyz.com','e80b5017098950fc58aad83c8c14978e'),('EyMUVa_nahihai_','gfhWrk@xyz.com','e80b5017098950fc58aad83c8c14978e'),('EyfauM_nahihai_','TIEEzy@xyz.com','e80b5017098950fc58aad83c8c14978e'),('EypLox_letsgo_C','ITTHbB@xyz.com','e80b5017098950fc58aad83c8c14978e'),('EzFOmF_nahihai_','NzbujS@xyz.com','e80b5017098950fc58aad83c8c14978e'),('EzyrOr_nahihai_','EKgPPa@xyz.com','e80b5017098950fc58aad83c8c14978e'),('F0nxTRobotBanao','Ty47m@gmail.com','e6e3be2d833cdf5d9d4c7bc2f85cd098'),('F3SFu_RobotBana','RpYzS@gmail.com','e6e3be2d833cdf5d9d4c7bc2f85cd098'),('F43XuRobotBanao','sjJdT@gmail.com','e6e3be2d833cdf5d9d4c7bc2f85cd098'),('F8TalRobotBanao','GRgNv@gmail.com','e6e3be2d833cdf5d9d4c7bc2f85cd098'),('F8XcgRobotBanao','vZKGD@gmail.com','e6e3be2d833cdf5d9d4c7bc2f85cd098'),('FAEzwp_nahihai_','poFvMK@xyz.com','e80b5017098950fc58aad83c8c14978e'),('FAHvZRobotBanao','hfFQU@gmail.com','e6e3be2d833cdf5d9d4c7bc2f85cd098'),('FBNGpo_potty_MK','uhIWUQ@xyz.com','e80b5017098950fc58aad83c8c14978e'),('FCEeDY_nahihai_','R_IEHW@xyz.com','e80b5017098950fc58aad83c8c14978e'),('FDAMxo_letsgo_C','fVOSQm@xyz.com','e80b5017098950fc58aad83c8c14978e'),('FEBNRU_nahihai_','_mkyGN@xyz.com','e80b5017098950fc58aad83c8c14978e'),('FEUBP_RobotBana','0xtnR@gmail.com','e6e3be2d833cdf5d9d4c7bc2f85cd098'),('FEeF_M_nahihai_','CtiJfe@xyz.com','e80b5017098950fc58aad83c8c14978e'),('FGpCxv_letsgo_C','ohSuFd@xyz.com','e80b5017098950fc58aad83c8c14978e'),('FHnMMk_letsgo_C','jjKjwo@xyz.com','e80b5017098950fc58aad83c8c14978e'),('FHoMli_potty_MK','qOzUGp@xyz.com','e80b5017098950fc58aad83c8c14978e'),('FIzxSo_potty_MK','gFexmA@xyz.com','e80b5017098950fc58aad83c8c14978e'),('FJGlfB_potty_MK','CGcbyC@xyz.com','e80b5017098950fc58aad83c8c14978e'),('FJHTgG_letsgo_C','DRmwSr@xyz.com','e80b5017098950fc58aad83c8c14978e'),('FJKcXRobotBanao','nrrbe@gmail.com','e6e3be2d833cdf5d9d4c7bc2f85cd098'),('FKzHEY_nahihai_','xMAzZI@xyz.com','e80b5017098950fc58aad83c8c14978e'),('FLHqEh_potty_MK','_BKwkS@xyz.com','e80b5017098950fc58aad83c8c14978e'),('FMebvE_nahihai_','lEalS_@xyz.com','e80b5017098950fc58aad83c8c14978e'),('FMgCJR_potty_MK','WbKalG@xyz.com','e80b5017098950fc58aad83c8c14978e'),('FMhZug_letsgo_C','TtnQNZ@xyz.com','e80b5017098950fc58aad83c8c14978e'),('FNCpSX_nahihai_','QctlpQ@xyz.com','e80b5017098950fc58aad83c8c14978e'),('FNLBUN_letsgo_C','XKTXMy@xyz.com','e80b5017098950fc58aad83c8c14978e'),('FNRVka_letsgo_C','GgI_kS@xyz.com','e80b5017098950fc58aad83c8c14978e'),('FNcaa_RobotBana','qdHFB@gmail.com','e6e3be2d833cdf5d9d4c7bc2f85cd098'),('FOA2MRobotBanao','MiQtm@gmail.com','e6e3be2d833cdf5d9d4c7bc2f85cd098'),('FOnB0_RobotBana','YyXoR@gmail.com','e6e3be2d833cdf5d9d4c7bc2f85cd098'),('FPDPcL_nahihai_','ODZGkY@xyz.com','e80b5017098950fc58aad83c8c14978e'),('FP_Ahr_nahihai_','LffSlB@xyz.com','e80b5017098950fc58aad83c8c14978e'),('FQhFj__nahihai_','_jbzAP@xyz.com','e80b5017098950fc58aad83c8c14978e'),('FRiUFQ_potty_MK','_uIwFj@xyz.com','e80b5017098950fc58aad83c8c14978e'),('FSjciG_letsgo_C','UHQWsu@xyz.com','e80b5017098950fc58aad83c8c14978e'),('FSwyGo_nahihai_','nEgNZQ@xyz.com','e80b5017098950fc58aad83c8c14978e'),('FUjjtk_letsgo_C','uWspdZ@xyz.com','e80b5017098950fc58aad83c8c14978e'),('FWLknb_nahihai_','SstPwW@xyz.com','e80b5017098950fc58aad83c8c14978e'),('FWiINu_nahihai_','kfHCfs@xyz.com','e80b5017098950fc58aad83c8c14978e'),('FXQz_A_potty_MK','yCPhre@xyz.com','e80b5017098950fc58aad83c8c14978e'),('FYGsGS_letsgo_C','DKvRvf@xyz.com','e80b5017098950fc58aad83c8c14978e'),('FYhrbo_letsgo_C','RjcjGX@xyz.com','e80b5017098950fc58aad83c8c14978e'),('FYtkec_potty_MK','jLWMGZ@xyz.com','e80b5017098950fc58aad83c8c14978e'),('FZA37RobotBanao','uYcbe@gmail.com','e6e3be2d833cdf5d9d4c7bc2f85cd098'),('FZAmyp_potty_MK','pCBdbA@xyz.com','e80b5017098950fc58aad83c8c14978e'),('FZFhRq_nahihai_','FqTIxL@xyz.com','e80b5017098950fc58aad83c8c14978e'),('F_JLuD_nahihai_','oDtavr@xyz.com','e80b5017098950fc58aad83c8c14978e'),('F_wGQw_nahihai_','vqSWiT@xyz.com','e80b5017098950fc58aad83c8c14978e'),('FaXTHg_nahihai_','NHOIFv@xyz.com','e80b5017098950fc58aad83c8c14978e'),('FaofTK_nahihai_','VLgSeo@xyz.com','e80b5017098950fc58aad83c8c14978e'),('FauFUq_nahihai_','EfUEXp@xyz.com','e80b5017098950fc58aad83c8c14978e'),('FcZnQ_RobotBana','Al1XO@gmail.com','e6e3be2d833cdf5d9d4c7bc2f85cd098'),('FdYZ7RobotBanao','ScmjY@gmail.com','e6e3be2d833cdf5d9d4c7bc2f85cd098'),('Fexyjg_nahihai_','TMEtMc@xyz.com','e80b5017098950fc58aad83c8c14978e'),('FfcpRZ_letsgo_C','aZOQq_@xyz.com','e80b5017098950fc58aad83c8c14978e'),('FgnhpE_potty_MK','uICgBC@xyz.com','e80b5017098950fc58aad83c8c14978e'),('FgodlRobotBanao','xbUHc@gmail.com','e6e3be2d833cdf5d9d4c7bc2f85cd098'),('FgpnmW_letsgo_C','AtfZtj@xyz.com','e80b5017098950fc58aad83c8c14978e'),('FjgUf_RobotBana','QCVNo@gmail.com','e6e3be2d833cdf5d9d4c7bc2f85cd098'),('FkJMDH_nahihai_','NcoJKa@xyz.com','e80b5017098950fc58aad83c8c14978e'),('FmJHfi_nahihai_','NtSdIJ@xyz.com','e80b5017098950fc58aad83c8c14978e'),('FmNFHi_letsgo_C','jHzghA@xyz.com','e80b5017098950fc58aad83c8c14978e'),('FmfIvr_nahihai_','jtfTdQ@xyz.com','e80b5017098950fc58aad83c8c14978e'),('FpQiST_potty_MK','LfUIpE@xyz.com','e80b5017098950fc58aad83c8c14978e'),('FpRmPl_nahihai_','wWqGAx@xyz.com','e80b5017098950fc58aad83c8c14978e'),('FqNoNt_letsgo_C','VPVfBS@xyz.com','e80b5017098950fc58aad83c8c14978e'),('FtLlSg_nahihai_','_UsMHe@xyz.com','e80b5017098950fc58aad83c8c14978e'),('FtOTV_RobotBana','0Cqz5@gmail.com','e6e3be2d833cdf5d9d4c7bc2f85cd098'),('FtpciO_letsgo_C','uUfiYM@xyz.com','e80b5017098950fc58aad83c8c14978e'),('FuNENY_letsgo_C','WNALfJ@xyz.com','e80b5017098950fc58aad83c8c14978e'),('FuPvtx_letsgo_C','pyRnXg@xyz.com','e80b5017098950fc58aad83c8c14978e'),('FuXIxY_potty_MK','moytVx@xyz.com','e80b5017098950fc58aad83c8c14978e'),('FuxwXx_potty_MK','Ypojzi@xyz.com','e80b5017098950fc58aad83c8c14978e'),('FvlBol_potty_MK','DtUEWo@xyz.com','e80b5017098950fc58aad83c8c14978e'),('FvrUOp_potty_MK','zVQwAO@xyz.com','e80b5017098950fc58aad83c8c14978e'),('FwYBW_RobotBana','DWIaP@gmail.com','e6e3be2d833cdf5d9d4c7bc2f85cd098'),('FxOAAc_nahihai_','zihrcd@xyz.com','e80b5017098950fc58aad83c8c14978e'),('FxQPyu_nahihai_','yymAvF@xyz.com','e80b5017098950fc58aad83c8c14978e'),('FxVJcl_potty_MK','OVDlUp@xyz.com','e80b5017098950fc58aad83c8c14978e'),('FxZvsf_potty_MK','VMxVqt@xyz.com','e80b5017098950fc58aad83c8c14978e'),('FyFtUn_nahihai_','NQiHu_@xyz.com','e80b5017098950fc58aad83c8c14978e'),('FzicSx_nahihai_','eTHRoy@xyz.com','e80b5017098950fc58aad83c8c14978e'),('G2JStRobotBanao','HKH4h@gmail.com','e6e3be2d833cdf5d9d4c7bc2f85cd098'),('G3YdZRobotBanao','Swcm9@gmail.com','e6e3be2d833cdf5d9d4c7bc2f85cd098'),('G4pFB_RobotBana','tY618@gmail.com','e6e3be2d833cdf5d9d4c7bc2f85cd098'),('GAbibRobotBanao','x44mX@gmail.com','e6e3be2d833cdf5d9d4c7bc2f85cd098'),('GBOYgI_letsgo_C','jhRmJj@xyz.com','e80b5017098950fc58aad83c8c14978e'),('GCCDnP_letsgo_C','ELDtIA@xyz.com','e80b5017098950fc58aad83c8c14978e'),('GCFuvl_nahihai_','cVtnBR@xyz.com','e80b5017098950fc58aad83c8c14978e'),('GCvJZa_nahihai_','zdAmgc@xyz.com','e80b5017098950fc58aad83c8c14978e'),('GDNRRG_potty_MK','evOupK@xyz.com','e80b5017098950fc58aad83c8c14978e'),('GDXZpP_potty_MK','SIUHRI@xyz.com','e80b5017098950fc58aad83c8c14978e'),('GEjMEL_nahihai_','CqRfiu@xyz.com','e80b5017098950fc58aad83c8c14978e'),('GEyMUe_letsgo_C','wPRGyF@xyz.com','e80b5017098950fc58aad83c8c14978e'),('GGdvhD_letsgo_C','k_wFwE@xyz.com','e80b5017098950fc58aad83c8c14978e'),('GGfkAZ_potty_MK','IyfwE_@xyz.com','e80b5017098950fc58aad83c8c14978e'),('GGgvxy_nahihai_','jYjCaa@xyz.com','e80b5017098950fc58aad83c8c14978e'),('GGnmF_RobotBana','zDJfw@gmail.com','e6e3be2d833cdf5d9d4c7bc2f85cd098'),('GGwoVs_nahihai_','XLFNVp@xyz.com','e80b5017098950fc58aad83c8c14978e'),('GHUaZ_RobotBana','TnvSz@gmail.com','e6e3be2d833cdf5d9d4c7bc2f85cd098'),('GKPYBg_potty_MK','DklQrV@xyz.com','e80b5017098950fc58aad83c8c14978e'),('GKRMcO_nahihai_','kpwXGt@xyz.com','e80b5017098950fc58aad83c8c14978e'),('GMbVHY_nahihai_','_PUZXt@xyz.com','e80b5017098950fc58aad83c8c14978e'),('GMmxRF_potty_MK','Pwqiiy@xyz.com','e80b5017098950fc58aad83c8c14978e'),('GMoQft_potty_MK','VfAAPt@xyz.com','e80b5017098950fc58aad83c8c14978e'),('GN_AIK_potty_MK','MhHnlT@xyz.com','e80b5017098950fc58aad83c8c14978e'),('GNmDv_RobotBana','ybtY5@gmail.com','e6e3be2d833cdf5d9d4c7bc2f85cd098'),('GOI1p_RobotBana','1HCcw@gmail.com','e6e3be2d833cdf5d9d4c7bc2f85cd098'),('GOVDvG_potty_MK','HRggGj@xyz.com','e80b5017098950fc58aad83c8c14978e'),('GO_QKL_nahihai_','pBZptU@xyz.com','e80b5017098950fc58aad83c8c14978e'),('GPauXD_potty_MK','qEslgc@xyz.com','e80b5017098950fc58aad83c8c14978e'),('GQrUDe_potty_MK','AnqdUl@xyz.com','e80b5017098950fc58aad83c8c14978e'),('GRDxVi_potty_MK','NJlhJi@xyz.com','e80b5017098950fc58aad83c8c14978e'),('GREESm_letsgo_C','benGZD@xyz.com','e80b5017098950fc58aad83c8c14978e'),('GRdIVH_letsgo_C','QpzpBG@xyz.com','e80b5017098950fc58aad83c8c14978e'),('GRjSQC_letsgo_C','rwOGdO@xyz.com','e80b5017098950fc58aad83c8c14978e'),('GSIBwJ_letsgo_C','pTwtTk@xyz.com','e80b5017098950fc58aad83c8c14978e'),('GSuSkH_potty_MK','JAAFyB@xyz.com','e80b5017098950fc58aad83c8c14978e'),('GTJCxt_letsgo_C','iCLfHd@xyz.com','e80b5017098950fc58aad83c8c14978e'),('GTYyhr_letsgo_C','SsXaoL@xyz.com','e80b5017098950fc58aad83c8c14978e'),('GT_rvI_letsgo_C','iQdgIp@xyz.com','e80b5017098950fc58aad83c8c14978e'),('GTgwwf_letsgo_C','uqhFFM@xyz.com','e80b5017098950fc58aad83c8c14978e'),('GTrULX_nahihai_','snaAHY@xyz.com','e80b5017098950fc58aad83c8c14978e'),('GUSkEi_potty_MK','uIdOJV@xyz.com','e80b5017098950fc58aad83c8c14978e'),('GV8wMRobotBanao','MJDWo@gmail.com','e6e3be2d833cdf5d9d4c7bc2f85cd098'),('GVQMQv_nahihai_','isZlB_@xyz.com','e80b5017098950fc58aad83c8c14978e'),('GVRWZP_letsgo_C','lOnjss@xyz.com','e80b5017098950fc58aad83c8c14978e'),('GVyWLF_letsgo_C','bKGJkx@xyz.com','e80b5017098950fc58aad83c8c14978e'),('GWCnZs_potty_MK','QGPu_l@xyz.com','e80b5017098950fc58aad83c8c14978e'),('GWwiT_RobotBana','keRxu@gmail.com','e6e3be2d833cdf5d9d4c7bc2f85cd098'),('GWxqct_letsgo_C','KEBtGW@xyz.com','e80b5017098950fc58aad83c8c14978e'),('GXSfmB_potty_MK','ZoQbFj@xyz.com','e80b5017098950fc58aad83c8c14978e'),('GXTDDm_letsgo_C','KklXwN@xyz.com','e80b5017098950fc58aad83c8c14978e'),('GXxFpc_potty_MK','UVVmRk@xyz.com','e80b5017098950fc58aad83c8c14978e'),('GZYUhv_nahihai_','fqeMxV@xyz.com','e80b5017098950fc58aad83c8c14978e'),('G_My_x_potty_MK','NsxlIg@xyz.com','e80b5017098950fc58aad83c8c14978e'),('G_aLKu_nahihai_','QThEnk@xyz.com','e80b5017098950fc58aad83c8c14978e'),('GaTaFl_nahihai_','XKbJPu@xyz.com','e80b5017098950fc58aad83c8c14978e'),('Gambit','anupam.kanyal@students.iiit.ac','adb85f865b07fa6c11bb3f6a38d8a4d7'),('GameCoder','manish.shukla@students.iiit.ac','a0beda873938046bef1b9af499787277'),('GcZzmU_nahihai_','zMDsNB@xyz.com','e80b5017098950fc58aad83c8c14978e'),('GdDBH_RobotBana','OWFKb@gmail.com','e6e3be2d833cdf5d9d4c7bc2f85cd098'),('GdOFAt_letsgo_C','UuRaOJ@xyz.com','e80b5017098950fc58aad83c8c14978e'),('GdWBZT_potty_MK','hr_VQu@xyz.com','e80b5017098950fc58aad83c8c14978e'),('GeH31_RobotBana','MklHn@gmail.com','e6e3be2d833cdf5d9d4c7bc2f85cd098'),('GeSzti_nahihai_','QygAZh@xyz.com','e80b5017098950fc58aad83c8c14978e'),('GfrEc_RobotBana','8YUU5@gmail.com','e6e3be2d833cdf5d9d4c7bc2f85cd098'),('GghNue_potty_MK','licpMt@xyz.com','e80b5017098950fc58aad83c8c14978e'),('GhcGAi_potty_MK','EKWiPB@xyz.com','e80b5017098950fc58aad83c8c14978e'),('GiJDOs_potty_MK','tuJGKP@xyz.com','e80b5017098950fc58aad83c8c14978e'),('GigpMRobotBanao','YMYsG@gmail.com','e6e3be2d833cdf5d9d4c7bc2f85cd098'),('GijGje_letsgo_C','EFPxa_@xyz.com','e80b5017098950fc58aad83c8c14978e'),('GlJpkV_potty_MK','dbamNL@xyz.com','e80b5017098950fc58aad83c8c14978e'),('Gla2j_RobotBana','26tkc@gmail.com','e6e3be2d833cdf5d9d4c7bc2f85cd098'),('GmSbwq_letsgo_C','PfgWWy@xyz.com','e80b5017098950fc58aad83c8c14978e'),('Gm_xXt_potty_MK','IbpOGp@xyz.com','e80b5017098950fc58aad83c8c14978e'),('GnWHEv_potty_MK','mXVEFY@xyz.com','e80b5017098950fc58aad83c8c14978e'),('GovqQRobotBanao','9OAab@gmail.com','e6e3be2d833cdf5d9d4c7bc2f85cd098'),('GqPpnRobotBanao','ugEMW@gmail.com','e6e3be2d833cdf5d9d4c7bc2f85cd098'),('GqWqcw_letsgo_C','EsSiFL@xyz.com','e80b5017098950fc58aad83c8c14978e'),('GrnHOY_potty_MK','MhkRvx@xyz.com','e80b5017098950fc58aad83c8c14978e'),('GsDeJC_potty_MK','OIdIew@xyz.com','e80b5017098950fc58aad83c8c14978e'),('GsReI_RobotBana','rfFMD@gmail.com','e6e3be2d833cdf5d9d4c7bc2f85cd098'),('GsTrwz_potty_MK','lUxCMh@xyz.com','e80b5017098950fc58aad83c8c14978e'),('GsUnHRobotBanao','qyzEM@gmail.com','e6e3be2d833cdf5d9d4c7bc2f85cd098'),('GsuO_x_potty_MK','nAebEg@xyz.com','e80b5017098950fc58aad83c8c14978e'),('GtpCRA_nahihai_','clYYHl@xyz.com','e80b5017098950fc58aad83c8c14978e'),('GtrrBx_letsgo_C','sGIhsQ@xyz.com','e80b5017098950fc58aad83c8c14978e'),('GtsSA__letsgo_C','cqeCxR@xyz.com','e80b5017098950fc58aad83c8c14978e'),('GuAwgI_potty_MK','nNkNrN@xyz.com','e80b5017098950fc58aad83c8c14978e'),('GucYJRobotBanao','sndAo@gmail.com','e6e3be2d833cdf5d9d4c7bc2f85cd098'),('GufA2_RobotBana','as7S3@gmail.com','e6e3be2d833cdf5d9d4c7bc2f85cd098'),('GvGszE_potty_MK','UJxPse@xyz.com','e80b5017098950fc58aad83c8c14978e'),('GvOEso_letsgo_C','VjiDci@xyz.com','e80b5017098950fc58aad83c8c14978e'),('GvsaM_RobotBana','55180@gmail.com','e6e3be2d833cdf5d9d4c7bc2f85cd098'),('GwNIRR_nahihai_','rzGjyR@xyz.com','e80b5017098950fc58aad83c8c14978e'),('GwlDK_RobotBana','HQ6l5@gmail.com','e6e3be2d833cdf5d9d4c7bc2f85cd098'),('GwoPEX_nahihai_','mOmCrE@xyz.com','e80b5017098950fc58aad83c8c14978e'),('GxZwbe_letsgo_C','MfrWUz@xyz.com','e80b5017098950fc58aad83c8c14978e'),('H1Kr5RobotBanao','xiXFA@gmail.com','e6e3be2d833cdf5d9d4c7bc2f85cd098'),('H7YEM_RobotBana','SyFhD@gmail.com','e6e3be2d833cdf5d9d4c7bc2f85cd098'),('H8OpERobotBanao','6EeVd@gmail.com','e6e3be2d833cdf5d9d4c7bc2f85cd098'),('H9N4h_RobotBana','5d6YK@gmail.com','e6e3be2d833cdf5d9d4c7bc2f85cd098'),('HABjEf_nahihai_','rTzFvO@xyz.com','e80b5017098950fc58aad83c8c14978e'),('HA_UtG_letsgo_C','FBlDAb@xyz.com','e80b5017098950fc58aad83c8c14978e'),('HAzNNr_letsgo_C','XFDdSJ@xyz.com','e80b5017098950fc58aad83c8c14978e'),('HBGqFM_potty_MK','tgiXOs@xyz.com','e80b5017098950fc58aad83c8c14978e'),('HDOZuRobotBanao','i4ioV@gmail.com','e6e3be2d833cdf5d9d4c7bc2f85cd098'),('HDqncs_potty_MK','Ubh_Mv@xyz.com','e80b5017098950fc58aad83c8c14978e'),('HELLBOY','nkhlbhandari09@gmail.com','25214e7cf0b477b23bf884a5ee159fd5'),('HEQCE_RobotBana','rlhTH@gmail.com','e6e3be2d833cdf5d9d4c7bc2f85cd098'),('HEaofO_nahihai_','lFmuae@xyz.com','e80b5017098950fc58aad83c8c14978e'),('HFTTXA_nahihai_','qiwTaN@xyz.com','e80b5017098950fc58aad83c8c14978e'),('HGKarQ_potty_MK','rNkUiq@xyz.com','e80b5017098950fc58aad83c8c14978e'),('HJdSKs_letsgo_C','wMWL_t@xyz.com','e80b5017098950fc58aad83c8c14978e'),('HJv_vx_letsgo_C','xTgKuK@xyz.com','e80b5017098950fc58aad83c8c14978e'),('HKQNiS_nahihai_','xVMub_@xyz.com','e80b5017098950fc58aad83c8c14978e'),('HKQxIo_letsgo_C','mwwBdI@xyz.com','e80b5017098950fc58aad83c8c14978e'),('HKuFtA_letsgo_C','XPnhFS@xyz.com','e80b5017098950fc58aad83c8c14978e'),('HLbMjRobotBanao','nTyJN@gmail.com','e6e3be2d833cdf5d9d4c7bc2f85cd098'),('HMvApo_potty_MK','PRFWPJ@xyz.com','e80b5017098950fc58aad83c8c14978e'),('HNSaaL_letsgo_C','CENIMO@xyz.com','e80b5017098950fc58aad83c8c14978e'),('HOLmhRobotBanao','MO7UM@gmail.com','e6e3be2d833cdf5d9d4c7bc2f85cd098'),('HOcvkp_letsgo_C','DOx_pi@xyz.com','e80b5017098950fc58aad83c8c14978e'),('HP19','yash.shah@students.iiit.ac.in','2652740ad48e22dfcc3fee1c531645be'),('HPGipT_potty_MK','GemRzW@xyz.com','e80b5017098950fc58aad83c8c14978e'),('HPk_Tf_letsgo_C','rUfITV@xyz.com','e80b5017098950fc58aad83c8c14978e'),('HQWWPC_potty_MK','cSOiax@xyz.com','e80b5017098950fc58aad83c8c14978e'),('HQirDA_nahihai_','JRKjxK@xyz.com','e80b5017098950fc58aad83c8c14978e'),('HQzWoR_nahihai_','HObM_w@xyz.com','e80b5017098950fc58aad83c8c14978e'),('HRDqZw_potty_MK','QRrYhw@xyz.com','e80b5017098950fc58aad83c8c14978e'),('HREGqH_nahihai_','TXcWhc@xyz.com','e80b5017098950fc58aad83c8c14978e'),('HRUTor_nahihai_','QVCDzC@xyz.com','e80b5017098950fc58aad83c8c14978e'),('HTVJt_RobotBana','HCC6h@gmail.com','e6e3be2d833cdf5d9d4c7bc2f85cd098'),('HU_EuX_nahihai_','OmzHjF@xyz.com','e80b5017098950fc58aad83c8c14978e'),('HVQxdRobotBanao','C6D9E@gmail.com','e6e3be2d833cdf5d9d4c7bc2f85cd098'),('HVcdkd_potty_MK','rgZqLL@xyz.com','e80b5017098950fc58aad83c8c14978e'),('HVkKIRobotBanao','xGSL0@gmail.com','e6e3be2d833cdf5d9d4c7bc2f85cd098'),('HWvlOF_potty_MK','eWNZbd@xyz.com','e80b5017098950fc58aad83c8c14978e'),('HXjlm_RobotBana','eroeK@gmail.com','e6e3be2d833cdf5d9d4c7bc2f85cd098'),('HYbsDY_nahihai_','u_yhrX@xyz.com','e80b5017098950fc58aad83c8c14978e'),('HYeKNf_potty_MK','_GJAqh@xyz.com','e80b5017098950fc58aad83c8c14978e'),('HYqWCb_letsgo_C','oJqZGE@xyz.com','e80b5017098950fc58aad83c8c14978e'),('H_nlTA_nahihai_','qXKXeg@xyz.com','e80b5017098950fc58aad83c8c14978e'),('HaAlF_RobotBana','uffep@gmail.com','e6e3be2d833cdf5d9d4c7bc2f85cd098'),('HasITv_letsgo_C','fwvqCC@xyz.com','e80b5017098950fc58aad83c8c14978e'),('HbJnub_potty_MK','WhGNZq@xyz.com','e80b5017098950fc58aad83c8c14978e'),('HbQucx_letsgo_C','kBIncm@xyz.com','e80b5017098950fc58aad83c8c14978e'),('HbRlO_RobotBana','t18cx@gmail.com','e6e3be2d833cdf5d9d4c7bc2f85cd098'),('HbXjiR_potty_MK','hqlCRK@xyz.com','e80b5017098950fc58aad83c8c14978e'),('Hbdjlf_potty_MK','ulTdwB@xyz.com','e80b5017098950fc58aad83c8c14978e'),('HcxnFW_nahihai_','OxEemA@xyz.com','e80b5017098950fc58aad83c8c14978e'),('HeJnUA_potty_MK','ohXylg@xyz.com','e80b5017098950fc58aad83c8c14978e'),('HfBMfy_potty_MK','TwLFeB@xyz.com','e80b5017098950fc58aad83c8c14978e'),('HfEvRu_letsgo_C','EoNVDR@xyz.com','e80b5017098950fc58aad83c8c14978e'),('HfhsEI_nahihai_','jbcQqY@xyz.com','e80b5017098950fc58aad83c8c14978e'),('HfpZJv_potty_MK','vKUBrn@xyz.com','e80b5017098950fc58aad83c8c14978e'),('HhLPRB_nahihai_','BDGQzr@xyz.com','e80b5017098950fc58aad83c8c14978e'),('HhauhB_nahihai_','CCJwVY@xyz.com','e80b5017098950fc58aad83c8c14978e'),('HhevfK_nahihai_','nazVCV@xyz.com','e80b5017098950fc58aad83c8c14978e'),('HhvDYV_potty_MK','PMXzXF@xyz.com','e80b5017098950fc58aad83c8c14978e'),('HhvVn__potty_MK','OrqlnW@xyz.com','e80b5017098950fc58aad83c8c14978e'),('HijWzN_potty_MK','dMstAv@xyz.com','e80b5017098950fc58aad83c8c14978e'),('HjRThr_letsgo_C','_VKelB@xyz.com','e80b5017098950fc58aad83c8c14978e'),('HjpOnR_nahihai_','sDxqMH@xyz.com','e80b5017098950fc58aad83c8c14978e'),('Hjrp3_RobotBana','BXfmI@gmail.com','e6e3be2d833cdf5d9d4c7bc2f85cd098'),('HjsQMA_potty_MK','TjdpCP@xyz.com','e80b5017098950fc58aad83c8c14978e'),('HkLRd_RobotBana','3O8mu@gmail.com','e6e3be2d833cdf5d9d4c7bc2f85cd098'),('HkQ_Wx_letsgo_C','iwhyCp@xyz.com','e80b5017098950fc58aad83c8c14978e'),('HkVuSw_nahihai_','tuavgw@xyz.com','e80b5017098950fc58aad83c8c14978e'),('HlhzZe_potty_MK','zLNZX_@xyz.com','e80b5017098950fc58aad83c8c14978e'),('HmlpL_RobotBana','Qbu2Z@gmail.com','e6e3be2d833cdf5d9d4c7bc2f85cd098'),('HoJEDv_potty_MK','flAtWa@xyz.com','e80b5017098950fc58aad83c8c14978e'),('HosNBh_potty_MK','zFWJoV@xyz.com','e80b5017098950fc58aad83c8c14978e'),('Howzaat','ppsrsai.05@gmail.com','900051453a80dbaf4459c59595576c33'),('HpvnKRobotBanao','Fdlw6@gmail.com','e6e3be2d833cdf5d9d4c7bc2f85cd098'),('Hq6my_RobotBana','YwhQH@gmail.com','e6e3be2d833cdf5d9d4c7bc2f85cd098'),('HqN6eRobotBanao','VJ7L9@gmail.com','e6e3be2d833cdf5d9d4c7bc2f85cd098'),('HqaeGt_letsgo_C','aSIsdt@xyz.com','e80b5017098950fc58aad83c8c14978e'),('HsrsCR_nahihai_','fDlQMk@xyz.com','e80b5017098950fc58aad83c8c14978e'),('HtgWxd_nahihai_','nxSVxd@xyz.com','e80b5017098950fc58aad83c8c14978e'),('HuDbKN_letsgo_C','uoFUkt@xyz.com','e80b5017098950fc58aad83c8c14978e'),('HwJdJz_letsgo_C','bKFBZe@xyz.com','e80b5017098950fc58aad83c8c14978e'),('HxbseRobotBanao','tBshW@gmail.com','e6e3be2d833cdf5d9d4c7bc2f85cd098'),('HxsNrc_letsgo_C','uqcVnP@xyz.com','e80b5017098950fc58aad83c8c14978e'),('HyvobL_letsgo_C','AvbLaE@xyz.com','e80b5017098950fc58aad83c8c14978e'),('HywhCd_letsgo_C','LapbZl@xyz.com','e80b5017098950fc58aad83c8c14978e'),('HzFM8_RobotBana','QMovg@gmail.com','e6e3be2d833cdf5d9d4c7bc2f85cd098'),('HzHmfU_potty_MK','KxbYja@xyz.com','e80b5017098950fc58aad83c8c14978e'),('HzM5uRobotBanao','rPfdK@gmail.com','e6e3be2d833cdf5d9d4c7bc2f85cd098'),('I01vm_RobotBana','L6YJG@gmail.com','e6e3be2d833cdf5d9d4c7bc2f85cd098'),('I34tsRobotBanao','eltLl@gmail.com','e6e3be2d833cdf5d9d4c7bc2f85cd098'),('I5rouRobotBanao','jBXyw@gmail.com','e6e3be2d833cdf5d9d4c7bc2f85cd098'),('I722o_RobotBana','BZ2T6@gmail.com','e6e3be2d833cdf5d9d4c7bc2f85cd098'),('I7UFVRobotBanao','cGmgB@gmail.com','e6e3be2d833cdf5d9d4c7bc2f85cd098'),('IAQMI_RobotBana','TpZlj@gmail.com','e6e3be2d833cdf5d9d4c7bc2f85cd098'),('IBkvZG_potty_MK','YkuKjC@xyz.com','e80b5017098950fc58aad83c8c14978e'),('ICFanD_letsgo_C','LNVfYA@xyz.com','e80b5017098950fc58aad83c8c14978e'),('IDUvxe_potty_MK','PoviLz@xyz.com','e80b5017098950fc58aad83c8c14978e'),('IDktWB_letsgo_C','flEmwa@xyz.com','e80b5017098950fc58aad83c8c14978e'),('IDuyKB_potty_MK','osgcTq@xyz.com','e80b5017098950fc58aad83c8c14978e'),('IEBbi__potty_MK','jThFRJ@xyz.com','e80b5017098950fc58aad83c8c14978e'),('IENyWZ_nahihai_','dYr_AQ@xyz.com','e80b5017098950fc58aad83c8c14978e'),('IEYJb_RobotBana','Wq1Mb@gmail.com','e6e3be2d833cdf5d9d4c7bc2f85cd098'),('IFEECV_nahihai_','VvS_Du@xyz.com','e80b5017098950fc58aad83c8c14978e'),('IFMuDB_potty_MK','sKPzDy@xyz.com','e80b5017098950fc58aad83c8c14978e'),('IHtaTa_letsgo_C','z_ezsS@xyz.com','e80b5017098950fc58aad83c8c14978e'),('IINrHRobotBanao','zBVaV@gmail.com','e6e3be2d833cdf5d9d4c7bc2f85cd098'),('IIQwCF_potty_MK','qoCIsn@xyz.com','e80b5017098950fc58aad83c8c14978e'),('IISIys_letsgo_C','dQnduJ@xyz.com','e80b5017098950fc58aad83c8c14978e'),('IInFln_potty_MK','qdJZNM@xyz.com','e80b5017098950fc58aad83c8c14978e'),('IJUKrRobotBanao','5XhFP@gmail.com','e6e3be2d833cdf5d9d4c7bc2f85cd098'),('IJbvdz_nahihai_','XODKvP@xyz.com','e80b5017098950fc58aad83c8c14978e'),('IK_WJY_potty_MK','GtcAJM@xyz.com','e80b5017098950fc58aad83c8c14978e'),('IKkEeRobotBanao','cr14W@gmail.com','e6e3be2d833cdf5d9d4c7bc2f85cd098'),('ILFepj_potty_MK','ffBapM@xyz.com','e80b5017098950fc58aad83c8c14978e'),('IMIKTw_letsgo_C','lOBlAP@xyz.com','e80b5017098950fc58aad83c8c14978e'),('INOm_X_nahihai_','RDZUJU@xyz.com','e80b5017098950fc58aad83c8c14978e'),('INafVq_letsgo_C','cvNNAw@xyz.com','e80b5017098950fc58aad83c8c14978e'),('IOVDeF_letsgo_C','_qXvnI@xyz.com','e80b5017098950fc58aad83c8c14978e'),('IOZLuD_potty_MK','FiHGzj@xyz.com','e80b5017098950fc58aad83c8c14978e'),('IOoAwG_nahihai_','lxHYP_@xyz.com','e80b5017098950fc58aad83c8c14978e'),('IQrwwg_nahihai_','ZEHTNh@xyz.com','e80b5017098950fc58aad83c8c14978e'),('ISYLft_potty_MK','rwheDh@xyz.com','e80b5017098950fc58aad83c8c14978e'),('ISygos_potty_MK','UVVPtr@xyz.com','e80b5017098950fc58aad83c8c14978e'),('ITyoVX_potty_MK','RCdIRa@xyz.com','e80b5017098950fc58aad83c8c14978e'),('IVnOpH_nahihai_','qOlTSQ@xyz.com','e80b5017098950fc58aad83c8c14978e'),('IWzFPp_nahihai_','bESQWy@xyz.com','e80b5017098950fc58aad83c8c14978e'),('IXdZOc_nahihai_','pLhmac@xyz.com','e80b5017098950fc58aad83c8c14978e'),('IYkeag_potty_MK','lgVGsP@xyz.com','e80b5017098950fc58aad83c8c14978e'),('IZr_uR_potty_MK','eLjvwI@xyz.com','e80b5017098950fc58aad83c8c14978e'),('I_ToYK_potty_MK','lCdsiu@xyz.com','e80b5017098950fc58aad83c8c14978e'),('I_aQOW_letsgo_C','EgMmhk@xyz.com','e80b5017098950fc58aad83c8c14978e'),('I_dT_y_potty_MK','gzaRzY@xyz.com','e80b5017098950fc58aad83c8c14978e'),('IanLvR_letsgo_C','PsjHpz@xyz.com','e80b5017098950fc58aad83c8c14978e'),('IaxAhF_nahihai_','vCQbkA@xyz.com','e80b5017098950fc58aad83c8c14978e'),('IcBdMw_potty_MK','f_uMtq@xyz.com','e80b5017098950fc58aad83c8c14978e'),('IcYkvm_letsgo_C','YDoqtj@xyz.com','e80b5017098950fc58aad83c8c14978e'),('IdYjrRobotBanao','mZwgE@gmail.com','e6e3be2d833cdf5d9d4c7bc2f85cd098'),('IdwwhQ_potty_MK','BwVqSJ@xyz.com','e80b5017098950fc58aad83c8c14978e'),('IfZeMQ_letsgo_C','schTjq@xyz.com','e80b5017098950fc58aad83c8c14978e'),('IfjSFa_letsgo_C','SDwRTB@xyz.com','e80b5017098950fc58aad83c8c14978e'),('IgJVKRobotBanao','liCzu@gmail.com','e6e3be2d833cdf5d9d4c7bc2f85cd098'),('IhdTlG_potty_MK','gEJsgb@xyz.com','e80b5017098950fc58aad83c8c14978e'),('Ihfppz_letsgo_C','FYHXOs@xyz.com','e80b5017098950fc58aad83c8c14978e'),('IhjRCL_letsgo_C','Pmbvvq@xyz.com','e80b5017098950fc58aad83c8c14978e'),('IiE95RobotBanao','tDnLd@gmail.com','e6e3be2d833cdf5d9d4c7bc2f85cd098'),('IjBXAO_potty_MK','zzsgW_@xyz.com','e80b5017098950fc58aad83c8c14978e'),('IjfFrw_nahihai_','jKlyMp@xyz.com','e80b5017098950fc58aad83c8c14978e'),('IkDFZQ_potty_MK','HPwjKp@xyz.com','e80b5017098950fc58aad83c8c14978e'),('IlBujJ_nahihai_','erpF_S@xyz.com','e80b5017098950fc58aad83c8c14978e'),('IlWFnC_nahihai_','VHvEEf@xyz.com','e80b5017098950fc58aad83c8c14978e'),('ImeuIU_potty_MK','btzdZB@xyz.com','e80b5017098950fc58aad83c8c14978e'),('InvmsF_nahihai_','yQNxzX@xyz.com','e80b5017098950fc58aad83c8c14978e'),('IoGpQk_nahihai_','gnhYhB@xyz.com','e80b5017098950fc58aad83c8c14978e'),('IoVoOe_potty_MK','lzumac@xyz.com','e80b5017098950fc58aad83c8c14978e'),('IpecrA_nahihai_','QPVPkt@xyz.com','e80b5017098950fc58aad83c8c14978e'),('IqKnSC_potty_MK','wvOnEm@xyz.com','e80b5017098950fc58aad83c8c14978e'),('IqoZVm_nahihai_','sjEzXn@xyz.com','e80b5017098950fc58aad83c8c14978e'),('Isnqts_nahihai_','uyxkAT@xyz.com','e80b5017098950fc58aad83c8c14978e'),('ItcEsm_letsgo_C','RWxhod@xyz.com','e80b5017098950fc58aad83c8c14978e'),('Iurluf_letsgo_C','izBNu_@xyz.com','e80b5017098950fc58aad83c8c14978e'),('IvP2v_RobotBana','9Zo2n@gmail.com','e6e3be2d833cdf5d9d4c7bc2f85cd098'),('IvrjkH_letsgo_C','SYGSvY@xyz.com','e80b5017098950fc58aad83c8c14978e'),('IwzTNc_letsgo_C','Wqqxoc@xyz.com','e80b5017098950fc58aad83c8c14978e'),('IxtnsV_potty_MK','CfCnCr@xyz.com','e80b5017098950fc58aad83c8c14978e'),('IygRXa_letsgo_C','uAIGRE@xyz.com','e80b5017098950fc58aad83c8c14978e'),('IypmQJ_potty_MK','CjgvFo@xyz.com','e80b5017098950fc58aad83c8c14978e'),('J1gcURobotBanao','WFPV2@gmail.com','e6e3be2d833cdf5d9d4c7bc2f85cd098'),('J8H9zRobotBanao','GI6IG@gmail.com','e6e3be2d833cdf5d9d4c7bc2f85cd098'),('J9W11_RobotBana','bGHqs@gmail.com','e6e3be2d833cdf5d9d4c7bc2f85cd098'),('JAgnEf_potty_MK','swpzZL@xyz.com','e80b5017098950fc58aad83c8c14978e'),('JAwUJX_potty_MK','UehLxX@xyz.com','e80b5017098950fc58aad83c8c14978e'),('JBhyV_RobotBana','lQY0H@gmail.com','e6e3be2d833cdf5d9d4c7bc2f85cd098'),('JCWiYm_letsgo_C','PePclA@xyz.com','e80b5017098950fc58aad83c8c14978e'),('JESej_RobotBana','AaCcR@gmail.com','e6e3be2d833cdf5d9d4c7bc2f85cd098'),('JEtzMI_letsgo_C','tEtwRq@xyz.com','e80b5017098950fc58aad83c8c14978e'),('JFKFEJ_potty_MK','Wr_aXd@xyz.com','e80b5017098950fc58aad83c8c14978e'),('JGfodQ_letsgo_C','lFTrZO@xyz.com','e80b5017098950fc58aad83c8c14978e'),('JGrdMb_nahihai_','CfdWGW@xyz.com','e80b5017098950fc58aad83c8c14978e'),('JHZgax_potty_MK','rqWHcM@xyz.com','e80b5017098950fc58aad83c8c14978e'),('JHkNa_RobotBana','qVOU1@gmail.com','e6e3be2d833cdf5d9d4c7bc2f85cd098'),('JIFIIx_letsgo_C','p_pzdu@xyz.com','e80b5017098950fc58aad83c8c14978e'),('JIg53_RobotBana','Usm70@gmail.com','e6e3be2d833cdf5d9d4c7bc2f85cd098'),('JKrObf_letsgo_C','ZsNHRH@xyz.com','e80b5017098950fc58aad83c8c14978e'),('JLBqkH_letsgo_C','XMjEgk@xyz.com','e80b5017098950fc58aad83c8c14978e'),('JMYCYZ_potty_MK','GCmetV@xyz.com','e80b5017098950fc58aad83c8c14978e'),('JNUhJu_nahihai_','JEaRza@xyz.com','e80b5017098950fc58aad83c8c14978e'),('JNb0fRobotBanao','xB0lB@gmail.com','e6e3be2d833cdf5d9d4c7bc2f85cd098'),('JObQBm_potty_MK','dkJBQk@xyz.com','e80b5017098950fc58aad83c8c14978e'),('JOeujX_potty_MK','hzFMQN@xyz.com','e80b5017098950fc58aad83c8c14978e'),('JPXscz_nahihai_','FOvxnD@xyz.com','e80b5017098950fc58aad83c8c14978e'),('JQivPb_nahihai_','SiaXbW@xyz.com','e80b5017098950fc58aad83c8c14978e'),('JRfCFo_letsgo_C','Hcgkak@xyz.com','e80b5017098950fc58aad83c8c14978e'),('JUQOGa_nahihai_','wK_qal@xyz.com','e80b5017098950fc58aad83c8c14978e'),('JUTrwd_letsgo_C','AyyLXi@xyz.com','e80b5017098950fc58aad83c8c14978e'),('JUfDAE_nahihai_','AMInTf@xyz.com','e80b5017098950fc58aad83c8c14978e'),('JVNRCL_nahihai_','TJIcHD@xyz.com','e80b5017098950fc58aad83c8c14978e'),('JVRvPk_letsgo_C','WgJSkw@xyz.com','e80b5017098950fc58aad83c8c14978e'),('JVY13RobotBanao','Rv1bB@gmail.com','e6e3be2d833cdf5d9d4c7bc2f85cd098'),('JVbsuw_letsgo_C','hieq_G@xyz.com','e80b5017098950fc58aad83c8c14978e'),('JY_SHM_potty_MK','iSSrNZ@xyz.com','e80b5017098950fc58aad83c8c14978e'),('JZbVGK_potty_MK','PPFRBu@xyz.com','e80b5017098950fc58aad83c8c14978e'),('J_Zwyq_potty_MK','DEDuBi@xyz.com','e80b5017098950fc58aad83c8c14978e'),('J_oOtO_letsgo_C','ekiOar@xyz.com','e80b5017098950fc58aad83c8c14978e'),('JbJmoA_letsgo_C','qeOoST@xyz.com','e80b5017098950fc58aad83c8c14978e'),('JbcGr_RobotBana','SQnff@gmail.com','e6e3be2d833cdf5d9d4c7bc2f85cd098'),('JcHHLo_nahihai_','JHHlgs@xyz.com','e80b5017098950fc58aad83c8c14978e'),('JcdixY_potty_MK','_SJAXI@xyz.com','e80b5017098950fc58aad83c8c14978e'),('JdNuRR_potty_MK','HWTvzK@xyz.com','e80b5017098950fc58aad83c8c14978e'),('Jdi8i_RobotBana','m1V24@gmail.com','e6e3be2d833cdf5d9d4c7bc2f85cd098'),('JeSGuW_letsgo_C','HsJoEJ@xyz.com','e80b5017098950fc58aad83c8c14978e'),('JebNMN_nahihai_','zZddrQ@xyz.com','e80b5017098950fc58aad83c8c14978e'),('JgPkdA_potty_MK','gMSKFb@xyz.com','e80b5017098950fc58aad83c8c14978e'),('Jhc3G_RobotBana','Yu3ya@gmail.com','e6e3be2d833cdf5d9d4c7bc2f85cd098'),('JiDe7RobotBanao','Q8FMI@gmail.com','e6e3be2d833cdf5d9d4c7bc2f85cd098'),('JjFUDn_potty_MK','KPiodO@xyz.com','e80b5017098950fc58aad83c8c14978e'),('JjfULk_letsgo_C','vPRjEY@xyz.com','e80b5017098950fc58aad83c8c14978e'),('JkZLiV_letsgo_C','qVkvhV@xyz.com','e80b5017098950fc58aad83c8c14978e'),('JkcdsY_potty_MK','RIvpxQ@xyz.com','e80b5017098950fc58aad83c8c14978e'),('JmarAi_potty_MK','lIkcpJ@xyz.com','e80b5017098950fc58aad83c8c14978e'),('John','tejas.urwelcome@gmail.com','e7a50bf170c5fa07609a859b370f2739'),('JohnnyBravo','john@bravo.com','d8578edf8458ce06fbc5bb76a58c5ca4'),('JokdJw_letsgo_C','HMGGSl@xyz.com','e80b5017098950fc58aad83c8c14978e'),('JotwYl_letsgo_C','xtCnHx@xyz.com','e80b5017098950fc58aad83c8c14978e'),('JpdrAW_nahihai_','CHFwAS@xyz.com','e80b5017098950fc58aad83c8c14978e'),('Jqkqfq_nahihai_','huuJLq@xyz.com','e80b5017098950fc58aad83c8c14978e'),('JrfKFC_nahihai_','vEHggs@xyz.com','e80b5017098950fc58aad83c8c14978e'),('Jtmo6_RobotBana','Y30Vl@gmail.com','e6e3be2d833cdf5d9d4c7bc2f85cd098'),('Jtmxbi_letsgo_C','HWSt_G@xyz.com','e80b5017098950fc58aad83c8c14978e'),('JtsSXB_nahihai_','RoHXKy@xyz.com','e80b5017098950fc58aad83c8c14978e'),('JtwglX_nahihai_','avzThC@xyz.com','e80b5017098950fc58aad83c8c14978e'),('Jtx_jw_letsgo_C','rYEbXL@xyz.com','e80b5017098950fc58aad83c8c14978e'),('JuNzY','braindeadjunzy@hotmail.com','b4c33ff322cb0126a9ad6d66070e4c2e'),('JvOiLa_nahihai_','X_qCfE@xyz.com','e80b5017098950fc58aad83c8c14978e'),('JwLuyw_nahihai_','ztnGYR@xyz.com','e80b5017098950fc58aad83c8c14978e'),('JwrqIRobotBanao','nqdb3@gmail.com','e6e3be2d833cdf5d9d4c7bc2f85cd098'),('JyBlKl_nahihai_','PplGLF@xyz.com','e80b5017098950fc58aad83c8c14978e'),('JzwLBa_potty_MK','IFEpWN@xyz.com','e80b5017098950fc58aad83c8c14978e'),('JzwiXd_potty_MK','JxhnZj@xyz.com','e80b5017098950fc58aad83c8c14978e'),('K9vZ0RobotBanao','J0BGo@gmail.com','e6e3be2d833cdf5d9d4c7bc2f85cd098'),('KAOTnf_nahihai_','dQwfqB@xyz.com','e80b5017098950fc58aad83c8c14978e'),('KBSPMO_potty_MK','yOcmRU@xyz.com','e80b5017098950fc58aad83c8c14978e'),('KBSfYf_nahihai_','mIPOEJ@xyz.com','e80b5017098950fc58aad83c8c14978e'),('KEAChc_nahihai_','EHxxqF@xyz.com','e80b5017098950fc58aad83c8c14978e'),('KFccrN_potty_MK','hXiaiP@xyz.com','e80b5017098950fc58aad83c8c14978e'),('KGobBr_letsgo_C','CPgDfp@xyz.com','e80b5017098950fc58aad83c8c14978e'),('KHnceG_potty_MK','h_RRIN@xyz.com','e80b5017098950fc58aad83c8c14978e'),('KHp_kL_nahihai_','fOgPWA@xyz.com','e80b5017098950fc58aad83c8c14978e'),('KIYbtY_nahihai_','cBYSjJ@xyz.com','e80b5017098950fc58aad83c8c14978e'),('KIhIaI_letsgo_C','ulKRXk@xyz.com','e80b5017098950fc58aad83c8c14978e'),('KKOkTx_potty_MK','JkvnFa@xyz.com','e80b5017098950fc58aad83c8c14978e'),('KKR','hiasd@hjasd.sdjfl','87f39ffa3a64fd26beb2ea7442ad701f'),('KKdJHL_nahihai_','LnGUuk@xyz.com','e80b5017098950fc58aad83c8c14978e'),('KKypSG_potty_MK','UCLNjR@xyz.com','e80b5017098950fc58aad83c8c14978e'),('KLjWsx_letsgo_C','khOZfv@xyz.com','e80b5017098950fc58aad83c8c14978e'),('KLrkqK_nahihai_','_vGwpp@xyz.com','e80b5017098950fc58aad83c8c14978e'),('KLwNtp_potty_MK','_QLcQu@xyz.com','e80b5017098950fc58aad83c8c14978e'),('KMDGga_letsgo_C','mtsXPL@xyz.com','e80b5017098950fc58aad83c8c14978e'),('KNQjtRobotBanao','4tYjk@gmail.com','e6e3be2d833cdf5d9d4c7bc2f85cd098'),('KOVbXm_potty_MK','UelCUT@xyz.com','e80b5017098950fc58aad83c8c14978e'),('KOWOwJ_letsgo_C','UOTile@xyz.com','e80b5017098950fc58aad83c8c14978e'),('KOqTFx_nahihai_','bjEjMJ@xyz.com','e80b5017098950fc58aad83c8c14978e'),('KOqyDb_potty_MK','JljBMA@xyz.com','e80b5017098950fc58aad83c8c14978e'),('KPCdLU_potty_MK','seShYh@xyz.com','e80b5017098950fc58aad83c8c14978e'),('KPFfIe_potty_MK','hrSVRG@xyz.com','e80b5017098950fc58aad83c8c14978e'),('KPMgke_potty_MK','wVvbLt@xyz.com','e80b5017098950fc58aad83c8c14978e'),('KQcfMz_nahihai_','TMRtHo@xyz.com','e80b5017098950fc58aad83c8c14978e'),('KQodVy_letsgo_C','SrW_ko@xyz.com','e80b5017098950fc58aad83c8c14978e'),('KRtHvz_potty_MK','RzePYw@xyz.com','e80b5017098950fc58aad83c8c14978e'),('KTBOai_potty_MK','JAKdlV@xyz.com','e80b5017098950fc58aad83c8c14978e'),('KTOEDj_letsgo_C','HeUttR@xyz.com','e80b5017098950fc58aad83c8c14978e'),('KUIpEq_nahihai_','plSikW@xyz.com','e80b5017098950fc58aad83c8c14978e'),('KUyBvR_potty_MK','NQHjoN@xyz.com','e80b5017098950fc58aad83c8c14978e'),('KXXvTF_nahihai_','wiORkB@xyz.com','e80b5017098950fc58aad83c8c14978e'),('KYQTzb_letsgo_C','jvIIti@xyz.com','e80b5017098950fc58aad83c8c14978e'),('KYWWtL_letsgo_C','RSXQds@xyz.com','e80b5017098950fc58aad83c8c14978e'),('KY_z_R_potty_MK','cbxaPd@xyz.com','e80b5017098950fc58aad83c8c14978e'),('KYdOgb_letsgo_C','TXhZNH@xyz.com','e80b5017098950fc58aad83c8c14978e'),('KZNuab_letsgo_C','NKyycZ@xyz.com','e80b5017098950fc58aad83c8c14978e'),('KZnHsB_potty_MK','cwwtIc@xyz.com','e80b5017098950fc58aad83c8c14978e'),('KaGfac_letsgo_C','ifZfmi@xyz.com','e80b5017098950fc58aad83c8c14978e'),('KanJxw_potty_MK','gPlKgq@xyz.com','e80b5017098950fc58aad83c8c14978e'),('KbDlCk_potty_MK','yUGLL_@xyz.com','e80b5017098950fc58aad83c8c14978e'),('KbOgPR_nahihai_','jDkNpP@xyz.com','e80b5017098950fc58aad83c8c14978e'),('KbeFK__letsgo_C','zRBHrd@xyz.com','e80b5017098950fc58aad83c8c14978e'),('KbhFERobotBanao','YYrjI@gmail.com','e6e3be2d833cdf5d9d4c7bc2f85cd098'),('Kcbese_potty_MK','biqtGC@xyz.com','e80b5017098950fc58aad83c8c14978e'),('KdRlc_RobotBana','PZN30@gmail.com','e6e3be2d833cdf5d9d4c7bc2f85cd098'),('KdSciRobotBanao','eK7jm@gmail.com','e6e3be2d833cdf5d9d4c7bc2f85cd098'),('KdVeMA_potty_MK','RL_sCb@xyz.com','e80b5017098950fc58aad83c8c14978e'),('KeBLXRobotBanao','6Ptf0@gmail.com','e6e3be2d833cdf5d9d4c7bc2f85cd098'),('KebA_j_potty_MK','NqjvcR@xyz.com','e80b5017098950fc58aad83c8c14978e'),('KelEDl_potty_MK','_hZAyB@xyz.com','e80b5017098950fc58aad83c8c14978e'),('KeuBBV_potty_MK','ETkOyL@xyz.com','e80b5017098950fc58aad83c8c14978e'),('KfAOCk_letsgo_C','XgqFbY@xyz.com','e80b5017098950fc58aad83c8c14978e'),('KfMW7_RobotBana','LBQ84@gmail.com','e6e3be2d833cdf5d9d4c7bc2f85cd098'),('KhXhpM_potty_MK','kOwoRj@xyz.com','e80b5017098950fc58aad83c8c14978e'),('KhhfIf_potty_MK','BBJqOe@xyz.com','e80b5017098950fc58aad83c8c14978e'),('KifxSg_nahihai_','bDBrzc@xyz.com','e80b5017098950fc58aad83c8c14978e'),('KjgETQ_letsgo_C','pLeCty@xyz.com','e80b5017098950fc58aad83c8c14978e'),('KksEtRobotBanao','hG1rr@gmail.com','e6e3be2d833cdf5d9d4c7bc2f85cd098'),('KlNcJW_nahihai_','WFgogD@xyz.com','e80b5017098950fc58aad83c8c14978e'),('KmUZvW_potty_MK','ugwyHZ@xyz.com','e80b5017098950fc58aad83c8c14978e'),('KmiyQv_letsgo_C','VhpvIh@xyz.com','e80b5017098950fc58aad83c8c14978e'),('KnqApr_nahihai_','pxqMCh@xyz.com','e80b5017098950fc58aad83c8c14978e'),('Ko_jVz_nahihai_','uUjKmc@xyz.com','e80b5017098950fc58aad83c8c14978e'),('KohqxX_potty_MK','wPFXRE@xyz.com','e80b5017098950fc58aad83c8c14978e'),('KpJGpF_potty_MK','WzheUh@xyz.com','e80b5017098950fc58aad83c8c14978e'),('KpPzeg_letsgo_C','CojNbk@xyz.com','e80b5017098950fc58aad83c8c14978e'),('KpZWSF_letsgo_C','GxrQTk@xyz.com','e80b5017098950fc58aad83c8c14978e'),('KqIgfm_letsgo_C','BLgZGf@xyz.com','e80b5017098950fc58aad83c8c14978e'),('KqTCq_RobotBana','QlSC1@gmail.com','e6e3be2d833cdf5d9d4c7bc2f85cd098'),('KsegTr_nahihai_','xwHKjG@xyz.com','e80b5017098950fc58aad83c8c14978e'),('KupetH_potty_MK','bdAmMt@xyz.com','e80b5017098950fc58aad83c8c14978e'),('KvcU_B_potty_MK','wRfgFD@xyz.com','e80b5017098950fc58aad83c8c14978e'),('KvcatX_potty_MK','rvRmzk@xyz.com','e80b5017098950fc58aad83c8c14978e'),('KvkXXH_potty_MK','kAfRrD@xyz.com','e80b5017098950fc58aad83c8c14978e'),('KyQUM_RobotBana','mOTLD@gmail.com','e6e3be2d833cdf5d9d4c7bc2f85cd098'),('KzmIp_RobotBana','JaI24@gmail.com','e6e3be2d833cdf5d9d4c7bc2f85cd098'),('KzzEjR_potty_MK','nYkPQX@xyz.com','e80b5017098950fc58aad83c8c14978e'),('LAGFpW_nahihai_','lQwTDu@xyz.com','e80b5017098950fc58aad83c8c14978e'),('LBM8KRobotBanao','rPvZB@gmail.com','e6e3be2d833cdf5d9d4c7bc2f85cd098'),('LBeGKd_potty_MK','jdpenx@xyz.com','e80b5017098950fc58aad83c8c14978e'),('LDggYC_letsgo_C','UHgebP@xyz.com','e80b5017098950fc58aad83c8c14978e'),('LDlOxf_nahihai_','plnXhq@xyz.com','e80b5017098950fc58aad83c8c14978e'),('LDmVTW_letsgo_C','dWszGu@xyz.com','e80b5017098950fc58aad83c8c14978e'),('LEkeXb_potty_MK','VpXztv@xyz.com','e80b5017098950fc58aad83c8c14978e'),('LFrUZn_potty_MK','xeAbVU@xyz.com','e80b5017098950fc58aad83c8c14978e'),('LHfWsS_letsgo_C','gkLsnj@xyz.com','e80b5017098950fc58aad83c8c14978e'),('LHurmb_letsgo_C','LAvirF@xyz.com','e80b5017098950fc58aad83c8c14978e'),('LISigl_potty_MK','WqfQTc@xyz.com','e80b5017098950fc58aad83c8c14978e'),('LIdgKT_nahihai_','WDNfoI@xyz.com','e80b5017098950fc58aad83c8c14978e'),('LJCEzq_nahihai_','_VDXnn@xyz.com','e80b5017098950fc58aad83c8c14978e'),('LJWFw__potty_MK','QRQRcB@xyz.com','e80b5017098950fc58aad83c8c14978e'),('LJhbUv_letsgo_C','xXr_PT@xyz.com','e80b5017098950fc58aad83c8c14978e'),('LJqjhU_letsgo_C','aOGESc@xyz.com','e80b5017098950fc58aad83c8c14978e'),('LKeyVu_potty_MK','YeYrgR@xyz.com','e80b5017098950fc58aad83c8c14978e'),('LLIRJx_nahihai_','XhWGrb@xyz.com','e80b5017098950fc58aad83c8c14978e'),('LLVAhC_nahihai_','hMpqmm@xyz.com','e80b5017098950fc58aad83c8c14978e'),('LMjyFQ_nahihai_','GbiUdh@xyz.com','e80b5017098950fc58aad83c8c14978e'),('LNPDGM_nahihai_','pvBGHv@xyz.com','e80b5017098950fc58aad83c8c14978e'),('LPDrIr_potty_MK','MjoUfR@xyz.com','e80b5017098950fc58aad83c8c14978e'),('LPweYH_potty_MK','RZlAMQ@xyz.com','e80b5017098950fc58aad83c8c14978e'),('LQAUSz_nahihai_','mfcZyn@xyz.com','e80b5017098950fc58aad83c8c14978e'),('LQItURobotBanao','iTPGB@gmail.com','e6e3be2d833cdf5d9d4c7bc2f85cd098'),('LQKvpo_potty_MK','tkJiRu@xyz.com','e80b5017098950fc58aad83c8c14978e'),('LQkOgf_nahihai_','DDjICX@xyz.com','e80b5017098950fc58aad83c8c14978e'),('LRYZmz_nahihai_','xFUmKO@xyz.com','e80b5017098950fc58aad83c8c14978e'),('LUTYeP_nahihai_','ZuPlFv@xyz.com','e80b5017098950fc58aad83c8c14978e'),('LV2OpRobotBanao','HmtCv@gmail.com','e6e3be2d833cdf5d9d4c7bc2f85cd098'),('LVlQjb_nahihai_','xIbCtR@xyz.com','e80b5017098950fc58aad83c8c14978e'),('LWwxAu_nahihai_','bvRHbl@xyz.com','e80b5017098950fc58aad83c8c14978e'),('LYjUMf_letsgo_C','KYIZiD@xyz.com','e80b5017098950fc58aad83c8c14978e'),('LZAOJn_nahihai_','QisdGS@xyz.com','e80b5017098950fc58aad83c8c14978e'),('LZPrRK_nahihai_','PjMuLD@xyz.com','e80b5017098950fc58aad83c8c14978e'),('LZpZDn_letsgo_C','PCQcwZ@xyz.com','e80b5017098950fc58aad83c8c14978e'),('L_BWYi_nahihai_','HLjwjE@xyz.com','e80b5017098950fc58aad83c8c14978e'),('L_FQlo_potty_MK','ruKVz_@xyz.com','e80b5017098950fc58aad83c8c14978e'),('LapWlw_potty_MK','MvAdHY@xyz.com','e80b5017098950fc58aad83c8c14978e'),('Laxus','vamshi.kolanu@students.iiit.ac','e6e3be2d833cdf5d9d4c7bc2f85cd098'),('LbDeFB_nahihai_','FWFjpY@xyz.com','e80b5017098950fc58aad83c8c14978e'),('LcNJEX_letsgo_C','aTtXei@xyz.com','e80b5017098950fc58aad83c8c14978e'),('LdEuck_nahihai_','gNb_eB@xyz.com','e80b5017098950fc58aad83c8c14978e'),('LdcDND_potty_MK','eHzBTc@xyz.com','e80b5017098950fc58aad83c8c14978e'),('LdigCRobotBanao','vdTNK@gmail.com','e6e3be2d833cdf5d9d4c7bc2f85cd098'),('LdwGpT_potty_MK','sIcn_e@xyz.com','e80b5017098950fc58aad83c8c14978e'),('LfDdAV_nahihai_','kAkguG@xyz.com','e80b5017098950fc58aad83c8c14978e'),('LiDVSf_letsgo_C','jLvPJJ@xyz.com','e80b5017098950fc58aad83c8c14978e'),('LjCBjr_nahihai_','LLfwZI@xyz.com','e80b5017098950fc58aad83c8c14978e'),('LjPXlb_letsgo_C','ajXBRr@xyz.com','e80b5017098950fc58aad83c8c14978e'),('LjVWXL_nahihai_','yHYhmX@xyz.com','e80b5017098950fc58aad83c8c14978e'),('Lj_Kbo_potty_MK','iyrIPN@xyz.com','e80b5017098950fc58aad83c8c14978e'),('LjfTDRobotBanao','aifuS@gmail.com','e6e3be2d833cdf5d9d4c7bc2f85cd098'),('LjljWJ_letsgo_C','jwuHTZ@xyz.com','e80b5017098950fc58aad83c8c14978e'),('LkJULa_letsgo_C','HAs_US@xyz.com','e80b5017098950fc58aad83c8c14978e'),('LkYben_nahihai_','fMIeuE@xyz.com','e80b5017098950fc58aad83c8c14978e'),('LkkjdK_letsgo_C','WDODNT@xyz.com','e80b5017098950fc58aad83c8c14978e'),('LlAui_RobotBana','d1B8T@gmail.com','e6e3be2d833cdf5d9d4c7bc2f85cd098'),('LlkIcS_potty_MK','cNhPZE@xyz.com','e80b5017098950fc58aad83c8c14978e'),('LlmcFK_letsgo_C','mThCqG@xyz.com','e80b5017098950fc58aad83c8c14978e'),('LlunbH_potty_MK','lBtHaO@xyz.com','e80b5017098950fc58aad83c8c14978e'),('LmdPkRobotBanao','nYRS8@gmail.com','e6e3be2d833cdf5d9d4c7bc2f85cd098'),('Lnnc_W_potty_MK','OVAKDV@xyz.com','e80b5017098950fc58aad83c8c14978e'),('Lo6ThRobotBanao','DAgMF@gmail.com','e6e3be2d833cdf5d9d4c7bc2f85cd098'),('LoLVTRobotBanao','Es2Ev@gmail.com','e6e3be2d833cdf5d9d4c7bc2f85cd098'),('LprwcY_potty_MK','ejVFgx@xyz.com','e80b5017098950fc58aad83c8c14978e'),('LpzeD_RobotBana','RcFC8@gmail.com','e6e3be2d833cdf5d9d4c7bc2f85cd098'),('LqogF_RobotBana','ME7xd@gmail.com','e6e3be2d833cdf5d9d4c7bc2f85cd098'),('LqpXCF_potty_MK','OrkHxl@xyz.com','e80b5017098950fc58aad83c8c14978e'),('LqvquRobotBanao','KuOA1@gmail.com','e6e3be2d833cdf5d9d4c7bc2f85cd098'),('LrQGvv_potty_MK','apVDhr@xyz.com','e80b5017098950fc58aad83c8c14978e'),('LrVpaO_potty_MK','JydNgW@xyz.com','e80b5017098950fc58aad83c8c14978e'),('LuBops_nahihai_','I_asLu@xyz.com','e80b5017098950fc58aad83c8c14978e'),('LuFhUM_potty_MK','StnlKn@xyz.com','e80b5017098950fc58aad83c8c14978e'),('Lujjtv_letsgo_C','THighM@xyz.com','e80b5017098950fc58aad83c8c14978e'),('LvOwJr_letsgo_C','YkHaGX@xyz.com','e80b5017098950fc58aad83c8c14978e'),('LvXtORobotBanao','KbODz@gmail.com','e6e3be2d833cdf5d9d4c7bc2f85cd098'),('LvnIQ_RobotBana','oFs32@gmail.com','e6e3be2d833cdf5d9d4c7bc2f85cd098'),('LvpSSq_nahihai_','fR_JLa@xyz.com','e80b5017098950fc58aad83c8c14978e'),('LwRSTK_letsgo_C','hJCekJ@xyz.com','e80b5017098950fc58aad83c8c14978e'),('LxLRaP_potty_MK','tABpyK@xyz.com','e80b5017098950fc58aad83c8c14978e'),('LxhiVy_potty_MK','ewxNKY@xyz.com','e80b5017098950fc58aad83c8c14978e'),('LxuBU_RobotBana','hmjCm@gmail.com','e6e3be2d833cdf5d9d4c7bc2f85cd098'),('LyaEvB_potty_MK','DmqPfH@xyz.com','e80b5017098950fc58aad83c8c14978e'),('LygybB_letsgo_C','vpPjYT@xyz.com','e80b5017098950fc58aad83c8c14978e'),('LypjQt_letsgo_C','RXdUrd@xyz.com','e80b5017098950fc58aad83c8c14978e'),('LzKj_N_nahihai_','EawvAi@xyz.com','e80b5017098950fc58aad83c8c14978e'),('Lzdc9RobotBanao','mlEsO@gmail.com','e6e3be2d833cdf5d9d4c7bc2f85cd098'),('M7fhORobotBanao','S0yPw@gmail.com','e6e3be2d833cdf5d9d4c7bc2f85cd098'),('M85xB_RobotBana','okAd2@gmail.com','e6e3be2d833cdf5d9d4c7bc2f85cd098'),('MAVYDl_nahihai_','MCZHoZ@xyz.com','e80b5017098950fc58aad83c8c14978e'),('MAiZyA_potty_MK','beWdSW@xyz.com','e80b5017098950fc58aad83c8c14978e'),('MBY99_RobotBana','IKC4H@gmail.com','e6e3be2d833cdf5d9d4c7bc2f85cd098'),('MCZxIf_nahihai_','wSQeTN@xyz.com','e80b5017098950fc58aad83c8c14978e'),('MEJNaU_letsgo_C','NvluEP@xyz.com','e80b5017098950fc58aad83c8c14978e'),('MEltkq_nahihai_','bmcKrn@xyz.com','e80b5017098950fc58aad83c8c14978e'),('MEnocT_letsgo_C','bxrVvi@xyz.com','e80b5017098950fc58aad83c8c14978e'),('MF8Kz_RobotBana','NQVG8@gmail.com','e6e3be2d833cdf5d9d4c7bc2f85cd098'),('MFHSZo_potty_MK','bXGKGW@xyz.com','e80b5017098950fc58aad83c8c14978e'),('MFotFg_potty_MK','XQwTbH@xyz.com','e80b5017098950fc58aad83c8c14978e'),('MFzFBY_letsgo_C','ystAMf@xyz.com','e80b5017098950fc58aad83c8c14978e'),('MGfjg__potty_MK','BoBEey@xyz.com','e80b5017098950fc58aad83c8c14978e'),('MHmHeA_potty_MK','lt_uUv@xyz.com','e80b5017098950fc58aad83c8c14978e'),('MIWotI_potty_MK','H_jqRz@xyz.com','e80b5017098950fc58aad83c8c14978e'),('MKFTjv_letsgo_C','vDfbDD@xyz.com','e80b5017098950fc58aad83c8c14978e'),('MKHfdY_nahihai_','xqngMS@xyz.com','e80b5017098950fc58aad83c8c14978e'),('MKzHY_RobotBana','djKJQ@gmail.com','e6e3be2d833cdf5d9d4c7bc2f85cd098'),('MLMsnm_nahihai_','xAlUrE@xyz.com','e80b5017098950fc58aad83c8c14978e'),('MMZqtRobotBanao','IVu2K@gmail.com','e6e3be2d833cdf5d9d4c7bc2f85cd098'),('MMas1_RobotBana','fpQR7@gmail.com','e6e3be2d833cdf5d9d4c7bc2f85cd098'),('MNJbNU_letsgo_C','spCySX@xyz.com','e80b5017098950fc58aad83c8c14978e'),('MOHANTY','spmohanty91@gmail.com','e6e3be2d833cdf5d9d4c7bc2f85cd098'),('MRrDLi_nahihai_','wRDvta@xyz.com','e80b5017098950fc58aad83c8c14978e'),('MSN2YRobotBanao','qafjs@gmail.com','e6e3be2d833cdf5d9d4c7bc2f85cd098'),('MTKe_k_nahihai_','TfZUEK@xyz.com','e80b5017098950fc58aad83c8c14978e'),('MTMGiI_nahihai_','mJyYuv@xyz.com','e80b5017098950fc58aad83c8c14978e'),('MYRHG_RobotBana','EE4rr@gmail.com','e6e3be2d833cdf5d9d4c7bc2f85cd098'),('M_DpcL_letsgo_C','BVgJPq@xyz.com','e80b5017098950fc58aad83c8c14978e'),('M_JBq__potty_MK','U_fUcL@xyz.com','e80b5017098950fc58aad83c8c14978e'),('MaIFoG_potty_MK','XcEPLb@xyz.com','e80b5017098950fc58aad83c8c14978e'),('MaYWLi_potty_MK','noLnHb@xyz.com','e80b5017098950fc58aad83c8c14978e'),('MaqPEZ_potty_MK','xgnnsp@xyz.com','e80b5017098950fc58aad83c8c14978e'),('MbFqhc_potty_MK','GRbmHV@xyz.com','e80b5017098950fc58aad83c8c14978e'),('MbWexk_potty_MK','HYGOMT@xyz.com','e80b5017098950fc58aad83c8c14978e'),('MbgBne_letsgo_C','wZsvkc@xyz.com','e80b5017098950fc58aad83c8c14978e'),('MbjPHa_nahihai_','ankwIi@xyz.com','e80b5017098950fc58aad83c8c14978e'),('MbwbHf_potty_MK','VhpYb_@xyz.com','e80b5017098950fc58aad83c8c14978e'),('MdDJSH_nahihai_','rxwY_C@xyz.com','e80b5017098950fc58aad83c8c14978e'),('MdbuZg_nahihai_','FyuCuB@xyz.com','e80b5017098950fc58aad83c8c14978e'),('MeDAUB_potty_MK','WJFcWM@xyz.com','e80b5017098950fc58aad83c8c14978e'),('MhdbRl_letsgo_C','gBTfSb@xyz.com','e80b5017098950fc58aad83c8c14978e'),('MiDQzV_nahihai_','OwXmuK@xyz.com','e80b5017098950fc58aad83c8c14978e'),('MiFyDRobotBanao','suhS1@gmail.com','e6e3be2d833cdf5d9d4c7bc2f85cd098'),('MigRBs_potty_MK','Sfamrw@xyz.com','e80b5017098950fc58aad83c8c14978e'),('MjgDNk_nahihai_','_CKjN_@xyz.com','e80b5017098950fc58aad83c8c14978e'),('MjwyHh_potty_MK','xKbmLN@xyz.com','e80b5017098950fc58aad83c8c14978e'),('MklvLI_nahihai_','qBpEF_@xyz.com','e80b5017098950fc58aad83c8c14978e'),('MkpQrv_letsgo_C','xQYCBL@xyz.com','e80b5017098950fc58aad83c8c14978e'),('MlSIUP_letsgo_C','mU_aBi@xyz.com','e80b5017098950fc58aad83c8c14978e'),('MlcMDr_potty_MK','VMzkDS@xyz.com','e80b5017098950fc58aad83c8c14978e'),('MmXqpB_nahihai_','gCzHDs@xyz.com','e80b5017098950fc58aad83c8c14978e'),('MnCWGc_letsgo_C','YTlSEQ@xyz.com','e80b5017098950fc58aad83c8c14978e'),('Mnm_Sl_letsgo_C','vGTzlf@xyz.com','e80b5017098950fc58aad83c8c14978e'),('Mohanty_Club_8_','PRNTg@gmail.com','e6e3be2d833cdf5d9d4c7bc2f85cd098'),('MpJV_M_nahihai_','rhtPN_@xyz.com','e80b5017098950fc58aad83c8c14978e'),('MpuAZa_nahihai_','JxMwS_@xyz.com','e80b5017098950fc58aad83c8c14978e'),('MqcxJC_potty_MK','fNJDhd@xyz.com','e80b5017098950fc58aad83c8c14978e'),('Mr9tTRobotBanao','XtW8D@gmail.com','e6e3be2d833cdf5d9d4c7bc2f85cd098'),('MsozDd_potty_MK','StjrZa@xyz.com','e80b5017098950fc58aad83c8c14978e'),('MtGNLN_letsgo_C','hZUCWz@xyz.com','e80b5017098950fc58aad83c8c14978e'),('Mtbq_G_potty_MK','YlGevZ@xyz.com','e80b5017098950fc58aad83c8c14978e'),('MvFCrRobotBanao','LwGPB@gmail.com','e6e3be2d833cdf5d9d4c7bc2f85cd098'),('MwbOZy_potty_MK','iIsmmb@xyz.com','e80b5017098950fc58aad83c8c14978e'),('MxBRsO_potty_MK','ellwxr@xyz.com','e80b5017098950fc58aad83c8c14978e'),('MxQCUM_nahihai_','EQRbae@xyz.com','e80b5017098950fc58aad83c8c14978e'),('MxYysr_potty_MK','LPt_Yb@xyz.com','e80b5017098950fc58aad83c8c14978e'),('MxhKlRobotBanao','vwWAm@gmail.com','e6e3be2d833cdf5d9d4c7bc2f85cd098'),('MxluQu_letsgo_C','quNUJr@xyz.com','e80b5017098950fc58aad83c8c14978e'),('MyJuTl_letsgo_C','GejLbu@xyz.com','e80b5017098950fc58aad83c8c14978e'),('MyLptF_nahihai_','bXXkvb@xyz.com','e80b5017098950fc58aad83c8c14978e'),('Myajiq_potty_MK','NUcGDv@xyz.com','e80b5017098950fc58aad83c8c14978e'),('MzQrRl_nahihai_','bY_oBA@xyz.com','e80b5017098950fc58aad83c8c14978e'),('MzVLVc_letsgo_C','GYOGcf@xyz.com','e80b5017098950fc58aad83c8c14978e'),('MzzcBv_letsgo_C','D_CWNX@xyz.com','e80b5017098950fc58aad83c8c14978e'),('N4dPe_RobotBana','jBDU8@gmail.com','e6e3be2d833cdf5d9d4c7bc2f85cd098'),('N6fmy_RobotBana','VjW7u@gmail.com','e6e3be2d833cdf5d9d4c7bc2f85cd098'),('NACCbL_letsgo_C','xMRILF@xyz.com','e80b5017098950fc58aad83c8c14978e'),('NAEBXf_nahihai_','QqHxoQ@xyz.com','e80b5017098950fc58aad83c8c14978e'),('NAURvR_potty_MK','VrWHCh@xyz.com','e80b5017098950fc58aad83c8c14978e'),('NBKPbV_potty_MK','JhOHBo@xyz.com','e80b5017098950fc58aad83c8c14978e'),('NBfiMZ_nahihai_','gnMkAj@xyz.com','e80b5017098950fc58aad83c8c14978e'),('NCbyRb_letsgo_C','dIyNpO@xyz.com','e80b5017098950fc58aad83c8c14978e'),('NEAJzH_nahihai_','HzCSXP@xyz.com','e80b5017098950fc58aad83c8c14978e'),('NEiHkZ_potty_MK','Npscol@xyz.com','e80b5017098950fc58aad83c8c14978e'),('NEmMXx_letsgo_C','LhVOoc@xyz.com','e80b5017098950fc58aad83c8c14978e'),('NEzgJt_nahihai_','w_DtCV@xyz.com','e80b5017098950fc58aad83c8c14978e'),('NFkres_letsgo_C','MxqlDz@xyz.com','e80b5017098950fc58aad83c8c14978e'),('NGBzSRobotBanao','K4bMU@gmail.com','e6e3be2d833cdf5d9d4c7bc2f85cd098'),('NJLpWu_potty_MK','iUbqfG@xyz.com','e80b5017098950fc58aad83c8c14978e'),('NLrRFE_potty_MK','glcfjf@xyz.com','e80b5017098950fc58aad83c8c14978e'),('NLtSHX_potty_MK','LuljkF@xyz.com','e80b5017098950fc58aad83c8c14978e'),('NMKhbl_nahihai_','dvfwwu@xyz.com','e80b5017098950fc58aad83c8c14978e'),('NMRQPL_potty_MK','vtMhoE@xyz.com','e80b5017098950fc58aad83c8c14978e'),('NMVv9RobotBanao','AGE5p@gmail.com','e6e3be2d833cdf5d9d4c7bc2f85cd098'),('NNPp6_RobotBana','DGFnM@gmail.com','e6e3be2d833cdf5d9d4c7bc2f85cd098'),('NPHBbK_letsgo_C','MNODVm@xyz.com','e80b5017098950fc58aad83c8c14978e'),('NPyVLi_potty_MK','nBvqCB@xyz.com','e80b5017098950fc58aad83c8c14978e'),('NQQjHs_potty_MK','UuewLo@xyz.com','e80b5017098950fc58aad83c8c14978e'),('NQnMCa_letsgo_C','_ToqrP@xyz.com','e80b5017098950fc58aad83c8c14978e'),('NRHNrRobotBanao','Ndj5H@gmail.com','e6e3be2d833cdf5d9d4c7bc2f85cd098'),('NTBXLw_potty_MK','BIDiEC@xyz.com','e80b5017098950fc58aad83c8c14978e'),('NTF3Q_RobotBana','HsXos@gmail.com','e6e3be2d833cdf5d9d4c7bc2f85cd098'),('NTknpT_potty_MK','DeDLsU@xyz.com','e80b5017098950fc58aad83c8c14978e'),('NTlAAi_potty_MK','YNKSCZ@xyz.com','e80b5017098950fc58aad83c8c14978e'),('NUCaVD_potty_MK','cdkRUS@xyz.com','e80b5017098950fc58aad83c8c14978e'),('NVAIlRobotBanao','G4AcK@gmail.com','e6e3be2d833cdf5d9d4c7bc2f85cd098'),('NVHNEN_letsgo_C','mJsrJd@xyz.com','e80b5017098950fc58aad83c8c14978e'),('NWExpk_letsgo_C','bfhxAm@xyz.com','e80b5017098950fc58aad83c8c14978e'),('NWhUp_RobotBana','f6b9O@gmail.com','e6e3be2d833cdf5d9d4c7bc2f85cd098'),('NWiH_Q_letsgo_C','pDirwz@xyz.com','e80b5017098950fc58aad83c8c14978e'),('NYDLMRobotBanao','UybOZ@gmail.com','e6e3be2d833cdf5d9d4c7bc2f85cd098'),('NYqfcg_letsgo_C','dgUldt@xyz.com','e80b5017098950fc58aad83c8c14978e'),('NZAtyw_letsgo_C','wUW_Pi@xyz.com','e80b5017098950fc58aad83c8c14978e'),('NZ_ZFv_nahihai_','JHJRsh@xyz.com','e80b5017098950fc58aad83c8c14978e'),('NZvmMc_letsgo_C','EabUxR@xyz.com','e80b5017098950fc58aad83c8c14978e'),('N_CDeQ_potty_MK','xRIrQh@xyz.com','e80b5017098950fc58aad83c8c14978e'),('NauKDT_nahihai_','SzHXeJ@xyz.com','e80b5017098950fc58aad83c8c14978e'),('NbGw2RobotBanao','gEABW@gmail.com','e6e3be2d833cdf5d9d4c7bc2f85cd098'),('NbPkCB_potty_MK','JlItSD@xyz.com','e80b5017098950fc58aad83c8c14978e'),('NbmSzp_letsgo_C','AmvdYm@xyz.com','e80b5017098950fc58aad83c8c14978e'),('Nc_ErS_letsgo_C','aDFXKi@xyz.com','e80b5017098950fc58aad83c8c14978e'),('NdCmBq_letsgo_C','ofDACA@xyz.com','e80b5017098950fc58aad83c8c14978e'),('NeMCOR_nahihai_','rmxbze@xyz.com','e80b5017098950fc58aad83c8c14978e'),('NelXdH_potty_MK','ThnmnG@xyz.com','e80b5017098950fc58aad83c8c14978e'),('NfMtPe_letsgo_C','BDgZBF@xyz.com','e80b5017098950fc58aad83c8c14978e'),('NfXuE__nahihai_','OTESjZ@xyz.com','e80b5017098950fc58aad83c8c14978e'),('NfxfcN_letsgo_C','uxcTbo@xyz.com','e80b5017098950fc58aad83c8c14978e'),('NgvOTT_letsgo_C','kTVZIY@xyz.com','e80b5017098950fc58aad83c8c14978e'),('NgxSAB_letsgo_C','SxPWsu@xyz.com','e80b5017098950fc58aad83c8c14978e'),('NhNtym_nahihai_','glCDbW@xyz.com','e80b5017098950fc58aad83c8c14978e'),('NhPjqc_potty_MK','vuBYEd@xyz.com','e80b5017098950fc58aad83c8c14978e'),('NhVwTk_letsgo_C','zWvxnO@xyz.com','e80b5017098950fc58aad83c8c14978e'),('NiZYBO_potty_MK','SAVtYR@xyz.com','e80b5017098950fc58aad83c8c14978e'),('Niu2q_RobotBana','BYfFu@gmail.com','e6e3be2d833cdf5d9d4c7bc2f85cd098'),('NkpRRJ_potty_MK','MMdz_f@xyz.com','e80b5017098950fc58aad83c8c14978e'),('NmoegY_letsgo_C','VxotJo@xyz.com','e80b5017098950fc58aad83c8c14978e'),('NnOPGN_nahihai_','HgDJSC@xyz.com','e80b5017098950fc58aad83c8c14978e'),('Nnuke','nnuke@gmail.com','e6e3be2d833cdf5d9d4c7bc2f85cd098'),('NoKJsk_letsgo_C','VolKNQ@xyz.com','e80b5017098950fc58aad83c8c14978e'),('NoajZO_nahihai_','UFjpih@xyz.com','e80b5017098950fc58aad83c8c14978e'),('NoxjzC_nahihai_','GMcBLK@xyz.com','e80b5017098950fc58aad83c8c14978e'),('NpQuJ_RobotBana','aZkOv@gmail.com','e6e3be2d833cdf5d9d4c7bc2f85cd098'),('NpS1jRobotBanao','7y3aV@gmail.com','e6e3be2d833cdf5d9d4c7bc2f85cd098'),('NptAEr_potty_MK','zpVPNl@xyz.com','e80b5017098950fc58aad83c8c14978e'),('NqBwif_potty_MK','stbSQm@xyz.com','e80b5017098950fc58aad83c8c14978e'),('Nr9oqRobotBanao','wKrJF@gmail.com','e6e3be2d833cdf5d9d4c7bc2f85cd098'),('NrLygq_nahihai_','YzcSFP@xyz.com','e80b5017098950fc58aad83c8c14978e'),('NrgWgj_nahihai_','TIjTfo@xyz.com','e80b5017098950fc58aad83c8c14978e'),('NsGqsm_nahihai_','gCrQqV@xyz.com','e80b5017098950fc58aad83c8c14978e'),('NtKyeN_letsgo_C','bxv_QH@xyz.com','e80b5017098950fc58aad83c8c14978e'),('NtTvdr_letsgo_C','WFqDOs@xyz.com','e80b5017098950fc58aad83c8c14978e'),('NtUlvT_potty_MK','tPqJNW@xyz.com','e80b5017098950fc58aad83c8c14978e'),('NuaPAp_potty_MK','uOXflx@xyz.com','e80b5017098950fc58aad83c8c14978e'),('NwLpCk_potty_MK','gtgeZv@xyz.com','e80b5017098950fc58aad83c8c14978e'),('NxX9zRobotBanao','MvFzf@gmail.com','e6e3be2d833cdf5d9d4c7bc2f85cd098'),('NxjSU_RobotBana','KZoff@gmail.com','e6e3be2d833cdf5d9d4c7bc2f85cd098'),('NykLZh_potty_MK','aTABk_@xyz.com','e80b5017098950fc58aad83c8c14978e'),('NzBhka_nahihai_','XDcCMi@xyz.com','e80b5017098950fc58aad83c8c14978e'),('NzIPZt_potty_MK','bLNGkZ@xyz.com','e80b5017098950fc58aad83c8c14978e'),('NzdZOH_letsgo_C','TYgmnb@xyz.com','e80b5017098950fc58aad83c8c14978e'),('O0FrQRobotBanao','rbYN0@gmail.com','e6e3be2d833cdf5d9d4c7bc2f85cd098'),('O7P4ZRobotBanao','5Xdvv@gmail.com','e6e3be2d833cdf5d9d4c7bc2f85cd098'),('O93tSRobotBanao','fbkC1@gmail.com','e6e3be2d833cdf5d9d4c7bc2f85cd098'),('O9bZERobotBanao','1dEoJ@gmail.com','e6e3be2d833cdf5d9d4c7bc2f85cd098'),('OAkrqD_potty_MK','iFhMch@xyz.com','e80b5017098950fc58aad83c8c14978e'),('ODrfax_potty_MK','nsGIDC@xyz.com','e80b5017098950fc58aad83c8c14978e'),('OE2NtRobotBanao','mBFCp@gmail.com','e6e3be2d833cdf5d9d4c7bc2f85cd098'),('OEktzX_nahihai_','tuWcpI@xyz.com','e80b5017098950fc58aad83c8c14978e'),('OFUxS__letsgo_C','KwRbmX@xyz.com','e80b5017098950fc58aad83c8c14978e'),('OG5wERobotBanao','nQEGN@gmail.com','e6e3be2d833cdf5d9d4c7bc2f85cd098'),('OGDDBT_nahihai_','BZRznh@xyz.com','e80b5017098950fc58aad83c8c14978e'),('OGantL_nahihai_','erlmAd@xyz.com','e80b5017098950fc58aad83c8c14978e'),('OJIukS_letsgo_C','xmJXne@xyz.com','e80b5017098950fc58aad83c8c14978e'),('OJsDAD_potty_MK','LGHfOj@xyz.com','e80b5017098950fc58aad83c8c14978e'),('OLtXsJ_nahihai_','VKgCvY@xyz.com','e80b5017098950fc58aad83c8c14978e'),('OMPhxS_potty_MK','qxXpiJ@xyz.com','e80b5017098950fc58aad83c8c14978e'),('OMdHzr_letsgo_C','JCyzqX@xyz.com','e80b5017098950fc58aad83c8c14978e'),('ONCAqc_nahihai_','ZtqYoY@xyz.com','e80b5017098950fc58aad83c8c14978e'),('ONMjcn_nahihai_','Vd_ABp@xyz.com','e80b5017098950fc58aad83c8c14978e'),('ONxZjt_potty_MK','SVTLZP@xyz.com','e80b5017098950fc58aad83c8c14978e'),('OOBNNM_letsgo_C','cQzIP_@xyz.com','e80b5017098950fc58aad83c8c14978e'),('OOjukx_letsgo_C','vpfcsY@xyz.com','e80b5017098950fc58aad83c8c14978e'),('OOprYd_nahihai_','FlTsgP@xyz.com','e80b5017098950fc58aad83c8c14978e'),('OQr4V_RobotBana','ff1UU@gmail.com','e6e3be2d833cdf5d9d4c7bc2f85cd098'),('OQwLAi_potty_MK','AEFzqB@xyz.com','e80b5017098950fc58aad83c8c14978e'),('OSgsDb_letsgo_C','usRIli@xyz.com','e80b5017098950fc58aad83c8c14978e'),('OVClSN_nahihai_','KwavwC@xyz.com','e80b5017098950fc58aad83c8c14978e'),('OYjzj__potty_MK','ZujCPy@xyz.com','e80b5017098950fc58aad83c8c14978e'),('OYpNIu_potty_MK','XuDRnJ@xyz.com','e80b5017098950fc58aad83c8c14978e'),('OYxZVV_nahihai_','ohUJgS@xyz.com','e80b5017098950fc58aad83c8c14978e'),('OZunOv_letsgo_C','fcANTT@xyz.com','e80b5017098950fc58aad83c8c14978e'),('OZwQQ_RobotBana','xziOd@gmail.com','e6e3be2d833cdf5d9d4c7bc2f85cd098'),('O_NIRb_nahihai_','XDurHD@xyz.com','e80b5017098950fc58aad83c8c14978e'),('O_cFkz_letsgo_C','cdMLFb@xyz.com','e80b5017098950fc58aad83c8c14978e'),('OabhNE_nahihai_','SHymEU@xyz.com','e80b5017098950fc58aad83c8c14978e'),('Ob8OqRobotBanao','oDstj@gmail.com','e6e3be2d833cdf5d9d4c7bc2f85cd098'),('ObHSwl_letsgo_C','hwZOeM@xyz.com','e80b5017098950fc58aad83c8c14978e'),('ObdMMl_potty_MK','uGddFl@xyz.com','e80b5017098950fc58aad83c8c14978e'),('OcJzhRobotBanao','8jLIG@gmail.com','e6e3be2d833cdf5d9d4c7bc2f85cd098'),('Ocgluh_nahihai_','ENUtzC@xyz.com','e80b5017098950fc58aad83c8c14978e'),('Oe0xk_RobotBana','kpJVr@gmail.com','e6e3be2d833cdf5d9d4c7bc2f85cd098'),('OeJjXP_letsgo_C','XdSfxL@xyz.com','e80b5017098950fc58aad83c8c14978e'),('OedEgt_nahihai_','BvOxcb@xyz.com','e80b5017098950fc58aad83c8c14978e'),('OfISHc_nahihai_','GQRDro@xyz.com','e80b5017098950fc58aad83c8c14978e'),('Of_lNC_letsgo_C','nOfWb_@xyz.com','e80b5017098950fc58aad83c8c14978e'),('OgCHDR_nahihai_','pcEBrN@xyz.com','e80b5017098950fc58aad83c8c14978e'),('OgShVA_nahihai_','UImiSW@xyz.com','e80b5017098950fc58aad83c8c14978e'),('OggzRL_nahihai_','ASAFNt@xyz.com','e80b5017098950fc58aad83c8c14978e'),('OiQAkw_potty_MK','MEIFKP@xyz.com','e80b5017098950fc58aad83c8c14978e'),('OivsBy_nahihai_','VwpBLE@xyz.com','e80b5017098950fc58aad83c8c14978e'),('Oj1T0_RobotBana','7nX12@gmail.com','e6e3be2d833cdf5d9d4c7bc2f85cd098'),('OjDlNt_nahihai_','QkLWvx@xyz.com','e80b5017098950fc58aad83c8c14978e'),('OkIfK_RobotBana','7jeIi@gmail.com','e6e3be2d833cdf5d9d4c7bc2f85cd098'),('Okaevo_letsgo_C','xHdnsR@xyz.com','e80b5017098950fc58aad83c8c14978e'),('OlBxme_letsgo_C','nmtRRM@xyz.com','e80b5017098950fc58aad83c8c14978e'),('OlLlCL_nahihai_','zxBHkX@xyz.com','e80b5017098950fc58aad83c8c14978e'),('OlqzJg_potty_MK','FSHsRI@xyz.com','e80b5017098950fc58aad83c8c14978e'),('OnLIPV_potty_MK','m_ppOT@xyz.com','e80b5017098950fc58aad83c8c14978e'),('Oogjrz_letsgo_C','PZKESs@xyz.com','e80b5017098950fc58aad83c8c14978e'),('OprZzc_nahihai_','osAqjJ@xyz.com','e80b5017098950fc58aad83c8c14978e'),('Opwsco_nahihai_','HXhqZS@xyz.com','e80b5017098950fc58aad83c8c14978e'),('OqOFSt_potty_MK','tzLwUg@xyz.com','e80b5017098950fc58aad83c8c14978e'),('Or8a6RobotBanao','Dp0yV@gmail.com','e6e3be2d833cdf5d9d4c7bc2f85cd098'),('OrMHvX_potty_MK','Y_nzSg@xyz.com','e80b5017098950fc58aad83c8c14978e'),('Orion','maheshwarinamra@gmail.com','e6e3be2d833cdf5d9d4c7bc2f85cd098'),('OsGwye_potty_MK','XJihoL@xyz.com','e80b5017098950fc58aad83c8c14978e'),('OskSzH_potty_MK','zZyqtn@xyz.com','e80b5017098950fc58aad83c8c14978e'),('OsqNCz_potty_MK','IPsNfT@xyz.com','e80b5017098950fc58aad83c8c14978e'),('OvPRnC_potty_MK','ViRvVB@xyz.com','e80b5017098950fc58aad83c8c14978e'),('Ovrrcv_potty_MK','VmlgPq@xyz.com','e80b5017098950fc58aad83c8c14978e'),('OwzdTk_nahihai_','jThkza@xyz.com','e80b5017098950fc58aad83c8c14978e'),('OxkHiu_potty_MK','oiurEB@xyz.com','e80b5017098950fc58aad83c8c14978e'),('Oyqp1_RobotBana','nysAQ@gmail.com','e6e3be2d833cdf5d9d4c7bc2f85cd098'),('OzDcJa_potty_MK','jEHcPg@xyz.com','e80b5017098950fc58aad83c8c14978e'),('Ozd_Zh_letsgo_C','mlkCvD@xyz.com','e80b5017098950fc58aad83c8c14978e'),('OzrEMB_nahihai_','KhidZH@xyz.com','e80b5017098950fc58aad83c8c14978e'),('OzystRobotBanao','sJDzV@gmail.com','e6e3be2d833cdf5d9d4c7bc2f85cd098'),('P40dbRobotBanao','4ZWwx@gmail.com','e6e3be2d833cdf5d9d4c7bc2f85cd098'),('P4p10RobotBanao','F9Bis@gmail.com','e6e3be2d833cdf5d9d4c7bc2f85cd098'),('P6DmM_RobotBana','bFNZn@gmail.com','e6e3be2d833cdf5d9d4c7bc2f85cd098'),('P8ExN_RobotBana','5quIA@gmail.com','e6e3be2d833cdf5d9d4c7bc2f85cd098'),('P9T3gRobotBanao','HMAW6@gmail.com','e6e3be2d833cdf5d9d4c7bc2f85cd098'),('PAJFkm_letsgo_C','ulterA@xyz.com','e80b5017098950fc58aad83c8c14978e'),('PAPA','siddharth.sinha@students.iiit.','5f3e671de79eca8dfe14c1334191feda'),('PAtBhj_nahihai_','VkCupe@xyz.com','e80b5017098950fc58aad83c8c14978e'),('PBWAbM_letsgo_C','YNyPAR@xyz.com','e80b5017098950fc58aad83c8c14978e'),('PBhpNu_potty_MK','iqMGwL@xyz.com','e80b5017098950fc58aad83c8c14978e'),('PByGCt_potty_MK','TISUNp@xyz.com','e80b5017098950fc58aad83c8c14978e'),('PCOkRM_letsgo_C','yrxHla@xyz.com','e80b5017098950fc58aad83c8c14978e'),('PDXHCq_potty_MK','tfxDOL@xyz.com','e80b5017098950fc58aad83c8c14978e'),('PEAtK_RobotBana','8Nbhi@gmail.com','e6e3be2d833cdf5d9d4c7bc2f85cd098'),('PEB9BRobotBanao','gpttt@gmail.com','e6e3be2d833cdf5d9d4c7bc2f85cd098'),('PFYOOm_nahihai_','nQMWyw@xyz.com','e80b5017098950fc58aad83c8c14978e'),('PFjjoRobotBanao','ZnYBA@gmail.com','e6e3be2d833cdf5d9d4c7bc2f85cd098'),('PGAqBY_potty_MK','CTACIC@xyz.com','e80b5017098950fc58aad83c8c14978e'),('PGmueRobotBanao','r1OOZ@gmail.com','e6e3be2d833cdf5d9d4c7bc2f85cd098'),('PI19WRobotBanao','BpVap@gmail.com','e6e3be2d833cdf5d9d4c7bc2f85cd098'),('PIgoGA_letsgo_C','LazEck@xyz.com','e80b5017098950fc58aad83c8c14978e'),('PJVmNi_potty_MK','fqn_eh@xyz.com','e80b5017098950fc58aad83c8c14978e'),('PJdRBy_potty_MK','vgsRjL@xyz.com','e80b5017098950fc58aad83c8c14978e'),('PJwBzp_nahihai_','qvTigZ@xyz.com','e80b5017098950fc58aad83c8c14978e'),('PKx6BRobotBanao','B7IbX@gmail.com','e6e3be2d833cdf5d9d4c7bc2f85cd098'),('PL48dRobotBanao','Ktk1b@gmail.com','e6e3be2d833cdf5d9d4c7bc2f85cd098'),('PLQJLj_potty_MK','rQASDC@xyz.com','e80b5017098950fc58aad83c8c14978e'),('PLkclH_letsgo_C','MXmIXf@xyz.com','e80b5017098950fc58aad83c8c14978e'),('PLnhxq_nahihai_','yoxFhB@xyz.com','e80b5017098950fc58aad83c8c14978e'),('PMUokM_letsgo_C','OvJH_o@xyz.com','e80b5017098950fc58aad83c8c14978e'),('PMrhVN_letsgo_C','iZzkqg@xyz.com','e80b5017098950fc58aad83c8c14978e'),('PMsyyb_nahihai_','e_oRsk@xyz.com','e80b5017098950fc58aad83c8c14978e'),('PPDnOv_potty_MK','pWsGlU@xyz.com','e80b5017098950fc58aad83c8c14978e'),('PPKYjq_letsgo_C','kWZXdL@xyz.com','e80b5017098950fc58aad83c8c14978e'),('PQIYORobotBanao','GjGiE@gmail.com','e6e3be2d833cdf5d9d4c7bc2f85cd098'),('PQMhwa_nahihai_','UZUbft@xyz.com','e80b5017098950fc58aad83c8c14978e'),('PQilY_RobotBana','bt87F@gmail.com','e6e3be2d833cdf5d9d4c7bc2f85cd098'),('PROI3RobotBanao','yWD1c@gmail.com','e6e3be2d833cdf5d9d4c7bc2f85cd098'),('PRUJfO_potty_MK','CdDyAH@xyz.com','e80b5017098950fc58aad83c8c14978e'),('PRiuTG_letsgo_C','nrRBve@xyz.com','e80b5017098950fc58aad83c8c14978e'),('PRzpjz_letsgo_C','WkDgBp@xyz.com','e80b5017098950fc58aad83c8c14978e'),('PSknrw_letsgo_C','ILwyoz@xyz.com','e80b5017098950fc58aad83c8c14978e'),('PSvswI_potty_MK','FkWMbJ@xyz.com','e80b5017098950fc58aad83c8c14978e'),('PTiGon_nahihai_','cdABrE@xyz.com','e80b5017098950fc58aad83c8c14978e'),('PVF0s_RobotBana','UC216@gmail.com','e6e3be2d833cdf5d9d4c7bc2f85cd098'),('PVlLWO_potty_MK','ITnuCd@xyz.com','e80b5017098950fc58aad83c8c14978e'),('PVse0RobotBanao','3IZ8h@gmail.com','e6e3be2d833cdf5d9d4c7bc2f85cd098'),('PXRZDZ_potty_MK','nmENjJ@xyz.com','e80b5017098950fc58aad83c8c14978e'),('PXjwky_nahihai_','IRjmnk@xyz.com','e80b5017098950fc58aad83c8c14978e'),('PZ49DRobotBanao','PUtEv@gmail.com','e6e3be2d833cdf5d9d4c7bc2f85cd098'),('PZuLtm_nahihai_','CFKRGf@xyz.com','e80b5017098950fc58aad83c8c14978e'),('PanbxX_potty_MK','ePGSqt@xyz.com','e80b5017098950fc58aad83c8c14978e'),('Pd_WaI_letsgo_C','AWlMAE@xyz.com','e80b5017098950fc58aad83c8c14978e'),('PdcIvl_potty_MK','DGuxuU@xyz.com','e80b5017098950fc58aad83c8c14978e'),('PddLyB_letsgo_C','wCG_re@xyz.com','e80b5017098950fc58aad83c8c14978e'),('PdvrKo_letsgo_C','jNsPGe@xyz.com','e80b5017098950fc58aad83c8c14978e'),('PdxVrK_potty_MK','krSrjc@xyz.com','e80b5017098950fc58aad83c8c14978e'),('PecIm_RobotBana','msME1@gmail.com','e6e3be2d833cdf5d9d4c7bc2f85cd098'),('Pfkwid_potty_MK','xRrxGD@xyz.com','e80b5017098950fc58aad83c8c14978e'),('PgIfa_RobotBana','e9m4W@gmail.com','e6e3be2d833cdf5d9d4c7bc2f85cd098'),('PgThtA_nahihai_','kIFrLB@xyz.com','e80b5017098950fc58aad83c8c14978e'),('PgUGfI_letsgo_C','ktxxgG@xyz.com','e80b5017098950fc58aad83c8c14978e'),('PhPDuW_potty_MK','uJUVD_@xyz.com','e80b5017098950fc58aad83c8c14978e'),('PhZYgu_potty_MK','DWt_sP@xyz.com','e80b5017098950fc58aad83c8c14978e'),('PipsZA_potty_MK','sRlkNP@xyz.com','e80b5017098950fc58aad83c8c14978e'),('PjVFzP_potty_MK','po_vxa@xyz.com','e80b5017098950fc58aad83c8c14978e'),('PjqeZf_potty_MK','Mmh_tE@xyz.com','e80b5017098950fc58aad83c8c14978e'),('PkdmBu_letsgo_C','YktUNa@xyz.com','e80b5017098950fc58aad83c8c14978e'),('PkyfNo_nahihai_','ntGThO@xyz.com','e80b5017098950fc58aad83c8c14978e'),('PlLODk_nahihai_','RmMTgG@xyz.com','e80b5017098950fc58aad83c8c14978e'),('PnKebb_letsgo_C','rriEdU@xyz.com','e80b5017098950fc58aad83c8c14978e'),('PnTYY__potty_MK','FTJBh_@xyz.com','e80b5017098950fc58aad83c8c14978e'),('PnWmEM_letsgo_C','KatAiB@xyz.com','e80b5017098950fc58aad83c8c14978e'),('PoGdrR_nahihai_','vQwWpz@xyz.com','e80b5017098950fc58aad83c8c14978e'),('PpcCcs_nahihai_','QZhuYA@xyz.com','e80b5017098950fc58aad83c8c14978e'),('Ppp0ZRobotBanao','FBxrp@gmail.com','e6e3be2d833cdf5d9d4c7bc2f85cd098'),('PpzjSO_potty_MK','znXQSv@xyz.com','e80b5017098950fc58aad83c8c14978e'),('Prajit','vikas.prajit@students.iiit.ac.','5e8ce2833850d8a4c5876f682fcc8f7c'),('PreogY_nahihai_','hGkwYQ@xyz.com','e80b5017098950fc58aad83c8c14978e'),('PsWPi_RobotBana','4LoyT@gmail.com','e6e3be2d833cdf5d9d4c7bc2f85cd098'),('PsxALl_potty_MK','scSwhd@xyz.com','e80b5017098950fc58aad83c8c14978e'),('PtBRP_RobotBana','VdP7X@gmail.com','e6e3be2d833cdf5d9d4c7bc2f85cd098'),('PuCYmRobotBanao','6vI1B@gmail.com','e6e3be2d833cdf5d9d4c7bc2f85cd098'),('PudLcj_potty_MK','ZhS_yg@xyz.com','e80b5017098950fc58aad83c8c14978e'),('PvzKxW_potty_MK','AzSW_Q@xyz.com','e80b5017098950fc58aad83c8c14978e'),('PwlwsT_letsgo_C','IfDlTh@xyz.com','e80b5017098950fc58aad83c8c14978e'),('PxOyKq_letsgo_C','CpEynw@xyz.com','e80b5017098950fc58aad83c8c14978e'),('PxghnRobotBanao','eV5Ko@gmail.com','e6e3be2d833cdf5d9d4c7bc2f85cd098'),('PzPIWK_potty_MK','Enjlxe@xyz.com','e80b5017098950fc58aad83c8c14978e'),('PzPiGW_potty_MK','evKOD_@xyz.com','e80b5017098950fc58aad83c8c14978e'),('Q02eIRobotBanao','hF6v9@gmail.com','e6e3be2d833cdf5d9d4c7bc2f85cd098'),('Q4niNRobotBanao','I6xZl@gmail.com','e6e3be2d833cdf5d9d4c7bc2f85cd098'),('Q6WSn_RobotBana','vOYfl@gmail.com','e6e3be2d833cdf5d9d4c7bc2f85cd098'),('QAHUSd_nahihai_','uOvYoa@xyz.com','e80b5017098950fc58aad83c8c14978e'),('QASNAK_potty_MK','NNWxNi@xyz.com','e80b5017098950fc58aad83c8c14978e'),('QBitZz_letsgo_C','zdwyFB@xyz.com','e80b5017098950fc58aad83c8c14978e'),('QBkxgV_potty_MK','DlmAGN@xyz.com','e80b5017098950fc58aad83c8c14978e'),('QCvsxR_potty_MK','bmQhMf@xyz.com','e80b5017098950fc58aad83c8c14978e'),('QD_OCJ_nahihai_','pquxyt@xyz.com','e80b5017098950fc58aad83c8c14978e'),('QDiaXa_potty_MK','SQbwDH@xyz.com','e80b5017098950fc58aad83c8c14978e'),('QDzeiR_nahihai_','pNEjnF@xyz.com','e80b5017098950fc58aad83c8c14978e'),('QEFZt_RobotBana','g7nTv@gmail.com','e6e3be2d833cdf5d9d4c7bc2f85cd098'),('QEGbBj_nahihai_','GTcuYv@xyz.com','e80b5017098950fc58aad83c8c14978e'),('QEJBha_letsgo_C','Zozuvw@xyz.com','e80b5017098950fc58aad83c8c14978e'),('QFFlkv_potty_MK','kpfdWk@xyz.com','e80b5017098950fc58aad83c8c14978e'),('QFZqnh_potty_MK','hpHYTM@xyz.com','e80b5017098950fc58aad83c8c14978e'),('QFtLVz_letsgo_C','ZErKPU@xyz.com','e80b5017098950fc58aad83c8c14978e'),('QHYdZM_potty_MK','LTANqX@xyz.com','e80b5017098950fc58aad83c8c14978e'),('QIyPeN_potty_MK','vLjfAE@xyz.com','e80b5017098950fc58aad83c8c14978e'),('QJVJFe_nahihai_','KkhBYJ@xyz.com','e80b5017098950fc58aad83c8c14978e'),('QLrcOf_letsgo_C','rbwhtq@xyz.com','e80b5017098950fc58aad83c8c14978e'),('QMMCIH_letsgo_C','FFZzmU@xyz.com','e80b5017098950fc58aad83c8c14978e'),('QMOnGj_potty_MK','hST_Ce@xyz.com','e80b5017098950fc58aad83c8c14978e'),('QMrSsN_nahihai_','pBMMso@xyz.com','e80b5017098950fc58aad83c8c14978e'),('QOHhcn_potty_MK','hmpSfv@xyz.com','e80b5017098950fc58aad83c8c14978e'),('QOiySRobotBanao','UFqya@gmail.com','e6e3be2d833cdf5d9d4c7bc2f85cd098'),('QPqkq_RobotBana','5wKza@gmail.com','e6e3be2d833cdf5d9d4c7bc2f85cd098'),('QQehDC_letsgo_C','RxsqDY@xyz.com','e80b5017098950fc58aad83c8c14978e'),('QRlDnp_nahihai_','TrRiFH@xyz.com','e80b5017098950fc58aad83c8c14978e'),('QTJcTB_nahihai_','AaBnDf@xyz.com','e80b5017098950fc58aad83c8c14978e'),('QVVXAv_nahihai_','uecWFi@xyz.com','e80b5017098950fc58aad83c8c14978e'),('QXOEZQ_potty_MK','UkFjsk@xyz.com','e80b5017098950fc58aad83c8c14978e'),('QXRNKq_potty_MK','QMYXDU@xyz.com','e80b5017098950fc58aad83c8c14978e'),('QYRYZE_letsgo_C','bdLjAK@xyz.com','e80b5017098950fc58aad83c8c14978e'),('Q_ZjaW_potty_MK','o_mAZT@xyz.com','e80b5017098950fc58aad83c8c14978e'),('Q_lcnd_potty_MK','fjcAPS@xyz.com','e80b5017098950fc58aad83c8c14978e'),('Q_uFlg_nahihai_','idvfqI@xyz.com','e80b5017098950fc58aad83c8c14978e'),('QaYnLq_letsgo_C','ApWgsg@xyz.com','e80b5017098950fc58aad83c8c14978e'),('QaqyJO_letsgo_C','BRhobC@xyz.com','e80b5017098950fc58aad83c8c14978e'),('QbHImh_potty_MK','FBbYno@xyz.com','e80b5017098950fc58aad83c8c14978e'),('QbLLFl_letsgo_C','qpOUNE@xyz.com','e80b5017098950fc58aad83c8c14978e'),('QbXCMn_potty_MK','nrrJek@xyz.com','e80b5017098950fc58aad83c8c14978e'),('QbzmiT_potty_MK','KzJnRl@xyz.com','e80b5017098950fc58aad83c8c14978e'),('QcXsjs_potty_MK','xdJDVj@xyz.com','e80b5017098950fc58aad83c8c14978e'),('QddN1RobotBanao','t05R9@gmail.com','e6e3be2d833cdf5d9d4c7bc2f85cd098'),('QddjAm_potty_MK','abISIX@xyz.com','e80b5017098950fc58aad83c8c14978e'),('QdjoxP_nahihai_','YdbkjE@xyz.com','e80b5017098950fc58aad83c8c14978e'),('QeDnPh_letsgo_C','WMfZZC@xyz.com','e80b5017098950fc58aad83c8c14978e'),('QeoemRobotBanao','B3iaA@gmail.com','e6e3be2d833cdf5d9d4c7bc2f85cd098'),('QfYzVp_nahihai_','Xapbrn@xyz.com','e80b5017098950fc58aad83c8c14978e'),('QfqKvRobotBanao','LHgo1@gmail.com','e6e3be2d833cdf5d9d4c7bc2f85cd098'),('QfvIgb_nahihai_','KRARbd@xyz.com','e80b5017098950fc58aad83c8c14978e'),('QgFFva_nahihai_','SyDuCG@xyz.com','e80b5017098950fc58aad83c8c14978e'),('QgnSa_RobotBana','gUNPQ@gmail.com','e6e3be2d833cdf5d9d4c7bc2f85cd098'),('QgoJkl_nahihai_','lZiyeq@xyz.com','e80b5017098950fc58aad83c8c14978e'),('QiGjty_nahihai_','fmasBT@xyz.com','e80b5017098950fc58aad83c8c14978e'),('QjaMug_letsgo_C','PWJLfW@xyz.com','e80b5017098950fc58aad83c8c14978e'),('Qjfvry_nahihai_','L_wUrm@xyz.com','e80b5017098950fc58aad83c8c14978e'),('QmqVPX_letsgo_C','XxbAGQ@xyz.com','e80b5017098950fc58aad83c8c14978e'),('QnfKtRobotBanao','B6KGu@gmail.com','e6e3be2d833cdf5d9d4c7bc2f85cd098'),('QnyfXs_potty_MK','xCCqjs@xyz.com','e80b5017098950fc58aad83c8c14978e'),('QoHFbG_nahihai_','ThEUX_@xyz.com','e80b5017098950fc58aad83c8c14978e'),('QqTrUX_potty_MK','afmbrB@xyz.com','e80b5017098950fc58aad83c8c14978e'),('QqrqeE_letsgo_C','zMKboY@xyz.com','e80b5017098950fc58aad83c8c14978e'),('QrpApd_potty_MK','msIhHE@xyz.com','e80b5017098950fc58aad83c8c14978e'),('QsPgdr_potty_MK','EiPOqk@xyz.com','e80b5017098950fc58aad83c8c14978e'),('QsWHuI_potty_MK','PicslV@xyz.com','e80b5017098950fc58aad83c8c14978e'),('QsXLTs_nahihai_','julkjL@xyz.com','e80b5017098950fc58aad83c8c14978e'),('QsYzSl_letsgo_C','slgYxe@xyz.com','e80b5017098950fc58aad83c8c14978e'),('QtsX_x_potty_MK','SvZdKS@xyz.com','e80b5017098950fc58aad83c8c14978e'),('QuSZXZ_letsgo_C','Nbytxp@xyz.com','e80b5017098950fc58aad83c8c14978e'),('QvC_KB_potty_MK','VkaEny@xyz.com','e80b5017098950fc58aad83c8c14978e'),('QwFytB_potty_MK','XBmizv@xyz.com','e80b5017098950fc58aad83c8c14978e'),('QwYsNe_letsgo_C','ZzBnqJ@xyz.com','e80b5017098950fc58aad83c8c14978e'),('QwmEox_letsgo_C','mhfqcx@xyz.com','e80b5017098950fc58aad83c8c14978e'),('QwmnHD_nahihai_','vqeTcE@xyz.com','e80b5017098950fc58aad83c8c14978e'),('QwvfgT_nahihai_','PmBvU_@xyz.com','e80b5017098950fc58aad83c8c14978e'),('QxZmGx_letsgo_C','Allwbn@xyz.com','e80b5017098950fc58aad83c8c14978e'),('QxbHsL_potty_MK','urzwxP@xyz.com','e80b5017098950fc58aad83c8c14978e'),('QxqWvZ_letsgo_C','cVnBwc@xyz.com','e80b5017098950fc58aad83c8c14978e'),('Qy9wU_RobotBana','ohM2M@gmail.com','e6e3be2d833cdf5d9d4c7bc2f85cd098'),('QyxTXD_potty_MK','IiGtCm@xyz.com','e80b5017098950fc58aad83c8c14978e'),('QzDTd_RobotBana','yJkhx@gmail.com','e6e3be2d833cdf5d9d4c7bc2f85cd098'),('QzLDjj_letsgo_C','cxjEvl@xyz.com','e80b5017098950fc58aad83c8c14978e'),('R0teA_RobotBana','2VkAy@gmail.com','e6e3be2d833cdf5d9d4c7bc2f85cd098'),('R0zmERobotBanao','wZf1q@gmail.com','e6e3be2d833cdf5d9d4c7bc2f85cd098'),('R1mGx_RobotBana','gQUlW@gmail.com','e6e3be2d833cdf5d9d4c7bc2f85cd098'),('R3JKC_RobotBana','OUPx4@gmail.com','e6e3be2d833cdf5d9d4c7bc2f85cd098'),('R67oy_RobotBana','f41js@gmail.com','e6e3be2d833cdf5d9d4c7bc2f85cd098'),('RABje_RobotBana','VeaN5@gmail.com','e6e3be2d833cdf5d9d4c7bc2f85cd098'),('RAHAiA_nahihai_','uQwwXI@xyz.com','e80b5017098950fc58aad83c8c14978e'),('RAX_lg_nahihai_','Jqafud@xyz.com','e80b5017098950fc58aad83c8c14978e'),('RCbKIC_nahihai_','LZcO_x@xyz.com','e80b5017098950fc58aad83c8c14978e'),('RCtzRD_potty_MK','mbEYDx@xyz.com','e80b5017098950fc58aad83c8c14978e'),('RDDWeD_potty_MK','iJCvaI@xyz.com','e80b5017098950fc58aad83c8c14978e'),('RDHpmRobotBanao','B5x7t@gmail.com','e6e3be2d833cdf5d9d4c7bc2f85cd098'),('RDdgGR_letsgo_C','SosrmJ@xyz.com','e80b5017098950fc58aad83c8c14978e'),('RFFEom_potty_MK','diRUsq@xyz.com','e80b5017098950fc58aad83c8c14978e'),('RFuhzRobotBanao','4nyGE@gmail.com','e6e3be2d833cdf5d9d4c7bc2f85cd098'),('RHoSQz_nahihai_','NWNptQ@xyz.com','e80b5017098950fc58aad83c8c14978e'),('RIEbVT_nahihai_','emMRLk@xyz.com','e80b5017098950fc58aad83c8c14978e'),('RIReVV_potty_MK','WJQtMO@xyz.com','e80b5017098950fc58aad83c8c14978e'),('RIdWd_RobotBana','6ubcN@gmail.com','e6e3be2d833cdf5d9d4c7bc2f85cd098'),('RIeGSD_letsgo_C','zJrWnZ@xyz.com','e80b5017098950fc58aad83c8c14978e'),('RIfgIF_potty_MK','QaIsqU@xyz.com','e80b5017098950fc58aad83c8c14978e'),('RJRMBj_potty_MK','lShvIy@xyz.com','e80b5017098950fc58aad83c8c14978e'),('RJcQia_letsgo_C','AWapgl@xyz.com','e80b5017098950fc58aad83c8c14978e'),('RLDlvd_letsgo_C','kTQOAX@xyz.com','e80b5017098950fc58aad83c8c14978e'),('RN_mDm_potty_MK','ZElcGv@xyz.com','e80b5017098950fc58aad83c8c14978e'),('RNecSi_potty_MK','EOhrLD@xyz.com','e80b5017098950fc58aad83c8c14978e'),('ROgTVk_nahihai_','DLFGLj@xyz.com','e80b5017098950fc58aad83c8c14978e'),('ROghLc_nahihai_','eZFeay@xyz.com','e80b5017098950fc58aad83c8c14978e'),('RQNiF_RobotBana','oNzTH@gmail.com','e6e3be2d833cdf5d9d4c7bc2f85cd098'),('RRAucP_letsgo_C','uJmWyw@xyz.com','e80b5017098950fc58aad83c8c14978e'),('RRdUay_potty_MK','LTerQv@xyz.com','e80b5017098950fc58aad83c8c14978e'),('RRkXkf_nahihai_','Uo_BaG@xyz.com','e80b5017098950fc58aad83c8c14978e'),('RT0HmRobotBanao','qGKAB@gmail.com','e6e3be2d833cdf5d9d4c7bc2f85cd098'),('RTZQmm_letsgo_C','VKAUWx@xyz.com','e80b5017098950fc58aad83c8c14978e'),('RTcKES_nahihai_','NnJlJv@xyz.com','e80b5017098950fc58aad83c8c14978e'),('RTlwK_RobotBana','McYCB@gmail.com','e6e3be2d833cdf5d9d4c7bc2f85cd098'),('RTpdND_potty_MK','JwZdCK@xyz.com','e80b5017098950fc58aad83c8c14978e'),('RUfrDh_potty_MK','GqWCuy@xyz.com','e80b5017098950fc58aad83c8c14978e'),('RUrWF__nahihai_','Ro_jfL@xyz.com','e80b5017098950fc58aad83c8c14978e'),('RVE_uf_potty_MK','LzupGg@xyz.com','e80b5017098950fc58aad83c8c14978e'),('RVFLZH_letsgo_C','PUCA_s@xyz.com','e80b5017098950fc58aad83c8c14978e'),('RVJRDt_letsgo_C','ujScwL@xyz.com','e80b5017098950fc58aad83c8c14978e'),('RVRrDQ_letsgo_C','RIRl_O@xyz.com','e80b5017098950fc58aad83c8c14978e'),('RVVYcE_letsgo_C','SZJnvf@xyz.com','e80b5017098950fc58aad83c8c14978e'),('RWpHHL_nahihai_','ZCrNkb@xyz.com','e80b5017098950fc58aad83c8c14978e'),('RYARfh_letsgo_C','uqRHgw@xyz.com','e80b5017098950fc58aad83c8c14978e'),('RYulXb_potty_MK','yCCYdk@xyz.com','e80b5017098950fc58aad83c8c14978e'),('RZAJlh_nahihai_','sLQEQQ@xyz.com','e80b5017098950fc58aad83c8c14978e'),('RZKjlq_letsgo_C','CYWXiT@xyz.com','e80b5017098950fc58aad83c8c14978e'),('R_ZMQc_letsgo_C','nmkqUg@xyz.com','e80b5017098950fc58aad83c8c14978e'),('R_Z_bs_nahihai_','EPdCVY@xyz.com','e80b5017098950fc58aad83c8c14978e'),('RaUoWH_letsgo_C','VIAsFt@xyz.com','e80b5017098950fc58aad83c8c14978e'),('RazNE_RobotBana','nQHOw@gmail.com','e6e3be2d833cdf5d9d4c7bc2f85cd098'),('RbeUnH_letsgo_C','NIoTgg@xyz.com','e80b5017098950fc58aad83c8c14978e'),('RbfCw__potty_MK','rqyqWV@xyz.com','e80b5017098950fc58aad83c8c14978e'),('RcQJPn_nahihai_','PkfSXy@xyz.com','e80b5017098950fc58aad83c8c14978e'),('RceqZn_letsgo_C','xDyzbr@xyz.com','e80b5017098950fc58aad83c8c14978e'),('RchDXJ_nahihai_','BpGaXm@xyz.com','e80b5017098950fc58aad83c8c14978e'),('RcnNKb_potty_MK','fSCvFE@xyz.com','e80b5017098950fc58aad83c8c14978e'),('RcpmPj_potty_MK','vaiFCN@xyz.com','e80b5017098950fc58aad83c8c14978e'),('RdDTcA_potty_MK','XfXM_I@xyz.com','e80b5017098950fc58aad83c8c14978e'),('RfQAai_letsgo_C','uBdwPO@xyz.com','e80b5017098950fc58aad83c8c14978e'),('RfyTP_RobotBana','jVQcf@gmail.com','e6e3be2d833cdf5d9d4c7bc2f85cd098'),('RgKxKx_potty_MK','ZafRmA@xyz.com','e80b5017098950fc58aad83c8c14978e'),('Rh8gQ_RobotBana','MFbfG@gmail.com','e6e3be2d833cdf5d9d4c7bc2f85cd098'),('RhbWlK_potty_MK','UqFMKr@xyz.com','e80b5017098950fc58aad83c8c14978e'),('RhsGch_letsgo_C','pUUCYL@xyz.com','e80b5017098950fc58aad83c8c14978e'),('RhwZhO_potty_MK','wqLmht@xyz.com','e80b5017098950fc58aad83c8c14978e'),('RiJ93_RobotBana','lZkF4@gmail.com','e6e3be2d833cdf5d9d4c7bc2f85cd098'),('RikOVG_nahihai_','H_LamE@xyz.com','e80b5017098950fc58aad83c8c14978e'),('RjidQF_nahihai_','Zduqxx@xyz.com','e80b5017098950fc58aad83c8c14978e'),('RjkH9_RobotBana','886IG@gmail.com','e6e3be2d833cdf5d9d4c7bc2f85cd098'),('RmJfnz_potty_MK','tpDPcA@xyz.com','e80b5017098950fc58aad83c8c14978e'),('RnOfrT_letsgo_C','bxGiYG@xyz.com','e80b5017098950fc58aad83c8c14978e'),('RnVwLP_letsgo_C','Qsagyk@xyz.com','e80b5017098950fc58aad83c8c14978e'),('RobotBanaoPohaK','AnlJz@gmail.com','e6e3be2d833cdf5d9d4c7bc2f85cd098'),('RobotBanaoRobot','SjipL@gmail.com','e6e3be2d833cdf5d9d4c7bc2f85cd098'),('Rocker','rishiakhnoor@gmail.com','b1a38f76b175f467392714c63af0f1db'),('RpFUYV_letsgo_C','WPOFxa@xyz.com','e80b5017098950fc58aad83c8c14978e'),('RqRlGK_letsgo_C','hGywE_@xyz.com','e80b5017098950fc58aad83c8c14978e'),('RqTNERobotBanao','PkSsp@gmail.com','e6e3be2d833cdf5d9d4c7bc2f85cd098'),('RqUxFt_potty_MK','ZFjxnv@xyz.com','e80b5017098950fc58aad83c8c14978e'),('RqlkHw_nahihai_','GgjXei@xyz.com','e80b5017098950fc58aad83c8c14978e'),('RsEtfH_potty_MK','X_ULKe@xyz.com','e80b5017098950fc58aad83c8c14978e'),('RsWNjy_potty_MK','Ysajev@xyz.com','e80b5017098950fc58aad83c8c14978e'),('RszbO__letsgo_C','UPyL_i@xyz.com','e80b5017098950fc58aad83c8c14978e'),('RszlTV_potty_MK','ukmoIu@xyz.com','e80b5017098950fc58aad83c8c14978e'),('RusUIF_potty_MK','xrBmsT@xyz.com','e80b5017098950fc58aad83c8c14978e'),('RvWOWh_nahihai_','aHgZUY@xyz.com','e80b5017098950fc58aad83c8c14978e'),('RwAUOt_potty_MK','CPsMTw@xyz.com','e80b5017098950fc58aad83c8c14978e'),('RxEkfm_letsgo_C','kFnneu@xyz.com','e80b5017098950fc58aad83c8c14978e'),('S0B3R_RobotBana','VnUSs@gmail.com','e6e3be2d833cdf5d9d4c7bc2f85cd098'),('SAM','saksham.maheshwari@students.ii','642cb532bc71e28809c25fdad8e7a00a'),('SBOfES_letsgo_C','PgkvoD@xyz.com','e80b5017098950fc58aad83c8c14978e'),('SDCA_e_potty_MK','rYPdwv@xyz.com','e80b5017098950fc58aad83c8c14978e'),('SDXUpt_potty_MK','NuQwMg@xyz.com','e80b5017098950fc58aad83c8c14978e'),('SERQJG_letsgo_C','ubKCiC@xyz.com','e80b5017098950fc58aad83c8c14978e'),('SFEWNb_nahihai_','BbTLBY@xyz.com','e80b5017098950fc58aad83c8c14978e'),('SFZScG_potty_MK','MxBmGs@xyz.com','e80b5017098950fc58aad83c8c14978e'),('SGDXWH_letsgo_C','wvJiur@xyz.com','e80b5017098950fc58aad83c8c14978e'),('SGvMFY_nahihai_','Tlyza_@xyz.com','e80b5017098950fc58aad83c8c14978e'),('SGwGFJ_potty_MK','sYLPET@xyz.com','e80b5017098950fc58aad83c8c14978e'),('SIGSEV','sangal@iiit.ac.in','5929f2f227a98e3c71524359f5a259a9'),('SIVhA_RobotBana','KJSFh@gmail.com','e6e3be2d833cdf5d9d4c7bc2f85cd098'),('SIaWEo_nahihai_','qwfgBT@xyz.com','e80b5017098950fc58aad83c8c14978e'),('SIktSy_letsgo_C','MNQvWc@xyz.com','e80b5017098950fc58aad83c8c14978e'),('SJLrlRobotBanao','lTNIo@gmail.com','e6e3be2d833cdf5d9d4c7bc2f85cd098'),('SKPoSo_potty_MK','sJZunD@xyz.com','e80b5017098950fc58aad83c8c14978e'),('SLfFxd_letsgo_C','ZYgbAd@xyz.com','e80b5017098950fc58aad83c8c14978e'),('SNeqfu_potty_MK','fXy_RN@xyz.com','e80b5017098950fc58aad83c8c14978e'),('SNxZMb_nahihai_','KTiPoy@xyz.com','e80b5017098950fc58aad83c8c14978e'),('SNxxFb_potty_MK','bTHQei@xyz.com','e80b5017098950fc58aad83c8c14978e'),('SOKoXo_letsgo_C','UqEDLJ@xyz.com','e80b5017098950fc58aad83c8c14978e'),('SOXCW_RobotBana','9V8um@gmail.com','e6e3be2d833cdf5d9d4c7bc2f85cd098'),('SOeZYI_potty_MK','dfsDBF@xyz.com','e80b5017098950fc58aad83c8c14978e'),('SQDpLF_potty_MK','pzssMK@xyz.com','e80b5017098950fc58aad83c8c14978e'),('SQJoVk_letsgo_C','gcocsv@xyz.com','e80b5017098950fc58aad83c8c14978e'),('SQlgdS_potty_MK','WyweXG@xyz.com','e80b5017098950fc58aad83c8c14978e'),('SRxtsa_nahihai_','HhPVAD@xyz.com','e80b5017098950fc58aad83c8c14978e'),('SSpNgX_letsgo_C','wcqTmb@xyz.com','e80b5017098950fc58aad83c8c14978e'),('STKhIi_letsgo_C','xcacQt@xyz.com','e80b5017098950fc58aad83c8c14978e'),('STLUXr_letsgo_C','Cw_hus@xyz.com','e80b5017098950fc58aad83c8c14978e'),('STXusB_letsgo_C','XXecpz@xyz.com','e80b5017098950fc58aad83c8c14978e'),('SW05V_RobotBana','sWyfD@gmail.com','e6e3be2d833cdf5d9d4c7bc2f85cd098'),('SWVtLn_letsgo_C','EKpSqB@xyz.com','e80b5017098950fc58aad83c8c14978e'),('SWeKoRobotBanao','B94K1@gmail.com','e6e3be2d833cdf5d9d4c7bc2f85cd098'),('SWnYlv_letsgo_C','Q_QKdk@xyz.com','e80b5017098950fc58aad83c8c14978e'),('SWujEj_letsgo_C','nUEuUa@xyz.com','e80b5017098950fc58aad83c8c14978e'),('SXuZJV_potty_MK','KhN_iJ@xyz.com','e80b5017098950fc58aad83c8c14978e'),('SYSoLi_potty_MK','MICLuP@xyz.com','e80b5017098950fc58aad83c8c14978e'),('SYTjVq_nahihai_','ZWRgZe@xyz.com','e80b5017098950fc58aad83c8c14978e'),('SZWzgq_potty_MK','RYIZBx@xyz.com','e80b5017098950fc58aad83c8c14978e'),('S_TtgZ_nahihai_','pltRXD@xyz.com','e80b5017098950fc58aad83c8c14978e'),('SaJdZK_nahihai_','UBglRR@xyz.com','e80b5017098950fc58aad83c8c14978e'),('SaLzQD_letsgo_C','wAdzcx@xyz.com','e80b5017098950fc58aad83c8c14978e'),('Sakshi','Phoenix','5f4dcc3b5aa765d61d8327deb882cf99'),('SazKBS_letsgo_C','RFySMM@xyz.com','e80b5017098950fc58aad83c8c14978e'),('SbeBBs_nahihai_','TbjIkd@xyz.com','e80b5017098950fc58aad83c8c14978e'),('Sbk8wRobotBanao','zKTVs@gmail.com','e6e3be2d833cdf5d9d4c7bc2f85cd098'),('ScoDp_RobotBana','Piu94@gmail.com','e6e3be2d833cdf5d9d4c7bc2f85cd098'),('Sczr_f_nahihai_','PAnlJA@xyz.com','e80b5017098950fc58aad83c8c14978e'),('Sdxfih_nahihai_','cHU_gw@xyz.com','e80b5017098950fc58aad83c8c14978e'),('SfEcGW_nahihai_','MDo_je@xyz.com','e80b5017098950fc58aad83c8c14978e'),('SfQRb_RobotBana','Uh7Vs@gmail.com','e6e3be2d833cdf5d9d4c7bc2f85cd098'),('SfgQJj_letsgo_C','oCZQxE@xyz.com','e80b5017098950fc58aad83c8c14978e'),('SfvMdRobotBanao','FV17i@gmail.com','e6e3be2d833cdf5d9d4c7bc2f85cd098'),('SgeLNR_potty_MK','pdwMO_@xyz.com','e80b5017098950fc58aad83c8c14978e'),('Sgr0JRobotBanao','qO5du@gmail.com','e6e3be2d833cdf5d9d4c7bc2f85cd098'),('ShXrTz_potty_MK','r_QBjj@xyz.com','e80b5017098950fc58aad83c8c14978e'),('Sl8w2RobotBanao','bp1uX@gmail.com','e6e3be2d833cdf5d9d4c7bc2f85cd098'),('SlVDDN_potty_MK','AxSGUf@xyz.com','e80b5017098950fc58aad83c8c14978e'),('SlYgrf_nahihai_','ezeRb_@xyz.com','e80b5017098950fc58aad83c8c14978e'),('SlgMmS_potty_MK','HRemlU@xyz.com','e80b5017098950fc58aad83c8c14978e'),('SmVAy_RobotBana','2jAJo@gmail.com','e6e3be2d833cdf5d9d4c7bc2f85cd098'),('So7JgRobotBanao','XAdLh@gmail.com','e6e3be2d833cdf5d9d4c7bc2f85cd098'),('SoGv7RobotBanao','tapnG@gmail.com','e6e3be2d833cdf5d9d4c7bc2f85cd098'),('SpCJMX_nahihai_','MCYpbH@xyz.com','e80b5017098950fc58aad83c8c14978e'),('SpdiiD_nahihai_','HlgLde@xyz.com','e80b5017098950fc58aad83c8c14978e'),('SpzLvi_potty_MK','hDkQuG@xyz.com','e80b5017098950fc58aad83c8c14978e'),('SrllJB_nahihai_','ulHpWT@xyz.com','e80b5017098950fc58aad83c8c14978e'),('SroekX_letsgo_C','BKPTbX@xyz.com','e80b5017098950fc58aad83c8c14978e'),('SsWp1_RobotBana','CT9fx@gmail.com','e6e3be2d833cdf5d9d4c7bc2f85cd098'),('StE9c_RobotBana','ce4uS@gmail.com','e6e3be2d833cdf5d9d4c7bc2f85cd098'),('StSxAo_potty_MK','uhqhvr@xyz.com','e80b5017098950fc58aad83c8c14978e'),('StiDCY_potty_MK','kGvrqv@xyz.com','e80b5017098950fc58aad83c8c14978e'),('Supfq__letsgo_C','iAGQwG@xyz.com','e80b5017098950fc58aad83c8c14978e'),('Suqzay_potty_MK','Xf_uUS@xyz.com','e80b5017098950fc58aad83c8c14978e'),('Svbedn_potty_MK','dypjqu@xyz.com','e80b5017098950fc58aad83c8c14978e'),('SvwTJl_nahihai_','cnavkG@xyz.com','e80b5017098950fc58aad83c8c14978e'),('SxRnSRobotBanao','84OZB@gmail.com','e6e3be2d833cdf5d9d4c7bc2f85cd098'),('SxWxws_potty_MK','SUxAhy@xyz.com','e80b5017098950fc58aad83c8c14978e'),('SzALes_letsgo_C','pJBah_@xyz.com','e80b5017098950fc58aad83c8c14978e'),('T0WcpRobotBanao','mhzn6@gmail.com','e6e3be2d833cdf5d9d4c7bc2f85cd098'),('T0oRb_RobotBana','eZxUm@gmail.com','e6e3be2d833cdf5d9d4c7bc2f85cd098'),('T3fZK_RobotBana','pjpyc@gmail.com','e6e3be2d833cdf5d9d4c7bc2f85cd098'),('T6dvORobotBanao','PAI49@gmail.com','e6e3be2d833cdf5d9d4c7bc2f85cd098'),('T96gw_RobotBana','4wrNi@gmail.com','e6e3be2d833cdf5d9d4c7bc2f85cd098'),('TA_JaD_nahihai_','eQujaO@xyz.com','e80b5017098950fc58aad83c8c14978e'),('TCFlFH_potty_MK','tgAhmp@xyz.com','e80b5017098950fc58aad83c8c14978e'),('TCHJUm_potty_MK','RaDmmB@xyz.com','e80b5017098950fc58aad83c8c14978e'),('TDIVd_RobotBana','wiucm@gmail.com','e6e3be2d833cdf5d9d4c7bc2f85cd098'),('TEzOpS_letsgo_C','DZWvfh@xyz.com','e80b5017098950fc58aad83c8c14978e'),('TFGlUU_nahihai_','uurPHT@xyz.com','e80b5017098950fc58aad83c8c14978e'),('TFuaIRobotBanao','Bcpp4@gmail.com','e6e3be2d833cdf5d9d4c7bc2f85cd098'),('TGN_oV_letsgo_C','jHERXC@xyz.com','e80b5017098950fc58aad83c8c14978e'),('TGPjZf_potty_MK','OOkvTL@xyz.com','e80b5017098950fc58aad83c8c14978e'),('TGwqvRobotBanao','GG8bI@gmail.com','e6e3be2d833cdf5d9d4c7bc2f85cd098'),('TH_rGd_potty_MK','_Wvqic@xyz.com','e80b5017098950fc58aad83c8c14978e'),('THqpu_RobotBana','30fmG@gmail.com','e6e3be2d833cdf5d9d4c7bc2f85cd098'),('TKaGFn_potty_MK','gYPEyS@xyz.com','e80b5017098950fc58aad83c8c14978e'),('TKfOLx_potty_MK','peTchU@xyz.com','e80b5017098950fc58aad83c8c14978e'),('TLCRyx_nahihai_','zeXOsD@xyz.com','e80b5017098950fc58aad83c8c14978e'),('TLCcWy_potty_MK','lJtEGd@xyz.com','e80b5017098950fc58aad83c8c14978e'),('TNKPSi_potty_MK','euqPGb@xyz.com','e80b5017098950fc58aad83c8c14978e'),('TQefRF_nahihai_','TtWUVM@xyz.com','e80b5017098950fc58aad83c8c14978e'),('TQhJQRobotBanao','AwPR7@gmail.com','e6e3be2d833cdf5d9d4c7bc2f85cd098'),('TRNcZz_letsgo_C','yptrMW@xyz.com','e80b5017098950fc58aad83c8c14978e'),('TRfviT_nahihai_','wDFeBq@xyz.com','e80b5017098950fc58aad83c8c14978e'),('TSnfIk_nahihai_','PvNBHB@xyz.com','e80b5017098950fc58aad83c8c14978e'),('TTdX_y_potty_MK','qSzQiO@xyz.com','e80b5017098950fc58aad83c8c14978e'),('TTwgwRobotBanao','C3LtO@gmail.com','e6e3be2d833cdf5d9d4c7bc2f85cd098'),('TWQCIn_nahihai_','liUcTx@xyz.com','e80b5017098950fc58aad83c8c14978e'),('TWnXbP_potty_MK','HoaKYx@xyz.com','e80b5017098950fc58aad83c8c14978e'),('TZVuol_letsgo_C','UCEhft@xyz.com','e80b5017098950fc58aad83c8c14978e'),('TZpjhE_potty_MK','bFQye_@xyz.com','e80b5017098950fc58aad83c8c14978e'),('T_GDdO_letsgo_C','YbEJeF@xyz.com','e80b5017098950fc58aad83c8c14978e'),('T_ZpsL_letsgo_C','qImUgt@xyz.com','e80b5017098950fc58aad83c8c14978e'),('T_uLHI_nahihai_','KndteB@xyz.com','e80b5017098950fc58aad83c8c14978e'),('TamyyU_potty_MK','fekvET@xyz.com','e80b5017098950fc58aad83c8c14978e'),('TbErKU_nahihai_','LdvLpX@xyz.com','e80b5017098950fc58aad83c8c14978e'),('TbJhWT_letsgo_C','LuxKMS@xyz.com','e80b5017098950fc58aad83c8c14978e'),('TbpdTW_letsgo_C','gVegfV@xyz.com','e80b5017098950fc58aad83c8c14978e'),('TcbgSa_nahihai_','KPyvdh@xyz.com','e80b5017098950fc58aad83c8c14978e'),('TdJBgk_potty_MK','eGvdwN@xyz.com','e80b5017098950fc58aad83c8c14978e'),('TdUV3_RobotBana','9DEQ1@gmail.com','e6e3be2d833cdf5d9d4c7bc2f85cd098'),('TekHPH_nahihai_','YV_AhW@xyz.com','e80b5017098950fc58aad83c8c14978e'),('TepujX_potty_MK','coNMpP@xyz.com','e80b5017098950fc58aad83c8c14978e'),('TetxiW_letsgo_C','jPKcJL@xyz.com','e80b5017098950fc58aad83c8c14978e'),('TfSVZm_potty_MK','dupvOo@xyz.com','e80b5017098950fc58aad83c8c14978e'),('TfTluw_nahihai_','vCJacP@xyz.com','e80b5017098950fc58aad83c8c14978e'),('TftSZu_nahihai_','dEzOSK@xyz.com','e80b5017098950fc58aad83c8c14978e'),('TgHGoX_letsgo_C','DzJAWZ@xyz.com','e80b5017098950fc58aad83c8c14978e'),('TgyjZI_nahihai_','afsESy@xyz.com','e80b5017098950fc58aad83c8c14978e'),('ThimkR_nahihai_','gjutG_@xyz.com','e80b5017098950fc58aad83c8c14978e'),('TiK38RobotBanao','aI6uI@gmail.com','e6e3be2d833cdf5d9d4c7bc2f85cd098'),('TiTTxU_letsgo_C','OOKUdK@xyz.com','e80b5017098950fc58aad83c8c14978e'),('TjJtwV_potty_MK','FJMjnq@xyz.com','e80b5017098950fc58aad83c8c14978e'),('TjRRVh_potty_MK','oNvkIi@xyz.com','e80b5017098950fc58aad83c8c14978e'),('TjXxJe_nahihai_','wJtwsS@xyz.com','e80b5017098950fc58aad83c8c14978e'),('TknkIS_potty_MK','jossp_@xyz.com','e80b5017098950fc58aad83c8c14978e'),('Tkqqfi_letsgo_C','YzEVxl@xyz.com','e80b5017098950fc58aad83c8c14978e'),('TlXRok_letsgo_C','POMAWK@xyz.com','e80b5017098950fc58aad83c8c14978e'),('TmIzHd_letsgo_C','FPSiAW@xyz.com','e80b5017098950fc58aad83c8c14978e'),('TmPxem_potty_MK','jXowwC@xyz.com','e80b5017098950fc58aad83c8c14978e'),('TnCxNz_letsgo_C','lskunW@xyz.com','e80b5017098950fc58aad83c8c14978e'),('TnWiYT_potty_MK','LqVcaX@xyz.com','e80b5017098950fc58aad83c8c14978e'),('To8O3_RobotBana','BXT90@gmail.com','e6e3be2d833cdf5d9d4c7bc2f85cd098'),('TohVqH_potty_MK','jggynn@xyz.com','e80b5017098950fc58aad83c8c14978e'),('TomaGV_potty_MK','OVQ__w@xyz.com','e80b5017098950fc58aad83c8c14978e'),('ToptnA_nahihai_','oECIGe@xyz.com','e80b5017098950fc58aad83c8c14978e'),('TosVha_potty_MK','jIsHFH@xyz.com','e80b5017098950fc58aad83c8c14978e'),('Toshiro','chinni.abhishek@students.iiit.','e6e3be2d833cdf5d9d4c7bc2f85cd098'),('TpXgTw_nahihai_','nzExkz@xyz.com','e80b5017098950fc58aad83c8c14978e'),('TrWZOP_letsgo_C','FdvXXC@xyz.com','e80b5017098950fc58aad83c8c14978e'),('TrrZxRobotBanao','iCxPi@gmail.com','e6e3be2d833cdf5d9d4c7bc2f85cd098'),('TsGiit_potty_MK','bzFUgR@xyz.com','e80b5017098950fc58aad83c8c14978e'),('TskkWu_potty_MK','LYWifz@xyz.com','e80b5017098950fc58aad83c8c14978e'),('Tsmyqx_potty_MK','DoJYtJ@xyz.com','e80b5017098950fc58aad83c8c14978e'),('Ttiuex_potty_MK','YOSYCJ@xyz.com','e80b5017098950fc58aad83c8c14978e'),('TuWOOa_potty_MK','sYRaZg@xyz.com','e80b5017098950fc58aad83c8c14978e'),('TvAevD_nahihai_','XMmeiP@xyz.com','e80b5017098950fc58aad83c8c14978e'),('TwSSSRobotBanao','Ky300@gmail.com','e6e3be2d833cdf5d9d4c7bc2f85cd098'),('TwzrwK_nahihai_','vKSgVy@xyz.com','e80b5017098950fc58aad83c8c14978e'),('TxHfEc_potty_MK','cusStO@xyz.com','e80b5017098950fc58aad83c8c14978e'),('TxUoUO_letsgo_C','WoBJLx@xyz.com','e80b5017098950fc58aad83c8c14978e'),('TyCJwe_nahihai_','jc_Wke@xyz.com','e80b5017098950fc58aad83c8c14978e'),('TyhpXd_nahihai_','prIEOQ@xyz.com','e80b5017098950fc58aad83c8c14978e'),('TzsVFq_potty_MK','dZuBYz@xyz.com','e80b5017098950fc58aad83c8c14978e'),('U3MmK_RobotBana','qEl1c@gmail.com','e6e3be2d833cdf5d9d4c7bc2f85cd098'),('U6DWmRobotBanao','O87qx@gmail.com','e6e3be2d833cdf5d9d4c7bc2f85cd098'),('UAzXHo_potty_MK','hNgBxM@xyz.com','e80b5017098950fc58aad83c8c14978e'),('UBpeqV_nahihai_','aKIQP_@xyz.com','e80b5017098950fc58aad83c8c14978e'),('UBxtxo_letsgo_C','JfHICK@xyz.com','e80b5017098950fc58aad83c8c14978e'),('UCAmQa_letsgo_C','QZwfDA@xyz.com','e80b5017098950fc58aad83c8c14978e'),('UCzCyY_letsgo_C','LHPKTS@xyz.com','e80b5017098950fc58aad83c8c14978e'),('UD7WVRobotBanao','rdfw2@gmail.com','e6e3be2d833cdf5d9d4c7bc2f85cd098'),('UDMnOX_nahihai_','XHzMeL@xyz.com','e80b5017098950fc58aad83c8c14978e'),('UDNjfT_letsgo_C','tHlBUs@xyz.com','e80b5017098950fc58aad83c8c14978e'),('UDOI6RobotBanao','5NVFb@gmail.com','e6e3be2d833cdf5d9d4c7bc2f85cd098'),('UDzNgQ_potty_MK','wpnEzI@xyz.com','e80b5017098950fc58aad83c8c14978e'),('UEmH7_RobotBana','eYKU1@gmail.com','e6e3be2d833cdf5d9d4c7bc2f85cd098'),('UGasfm_nahihai_','tanwDa@xyz.com','e80b5017098950fc58aad83c8c14978e'),('UGn0I_RobotBana','41ngP@gmail.com','e6e3be2d833cdf5d9d4c7bc2f85cd098'),('UH00MRobotBanao','8U7SR@gmail.com','e6e3be2d833cdf5d9d4c7bc2f85cd098'),('UH3HJ_RobotBana','CZUJ3@gmail.com','e6e3be2d833cdf5d9d4c7bc2f85cd098'),('UHSJR_RobotBana','pLWJf@gmail.com','e6e3be2d833cdf5d9d4c7bc2f85cd098'),('UJFQSe_potty_MK','gWndBF@xyz.com','e80b5017098950fc58aad83c8c14978e'),('UJRXsI_letsgo_C','umfwrT@xyz.com','e80b5017098950fc58aad83c8c14978e'),('UKYFW_RobotBana','h9PDB@gmail.com','e6e3be2d833cdf5d9d4c7bc2f85cd098'),('UKeIGy_potty_MK','WNnaIi@xyz.com','e80b5017098950fc58aad83c8c14978e'),('UKkFEt_potty_MK','XfwcHA@xyz.com','e80b5017098950fc58aad83c8c14978e'),('UL1CNRobotBanao','8Untk@gmail.com','e6e3be2d833cdf5d9d4c7bc2f85cd098'),('UMaTYN_nahihai_','bHXBIn@xyz.com','e80b5017098950fc58aad83c8c14978e'),('UNLxOL_potty_MK','YRSlza@xyz.com','e80b5017098950fc58aad83c8c14978e'),('UNtEVg_letsgo_C','NoqInp@xyz.com','e80b5017098950fc58aad83c8c14978e'),('UOKkyh_nahihai_','uMHUQP@xyz.com','e80b5017098950fc58aad83c8c14978e'),('UOTcIj_letsgo_C','pcTEzt@xyz.com','e80b5017098950fc58aad83c8c14978e'),('UOvfz__potty_MK','anBcaq@xyz.com','e80b5017098950fc58aad83c8c14978e'),('UPrpnV_nahihai_','OfPYMq@xyz.com','e80b5017098950fc58aad83c8c14978e'),('URGhsP_potty_MK','nbRRHA@xyz.com','e80b5017098950fc58aad83c8c14978e'),('URfyel_potty_MK','cJTsCD@xyz.com','e80b5017098950fc58aad83c8c14978e'),('UTDiWh_potty_MK','PyGFnT@xyz.com','e80b5017098950fc58aad83c8c14978e'),('UUdBPj_letsgo_C','iDPAJC@xyz.com','e80b5017098950fc58aad83c8c14978e'),('UVIJl__potty_MK','HtN_DN@xyz.com','e80b5017098950fc58aad83c8c14978e'),('UVPeuJ_potty_MK','DrQfpN@xyz.com','e80b5017098950fc58aad83c8c14978e'),('UYeQJRobotBanao','v58FO@gmail.com','e6e3be2d833cdf5d9d4c7bc2f85cd098'),('UYpGcl_potty_MK','IfePQI@xyz.com','e80b5017098950fc58aad83c8c14978e'),('UZVSRr_letsgo_C','SbnDLr@xyz.com','e80b5017098950fc58aad83c8c14978e'),('U_BpxF_potty_MK','soCqUR@xyz.com','e80b5017098950fc58aad83c8c14978e'),('U_UfqJ_potty_MK','qAeXsT@xyz.com','e80b5017098950fc58aad83c8c14978e'),('Uazpwc_nahihai_','xcbzJF@xyz.com','e80b5017098950fc58aad83c8c14978e'),('UbhIRN_potty_MK','hSlBFu@xyz.com','e80b5017098950fc58aad83c8c14978e'),('Ubj_zb_letsgo_C','YUiJeT@xyz.com','e80b5017098950fc58aad83c8c14978e'),('UbvmvR_potty_MK','BFAcdh@xyz.com','e80b5017098950fc58aad83c8c14978e'),('UcTHMc_potty_MK','TxTJbN@xyz.com','e80b5017098950fc58aad83c8c14978e'),('UcqocC_letsgo_C','hyJGyl@xyz.com','e80b5017098950fc58aad83c8c14978e'),('UdjHZw_nahihai_','iDVxxh@xyz.com','e80b5017098950fc58aad83c8c14978e'),('UeeNkU_letsgo_C','kjbDKm@xyz.com','e80b5017098950fc58aad83c8c14978e'),('UeoBJG_potty_MK','nPKuhE@xyz.com','e80b5017098950fc58aad83c8c14978e'),('Uexfmh_nahihai_','TXWtBl@xyz.com','e80b5017098950fc58aad83c8c14978e'),('UflVMh_letsgo_C','UmAXdZ@xyz.com','e80b5017098950fc58aad83c8c14978e'),('UgIeLN_potty_MK','suCUbF@xyz.com','e80b5017098950fc58aad83c8c14978e'),('UgXZUQ_letsgo_C','uUBSRC@xyz.com','e80b5017098950fc58aad83c8c14978e'),('UhWwUB_letsgo_C','OCRnOz@xyz.com','e80b5017098950fc58aad83c8c14978e'),('Ui0Xc_RobotBana','lFWso@gmail.com','e6e3be2d833cdf5d9d4c7bc2f85cd098'),('UjJlmn_nahihai_','ulDwOc@xyz.com','e80b5017098950fc58aad83c8c14978e'),('UjUGCL_potty_MK','OYIlWt@xyz.com','e80b5017098950fc58aad83c8c14978e'),('UjUySZ_nahihai_','_dikfE@xyz.com','e80b5017098950fc58aad83c8c14978e'),('UjcVVA_potty_MK','kKdewr@xyz.com','e80b5017098950fc58aad83c8c14978e'),('UkAbkw_letsgo_C','oTJbUq@xyz.com','e80b5017098950fc58aad83c8c14978e'),('UlbKzm_letsgo_C','zMZbTt@xyz.com','e80b5017098950fc58aad83c8c14978e'),('UluTpb_letsgo_C','keRGAm@xyz.com','e80b5017098950fc58aad83c8c14978e'),('UmvaAm_letsgo_C','SCzhuo@xyz.com','e80b5017098950fc58aad83c8c14978e'),('UnVanI_potty_MK','vjTujd@xyz.com','e80b5017098950fc58aad83c8c14978e'),('UnfOVO_potty_MK','bzwSOY@xyz.com','e80b5017098950fc58aad83c8c14978e'),('UoRzA_RobotBana','eng8L@gmail.com','e6e3be2d833cdf5d9d4c7bc2f85cd098'),('UpFoMW_potty_MK','NjO_sE@xyz.com','e80b5017098950fc58aad83c8c14978e'),('UpJkQO_nahihai_','KmPTRW@xyz.com','e80b5017098950fc58aad83c8c14978e'),('UpoiUy_potty_MK','KSLlar@xyz.com','e80b5017098950fc58aad83c8c14978e'),('UpzeNo_nahihai_','oThfnt@xyz.com','e80b5017098950fc58aad83c8c14978e'),('UrA2YRobotBanao','Ui3rk@gmail.com','e6e3be2d833cdf5d9d4c7bc2f85cd098'),('UrgVxN_nahihai_','wCMGOD@xyz.com','e80b5017098950fc58aad83c8c14978e'),('UtNRsU_letsgo_C','uvKdtB@xyz.com','e80b5017098950fc58aad83c8c14978e'),('UuspVX_potty_MK','HYKghS@xyz.com','e80b5017098950fc58aad83c8c14978e'),('UvQJHO_potty_MK','EJlmdu@xyz.com','e80b5017098950fc58aad83c8c14978e'),('UwKJd_RobotBana','BGSZ6@gmail.com','e6e3be2d833cdf5d9d4c7bc2f85cd098'),('UxZXsQ_nahihai_','JivITN@xyz.com','e80b5017098950fc58aad83c8c14978e'),('UxvBT_RobotBana','190vr@gmail.com','e6e3be2d833cdf5d9d4c7bc2f85cd098'),('UyCuDL_potty_MK','SLeBcC@xyz.com','e80b5017098950fc58aad83c8c14978e'),('UyRfhu_potty_MK','IguMzI@xyz.com','e80b5017098950fc58aad83c8c14978e'),('Uy_Fsd_potty_MK','s__lAP@xyz.com','e80b5017098950fc58aad83c8c14978e'),('Uylusv_potty_MK','qjtbkX@xyz.com','e80b5017098950fc58aad83c8c14978e'),('UymUwN_nahihai_','urHZqO@xyz.com','e80b5017098950fc58aad83c8c14978e'),('V1w7Q_RobotBana','58ETj@gmail.com','e6e3be2d833cdf5d9d4c7bc2f85cd098'),('V5uD5RobotBanao','ljztC@gmail.com','e6e3be2d833cdf5d9d4c7bc2f85cd098'),('VAxJCl_potty_MK','EAOrKr@xyz.com','e80b5017098950fc58aad83c8c14978e'),('VCVHjq_potty_MK','LHEnBS@xyz.com','e80b5017098950fc58aad83c8c14978e'),('VCZjEr_potty_MK','nDFqfR@xyz.com','e80b5017098950fc58aad83c8c14978e'),('VCvOq_RobotBana','SOPcj@gmail.com','e6e3be2d833cdf5d9d4c7bc2f85cd098'),('VDANYT_nahihai_','KsRvQV@xyz.com','e80b5017098950fc58aad83c8c14978e'),('VDhGQRobotBanao','it4WX@gmail.com','e6e3be2d833cdf5d9d4c7bc2f85cd098'),('VEVaHE_potty_MK','_KUOaU@xyz.com','e80b5017098950fc58aad83c8c14978e'),('VFWXX_RobotBana','yL2jn@gmail.com','e6e3be2d833cdf5d9d4c7bc2f85cd098'),('VFeZMs_letsgo_C','lqPUTZ@xyz.com','e80b5017098950fc58aad83c8c14978e'),('VGIvhE_letsgo_C','uuuncc@xyz.com','e80b5017098950fc58aad83c8c14978e'),('VHEj_v_letsgo_C','SrHgLp@xyz.com','e80b5017098950fc58aad83c8c14978e'),('VHOCqp_letsgo_C','qkQOHI@xyz.com','e80b5017098950fc58aad83c8c14978e'),('VHZXhK_potty_MK','RDplZ_@xyz.com','e80b5017098950fc58aad83c8c14978e'),('VHzPcb_potty_MK','xIkhHf@xyz.com','e80b5017098950fc58aad83c8c14978e'),('VKB9FRobotBanao','0JvVF@gmail.com','e6e3be2d833cdf5d9d4c7bc2f85cd098'),('VKXfc_RobotBana','ogjDY@gmail.com','e6e3be2d833cdf5d9d4c7bc2f85cd098'),('VMFHDH_letsgo_C','koAmLE@xyz.com','e80b5017098950fc58aad83c8c14978e'),('VMiwLg_nahihai_','nYYMWK@xyz.com','e80b5017098950fc58aad83c8c14978e'),('VMware','vishrut.mehta@students.iiit.ac','bd21e6ad68d408cb1fb236980eb8dfed'),('VQBBvW_nahihai_','S_cFkw@xyz.com','e80b5017098950fc58aad83c8c14978e'),('VQKE1RobotBanao','LTtM3@gmail.com','e6e3be2d833cdf5d9d4c7bc2f85cd098'),('VRmrS_RobotBana','CrYuo@gmail.com','e6e3be2d833cdf5d9d4c7bc2f85cd098'),('VRuFbg_nahihai_','dnEmFe@xyz.com','e80b5017098950fc58aad83c8c14978e'),('VSLQQu_nahihai_','vrLMdJ@xyz.com','e80b5017098950fc58aad83c8c14978e'),('VTfqBD_potty_MK','SjldPf@xyz.com','e80b5017098950fc58aad83c8c14978e'),('VUJftA_letsgo_C','Zmiqvu@xyz.com','e80b5017098950fc58aad83c8c14978e'),('VUeHRD_letsgo_C','tTycr_@xyz.com','e80b5017098950fc58aad83c8c14978e'),('VVbiuW_potty_MK','OKHJEc@xyz.com','e80b5017098950fc58aad83c8c14978e'),('VVvJpT_potty_MK','QbWHsm@xyz.com','e80b5017098950fc58aad83c8c14978e'),('VW_jMO_nahihai_','mmIwIA@xyz.com','e80b5017098950fc58aad83c8c14978e'),('VXWykd_nahihai_','NJzIMC@xyz.com','e80b5017098950fc58aad83c8c14978e'),('VXwHb_RobotBana','2iXWB@gmail.com','e6e3be2d833cdf5d9d4c7bc2f85cd098'),('VYASM_RobotBana','HuA4E@gmail.com','e6e3be2d833cdf5d9d4c7bc2f85cd098'),('VYyjaJ_potty_MK','uvqfFq@xyz.com','e80b5017098950fc58aad83c8c14978e'),('V_TbPD_potty_MK','bGNYod@xyz.com','e80b5017098950fc58aad83c8c14978e'),('V_jdKs_letsgo_C','ownScD@xyz.com','e80b5017098950fc58aad83c8c14978e'),('VaAZPx_potty_MK','wXOlpO@xyz.com','e80b5017098950fc58aad83c8c14978e'),('VaZhIu_potty_MK','xAjleO@xyz.com','e80b5017098950fc58aad83c8c14978e'),('VanHohenheim','ak2x47@gmail.com','e25458b9be94bc0f2d8022de65fc5ea7'),('VanfEr_nahihai_','JXpdWb@xyz.com','e80b5017098950fc58aad83c8c14978e'),('VbBEkE_letsgo_C','FCIpfR@xyz.com','e80b5017098950fc58aad83c8c14978e'),('VbaSan_potty_MK','nOeAKZ@xyz.com','e80b5017098950fc58aad83c8c14978e'),('VcgrWH_potty_MK','nfcYqa@xyz.com','e80b5017098950fc58aad83c8c14978e'),('Vcjprp_nahihai_','Rpir_h@xyz.com','e80b5017098950fc58aad83c8c14978e'),('VdWnvU_letsgo_C','TxqRKr@xyz.com','e80b5017098950fc58aad83c8c14978e'),('VdWxVS_nahihai_','jntnho@xyz.com','e80b5017098950fc58aad83c8c14978e'),('VeEkqT_potty_MK','kpQurx@xyz.com','e80b5017098950fc58aad83c8c14978e'),('VeVgGz_letsgo_C','oTsOlv@xyz.com','e80b5017098950fc58aad83c8c14978e'),('VeZMcr_letsgo_C','zDrcZX@xyz.com','e80b5017098950fc58aad83c8c14978e'),('VemGkz_nahihai_','MaziIA@xyz.com','e80b5017098950fc58aad83c8c14978e'),('VfHbTy_potty_MK','AijVfI@xyz.com','e80b5017098950fc58aad83c8c14978e'),('VfaHXs_potty_MK','tgUZWU@xyz.com','e80b5017098950fc58aad83c8c14978e'),('VgRAhx_nahihai_','Zqocwf@xyz.com','e80b5017098950fc58aad83c8c14978e'),('VgZkEo_letsgo_C','BEYeId@xyz.com','e80b5017098950fc58aad83c8c14978e'),('VgxOZK_potty_MK','ngOIJn@xyz.com','e80b5017098950fc58aad83c8c14978e'),('VhDYTl_nahihai_','tXMABz@xyz.com','e80b5017098950fc58aad83c8c14978e'),('VhPFqd_nahihai_','eDSGP_@xyz.com','e80b5017098950fc58aad83c8c14978e'),('ViKDos_nahihai_','iPcwAd@xyz.com','e80b5017098950fc58aad83c8c14978e'),('VihLQRobotBanao','4Es7I@gmail.com','e6e3be2d833cdf5d9d4c7bc2f85cd098'),('VkBwYr_potty_MK','OKWqIN@xyz.com','e80b5017098950fc58aad83c8c14978e'),('Vl0kl_RobotBana','9pmfN@gmail.com','e6e3be2d833cdf5d9d4c7bc2f85cd098'),('VlbO_O_nahihai_','MeMFKD@xyz.com','e80b5017098950fc58aad83c8c14978e'),('VlgajU_nahihai_','OxbbNb@xyz.com','e80b5017098950fc58aad83c8c14978e'),('VmKiBRobotBanao','izBxk@gmail.com','e6e3be2d833cdf5d9d4c7bc2f85cd098'),('VoAGUq_potty_MK','RTiceE@xyz.com','e80b5017098950fc58aad83c8c14978e'),('VoIRH_RobotBana','Cl2Pj@gmail.com','e6e3be2d833cdf5d9d4c7bc2f85cd098'),('VoIW_T_letsgo_C','nYpfbt@xyz.com','e80b5017098950fc58aad83c8c14978e'),('VoTmAF_potty_MK','XFs_cJ@xyz.com','e80b5017098950fc58aad83c8c14978e'),('VorBXi_letsgo_C','KihTlc@xyz.com','e80b5017098950fc58aad83c8c14978e'),('VqBNo_RobotBana','BI9AR@gmail.com','e6e3be2d833cdf5d9d4c7bc2f85cd098'),('VrOUkM_letsgo_C','vv_TwH@xyz.com','e80b5017098950fc58aad83c8c14978e'),('VsHBZF_potty_MK','TnqMxQ@xyz.com','e80b5017098950fc58aad83c8c14978e'),('VsTzTB_nahihai_','frCgxf@xyz.com','e80b5017098950fc58aad83c8c14978e'),('VstOPt_letsgo_C','NupWnp@xyz.com','e80b5017098950fc58aad83c8c14978e'),('VtAmAm_nahihai_','spOtBJ@xyz.com','e80b5017098950fc58aad83c8c14978e'),('VtvpJr_potty_MK','vuFRdb@xyz.com','e80b5017098950fc58aad83c8c14978e'),('VucaWf_potty_MK','qsYqny@xyz.com','e80b5017098950fc58aad83c8c14978e'),('VuzTGu_nahihai_','zugrCG@xyz.com','e80b5017098950fc58aad83c8c14978e'),('VvFVsT_nahihai_','bequAN@xyz.com','e80b5017098950fc58aad83c8c14978e'),('VwKGCt_nahihai_','veBIrU@xyz.com','e80b5017098950fc58aad83c8c14978e'),('VwRVIh_potty_MK','DAlui_@xyz.com','e80b5017098950fc58aad83c8c14978e'),('VwiVwRobotBanao','9JA7H@gmail.com','e6e3be2d833cdf5d9d4c7bc2f85cd098'),('Vwihu_RobotBana','WwTt3@gmail.com','e6e3be2d833cdf5d9d4c7bc2f85cd098'),('VwlTwN_potty_MK','H_pPhC@xyz.com','e80b5017098950fc58aad83c8c14978e'),('VxGIFl_potty_MK','qysebt@xyz.com','e80b5017098950fc58aad83c8c14978e'),('VxsjcN_nahihai_','PPXTUH@xyz.com','e80b5017098950fc58aad83c8c14978e'),('Vy_OJC_nahihai_','RqewwZ@xyz.com','e80b5017098950fc58aad83c8c14978e'),('VzFSJv_letsgo_C','rjYwsx@xyz.com','e80b5017098950fc58aad83c8c14978e'),('VzjTeF_letsgo_C','ZuxCdc@xyz.com','e80b5017098950fc58aad83c8c14978e'),('VzxYlRobotBanao','501uf@gmail.com','e6e3be2d833cdf5d9d4c7bc2f85cd098'),('W0N88RobotBanao','vk06x@gmail.com','e6e3be2d833cdf5d9d4c7bc2f85cd098'),('WB3eFRobotBanao','Wh0wk@gmail.com','e6e3be2d833cdf5d9d4c7bc2f85cd098'),('WCq2W_RobotBana','Kohmh@gmail.com','e6e3be2d833cdf5d9d4c7bc2f85cd098'),('WDIZGw_nahihai_','WTqP_b@xyz.com','e80b5017098950fc58aad83c8c14978e'),('WGmgx_RobotBana','NuZJ2@gmail.com','e6e3be2d833cdf5d9d4c7bc2f85cd098'),('WH2IQRobotBanao','zJhD2@gmail.com','e6e3be2d833cdf5d9d4c7bc2f85cd098'),('WHlvDi_letsgo_C','NTxTHG@xyz.com','e80b5017098950fc58aad83c8c14978e'),('WJKvZn_potty_MK','THQiXi@xyz.com','e80b5017098950fc58aad83c8c14978e'),('WJLdBG_nahihai_','mZwgll@xyz.com','e80b5017098950fc58aad83c8c14978e'),('WJXEen_potty_MK','jvuxkX@xyz.com','e80b5017098950fc58aad83c8c14978e'),('WKnBc_RobotBana','zm6Hc@gmail.com','e6e3be2d833cdf5d9d4c7bc2f85cd098'),('WLHYNC_nahihai_','zLJFQM@xyz.com','e80b5017098950fc58aad83c8c14978e'),('WNxnlY_potty_MK','_LeK_j@xyz.com','e80b5017098950fc58aad83c8c14978e'),('WOFwmP_nahihai_','GNnzDR@xyz.com','e80b5017098950fc58aad83c8c14978e'),('WPpvDRobotBanao','onLyu@gmail.com','e6e3be2d833cdf5d9d4c7bc2f85cd098'),('WQRfty_nahihai_','RNzTCv@xyz.com','e80b5017098950fc58aad83c8c14978e'),('WQjuom_nahihai_','mTdClk@xyz.com','e80b5017098950fc58aad83c8c14978e'),('WQpxXy_potty_MK','PqQxWZ@xyz.com','e80b5017098950fc58aad83c8c14978e'),('WTSDxr_nahihai_','ZUJfKv@xyz.com','e80b5017098950fc58aad83c8c14978e'),('WUaIDi_potty_MK','PHPwug@xyz.com','e80b5017098950fc58aad83c8c14978e'),('WUqaOg_letsgo_C','emDtBs@xyz.com','e80b5017098950fc58aad83c8c14978e'),('WUzsqw_potty_MK','xleOrs@xyz.com','e80b5017098950fc58aad83c8c14978e'),('WWw0YRobotBanao','xEadw@gmail.com','e6e3be2d833cdf5d9d4c7bc2f85cd098'),('WXsahk_letsgo_C','qsShOM@xyz.com','e80b5017098950fc58aad83c8c14978e'),('WYcDdw_nahihai_','PSOKeT@xyz.com','e80b5017098950fc58aad83c8c14978e'),('WYtxsb_letsgo_C','DqVnMV@xyz.com','e80b5017098950fc58aad83c8c14978e'),('WZMdye_potty_MK','wFxWdJ@xyz.com','e80b5017098950fc58aad83c8c14978e'),('WZVJmJ_letsgo_C','xOWIlA@xyz.com','e80b5017098950fc58aad83c8c14978e'),('W_Qcpe_nahihai_','sYvOFB@xyz.com','e80b5017098950fc58aad83c8c14978e'),('W_RBDw_potty_MK','_indl_@xyz.com','e80b5017098950fc58aad83c8c14978e'),('WaSYxq_potty_MK','KHUWDm@xyz.com','e80b5017098950fc58aad83c8c14978e'),('WbgKpp_nahihai_','JSSndQ@xyz.com','e80b5017098950fc58aad83c8c14978e'),('WdKODp_nahihai_','KKJfSm@xyz.com','e80b5017098950fc58aad83c8c14978e'),('WexbG__letsgo_C','Nqhlhs@xyz.com','e80b5017098950fc58aad83c8c14978e'),('WfrJTa_nahihai_','xhfAiu@xyz.com','e80b5017098950fc58aad83c8c14978e'),('WiEA8RobotBanao','EFouw@gmail.com','e6e3be2d833cdf5d9d4c7bc2f85cd098'),('WjfsZp_letsgo_C','Fjpqih@xyz.com','e80b5017098950fc58aad83c8c14978e'),('WksMHx_nahihai_','BFNvuS@xyz.com','e80b5017098950fc58aad83c8c14978e'),('WlZLjb_nahihai_','wJnDIw@xyz.com','e80b5017098950fc58aad83c8c14978e'),('WlgRzY_letsgo_C','FFdZJw@xyz.com','e80b5017098950fc58aad83c8c14978e'),('WmJGue_potty_MK','HXbBFG@xyz.com','e80b5017098950fc58aad83c8c14978e'),('WnImsb_nahihai_','lqVwWX@xyz.com','e80b5017098950fc58aad83c8c14978e'),('Wnafte_nahihai_','lvCKxi@xyz.com','e80b5017098950fc58aad83c8c14978e'),('WngO_n_letsgo_C','HNldZ_@xyz.com','e80b5017098950fc58aad83c8c14978e'),('Wotryj_potty_MK','BcllXm@xyz.com','e80b5017098950fc58aad83c8c14978e'),('WpCY_i_letsgo_C','qsFPzO@xyz.com','e80b5017098950fc58aad83c8c14978e'),('WpPAsD_potty_MK','MtGOvM@xyz.com','e80b5017098950fc58aad83c8c14978e'),('WpVUlw_letsgo_C','PuTWlD@xyz.com','e80b5017098950fc58aad83c8c14978e'),('WpdYDm_nahihai_','HjZMji@xyz.com','e80b5017098950fc58aad83c8c14978e'),('WqIDLL_letsgo_C','NdybMi@xyz.com','e80b5017098950fc58aad83c8c14978e'),('WqO_Qo_potty_MK','oIoRfH@xyz.com','e80b5017098950fc58aad83c8c14978e'),('Wql_EV_potty_MK','KEOPfm@xyz.com','e80b5017098950fc58aad83c8c14978e'),('WqrhSE_nahihai_','vIkNbB@xyz.com','e80b5017098950fc58aad83c8c14978e'),('WrJstQ_nahihai_','IiVdVz@xyz.com','e80b5017098950fc58aad83c8c14978e'),('WrNFnx_nahihai_','vLaDct@xyz.com','e80b5017098950fc58aad83c8c14978e'),('WrXvSRobotBanao','1tUEa@gmail.com','e6e3be2d833cdf5d9d4c7bc2f85cd098'),('Wrooap_letsgo_C','FRkjOt@xyz.com','e80b5017098950fc58aad83c8c14978e'),('Wrwkdt_letsgo_C','irmYSk@xyz.com','e80b5017098950fc58aad83c8c14978e'),('WtRdwX_nahihai_','grEjRW@xyz.com','e80b5017098950fc58aad83c8c14978e'),('WuEqPA_potty_MK','rbjjGt@xyz.com','e80b5017098950fc58aad83c8c14978e'),('WuQTzL_nahihai_','UjRhVH@xyz.com','e80b5017098950fc58aad83c8c14978e'),('WutMmi_nahihai_','WaUYij@xyz.com','e80b5017098950fc58aad83c8c14978e'),('WuzokT_potty_MK','pqtsUo@xyz.com','e80b5017098950fc58aad83c8c14978e'),('WvHn_z_nahihai_','VdSpYT@xyz.com','e80b5017098950fc58aad83c8c14978e'),('WvTzTE_potty_MK','xqHTLB@xyz.com','e80b5017098950fc58aad83c8c14978e'),('WwJbDu_nahihai_','goHAXf@xyz.com','e80b5017098950fc58aad83c8c14978e'),('Wy_kP__letsgo_C','qiTDca@xyz.com','e80b5017098950fc58aad83c8c14978e'),('X0LWsRobotBanao','DVFNZ@gmail.com','e6e3be2d833cdf5d9d4c7bc2f85cd098'),('X2VxO_RobotBana','KODU2@gmail.com','e6e3be2d833cdf5d9d4c7bc2f85cd098'),('X5dNPRobotBanao','y3U6B@gmail.com','e6e3be2d833cdf5d9d4c7bc2f85cd098'),('X6qiI_RobotBana','HlYUm@gmail.com','e6e3be2d833cdf5d9d4c7bc2f85cd098'),('X9NW1_RobotBana','fGkjm@gmail.com','e6e3be2d833cdf5d9d4c7bc2f85cd098'),('XAchcQ_potty_MK','Lp_LPw@xyz.com','e80b5017098950fc58aad83c8c14978e'),('XAebbu_nahihai_','sDCOzR@xyz.com','e80b5017098950fc58aad83c8c14978e'),('XDAbHK_potty_MK','jtxtYI@xyz.com','e80b5017098950fc58aad83c8c14978e'),('XDRJV_RobotBana','DweXZ@gmail.com','e6e3be2d833cdf5d9d4c7bc2f85cd098'),('XEPuwf_nahihai_','dSyspD@xyz.com','e80b5017098950fc58aad83c8c14978e'),('XGHrnc_potty_MK','Ckrtsm@xyz.com','e80b5017098950fc58aad83c8c14978e'),('XGcqdRobotBanao','h7p1O@gmail.com','e6e3be2d833cdf5d9d4c7bc2f85cd098'),('XHDDzg_nahihai_','DCZMmH@xyz.com','e80b5017098950fc58aad83c8c14978e'),('XIOlKY_potty_MK','WuUJCV@xyz.com','e80b5017098950fc58aad83c8c14978e'),('XJKEmf_letsgo_C','wQMXuq@xyz.com','e80b5017098950fc58aad83c8c14978e'),('XJthnh_letsgo_C','Uctlnp@xyz.com','e80b5017098950fc58aad83c8c14978e'),('XKYbuH_potty_MK','KyCQI_@xyz.com','e80b5017098950fc58aad83c8c14978e'),('XLwATF_nahihai_','dWzTTH@xyz.com','e80b5017098950fc58aad83c8c14978e'),('XMfQBs_potty_MK','lMNfrz@xyz.com','e80b5017098950fc58aad83c8c14978e'),('XMqHiw_nahihai_','wXaEYm@xyz.com','e80b5017098950fc58aad83c8c14978e'),('XPCYwl_potty_MK','YQngWf@xyz.com','e80b5017098950fc58aad83c8c14978e'),('XPHrr_RobotBana','YmJLB@gmail.com','e6e3be2d833cdf5d9d4c7bc2f85cd098'),('XPlHZy_letsgo_C','VEIuIl@xyz.com','e80b5017098950fc58aad83c8c14978e'),('XPmDUM_potty_MK','VerKFF@xyz.com','e80b5017098950fc58aad83c8c14978e'),('XQDISi_nahihai_','qkexUj@xyz.com','e80b5017098950fc58aad83c8c14978e'),('XQOtXL_nahihai_','GphJzn@xyz.com','e80b5017098950fc58aad83c8c14978e'),('XQmEYP_potty_MK','NQTMYz@xyz.com','e80b5017098950fc58aad83c8c14978e'),('XRJOtD_letsgo_C','VQYMrL@xyz.com','e80b5017098950fc58aad83c8c14978e'),('XTRZvo_letsgo_C','CFtypF@xyz.com','e80b5017098950fc58aad83c8c14978e'),('XTfrZc_letsgo_C','afecXv@xyz.com','e80b5017098950fc58aad83c8c14978e'),('XTgRra_nahihai_','EJTvkq@xyz.com','e80b5017098950fc58aad83c8c14978e'),('XXWFdm_nahihai_','WXzlDk@xyz.com','e80b5017098950fc58aad83c8c14978e'),('XY8gcRobotBanao','K9gFp@gmail.com','e6e3be2d833cdf5d9d4c7bc2f85cd098'),('XYUGUn_nahihai_','zkiWQT@xyz.com','e80b5017098950fc58aad83c8c14978e'),('XZnbgK_nahihai_','ANHfqP@xyz.com','e80b5017098950fc58aad83c8c14978e'),('XZwjeh_letsgo_C','pBOlGl@xyz.com','e80b5017098950fc58aad83c8c14978e'),('X_VKOV_letsgo_C','tyHQIn@xyz.com','e80b5017098950fc58aad83c8c14978e'),('X_esdy_potty_MK','sLwtFu@xyz.com','e80b5017098950fc58aad83c8c14978e'),('Xab8O_RobotBana','1sFOf@gmail.com','e6e3be2d833cdf5d9d4c7bc2f85cd098'),('Xb8vBRobotBanao','XGqYq@gmail.com','e6e3be2d833cdf5d9d4c7bc2f85cd098'),('XbmDkK_potty_MK','hOYrXz@xyz.com','e80b5017098950fc58aad83c8c14978e'),('XcUcA_RobotBana','aRZMt@gmail.com','e6e3be2d833cdf5d9d4c7bc2f85cd098'),('XcwpNu_nahihai_','cOLYnU@xyz.com','e80b5017098950fc58aad83c8c14978e'),('XdFHkQ_nahihai_','ubrGzV@xyz.com','e80b5017098950fc58aad83c8c14978e'),('XdJWMm_nahihai_','KcUyJY@xyz.com','e80b5017098950fc58aad83c8c14978e'),('XdPiMY_potty_MK','hRzAPj@xyz.com','e80b5017098950fc58aad83c8c14978e'),('XeEncZ_nahihai_','gEdlaW@xyz.com','e80b5017098950fc58aad83c8c14978e'),('XemyG_RobotBana','O5B6m@gmail.com','e6e3be2d833cdf5d9d4c7bc2f85cd098'),('XfJvuL_potty_MK','VBCvAI@xyz.com','e80b5017098950fc58aad83c8c14978e'),('XgXvHo_nahihai_','_rebOy@xyz.com','e80b5017098950fc58aad83c8c14978e'),('XhIBVr_letsgo_C','ObOkmD@xyz.com','e80b5017098950fc58aad83c8c14978e'),('XhNqEm_potty_MK','FPQYgH@xyz.com','e80b5017098950fc58aad83c8c14978e'),('XihLHr_nahihai_','oGYelQ@xyz.com','e80b5017098950fc58aad83c8c14978e'),('XjKvNU_potty_MK','VuAwTZ@xyz.com','e80b5017098950fc58aad83c8c14978e'),('XlSRWh_potty_MK','uIxhY_@xyz.com','e80b5017098950fc58aad83c8c14978e'),('XmjRpl_potty_MK','OZBMlE@xyz.com','e80b5017098950fc58aad83c8c14978e'),('XoYVJ_RobotBana','rfAPY@gmail.com','e6e3be2d833cdf5d9d4c7bc2f85cd098'),('XohHL_RobotBana','BR5Cy@gmail.com','e6e3be2d833cdf5d9d4c7bc2f85cd098'),('XoqX_j_letsgo_C','pnnsKI@xyz.com','e80b5017098950fc58aad83c8c14978e'),('XosgLL_potty_MK','ksoEBs@xyz.com','e80b5017098950fc58aad83c8c14978e'),('XpTTnd_letsgo_C','KEEbM_@xyz.com','e80b5017098950fc58aad83c8c14978e'),('XrGbFP_nahihai_','RSZKGe@xyz.com','e80b5017098950fc58aad83c8c14978e'),('XrVTCq_nahihai_','tmjTqp@xyz.com','e80b5017098950fc58aad83c8c14978e'),('XrcJMs_letsgo_C','jxdHtv@xyz.com','e80b5017098950fc58aad83c8c14978e'),('XrgUo__potty_MK','lTxuXn@xyz.com','e80b5017098950fc58aad83c8c14978e'),('XuliWS_nahihai_','jikref@xyz.com','e80b5017098950fc58aad83c8c14978e'),('XuxdeY_nahihai_','AqlKAh@xyz.com','e80b5017098950fc58aad83c8c14978e'),('XvydVu_letsgo_C','aSSK_h@xyz.com','e80b5017098950fc58aad83c8c14978e'),('XwCiEK_potty_MK','FSCHZx@xyz.com','e80b5017098950fc58aad83c8c14978e'),('XwuEBR_letsgo_C','xfOaNo@xyz.com','e80b5017098950fc58aad83c8c14978e'),('XyXmNF_nahihai_','zIaSzu@xyz.com','e80b5017098950fc58aad83c8c14978e'),('XzAxUC_potty_MK','ymWHwW@xyz.com','e80b5017098950fc58aad83c8c14978e'),('XzTqoX_nahihai_','LjIRXJ@xyz.com','e80b5017098950fc58aad83c8c14978e'),('XzXjf_RobotBana','4PVX5@gmail.com','e6e3be2d833cdf5d9d4c7bc2f85cd098'),('Y06u0_RobotBana','JYjkx@gmail.com','e6e3be2d833cdf5d9d4c7bc2f85cd098'),('Y6Iz5RobotBanao','kobOJ@gmail.com','e6e3be2d833cdf5d9d4c7bc2f85cd098'),('Y7OU5_RobotBana','Qn6dj@gmail.com','e6e3be2d833cdf5d9d4c7bc2f85cd098'),('Y8YVs_RobotBana','4E7aT@gmail.com','e6e3be2d833cdf5d9d4c7bc2f85cd098'),('YBTXjP_potty_MK','LbHUZo@xyz.com','e80b5017098950fc58aad83c8c14978e'),('YCUjcm_nahihai_','nq_HND@xyz.com','e80b5017098950fc58aad83c8c14978e'),('YCv5URobotBanao','hxzFt@gmail.com','e6e3be2d833cdf5d9d4c7bc2f85cd098'),('YDDFmN_letsgo_C','MuViCi@xyz.com','e80b5017098950fc58aad83c8c14978e'),('YEWbZX_potty_MK','KDdfnh@xyz.com','e80b5017098950fc58aad83c8c14978e'),('YFRYql_letsgo_C','jIudVB@xyz.com','e80b5017098950fc58aad83c8c14978e'),('YFneXE_letsgo_C','YABSNt@xyz.com','e80b5017098950fc58aad83c8c14978e'),('YGufYx_letsgo_C','DpfSSc@xyz.com','e80b5017098950fc58aad83c8c14978e'),('YJCLoJ_potty_MK','mrWsfy@xyz.com','e80b5017098950fc58aad83c8c14978e'),('YJIFds_potty_MK','qCLgCr@xyz.com','e80b5017098950fc58aad83c8c14978e'),('YJpWGO_potty_MK','PNsMVd@xyz.com','e80b5017098950fc58aad83c8c14978e'),('YL25JRobotBanao','y5t1m@gmail.com','e6e3be2d833cdf5d9d4c7bc2f85cd098'),('YLaWgT_potty_MK','fpTVPE@xyz.com','e80b5017098950fc58aad83c8c14978e'),('YLjHPRobotBanao','knRyA@gmail.com','e6e3be2d833cdf5d9d4c7bc2f85cd098'),('YOGVaw_potty_MK','cMMMiA@xyz.com','e80b5017098950fc58aad83c8c14978e'),('YPK6WRobotBanao','B6Ac4@gmail.com','e6e3be2d833cdf5d9d4c7bc2f85cd098'),('YPNZqI_letsgo_C','yoITFX@xyz.com','e80b5017098950fc58aad83c8c14978e'),('YPmcKT_potty_MK','FerEAF@xyz.com','e80b5017098950fc58aad83c8c14978e'),('YQogfi_potty_MK','tTZOIt@xyz.com','e80b5017098950fc58aad83c8c14978e'),('YRFGQb_nahihai_','eRFcmA@xyz.com','e80b5017098950fc58aad83c8c14978e'),('YRFMBK_nahihai_','qtxxNx@xyz.com','e80b5017098950fc58aad83c8c14978e'),('YR_GQu_potty_MK','zLEjDP@xyz.com','e80b5017098950fc58aad83c8c14978e'),('YTs_Xf_potty_MK','owJghg@xyz.com','e80b5017098950fc58aad83c8c14978e'),('YTv6IRobotBanao','rBQCU@gmail.com','e6e3be2d833cdf5d9d4c7bc2f85cd098'),('YUVGnB_letsgo_C','OhhwAP@xyz.com','e80b5017098950fc58aad83c8c14978e'),('YVQlpP_potty_MK','zGMpeM@xyz.com','e80b5017098950fc58aad83c8c14978e'),('YVWALH_letsgo_C','wFYHvC@xyz.com','e80b5017098950fc58aad83c8c14978e'),('YVbswu_nahihai_','DjKzzv@xyz.com','e80b5017098950fc58aad83c8c14978e'),('YXBQGl_nahihai_','nGWGNE@xyz.com','e80b5017098950fc58aad83c8c14978e'),('YXmWNv_letsgo_C','nvfDPF@xyz.com','e80b5017098950fc58aad83c8c14978e'),('YYIxrA_nahihai_','VgociA@xyz.com','e80b5017098950fc58aad83c8c14978e'),('Y_GMUv_nahihai_','sSLPrP@xyz.com','e80b5017098950fc58aad83c8c14978e'),('YaFfvp_letsgo_C','ocJlCw@xyz.com','e80b5017098950fc58aad83c8c14978e'),('YaMHlS_letsgo_C','bnVtfY@xyz.com','e80b5017098950fc58aad83c8c14978e'),('YcAsxf_potty_MK','_YtBLo@xyz.com','e80b5017098950fc58aad83c8c14978e'),('YcBAOZ_nahihai_','NpyyUm@xyz.com','e80b5017098950fc58aad83c8c14978e'),('YcQWPp_potty_MK','vYzxzr@xyz.com','e80b5017098950fc58aad83c8c14978e'),('YcjufX_letsgo_C','wzwnxc@xyz.com','e80b5017098950fc58aad83c8c14978e'),('YeLiWG_nahihai_','PFwnQk@xyz.com','e80b5017098950fc58aad83c8c14978e'),('YfrpLa_nahihai_','IIltFi@xyz.com','e80b5017098950fc58aad83c8c14978e'),('Yh0aORobotBanao','7csHC@gmail.com','e6e3be2d833cdf5d9d4c7bc2f85cd098'),('YhuWog_letsgo_C','YhIdoU@xyz.com','e80b5017098950fc58aad83c8c14978e'),('YiVpAj_potty_MK','FOYvLl@xyz.com','e80b5017098950fc58aad83c8c14978e'),('YizvhX_nahihai_','QUhueT@xyz.com','e80b5017098950fc58aad83c8c14978e'),('Yj4ai_RobotBana','fT1aK@gmail.com','e6e3be2d833cdf5d9d4c7bc2f85cd098'),('YjiVIg_potty_MK','ZEyBHC@xyz.com','e80b5017098950fc58aad83c8c14978e'),('YkhaHs_letsgo_C','OJekxE@xyz.com','e80b5017098950fc58aad83c8c14978e'),('YkifFZ_letsgo_C','yqxW_H@xyz.com','e80b5017098950fc58aad83c8c14978e'),('YmeHIK_letsgo_C','KkUYQR@xyz.com','e80b5017098950fc58aad83c8c14978e'),('YmmNkV_nahihai_','LTOmOw@xyz.com','e80b5017098950fc58aad83c8c14978e'),('YnYCdM_potty_MK','_DoQgO@xyz.com','e80b5017098950fc58aad83c8c14978e'),('YnnLhl_nahihai_','jcDUiJ@xyz.com','e80b5017098950fc58aad83c8c14978e'),('YnwJAt_potty_MK','cVBtAG@xyz.com','e80b5017098950fc58aad83c8c14978e'),('YoxPIq_nahihai_','ljzkSF@xyz.com','e80b5017098950fc58aad83c8c14978e'),('YpFaCA_potty_MK','EZAQzT@xyz.com','e80b5017098950fc58aad83c8c14978e'),('YpcZqv_potty_MK','HMExOC@xyz.com','e80b5017098950fc58aad83c8c14978e'),('YpzGiz_letsgo_C','ZxVmyI@xyz.com','e80b5017098950fc58aad83c8c14978e'),('YpzyUK_letsgo_C','uwzvPo@xyz.com','e80b5017098950fc58aad83c8c14978e'),('YtBetm_potty_MK','ThJJIo@xyz.com','e80b5017098950fc58aad83c8c14978e'),('YtZfhL_potty_MK','spMOwM@xyz.com','e80b5017098950fc58aad83c8c14978e'),('Ytf_Po_potty_MK','unuFrn@xyz.com','e80b5017098950fc58aad83c8c14978e'),('YtkDmy_nahihai_','dRDnQo@xyz.com','e80b5017098950fc58aad83c8c14978e'),('YtuxbL_potty_MK','CAXuQc@xyz.com','e80b5017098950fc58aad83c8c14978e'),('YuMqlRobotBanao','S1Jw8@gmail.com','e6e3be2d833cdf5d9d4c7bc2f85cd098'),('Yubara_nahihai_','CICCQr@xyz.com','e80b5017098950fc58aad83c8c14978e'),('YuoPjo_potty_MK','JxFSyr@xyz.com','e80b5017098950fc58aad83c8c14978e'),('YvguXC_potty_MK','gVZfkp@xyz.com','e80b5017098950fc58aad83c8c14978e'),('Yvzvo_RobotBana','fh5dK@gmail.com','e6e3be2d833cdf5d9d4c7bc2f85cd098'),('YwWL2RobotBanao','GpUaX@gmail.com','e6e3be2d833cdf5d9d4c7bc2f85cd098'),('Ywknwb_potty_MK','ZkVncW@xyz.com','e80b5017098950fc58aad83c8c14978e'),('YwxTv_RobotBana','5IkDq@gmail.com','e6e3be2d833cdf5d9d4c7bc2f85cd098'),('Z3N2P_RobotBana','yVlZg@gmail.com','e6e3be2d833cdf5d9d4c7bc2f85cd098'),('Z5kmXRobotBanao','F6Jvh@gmail.com','e6e3be2d833cdf5d9d4c7bc2f85cd098'),('Z6Qh6RobotBanao','5lwAu@gmail.com','e6e3be2d833cdf5d9d4c7bc2f85cd098'),('ZAQstF_potty_MK','QWMRLg@xyz.com','e80b5017098950fc58aad83c8c14978e'),('ZCCjos_nahihai_','mDJbuF@xyz.com','e80b5017098950fc58aad83c8c14978e'),('ZDUTiC_potty_MK','jygvMj@xyz.com','e80b5017098950fc58aad83c8c14978e'),('ZFabJU_potty_MK','vifNKY@xyz.com','e80b5017098950fc58aad83c8c14978e'),('ZGKVCX_nahihai_','SLexrV@xyz.com','e80b5017098950fc58aad83c8c14978e'),('ZGoWnz_letsgo_C','TsfFVf@xyz.com','e80b5017098950fc58aad83c8c14978e'),('ZHNOsq_letsgo_C','GuykHp@xyz.com','e80b5017098950fc58aad83c8c14978e'),('ZHgXZy_potty_MK','DhXsPm@xyz.com','e80b5017098950fc58aad83c8c14978e'),('ZHmsaf_nahihai_','nXMMiN@xyz.com','e80b5017098950fc58aad83c8c14978e'),('ZJDOXj_nahihai_','nrKVuD@xyz.com','e80b5017098950fc58aad83c8c14978e'),('ZJVBBi_nahihai_','PZcaWp@xyz.com','e80b5017098950fc58aad83c8c14978e'),('ZJy9VRobotBanao','IcJKF@gmail.com','e6e3be2d833cdf5d9d4c7bc2f85cd098'),('ZKIkiv_nahihai_','kyYcwj@xyz.com','e80b5017098950fc58aad83c8c14978e'),('ZLgBNq_nahihai_','wuebUJ@xyz.com','e80b5017098950fc58aad83c8c14978e'),('ZMILTz_nahihai_','bL_vgs@xyz.com','e80b5017098950fc58aad83c8c14978e'),('ZMhgvK_nahihai_','AIeOCj@xyz.com','e80b5017098950fc58aad83c8c14978e'),('ZNkQgF_nahihai_','LDnjJH@xyz.com','e80b5017098950fc58aad83c8c14978e'),('ZOQoRX_nahihai_','LdVgxN@xyz.com','e80b5017098950fc58aad83c8c14978e'),('ZQIT0RobotBanao','RjubG@gmail.com','e6e3be2d833cdf5d9d4c7bc2f85cd098'),('ZQb_xO_letsgo_C','qyWHJB@xyz.com','e80b5017098950fc58aad83c8c14978e'),('ZQrfJd_potty_MK','QNZEGZ@xyz.com','e80b5017098950fc58aad83c8c14978e'),('ZRCv3RobotBanao','TDm5t@gmail.com','e6e3be2d833cdf5d9d4c7bc2f85cd098'),('ZRDrDz_potty_MK','EdvWps@xyz.com','e80b5017098950fc58aad83c8c14978e'),('ZRbpDP_potty_MK','Xkgvjv@xyz.com','e80b5017098950fc58aad83c8c14978e'),('ZSUqrJ_nahihai_','Hwpmyo@xyz.com','e80b5017098950fc58aad83c8c14978e'),('ZSgCk_RobotBana','41EdJ@gmail.com','e6e3be2d833cdf5d9d4c7bc2f85cd098'),('ZUVncH_potty_MK','UoCUGu@xyz.com','e80b5017098950fc58aad83c8c14978e'),('ZUekIY_nahihai_','jexWEJ@xyz.com','e80b5017098950fc58aad83c8c14978e'),('ZVTgyRobotBanao','d26vA@gmail.com','e6e3be2d833cdf5d9d4c7bc2f85cd098'),('ZVWTAW_potty_MK','ArRstn@xyz.com','e80b5017098950fc58aad83c8c14978e'),('ZVsZfk_potty_MK','FBMQoh@xyz.com','e80b5017098950fc58aad83c8c14978e'),('ZWPTWf_potty_MK','YxgZlN@xyz.com','e80b5017098950fc58aad83c8c14978e'),('ZWisFRobotBanao','Xsmx3@gmail.com','e6e3be2d833cdf5d9d4c7bc2f85cd098'),('ZXixSu_potty_MK','QzcDA_@xyz.com','e80b5017098950fc58aad83c8c14978e'),('ZZSQiJ_nahihai_','mUlkeM@xyz.com','e80b5017098950fc58aad83c8c14978e'),('ZZhKQG_nahihai_','TMowvt@xyz.com','e80b5017098950fc58aad83c8c14978e'),('ZZuSY_RobotBana','IaXcZ@gmail.com','e6e3be2d833cdf5d9d4c7bc2f85cd098'),('ZaTRey_letsgo_C','Qb_aJP@xyz.com','e80b5017098950fc58aad83c8c14978e'),('ZaluIu_potty_MK','VFuMvA@xyz.com','e80b5017098950fc58aad83c8c14978e'),('ZaqrIs_nahihai_','yQloYC@xyz.com','e80b5017098950fc58aad83c8c14978e'),('ZdCcdRobotBanao','KajRP@gmail.com','e6e3be2d833cdf5d9d4c7bc2f85cd098'),('ZdGsQo_nahihai_','wFsfPv@xyz.com','e80b5017098950fc58aad83c8c14978e'),('ZehFTx_letsgo_C','niPcGr@xyz.com','e80b5017098950fc58aad83c8c14978e'),('ZfYJ_C_letsgo_C','CgEJeq@xyz.com','e80b5017098950fc58aad83c8c14978e'),('ZgiAND_potty_MK','TfUDe_@xyz.com','e80b5017098950fc58aad83c8c14978e'),('ZiQEXRobotBanao','KtSuE@gmail.com','e6e3be2d833cdf5d9d4c7bc2f85cd098'),('Zisb_u_nahihai_','qUBjTC@xyz.com','e80b5017098950fc58aad83c8c14978e'),('Zj9Kl_RobotBana','iztWw@gmail.com','e6e3be2d833cdf5d9d4c7bc2f85cd098'),('Zj_Fuc_nahihai_','zKHIgj@xyz.com','e80b5017098950fc58aad83c8c14978e'),('ZlCFVc_potty_MK','BUtEQW@xyz.com','e80b5017098950fc58aad83c8c14978e'),('ZleS4_RobotBana','OAVph@gmail.com','e6e3be2d833cdf5d9d4c7bc2f85cd098'),('ZmFLGRobotBanao','d0GFn@gmail.com','e6e3be2d833cdf5d9d4c7bc2f85cd098'),('ZnP0c_RobotBana','78IOR@gmail.com','e6e3be2d833cdf5d9d4c7bc2f85cd098'),('ZnZwLu_letsgo_C','DF_iFv@xyz.com','e80b5017098950fc58aad83c8c14978e'),('ZpHVqa_potty_MK','AtBSKH@xyz.com','e80b5017098950fc58aad83c8c14978e'),('ZpXxOU_potty_MK','FYIUZT@xyz.com','e80b5017098950fc58aad83c8c14978e'),('ZqTrmK_potty_MK','AszsIr@xyz.com','e80b5017098950fc58aad83c8c14978e'),('ZqXjEp_nahihai_','AYuCuU@xyz.com','e80b5017098950fc58aad83c8c14978e'),('ZsSKYv_nahihai_','_oeiHU@xyz.com','e80b5017098950fc58aad83c8c14978e'),('ZsiWD_RobotBana','eKW1y@gmail.com','e6e3be2d833cdf5d9d4c7bc2f85cd098'),('ZtoDeB_nahihai_','TncWys@xyz.com','e80b5017098950fc58aad83c8c14978e'),('ZuPMqu_nahihai_','QIFgyG@xyz.com','e80b5017098950fc58aad83c8c14978e'),('ZuYxGf_letsgo_C','NHeFAV@xyz.com','e80b5017098950fc58aad83c8c14978e'),('Zudisd_nahihai_','iswSrv@xyz.com','e80b5017098950fc58aad83c8c14978e'),('ZulcCh_potty_MK','aEouFB@xyz.com','e80b5017098950fc58aad83c8c14978e'),('Zw4YZ_RobotBana','1OFaz@gmail.com','e6e3be2d833cdf5d9d4c7bc2f85cd098'),('ZwMZtV_potty_MK','mweiUW@xyz.com','e80b5017098950fc58aad83c8c14978e'),('ZwnUcU_potty_MK','UKBnLy@xyz.com','e80b5017098950fc58aad83c8c14978e'),('_ABJei_nahihai_','dXopjs@xyz.com','e80b5017098950fc58aad83c8c14978e'),('_AZzAL_potty_MK','JCQHIx@xyz.com','e80b5017098950fc58aad83c8c14978e'),('_CieiA_letsgo_C','qKwmaW@xyz.com','e80b5017098950fc58aad83c8c14978e'),('_Czlrf_nahihai_','wOTNFh@xyz.com','e80b5017098950fc58aad83c8c14978e'),('_DCYAL_nahihai_','NiAuqM@xyz.com','e80b5017098950fc58aad83c8c14978e'),('_EYEUB_potty_MK','vEGRZw@xyz.com','e80b5017098950fc58aad83c8c14978e'),('_E_MEE_potty_MK','oaXBYK@xyz.com','e80b5017098950fc58aad83c8c14978e'),('_EurFD_letsgo_C','UXNtXa@xyz.com','e80b5017098950fc58aad83c8c14978e'),('_FKExc_nahihai_','qrNUyj@xyz.com','e80b5017098950fc58aad83c8c14978e'),('_GnxXR_nahihai_','xTLvUd@xyz.com','e80b5017098950fc58aad83c8c14978e'),('_HYRzu_letsgo_C','idzJRg@xyz.com','e80b5017098950fc58aad83c8c14978e'),('_IAZdd_letsgo_C','PQICCl@xyz.com','e80b5017098950fc58aad83c8c14978e'),('_JoLeR_potty_MK','RQiSnk@xyz.com','e80b5017098950fc58aad83c8c14978e'),('_KnBep_nahihai_','ESwVIR@xyz.com','e80b5017098950fc58aad83c8c14978e'),('_NNPZi_potty_MK','HEKuhz@xyz.com','e80b5017098950fc58aad83c8c14978e'),('_ODaWZ_potty_MK','yFVaAS@xyz.com','e80b5017098950fc58aad83c8c14978e'),('_PKfup_potty_MK','MRSBeS@xyz.com','e80b5017098950fc58aad83c8c14978e'),('_Q_IaM_nahihai_','Y_BFu_@xyz.com','e80b5017098950fc58aad83c8c14978e'),('_RxnqQ_nahihai_','zNCOAX@xyz.com','e80b5017098950fc58aad83c8c14978e'),('_SYMPT_nahihai_','UrBNYK@xyz.com','e80b5017098950fc58aad83c8c14978e'),('_Tdv_A_letsgo_C','UROKFb@xyz.com','e80b5017098950fc58aad83c8c14978e'),('_UNfEs_potty_MK','l_Ryve@xyz.com','e80b5017098950fc58aad83c8c14978e'),('_VUcBm_nahihai_','wewodl@xyz.com','e80b5017098950fc58aad83c8c14978e'),('_V_dCg_nahihai_','WSB_FY@xyz.com','e80b5017098950fc58aad83c8c14978e'),('_V_jmF_letsgo_C','wVgQmi@xyz.com','e80b5017098950fc58aad83c8c14978e'),('_VmzQR_nahihai_','Aqdpuo@xyz.com','e80b5017098950fc58aad83c8c14978e'),('_WNXhU_letsgo_C','RTQUtV@xyz.com','e80b5017098950fc58aad83c8c14978e'),('_XCGwt_letsgo_C','drIaTF@xyz.com','e80b5017098950fc58aad83c8c14978e'),('__nJHh_potty_MK','iXfOGW@xyz.com','e80b5017098950fc58aad83c8c14978e'),('_aDoQa_potty_MK','yWpImK@xyz.com','e80b5017098950fc58aad83c8c14978e'),('_bTIof_letsgo_C','jiUONS@xyz.com','e80b5017098950fc58aad83c8c14978e'),('_ewoCz_potty_MK','nfVpLZ@xyz.com','e80b5017098950fc58aad83c8c14978e'),('_gjVXV_nahihai_','gyPfNl@xyz.com','e80b5017098950fc58aad83c8c14978e'),('_gzkXi_potty_MK','yqdRFh@xyz.com','e80b5017098950fc58aad83c8c14978e'),('_iNKPK_potty_MK','kRYrl_@xyz.com','e80b5017098950fc58aad83c8c14978e'),('_itBiK_nahihai_','YWjaOd@xyz.com','e80b5017098950fc58aad83c8c14978e'),('_kDKwC_nahihai_','TQwGVD@xyz.com','e80b5017098950fc58aad83c8c14978e'),('_losfp_letsgo_C','ihFfvh@xyz.com','e80b5017098950fc58aad83c8c14978e'),('_mvrIJ_potty_MK','LzWRQb@xyz.com','e80b5017098950fc58aad83c8c14978e'),('_nHcjO_nahihai_','NUKzxg@xyz.com','e80b5017098950fc58aad83c8c14978e'),('_oQNGv_potty_MK','APrKdL@xyz.com','e80b5017098950fc58aad83c8c14978e'),('_pMnj__letsgo_C','UUlgnw@xyz.com','e80b5017098950fc58aad83c8c14978e'),('_pvfNh_letsgo_C','dRfwiS@xyz.com','e80b5017098950fc58aad83c8c14978e'),('_rvodT_potty_MK','TgpFoO@xyz.com','e80b5017098950fc58aad83c8c14978e'),('_tpC_H_potty_MK','gcBBUY@xyz.com','e80b5017098950fc58aad83c8c14978e'),('_uqOPv_letsgo_C','MnsUsA@xyz.com','e80b5017098950fc58aad83c8c14978e'),('_vDWCT_letsgo_C','NzFrEc@xyz.com','e80b5017098950fc58aad83c8c14978e'),('_vXpds_letsgo_C','acnSkl@xyz.com','e80b5017098950fc58aad83c8c14978e'),('_vpZtx_nahihai_','wTDQSe@xyz.com','e80b5017098950fc58aad83c8c14978e'),('_wTUjI_nahihai_','ZLGICP@xyz.com','e80b5017098950fc58aad83c8c14978e'),('_xERAM_potty_MK','DXQCcm@xyz.com','e80b5017098950fc58aad83c8c14978e'),('_xHgep_letsgo_C','WxaXQK@xyz.com','e80b5017098950fc58aad83c8c14978e'),('_xNPes_potty_MK','GYMCSi@xyz.com','e80b5017098950fc58aad83c8c14978e'),('_xoHEi_nahihai_','cpOPzY@xyz.com','e80b5017098950fc58aad83c8c14978e'),('_xqnHQ_nahihai_','DLOjHU@xyz.com','e80b5017098950fc58aad83c8c14978e'),('_yIXCv_potty_MK','JSEYRQ@xyz.com','e80b5017098950fc58aad83c8c14978e'),('a1461','ashutosh.singla@students.iiit.','644f9a15c4a27aba9aa17bccc56af6d1'),('a4C4c_RobotBana','vxhsf@gmail.com','e6e3be2d833cdf5d9d4c7bc2f85cd098'),('a5LHz_RobotBana','2O3dn@gmail.com','e6e3be2d833cdf5d9d4c7bc2f85cd098'),('a7eHyRobotBanao','NA59p@gmail.com','e6e3be2d833cdf5d9d4c7bc2f85cd098'),('aA_jRX_nahihai_','nCRsgf@xyz.com','e80b5017098950fc58aad83c8c14978e'),('aBNXO_RobotBana','vC00Q@gmail.com','e6e3be2d833cdf5d9d4c7bc2f85cd098'),('aDljKF_letsgo_C','JhjFwB@xyz.com','e80b5017098950fc58aad83c8c14978e'),('aECpc__letsgo_C','NualwO@xyz.com','e80b5017098950fc58aad83c8c14978e'),('aEvUEl_letsgo_C','JMBjqJ@xyz.com','e80b5017098950fc58aad83c8c14978e'),('aGGemQ_nahihai_','zn_Zqt@xyz.com','e80b5017098950fc58aad83c8c14978e'),('aH6k6RobotBanao','8dJcD@gmail.com','e6e3be2d833cdf5d9d4c7bc2f85cd098'),('aHueWt_nahihai_','OfkSUa@xyz.com','e80b5017098950fc58aad83c8c14978e'),('aITTnc_letsgo_C','WELOMk@xyz.com','e80b5017098950fc58aad83c8c14978e'),('aIfjdH_potty_MK','PNIpoi@xyz.com','e80b5017098950fc58aad83c8c14978e'),('aK4W3RobotBanao','sHP4P@gmail.com','e6e3be2d833cdf5d9d4c7bc2f85cd098'),('aKCZ_T_nahihai_','_jWhnL@xyz.com','e80b5017098950fc58aad83c8c14978e'),('aLWbyr_nahihai_','ypVIqj@xyz.com','e80b5017098950fc58aad83c8c14978e'),('aLfEBu_letsgo_C','PbgYKW@xyz.com','e80b5017098950fc58aad83c8c14978e'),('aLnxlS_letsgo_C','vTCzwu@xyz.com','e80b5017098950fc58aad83c8c14978e'),('aMIjYL_letsgo_C','Hlyfpa@xyz.com','e80b5017098950fc58aad83c8c14978e'),('aMvGAT_nahihai_','K_jAqI@xyz.com','e80b5017098950fc58aad83c8c14978e'),('aQhpt__letsgo_C','dTnTqw@xyz.com','e80b5017098950fc58aad83c8c14978e'),('aRnnXY_nahihai_','KjhAfX@xyz.com','e80b5017098950fc58aad83c8c14978e'),('aSKw6_RobotBana','WflZq@gmail.com','e6e3be2d833cdf5d9d4c7bc2f85cd098'),('aT5k7RobotBanao','8jCeC@gmail.com','e6e3be2d833cdf5d9d4c7bc2f85cd098'),('aTVcPv_letsgo_C','ByfMtt@xyz.com','e80b5017098950fc58aad83c8c14978e'),('aTeAUw_potty_MK','rdrcqo@xyz.com','e80b5017098950fc58aad83c8c14978e'),('aVGgjs_potty_MK','IXXixg@xyz.com','e80b5017098950fc58aad83c8c14978e'),('aWLKHR_potty_MK','_KuAdE@xyz.com','e80b5017098950fc58aad83c8c14978e'),('aWVJaz_potty_MK','tOgSrM@xyz.com','e80b5017098950fc58aad83c8c14978e'),('aWcIKu_potty_MK','xQRIsk@xyz.com','e80b5017098950fc58aad83c8c14978e'),('aX0rRRobotBanao','SDuzL@gmail.com','e6e3be2d833cdf5d9d4c7bc2f85cd098'),('aZGvfg_potty_MK','DDKddj@xyz.com','e80b5017098950fc58aad83c8c14978e'),('aZotoC_potty_MK','BHqqse@xyz.com','e80b5017098950fc58aad83c8c14978e'),('a_m_eb_potty_MK','cF_yeP@xyz.com','e80b5017098950fc58aad83c8c14978e'),('aaj_ka_aadmi','tarang.goyal06@gmail.com','4d8988750bc59ace6d3a8c56a37e6bf8'),('aapHk_RobotBana','YRTJR@gmail.com','e6e3be2d833cdf5d9d4c7bc2f85cd098'),('aarjay','rohit.jain@students.iiit.ac.in','e4acb001f0dfd46ecb9652f59a475035'),('aatvHI_letsgo_C','nRFVEc@xyz.com','e80b5017098950fc58aad83c8c14978e'),('ab2Ia_RobotBana','a0sBN@gmail.com','e6e3be2d833cdf5d9d4c7bc2f85cd098'),('ab_tRJ_potty_MK','fvcyja@xyz.com','e80b5017098950fc58aad83c8c14978e'),('abcd','abcd.com','23ce40e479dfb72d0551246f6cce81cb'),('abesZ_RobotBana','wEIFT@gmail.com','e6e3be2d833cdf5d9d4c7bc2f85cd098'),('abhishek','abhishek.j@students.iiit.ac.in','cb39b1948ea8f4786f0a038cf17373bd'),('aditya.c','aditya.c@students.iiit.ac.in','790c35175075c9ce11767d590e5e5e6e'),('admin1','naren.kishan10@gmail.com','170cd370dcd38c39a519ffb0c6ec579d'),('ae_rid_nahihai_','_SVIJg@xyz.com','e80b5017098950fc58aad83c8c14978e'),('afgjol_potty_MK','drRKZk@xyz.com','e80b5017098950fc58aad83c8c14978e'),('aha','itsmeyaar12345@gmail.com','d1041b5651da4032783b98acfc0c84ef'),('ai5x0_RobotBana','brSLY@gmail.com','e6e3be2d833cdf5d9d4c7bc2f85cd098'),('ailZOv_nahihai_','TeomuT@xyz.com','e80b5017098950fc58aad83c8c14978e'),('aishvarya','asheybo@gmail.com','23784bb693d30db0f9ae74556c6be32c'),('ajkMDRobotBanao','nLkyA@gmail.com','e6e3be2d833cdf5d9d4c7bc2f85cd098'),('ajxjwt_letsgo_C','gKbpdi@xyz.com','e80b5017098950fc58aad83c8c14978e'),('akLiLi_letsgo_C','caudCE@xyz.com','e80b5017098950fc58aad83c8c14978e'),('akash','akashslg@yahoo.co.in','0e7644848fe48180426ce8fca2ab4856'),('aladin','himanshu.jain@students.iiit.ac','83881d5b189bb5cb578d535b943f4c36'),('alexander','thelostworld7832@gmail.com','aefc64cf49588070315fbb08bd0c8ee2'),('aliYFv_potty_MK','IkufPI@xyz.com','e80b5017098950fc58aad83c8c14978e'),('aljGJr_potty_MK','cMduMY@xyz.com','e80b5017098950fc58aad83c8c14978e'),('aman','amanagarwal1911@gmail.com','fd0f7178fe55422b682e29f8a29e5d86'),('amdukL_nahihai_','vFokeO@xyz.com','e80b5017098950fc58aad83c8c14978e'),('anHtJQ_letsgo_C','WuaWyd@xyz.com','e80b5017098950fc58aad83c8c14978e'),('anOdl_RobotBana','nnSvf@gmail.com','e6e3be2d833cdf5d9d4c7bc2f85cd098'),('anjlep_potty_MK','VvUKtW@xyz.com','e80b5017098950fc58aad83c8c14978e'),('aoGSoM_letsgo_C','gZunuF@xyz.com','e80b5017098950fc58aad83c8c14978e'),('aqPgnRobotBanao','4VH1a@gmail.com','e6e3be2d833cdf5d9d4c7bc2f85cd098'),('aqZCIc_potty_MK','UZbmI_@xyz.com','e80b5017098950fc58aad83c8c14978e'),('arLNdA_nahihai_','N_buqe@xyz.com','e80b5017098950fc58aad83c8c14978e'),('arYNDe_letsgo_C','RxPcaF@xyz.com','e80b5017098950fc58aad83c8c14978e'),('archit','archit.mehta@students.iiit.ac.','e6c00bd37e4a453feaa717171897cbdb'),('army','lovepreetsingh.sidhu@students.','cac6c31211bae20755ece96871f7cc2c'),('asBtoK_letsgo_C','zpWySf@xyz.com','e80b5017098950fc58aad83c8c14978e'),('asdfghjkl','anirudhgoyal9119@gmail.com','d8578edf8458ce06fbc5bb76a58c5ca4'),('ashish','ashish.singh@students.iiit.ac.','e49e9f9c9c5f47a3eff01f619b4583e5'),('ass','MOHANTY','e6e3be2d833cdf5d9d4c7bc2f85cd098'),('atNMtr_nahihai_','Rwzsln@xyz.com','e80b5017098950fc58aad83c8c14978e'),('atVpVY_letsgo_C','bxwajH@xyz.com','e80b5017098950fc58aad83c8c14978e'),('atdGIV_letsgo_C','Nsckpx@xyz.com','e80b5017098950fc58aad83c8c14978e'),('auEAuR_nahihai_','NpnMSs@xyz.com','e80b5017098950fc58aad83c8c14978e'),('auGtwA_potty_MK','OpSdwp@xyz.com','e80b5017098950fc58aad83c8c14978e'),('avfGmRobotBanao','6hfIN@gmail.com','e6e3be2d833cdf5d9d4c7bc2f85cd098'),('awIYY_RobotBana','MN1IF@gmail.com','e6e3be2d833cdf5d9d4c7bc2f85cd098'),('aymos','mehdirattasomya@gmail.com','7b9900011a1330f4feab11ec1bc0bd79'),('azAMYa_potty_MK','IOYYaM@xyz.com','e80b5017098950fc58aad83c8c14978e'),('b0O84RobotBanao','WTSf8@gmail.com','e6e3be2d833cdf5d9d4c7bc2f85cd098'),('b0ssq_RobotBana','V84bR@gmail.com','e6e3be2d833cdf5d9d4c7bc2f85cd098'),('b2EQ0_RobotBana','UFcXG@gmail.com','e6e3be2d833cdf5d9d4c7bc2f85cd098'),('bBqg0_RobotBana','k2O2m@gmail.com','e6e3be2d833cdf5d9d4c7bc2f85cd098'),('bDYmAL_potty_MK','FdIMDg@xyz.com','e80b5017098950fc58aad83c8c14978e'),('bDjuks_nahihai_','wt_Jam@xyz.com','e80b5017098950fc58aad83c8c14978e'),('bEXNxW_letsgo_C','TRhjrj@xyz.com','e80b5017098950fc58aad83c8c14978e'),('bE_VZY_potty_MK','bvNTSR@xyz.com','e80b5017098950fc58aad83c8c14978e'),('bEr_uM_potty_MK','DmLJMk@xyz.com','e80b5017098950fc58aad83c8c14978e'),('bExCpv_nahihai_','FaphvC@xyz.com','e80b5017098950fc58aad83c8c14978e'),('bFgVym_letsgo_C','SgjlTV@xyz.com','e80b5017098950fc58aad83c8c14978e'),('bGHgfy_potty_MK','eeaQmT@xyz.com','e80b5017098950fc58aad83c8c14978e'),('bGUENF_nahihai_','GHTogj@xyz.com','e80b5017098950fc58aad83c8c14978e'),('bGpStRobotBanao','o2psS@gmail.com','e6e3be2d833cdf5d9d4c7bc2f85cd098'),('bHhuOu_potty_MK','xWgmSY@xyz.com','e80b5017098950fc58aad83c8c14978e'),('bJoGdq_nahihai_','yIHlQP@xyz.com','e80b5017098950fc58aad83c8c14978e'),('bJzBFZ_letsgo_C','Cbmrpc@xyz.com','e80b5017098950fc58aad83c8c14978e'),('bLTprRobotBanao','uzFqI@gmail.com','e6e3be2d833cdf5d9d4c7bc2f85cd098'),('bL_zEq_nahihai_','xpCMwm@xyz.com','e80b5017098950fc58aad83c8c14978e'),('bLpYHc_nahihai_','DuiLKB@xyz.com','e80b5017098950fc58aad83c8c14978e'),('bMNJjP_letsgo_C','vpZpO_@xyz.com','e80b5017098950fc58aad83c8c14978e'),('bMylBh_nahihai_','zLaLll@xyz.com','e80b5017098950fc58aad83c8c14978e'),('bNiiNN_potty_MK','inTyPy@xyz.com','e80b5017098950fc58aad83c8c14978e'),('bOEtXv_potty_MK','n_bIfG@xyz.com','e80b5017098950fc58aad83c8c14978e'),('bPqPHRobotBanao','htCqx@gmail.com','e6e3be2d833cdf5d9d4c7bc2f85cd098'),('bQFifX_nahihai_','DzHRUq@xyz.com','e80b5017098950fc58aad83c8c14978e'),('bQjepz_potty_MK','kNlUKs@xyz.com','e80b5017098950fc58aad83c8c14978e'),('bQnGLU_potty_MK','taUUCE@xyz.com','e80b5017098950fc58aad83c8c14978e'),('bRsLmF_letsgo_C','HHNcl_@xyz.com','e80b5017098950fc58aad83c8c14978e'),('bRzhpI_potty_MK','SevEum@xyz.com','e80b5017098950fc58aad83c8c14978e'),('bSqSQO_nahihai_','EuaERh@xyz.com','e80b5017098950fc58aad83c8c14978e'),('bTYOoi_potty_MK','FmXKYW@xyz.com','e80b5017098950fc58aad83c8c14978e'),('bTZkMS_potty_MK','aNyppF@xyz.com','e80b5017098950fc58aad83c8c14978e'),('bUCedS_potty_MK','SwJkJA@xyz.com','e80b5017098950fc58aad83c8c14978e'),('bWCibT_potty_MK','ixqwkD@xyz.com','e80b5017098950fc58aad83c8c14978e'),('bXXId_RobotBana','XgYGy@gmail.com','e6e3be2d833cdf5d9d4c7bc2f85cd098'),('bXhLch_potty_MK','ZnKbBk@xyz.com','e80b5017098950fc58aad83c8c14978e'),('bXzEfd_nahihai_','jTCEac@xyz.com','e80b5017098950fc58aad83c8c14978e'),('bZUYlW_letsgo_C','ncahtU@xyz.com','e80b5017098950fc58aad83c8c14978e'),('b__Jwd_potty_MK','XDnCMR@xyz.com','e80b5017098950fc58aad83c8c14978e'),('b_ghBv_potty_MK','MWpPRO@xyz.com','e80b5017098950fc58aad83c8c14978e'),('b_tvli_potty_MK','O_xaLM@xyz.com','e80b5017098950fc58aad83c8c14978e'),('bamboo','bamboo@gmail.com','82960335036ff4ddc124b78af7777ee4'),('bauer','aditya.sharma@students.iiit.ac','f3964ba7081ea2b22eeadfbfb737b7f1'),('bcWkKj_letsgo_C','MFUnSK@xyz.com','e80b5017098950fc58aad83c8c14978e'),('becsuRobotBanao','uv0d9@gmail.com','e6e3be2d833cdf5d9d4c7bc2f85cd098'),('begYjF_potty_MK','RbbguV@xyz.com','e80b5017098950fc58aad83c8c14978e'),('beyiGS_nahihai_','GEufZF@xyz.com','e80b5017098950fc58aad83c8c14978e'),('bfSDlP_potty_MK','ydQGwd@xyz.com','e80b5017098950fc58aad83c8c14978e'),('bfiPAE_potty_MK','dVVMvx@xyz.com','e80b5017098950fc58aad83c8c14978e'),('bgXCoJ_nahihai_','IYtQRU@xyz.com','e80b5017098950fc58aad83c8c14978e'),('bhXniK_potty_MK','bJXgUt@xyz.com','e80b5017098950fc58aad83c8c14978e'),('bjELsF_potty_MK','NWeUTH@xyz.com','e80b5017098950fc58aad83c8c14978e'),('bjdVMU_letsgo_C','nOGhCq@xyz.com','e80b5017098950fc58aad83c8c14978e'),('bla','eskiranmai94@gmail.com','200820e3227815ed1756a6b531e7e0d2'),('blahtest','blah@blah.com','6f1ed002ab5595859014ebf0951522d9'),('bmOOn_RobotBana','y7pdJ@gmail.com','e6e3be2d833cdf5d9d4c7bc2f85cd098'),('bmdjhO_nahihai_','XVnshk@xyz.com','e80b5017098950fc58aad83c8c14978e'),('bmjyMi_letsgo_C','u_ZeMc@xyz.com','e80b5017098950fc58aad83c8c14978e'),('bnozhw_letsgo_C','Mdiyn_@xyz.com','e80b5017098950fc58aad83c8c14978e'),('boULhO_letsgo_C','JWphpn@xyz.com','e80b5017098950fc58aad83c8c14978e'),('boU_Pp_letsgo_C','TfmHVX@xyz.com','e80b5017098950fc58aad83c8c14978e'),('boom!','raveeshmotlani@gmail.com','e6e3be2d833cdf5d9d4c7bc2f85cd098'),('bpIBtW_potty_MK','_HUxyH@xyz.com','e80b5017098950fc58aad83c8c14978e'),('bpMcPs_nahihai_','wwiCkX@xyz.com','e80b5017098950fc58aad83c8c14978e'),('bpVTrI_letsgo_C','pFrGqR@xyz.com','e80b5017098950fc58aad83c8c14978e'),('bqkvwh_nahihai_','WXiBWT@xyz.com','e80b5017098950fc58aad83c8c14978e'),('bqmWQp_nahihai_','IALVEB@xyz.com','e80b5017098950fc58aad83c8c14978e'),('bqtcEQ_letsgo_C','gJSxmH@xyz.com','e80b5017098950fc58aad83c8c14978e'),('brK_Ot_letsgo_C','hBcArZ@xyz.com','e80b5017098950fc58aad83c8c14978e'),('brTjwj_letsgo_C','aDhWgW@xyz.com','e80b5017098950fc58aad83c8c14978e'),('break-in!','monica.cuteworlds@gmail.com','7ada9ac0dfc869cfce7466b4a5a30b8b'),('brkHEN_potty_MK','pzFHpA@xyz.com','e80b5017098950fc58aad83c8c14978e'),('bsJQL_RobotBana','58UeV@gmail.com','e6e3be2d833cdf5d9d4c7bc2f85cd098'),('buljJd_nahihai_','RUHXTt@xyz.com','e80b5017098950fc58aad83c8c14978e'),('buxFuC_potty_MK','uZ_aRS@xyz.com','e80b5017098950fc58aad83c8c14978e'),('bvEyF_RobotBana','uxEpv@gmail.com','e6e3be2d833cdf5d9d4c7bc2f85cd098'),('bvLuOd_nahihai_','BFWNpQ@xyz.com','e80b5017098950fc58aad83c8c14978e'),('bviwns_nahihai_','OokMkU@xyz.com','e80b5017098950fc58aad83c8c14978e'),('bxsISM_nahihai_','ZwfoTg@xyz.com','e80b5017098950fc58aad83c8c14978e'),('byEhEe_potty_MK','XwbefS@xyz.com','e80b5017098950fc58aad83c8c14978e'),('byJtIU_nahihai_','qTZTkF@xyz.com','e80b5017098950fc58aad83c8c14978e'),('byPCjo_potty_MK','ciKJik@xyz.com','e80b5017098950fc58aad83c8c14978e'),('bzWfzk_potty_MK','kxT_wc@xyz.com','e80b5017098950fc58aad83c8c14978e'),('cAdpTD_nahihai_','pZEMIs@xyz.com','e80b5017098950fc58aad83c8c14978e'),('cBHSSe_nahihai_','EvVQRD@xyz.com','e80b5017098950fc58aad83c8c14978e'),('cBa3n_RobotBana','Xa7WF@gmail.com','e6e3be2d833cdf5d9d4c7bc2f85cd098'),('cDGTAM_letsgo_C','bLmuJT@xyz.com','e80b5017098950fc58aad83c8c14978e'),('cDKSDY_potty_MK','PNiKDG@xyz.com','e80b5017098950fc58aad83c8c14978e'),('cDUZny_potty_MK','LlSGiH@xyz.com','e80b5017098950fc58aad83c8c14978e'),('cEOEve_potty_MK','NFZ_sh@xyz.com','e80b5017098950fc58aad83c8c14978e'),('cEZ53RobotBanao','9EZel@gmail.com','e6e3be2d833cdf5d9d4c7bc2f85cd098'),('cFrnFJ_letsgo_C','rQOewR@xyz.com','e80b5017098950fc58aad83c8c14978e'),('cGBobY_nahihai_','zdjeIW@xyz.com','e80b5017098950fc58aad83c8c14978e'),('cHkUNS_potty_MK','qMKLjG@xyz.com','e80b5017098950fc58aad83c8c14978e'),('cHnitp_letsgo_C','FnlyC_@xyz.com','e80b5017098950fc58aad83c8c14978e'),('cHwhBRobotBanao','Dlcyb@gmail.com','e6e3be2d833cdf5d9d4c7bc2f85cd098'),('cItbat_nahihai_','H_MffC@xyz.com','e80b5017098950fc58aad83c8c14978e'),('cJEoqo_letsgo_C','xUpGTs@xyz.com','e80b5017098950fc58aad83c8c14978e'),('cJcIERobotBanao','VL86U@gmail.com','e6e3be2d833cdf5d9d4c7bc2f85cd098'),('cKGbkB_letsgo_C','JrGABm@xyz.com','e80b5017098950fc58aad83c8c14978e'),('cKPDvN_letsgo_C','VzLl_z@xyz.com','e80b5017098950fc58aad83c8c14978e'),('cKQRJA_nahihai_','dJDpto@xyz.com','e80b5017098950fc58aad83c8c14978e'),('cMBlfc_letsgo_C','lLkyqi@xyz.com','e80b5017098950fc58aad83c8c14978e'),('cMYBsS_potty_MK','hFvAXe@xyz.com','e80b5017098950fc58aad83c8c14978e'),('cNIZKx_nahihai_','kvEVKa@xyz.com','e80b5017098950fc58aad83c8c14978e'),('cNYGzk_letsgo_C','WIiZmq@xyz.com','e80b5017098950fc58aad83c8c14978e'),('cPFkqr_letsgo_C','hjmYnx@xyz.com','e80b5017098950fc58aad83c8c14978e'),('cPTvUB_potty_MK','HovRSs@xyz.com','e80b5017098950fc58aad83c8c14978e'),('cQlOTl_nahihai_','tktDtd@xyz.com','e80b5017098950fc58aad83c8c14978e'),('cQyDrh_potty_MK','_oIykv@xyz.com','e80b5017098950fc58aad83c8c14978e'),('cSRIgC_nahihai_','IdShvw@xyz.com','e80b5017098950fc58aad83c8c14978e'),('cSadNn_potty_MK','qQpgPd@xyz.com','e80b5017098950fc58aad83c8c14978e'),('cTRRMU_nahihai_','MLsVhv@xyz.com','e80b5017098950fc58aad83c8c14978e'),('cUKpc_RobotBana','gKxwc@gmail.com','e6e3be2d833cdf5d9d4c7bc2f85cd098'),('cVQlDRobotBanao','YdFXH@gmail.com','e6e3be2d833cdf5d9d4c7bc2f85cd098'),('cWUiHl_nahihai_','wjosSn@xyz.com','e80b5017098950fc58aad83c8c14978e'),('cWtQxs_letsgo_C','DoWOKs@xyz.com','e80b5017098950fc58aad83c8c14978e'),('cXCLDu_letsgo_C','kLtNTm@xyz.com','e80b5017098950fc58aad83c8c14978e'),('cZeujk_letsgo_C','HkZSJF@xyz.com','e80b5017098950fc58aad83c8c14978e'),('c_BKRg_nahihai_','EvIURy@xyz.com','e80b5017098950fc58aad83c8c14978e'),('c_khMW_letsgo_C','rzkvUm@xyz.com','e80b5017098950fc58aad83c8c14978e'),('caP4U_RobotBana','3jesx@gmail.com','e6e3be2d833cdf5d9d4c7bc2f85cd098'),('ca_AHP_letsgo_C','eRUvKe@xyz.com','e80b5017098950fc58aad83c8c14978e'),('cc2GS_RobotBana','1Baif@gmail.com','e6e3be2d833cdf5d9d4c7bc2f85cd098'),('ccDdkI_potty_MK','alSrBl@xyz.com','e80b5017098950fc58aad83c8c14978e'),('ccm_oo_nahihai_','YfoH_q@xyz.com','e80b5017098950fc58aad83c8c14978e'),('cdRKZJ_potty_MK','dgIDYe@xyz.com','e80b5017098950fc58aad83c8c14978e'),('cdcKPh_letsgo_C','MMVNOh@xyz.com','e80b5017098950fc58aad83c8c14978e'),('cdrPUR_potty_MK','hTFHfX@xyz.com','e80b5017098950fc58aad83c8c14978e'),('ceANxi_nahihai_','KoutQ_@xyz.com','e80b5017098950fc58aad83c8c14978e'),('ceHSbU_letsgo_C','XBxbCe@xyz.com','e80b5017098950fc58aad83c8c14978e'),('cemMsx_potty_MK','ECYyZE@xyz.com','e80b5017098950fc58aad83c8c14978e'),('cfGmoR_potty_MK','LKpoxY@xyz.com','e80b5017098950fc58aad83c8c14978e'),('cgIeHp_potty_MK','DWmkBr@xyz.com','e80b5017098950fc58aad83c8c14978e'),('cgudzx_potty_MK','cVqhNL@xyz.com','e80b5017098950fc58aad83c8c14978e'),('chKfuO_nahihai_','xPfakK@xyz.com','e80b5017098950fc58aad83c8c14978e'),('chacha','j@gmail.com','664d242a7528bf4230386c9ac1a437f8'),('chati','sriharsha.karamchati@students.','014f17a08155ebaa4f448491e5646f56'),('cheat','cheta.gup@gmail.com','61ac917a614863c05ee00d06a63543c3'),('checkcheck','check@check.com','0ba4439ee9a46d9d9f14c60f88f45f87'),('chlYfF_letsgo_C','SKPPZR@xyz.com','e80b5017098950fc58aad83c8c14978e'),('chotu','sorabh.gupta@students.iiit.ac.','51d750b706419510027b7050ea01c269'),('cioXSy_nahihai_','mhWoHt@xyz.com','e80b5017098950fc58aad83c8c14978e'),('cjtHxRobotBanao','lR1p2@gmail.com','e6e3be2d833cdf5d9d4c7bc2f85cd098'),('ckaCPn_potty_MK','JUdZsb@xyz.com','e80b5017098950fc58aad83c8c14978e'),('cmORsT_potty_MK','QHqptT@xyz.com','e80b5017098950fc58aad83c8c14978e'),('cmYnmD_nahihai_','hpIvBw@xyz.com','e80b5017098950fc58aad83c8c14978e'),('cmkYzo_letsgo_C','eEKLhi@xyz.com','e80b5017098950fc58aad83c8c14978e'),('coFpRY_potty_MK','kKXCPC@xyz.com','e80b5017098950fc58aad83c8c14978e'),('coder46','faisal.iiit@gmail.com','ce1687abc7473971ebbcce44eda70be3'),('cooper','akshay.minocha@students.iiit.a','2db1850a4fe292bd2706ffd78dbe44b9'),('cpCZwS_nahihai_','HOTLFo@xyz.com','e80b5017098950fc58aad83c8c14978e'),('cplSN__letsgo_C','KbSdfn@xyz.com','e80b5017098950fc58aad83c8c14978e'),('cqLl_u_nahihai_','C_BwLv@xyz.com','e80b5017098950fc58aad83c8c14978e'),('csAQTM_nahihai_','ReZKWT@xyz.com','e80b5017098950fc58aad83c8c14978e'),('ctZ_Lc_letsgo_C','YbEcEK@xyz.com','e80b5017098950fc58aad83c8c14978e'),('ctyyvy_nahihai_','oPnLSg@xyz.com','e80b5017098950fc58aad83c8c14978e'),('cuBXIM_letsgo_C','TMNNfV@xyz.com','e80b5017098950fc58aad83c8c14978e'),('cuK_JR_nahihai_','wrLxZm@xyz.com','e80b5017098950fc58aad83c8c14978e'),('cuZOhRobotBanao','S2Dcr@gmail.com','e6e3be2d833cdf5d9d4c7bc2f85cd098'),('cufLv_RobotBana','XBbEe@gmail.com','e6e3be2d833cdf5d9d4c7bc2f85cd098'),('cvQEBN_nahihai_','GXzcmb@xyz.com','e80b5017098950fc58aad83c8c14978e'),('cwCaFH_nahihai_','SAvHyV@xyz.com','e80b5017098950fc58aad83c8c14978e'),('cwhijJ_potty_MK','ONTcbn@xyz.com','e80b5017098950fc58aad83c8c14978e'),('cxNwYt_potty_MK','eEldXC@xyz.com','e80b5017098950fc58aad83c8c14978e'),('cyAROb_letsgo_C','_XQKOt@xyz.com','e80b5017098950fc58aad83c8c14978e'),('cyQivA_nahihai_','aJgOiP@xyz.com','e80b5017098950fc58aad83c8c14978e'),('cynwWh_letsgo_C','DwKLsE@xyz.com','e80b5017098950fc58aad83c8c14978e'),('cyyltO_nahihai_','VFJQWQ@xyz.com','e80b5017098950fc58aad83c8c14978e'),('d0yFt_RobotBana','ql7TP@gmail.com','e6e3be2d833cdf5d9d4c7bc2f85cd098'),('d5ca6_RobotBana','NyLI3@gmail.com','e6e3be2d833cdf5d9d4c7bc2f85cd098'),('d8URb_RobotBana','RMAvv@gmail.com','e6e3be2d833cdf5d9d4c7bc2f85cd098'),('dALGvx_letsgo_C','qtNoHx@xyz.com','e80b5017098950fc58aad83c8c14978e'),('dAa9wRobotBanao','jcFmi@gmail.com','e6e3be2d833cdf5d9d4c7bc2f85cd098'),('dAziVp_potty_MK','ktzUSZ@xyz.com','e80b5017098950fc58aad83c8c14978e'),('dDh_li_letsgo_C','DsGd_E@xyz.com','e80b5017098950fc58aad83c8c14978e'),('dEIttD_potty_MK','yuvSoG@xyz.com','e80b5017098950fc58aad83c8c14978e'),('dExoj_RobotBana','nbPbG@gmail.com','e6e3be2d833cdf5d9d4c7bc2f85cd098'),('dEyFnh_nahihai_','VxibTt@xyz.com','e80b5017098950fc58aad83c8c14978e'),('dFkhfi_potty_MK','NZTvso@xyz.com','e80b5017098950fc58aad83c8c14978e'),('dGUzQ_RobotBana','qPEPn@gmail.com','e6e3be2d833cdf5d9d4c7bc2f85cd098'),('dGeSaRobotBanao','liTA0@gmail.com','e6e3be2d833cdf5d9d4c7bc2f85cd098'),('dHSbyz_letsgo_C','vxPOgQ@xyz.com','e80b5017098950fc58aad83c8c14978e'),('dIIXPn_potty_MK','JhZBbF@xyz.com','e80b5017098950fc58aad83c8c14978e'),('dIjRna_potty_MK','ehSUBf@xyz.com','e80b5017098950fc58aad83c8c14978e'),('dKtrHn_potty_MK','ifXKKo@xyz.com','e80b5017098950fc58aad83c8c14978e'),('dLaF_J_nahihai_','NWiYmM@xyz.com','e80b5017098950fc58aad83c8c14978e'),('dLmhEm_letsgo_C','tAlhWl@xyz.com','e80b5017098950fc58aad83c8c14978e'),('dM0o9RobotBanao','lAF1c@gmail.com','e6e3be2d833cdf5d9d4c7bc2f85cd098'),('dN7SM_RobotBana','CNYUq@gmail.com','e6e3be2d833cdf5d9d4c7bc2f85cd098'),('dNCzCd_potty_MK','dCyMiL@xyz.com','e80b5017098950fc58aad83c8c14978e'),('dOOPAB_potty_MK','gvzAXW@xyz.com','e80b5017098950fc58aad83c8c14978e'),('dOgYhO_letsgo_C','NcFUDX@xyz.com','e80b5017098950fc58aad83c8c14978e'),('dOpGZB_letsgo_C','_ADpXB@xyz.com','e80b5017098950fc58aad83c8c14978e'),('dPAuHz_nahihai_','KYuBXR@xyz.com','e80b5017098950fc58aad83c8c14978e'),('dPnn1RobotBanao','wMXqL@gmail.com','e6e3be2d833cdf5d9d4c7bc2f85cd098'),('dPpGrW_nahihai_','KevNyI@xyz.com','e80b5017098950fc58aad83c8c14978e'),('dPwzwH_letsgo_C','unHehu@xyz.com','e80b5017098950fc58aad83c8c14978e'),('dQRhURobotBanao','QPyn0@gmail.com','e6e3be2d833cdf5d9d4c7bc2f85cd098'),('dRFQat_potty_MK','biZ_XN@xyz.com','e80b5017098950fc58aad83c8c14978e'),('dR_ZWB_nahihai_','VfpRwz@xyz.com','e80b5017098950fc58aad83c8c14978e'),('dRgV_c_potty_MK','IpgWaW@xyz.com','e80b5017098950fc58aad83c8c14978e'),('dSIVzg_potty_MK','fAiyMs@xyz.com','e80b5017098950fc58aad83c8c14978e'),('dTKjes_potty_MK','sWkRwv@xyz.com','e80b5017098950fc58aad83c8c14978e'),('dTVIaA_letsgo_C','tHqrML@xyz.com','e80b5017098950fc58aad83c8c14978e'),('dVsthi_potty_MK','PiHtAI@xyz.com','e80b5017098950fc58aad83c8c14978e'),('dXHQaE_potty_MK','uKslQY@xyz.com','e80b5017098950fc58aad83c8c14978e'),('dYEDJy_letsgo_C','vOowaN@xyz.com','e80b5017098950fc58aad83c8c14978e'),('dYjpGD_nahihai_','ZjocVZ@xyz.com','e80b5017098950fc58aad83c8c14978e'),('dYjsHj_nahihai_','AcRN_q@xyz.com','e80b5017098950fc58aad83c8c14978e'),('dZPfJH_potty_MK','rsHDgM@xyz.com','e80b5017098950fc58aad83c8c14978e'),('dZVxyo_letsgo_C','INPvQC@xyz.com','e80b5017098950fc58aad83c8c14978e'),('dadas','dasdsa@gmail.com','e6e3be2d833cdf5d9d4c7bc2f85cd098'),('dadasdasd','dsadas@gmail.com','e6e3be2d833cdf5d9d4c7bc2f85cd098'),('dadkeF_potty_MK','ZsYbvc@xyz.com','e80b5017098950fc58aad83c8c14978e'),('dagkDH_potty_MK','znJQFs@xyz.com','e80b5017098950fc58aad83c8c14978e'),('ddEK_d_letsgo_C','Rmdixw@xyz.com','e80b5017098950fc58aad83c8c14978e'),('ddJYaP_letsgo_C','bfyjmX@xyz.com','e80b5017098950fc58aad83c8c14978e'),('ddphIU_potty_MK','pEWtSf@xyz.com','e80b5017098950fc58aad83c8c14978e'),('decemQ_letsgo_C','NkmAZ_@xyz.com','e80b5017098950fc58aad83c8c14978e'),('dejeKn_potty_MK','BqocCB@xyz.com','e80b5017098950fc58aad83c8c14978e'),('dex','exclusivesaurabh@gmail.com','e8347e966ebd1e3defd04d09c4901052'),('dfBAA_RobotBana','x8eXL@gmail.com','e6e3be2d833cdf5d9d4c7bc2f85cd098'),('dfolc_RobotBana','qbcuf@gmail.com','e6e3be2d833cdf5d9d4c7bc2f85cd098'),('dfspE_RobotBana','KKr4K@gmail.com','e6e3be2d833cdf5d9d4c7bc2f85cd098'),('dg100_RobotBana','9OrAR@gmail.com','e6e3be2d833cdf5d9d4c7bc2f85cd098'),('dgLyHs_letsgo_C','IrxsLz@xyz.com','e80b5017098950fc58aad83c8c14978e'),('dgqtBf_potty_MK','_xiTzr@xyz.com','e80b5017098950fc58aad83c8c14978e'),('dhFHlR_letsgo_C','EhVhLe@xyz.com','e80b5017098950fc58aad83c8c14978e'),('dicMhs_letsgo_C','bpjw_z@xyz.com','e80b5017098950fc58aad83c8c14978e'),('diiaNV_letsgo_C','swsbBz@xyz.com','e80b5017098950fc58aad83c8c14978e'),('dkIqxO_nahihai_','mC_jzN@xyz.com','e80b5017098950fc58aad83c8c14978e'),('dkWXCV_nahihai_','rEzHNG@xyz.com','e80b5017098950fc58aad83c8c14978e'),('dkveLX_potty_MK','UiRhdT@xyz.com','e80b5017098950fc58aad83c8c14978e'),('dltt_r_potty_MK','MztlqI@xyz.com','e80b5017098950fc58aad83c8c14978e'),('dnILur_potty_MK','wzzRoi@xyz.com','e80b5017098950fc58aad83c8c14978e'),('dnXZNZ_potty_MK','wndquJ@xyz.com','e80b5017098950fc58aad83c8c14978e'),('douh5RobotBanao','g6I2Z@gmail.com','e6e3be2d833cdf5d9d4c7bc2f85cd098'),('dpCBY_RobotBana','l9iZz@gmail.com','e6e3be2d833cdf5d9d4c7bc2f85cd098'),('dpvSmG_nahihai_','HIpNjZ@xyz.com','e80b5017098950fc58aad83c8c14978e'),('drAJlj_potty_MK','NxxmLm@xyz.com','e80b5017098950fc58aad83c8c14978e'),('drazen167','abc@def.com','0e51f03a66365daac84b318b753cc38b'),('drdGxU_potty_MK','GgYKFt@xyz.com','e80b5017098950fc58aad83c8c14978e'),('drdre','bitchplease@gmail.com','3fe7df46bf2ea1ecd47fb0d29bbf28a8'),('dreamrulez07','dreamrulez.07@gmail.com','d8578edf8458ce06fbc5bb76a58c5ca4'),('dsakhgdasgdhsag','dkjsahkdjhaskjdhaskjdhkjasdh@g','e6e3be2d833cdf5d9d4c7bc2f85cd098'),('dtjbpH_letsgo_C','QRUgnl@xyz.com','e80b5017098950fc58aad83c8c14978e'),('dtklMb_potty_MK','sIuKYZ@xyz.com','e80b5017098950fc58aad83c8c14978e'),('duAwwf_nahihai_','DneWSH@xyz.com','e80b5017098950fc58aad83c8c14978e'),('duRZqC_nahihai_','LYYZcw@xyz.com','e80b5017098950fc58aad83c8c14978e'),('duTmoM_potty_MK','jLdSCk@xyz.com','e80b5017098950fc58aad83c8c14978e'),('duVYJK_letsgo_C','TCfQOv@xyz.com','e80b5017098950fc58aad83c8c14978e'),('dummy','ilvporn.com','f561aaf6ef0bf14d4208bb46a4ccb3ad'),('dvZnjC_potty_MK','uuWXUo@xyz.com','e80b5017098950fc58aad83c8c14978e'),('dxw_zb_letsgo_C','nHZxrd@xyz.com','e80b5017098950fc58aad83c8c14978e'),('dyUfGA_nahihai_','JfuyUu@xyz.com','e80b5017098950fc58aad83c8c14978e'),('dybjx__letsgo_C','BNAR_Y@xyz.com','e80b5017098950fc58aad83c8c14978e'),('dykBFL_potty_MK','WksUgf@xyz.com','e80b5017098950fc58aad83c8c14978e'),('dzVjvh_nahihai_','ZMZvGv@xyz.com','e80b5017098950fc58aad83c8c14978e'),('dzXZNRobotBanao','R2aPL@gmail.com','e6e3be2d833cdf5d9d4c7bc2f85cd098'),('dzwMa_RobotBana','SgQqF@gmail.com','e6e3be2d833cdf5d9d4c7bc2f85cd098'),('e51d0RobotBanao','xiAq6@gmail.com','e6e3be2d833cdf5d9d4c7bc2f85cd098'),('e7Xmg_RobotBana','u2mhN@gmail.com','e6e3be2d833cdf5d9d4c7bc2f85cd098'),('eAIsez_potty_MK','KeRekD@xyz.com','e80b5017098950fc58aad83c8c14978e'),('eCTZTo_letsgo_C','ZLdSwS@xyz.com','e80b5017098950fc58aad83c8c14978e'),('eDj2e_RobotBana','oybrf@gmail.com','e6e3be2d833cdf5d9d4c7bc2f85cd098'),('eFtF1RobotBanao','Ajy0Y@gmail.com','e6e3be2d833cdf5d9d4c7bc2f85cd098'),('eFwuOS_nahihai_','xieLua@xyz.com','e80b5017098950fc58aad83c8c14978e'),('eGcwEW_letsgo_C','znNnZG@xyz.com','e80b5017098950fc58aad83c8c14978e'),('eGeoXR_nahihai_','odRCxG@xyz.com','e80b5017098950fc58aad83c8c14978e'),('eHbTkn_potty_MK','Q_POtq@xyz.com','e80b5017098950fc58aad83c8c14978e'),('eIUiiJ_potty_MK','lvzHoZ@xyz.com','e80b5017098950fc58aad83c8c14978e'),('eJUoap_potty_MK','DilrZF@xyz.com','e80b5017098950fc58aad83c8c14978e'),('eJrJfj_letsgo_C','arW_vQ@xyz.com','e80b5017098950fc58aad83c8c14978e'),('eKShrn_nahihai_','KefRPd@xyz.com','e80b5017098950fc58aad83c8c14978e'),('eLKa_p_potty_MK','cibfvw@xyz.com','e80b5017098950fc58aad83c8c14978e'),('eLXXhO_letsgo_C','PgNcHc@xyz.com','e80b5017098950fc58aad83c8c14978e'),('eL_kKH_letsgo_C','OqEQYd@xyz.com','e80b5017098950fc58aad83c8c14978e'),('eLvZbB_nahihai_','GVGPcn@xyz.com','e80b5017098950fc58aad83c8c14978e'),('eMn7TRobotBanao','fRsVN@gmail.com','e6e3be2d833cdf5d9d4c7bc2f85cd098'),('eNRkyY_potty_MK','JxViuK@xyz.com','e80b5017098950fc58aad83c8c14978e'),('eNqWmC_letsgo_C','nTljlZ@xyz.com','e80b5017098950fc58aad83c8c14978e'),('eOWTbRobotBanao','6ipg9@gmail.com','e6e3be2d833cdf5d9d4c7bc2f85cd098'),('eOoErv_letsgo_C','nrjQKH@xyz.com','e80b5017098950fc58aad83c8c14978e'),('eP55GRobotBanao','y62Hb@gmail.com','e6e3be2d833cdf5d9d4c7bc2f85cd098'),('ePDCzi_potty_MK','sOMMes@xyz.com','e80b5017098950fc58aad83c8c14978e'),('eQVDbC_potty_MK','WPFBOR@xyz.com','e80b5017098950fc58aad83c8c14978e'),('eRnyfj_nahihai_','CKDeJg@xyz.com','e80b5017098950fc58aad83c8c14978e'),('eRqRAM_letsgo_C','HYSaPv@xyz.com','e80b5017098950fc58aad83c8c14978e'),('eSRtde_letsgo_C','icYowP@xyz.com','e80b5017098950fc58aad83c8c14978e'),('eTbVRO_letsgo_C','CmcSMj@xyz.com','e80b5017098950fc58aad83c8c14978e'),('eUFVGP_potty_MK','gffEKc@xyz.com','e80b5017098950fc58aad83c8c14978e'),('eUPAMD_potty_MK','jmryTr@xyz.com','e80b5017098950fc58aad83c8c14978e'),('eUaoiRobotBanao','PPfK0@gmail.com','e6e3be2d833cdf5d9d4c7bc2f85cd098'),('eVEwSm_nahihai_','HMjwJT@xyz.com','e80b5017098950fc58aad83c8c14978e'),('eVaXsi_letsgo_C','UajxKf@xyz.com','e80b5017098950fc58aad83c8c14978e'),('eVlSf__letsgo_C','RYMmES@xyz.com','e80b5017098950fc58aad83c8c14978e'),('eXKVTG_letsgo_C','hPUAVz@xyz.com','e80b5017098950fc58aad83c8c14978e'),('eXRrGx_nahihai_','rbALRD@xyz.com','e80b5017098950fc58aad83c8c14978e'),('eXdpGZ_letsgo_C','XOZMpA@xyz.com','e80b5017098950fc58aad83c8c14978e'),('eZanvg_potty_MK','YWrBDo@xyz.com','e80b5017098950fc58aad83c8c14978e'),('eZethk_potty_MK','HFZdt_@xyz.com','e80b5017098950fc58aad83c8c14978e'),('eZgqP_RobotBana','c2Zys@gmail.com','e6e3be2d833cdf5d9d4c7bc2f85cd098'),('eaOFuG_potty_MK','PAMcIt@xyz.com','e80b5017098950fc58aad83c8c14978e'),('earldh_potty_MK','mSaigE@xyz.com','e80b5017098950fc58aad83c8c14978e'),('ebQhRQ_nahihai_','MlzhJH@xyz.com','e80b5017098950fc58aad83c8c14978e'),('ebasSA_letsgo_C','XBwrUg@xyz.com','e80b5017098950fc58aad83c8c14978e'),('ecGkOY_nahihai_','fYOmZr@xyz.com','e80b5017098950fc58aad83c8c14978e'),('ee9lv_RobotBana','K4Zw5@gmail.com','e6e3be2d833cdf5d9d4c7bc2f85cd098'),('efO9k_RobotBana','FclD0@gmail.com','e6e3be2d833cdf5d9d4c7bc2f85cd098'),('efZgU_RobotBana','q0cbA@gmail.com','e6e3be2d833cdf5d9d4c7bc2f85cd098'),('ehYQAn_nahihai_','Y_NCag@xyz.com','e80b5017098950fc58aad83c8c14978e'),('ejYml_RobotBana','z62G3@gmail.com','e6e3be2d833cdf5d9d4c7bc2f85cd098'),('ejZDB_RobotBana','ZwnUE@gmail.com','e6e3be2d833cdf5d9d4c7bc2f85cd098'),('ejpnz_RobotBana','6bdOi@gmail.com','e6e3be2d833cdf5d9d4c7bc2f85cd098'),('ejtupRobotBanao','3W49J@gmail.com','e6e3be2d833cdf5d9d4c7bc2f85cd098'),('ekgjZo_letsgo_C','eKgVRi@xyz.com','e80b5017098950fc58aad83c8c14978e'),('ekxQe_RobotBana','7Cegi@gmail.com','e6e3be2d833cdf5d9d4c7bc2f85cd098'),('elYFRR_letsgo_C','Men_jG@xyz.com','e80b5017098950fc58aad83c8c14978e'),('emDDkX_letsgo_C','eA_zpe@xyz.com','e80b5017098950fc58aad83c8c14978e'),('emTVXZ_potty_MK','nLdwcf@xyz.com','e80b5017098950fc58aad83c8c14978e'),('emjCR_RobotBana','WOlaa@gmail.com','e6e3be2d833cdf5d9d4c7bc2f85cd098'),('enFNDq_letsgo_C','fPJlIP@xyz.com','e80b5017098950fc58aad83c8c14978e'),('enJyWv_letsgo_C','uOuOEh@xyz.com','e80b5017098950fc58aad83c8c14978e'),('epitFM_nahihai_','EOliIj@xyz.com','e80b5017098950fc58aad83c8c14978e'),('erhmgy_letsgo_C','HiuOyq@xyz.com','e80b5017098950fc58aad83c8c14978e'),('erwMlK_nahihai_','BdYGuh@xyz.com','e80b5017098950fc58aad83c8c14978e'),('esly_M_potty_MK','PNQPrv@xyz.com','e80b5017098950fc58aad83c8c14978e'),('etIRee_nahihai_','OMNpEC@xyz.com','e80b5017098950fc58aad83c8c14978e'),('etdBue_nahihai_','QkTkqJ@xyz.com','e80b5017098950fc58aad83c8c14978e'),('ethwVY_potty_MK','jhTHcu@xyz.com','e80b5017098950fc58aad83c8c14978e'),('etpuwV_potty_MK','zwEZsd@xyz.com','e80b5017098950fc58aad83c8c14978e'),('ev_TEn_potty_MK','GOTmbh@xyz.com','e80b5017098950fc58aad83c8c14978e'),('evtjcU_nahihai_','qhZfxm@xyz.com','e80b5017098950fc58aad83c8c14978e'),('ewCtI_RobotBana','vazLy@gmail.com','e6e3be2d833cdf5d9d4c7bc2f85cd098'),('ewMTLO_potty_MK','sglgrF@xyz.com','e80b5017098950fc58aad83c8c14978e'),('exPHTz_letsgo_C','aBCDMz@xyz.com','e80b5017098950fc58aad83c8c14978e'),('exzqoc_letsgo_C','pRJBPl@xyz.com','e80b5017098950fc58aad83c8c14978e'),('f3y10RobotBanao','XSQF1@gmail.com','e6e3be2d833cdf5d9d4c7bc2f85cd098'),('f5ZsmRobotBanao','ej55B@gmail.com','e6e3be2d833cdf5d9d4c7bc2f85cd098'),('f8RDrRobotBanao','q0zHV@gmail.com','e6e3be2d833cdf5d9d4c7bc2f85cd098'),('fALrrR_potty_MK','apxhTh@xyz.com','e80b5017098950fc58aad83c8c14978e'),('fAhrig_letsgo_C','ogNRAR@xyz.com','e80b5017098950fc58aad83c8c14978e'),('fAkhUN_potty_MK','PtnETp@xyz.com','e80b5017098950fc58aad83c8c14978e'),('fB67H_RobotBana','P3GrO@gmail.com','e6e3be2d833cdf5d9d4c7bc2f85cd098'),('fBpUsz_potty_MK','asOrbW@xyz.com','e80b5017098950fc58aad83c8c14978e'),('fCz3RRobotBanao','S0eBU@gmail.com','e6e3be2d833cdf5d9d4c7bc2f85cd098'),('fDSHEh_letsgo_C','dYhsyI@xyz.com','e80b5017098950fc58aad83c8c14978e'),('fDTheR_nahihai_','dhKNvO@xyz.com','e80b5017098950fc58aad83c8c14978e'),('fEPbTy_potty_MK','SmUeZV@xyz.com','e80b5017098950fc58aad83c8c14978e'),('fEuLYRobotBanao','Yd854@gmail.com','e6e3be2d833cdf5d9d4c7bc2f85cd098'),('fEun_f_potty_MK','MjAIkL@xyz.com','e80b5017098950fc58aad83c8c14978e'),('fGBkTRobotBanao','aIEEE@gmail.com','e6e3be2d833cdf5d9d4c7bc2f85cd098'),('fGhwLn_nahihai_','qkClSg@xyz.com','e80b5017098950fc58aad83c8c14978e'),('fHRmO_RobotBana','kooIJ@gmail.com','e6e3be2d833cdf5d9d4c7bc2f85cd098'),('fHxVFi_nahihai_','hOTApG@xyz.com','e80b5017098950fc58aad83c8c14978e'),('fIkmuT_nahihai_','leOHYx@xyz.com','e80b5017098950fc58aad83c8c14978e'),('fKClRI_nahihai_','fxHxtZ@xyz.com','e80b5017098950fc58aad83c8c14978e'),('fKqkIK_nahihai_','mLStLF@xyz.com','e80b5017098950fc58aad83c8c14978e'),('fL2j8RobotBanao','5yOQ3@gmail.com','e6e3be2d833cdf5d9d4c7bc2f85cd098'),('fLHahQ_nahihai_','BPIOHA@xyz.com','e80b5017098950fc58aad83c8c14978e'),('fLNDDg_nahihai_','qjCnYc@xyz.com','e80b5017098950fc58aad83c8c14978e'),('fLgWFW_potty_MK','hACaZ_@xyz.com','e80b5017098950fc58aad83c8c14978e'),('fLwEqO_potty_MK','MM_qJR@xyz.com','e80b5017098950fc58aad83c8c14978e'),('fNKoHL_letsgo_C','pNJFsM@xyz.com','e80b5017098950fc58aad83c8c14978e'),('fQmKCL_potty_MK','plNcHX@xyz.com','e80b5017098950fc58aad83c8c14978e'),('fRivPRobotBanao','qJSe2@gmail.com','e6e3be2d833cdf5d9d4c7bc2f85cd098'),('fSHcpE_potty_MK','m_VDym@xyz.com','e80b5017098950fc58aad83c8c14978e'),('fSd78RobotBanao','Y6kgS@gmail.com','e6e3be2d833cdf5d9d4c7bc2f85cd098'),('fSiueRobotBanao','LdYMY@gmail.com','e6e3be2d833cdf5d9d4c7bc2f85cd098'),('fTBeQk_potty_MK','prJdeG@xyz.com','e80b5017098950fc58aad83c8c14978e'),('fU7B2_RobotBana','8MA3h@gmail.com','e6e3be2d833cdf5d9d4c7bc2f85cd098'),('fVNyVe_letsgo_C','NnpAqh@xyz.com','e80b5017098950fc58aad83c8c14978e'),('fVTXz__potty_MK','TZIFuy@xyz.com','e80b5017098950fc58aad83c8c14978e'),('fW1NT_RobotBana','SAbax@gmail.com','e6e3be2d833cdf5d9d4c7bc2f85cd098'),('fWdQnL_potty_MK','jCeQT_@xyz.com','e80b5017098950fc58aad83c8c14978e'),('fXCKbG_nahihai_','DiJFfV@xyz.com','e80b5017098950fc58aad83c8c14978e'),('fYmOBv_letsgo_C','BaojSY@xyz.com','e80b5017098950fc58aad83c8c14978e'),('fYvsbB_potty_MK','kwDTRw@xyz.com','e80b5017098950fc58aad83c8c14978e'),('faIAWU_nahihai_','udvEFY@xyz.com','e80b5017098950fc58aad83c8c14978e'),('fauIFh_nahihai_','RyGupy@xyz.com','e80b5017098950fc58aad83c8c14978e'),('fc3UsRobotBanao','v9NRp@gmail.com','e6e3be2d833cdf5d9d4c7bc2f85cd098'),('fcDxBS_letsgo_C','ksVFjC@xyz.com','e80b5017098950fc58aad83c8c14978e'),('fcHLCN_nahihai_','OmjyoV@xyz.com','e80b5017098950fc58aad83c8c14978e'),('fdIYVJ_nahihai_','wwwRxx@xyz.com','e80b5017098950fc58aad83c8c14978e'),('fdeTtf_potty_MK','MwTtYR@xyz.com','e80b5017098950fc58aad83c8c14978e'),('fdwUwd_letsgo_C','kDICgA@xyz.com','e80b5017098950fc58aad83c8c14978e'),('fepOus_letsgo_C','WOmCXP@xyz.com','e80b5017098950fc58aad83c8c14978e'),('fexcAY_letsgo_C','dphCsP@xyz.com','e80b5017098950fc58aad83c8c14978e'),('ffCLpb_potty_MK','TeQljf@xyz.com','e80b5017098950fc58aad83c8c14978e'),('ffYJCw_potty_MK','DVn_HM@xyz.com','e80b5017098950fc58aad83c8c14978e'),('fff','fff@f.lk','4ac37ffd8e0694befc66b3847d76dba7'),('fgMuGI_letsgo_C','hFczLJ@xyz.com','e80b5017098950fc58aad83c8c14978e'),('fhCvki_nahihai_','JqZwml@xyz.com','e80b5017098950fc58aad83c8c14978e'),('fhDAsRobotBanao','fAb0H@gmail.com','e6e3be2d833cdf5d9d4c7bc2f85cd098'),('fiDIbX_nahihai_','PMdEuH@xyz.com','e80b5017098950fc58aad83c8c14978e'),('fiXs9RobotBanao','qPrbR@gmail.com','e6e3be2d833cdf5d9d4c7bc2f85cd098'),('fifeEa_potty_MK','DWAQUi@xyz.com','e80b5017098950fc58aad83c8c14978e'),('fjayzM_nahihai_','DNVIcG@xyz.com','e80b5017098950fc58aad83c8c14978e'),('fjhsMJ_potty_MK','_SrsdQ@xyz.com','e80b5017098950fc58aad83c8c14978e'),('fkCWG_RobotBana','gL1Hg@gmail.com','e6e3be2d833cdf5d9d4c7bc2f85cd098'),('flmbQH_nahihai_','Ohl_XC@xyz.com','e80b5017098950fc58aad83c8c14978e'),('fnFjmh_nahihai_','afExeK@xyz.com','e80b5017098950fc58aad83c8c14978e'),('fnKjFv_letsgo_C','QrTXGw@xyz.com','e80b5017098950fc58aad83c8c14978e'),('fnrLMx_nahihai_','iOdBGP@xyz.com','e80b5017098950fc58aad83c8c14978e'),('foP0RRobotBanao','b60hL@gmail.com','e6e3be2d833cdf5d9d4c7bc2f85cd098'),('frGjsx_nahihai_','wMypNX@xyz.com','e80b5017098950fc58aad83c8c14978e'),('fsQpUS_letsgo_C','TyWD_O@xyz.com','e80b5017098950fc58aad83c8c14978e'),('ftxWvP_letsgo_C','EOGywA@xyz.com','e80b5017098950fc58aad83c8c14978e'),('fuKm5RobotBanao','lRtL7@gmail.com','e6e3be2d833cdf5d9d4c7bc2f85cd098'),('fuolDr_potty_MK','AxODNY@xyz.com','e80b5017098950fc58aad83c8c14978e'),('fvBj5RobotBanao','ElRrz@gmail.com','e6e3be2d833cdf5d9d4c7bc2f85cd098'),('fwOzoX_nahihai_','cwbjjp@xyz.com','e80b5017098950fc58aad83c8c14978e'),('fwZ_Qw_nahihai_','nywEKF@xyz.com','e80b5017098950fc58aad83c8c14978e'),('fwZvRR_potty_MK','wGrUuQ@xyz.com','e80b5017098950fc58aad83c8c14978e'),('fwaElQ_potty_MK','mNJgnX@xyz.com','e80b5017098950fc58aad83c8c14978e'),('fwsnAy_nahihai_','qgqAph@xyz.com','e80b5017098950fc58aad83c8c14978e'),('fyYbMN_letsgo_C','iPSZZe@xyz.com','e80b5017098950fc58aad83c8c14978e'),('fzcQQO_letsgo_C','LRsLRg@xyz.com','e80b5017098950fc58aad83c8c14978e'),('g4Ui8_RobotBana','gFsa4@gmail.com','e6e3be2d833cdf5d9d4c7bc2f85cd098'),('g51sb_RobotBana','PBGgH@gmail.com','e6e3be2d833cdf5d9d4c7bc2f85cd098'),('g8omYRobotBanao','jpLMc@gmail.com','e6e3be2d833cdf5d9d4c7bc2f85cd098'),('gABCFJ_letsgo_C','lccbTq@xyz.com','e80b5017098950fc58aad83c8c14978e'),('gBBqxF_letsgo_C','_IyTJb@xyz.com','e80b5017098950fc58aad83c8c14978e'),('gBXEsu_potty_MK','fdSnOX@xyz.com','e80b5017098950fc58aad83c8c14978e'),('gBpQWZ_nahihai_','jWbWde@xyz.com','e80b5017098950fc58aad83c8c14978e'),('gCFyKx_potty_MK','jaFSFO@xyz.com','e80b5017098950fc58aad83c8c14978e'),('gDnf_j_potty_MK','LJEFgs@xyz.com','e80b5017098950fc58aad83c8c14978e'),('gFboWU_letsgo_C','oPijIK@xyz.com','e80b5017098950fc58aad83c8c14978e'),('gHRfXV_nahihai_','oVuETA@xyz.com','e80b5017098950fc58aad83c8c14978e'),('gIdUoM_potty_MK','xAHiJv@xyz.com','e80b5017098950fc58aad83c8c14978e'),('gKCoys_potty_MK','BFneVb@xyz.com','e80b5017098950fc58aad83c8c14978e'),('gLJJYt_nahihai_','izktde@xyz.com','e80b5017098950fc58aad83c8c14978e'),('gLLVBj_potty_MK','HbTFWV@xyz.com','e80b5017098950fc58aad83c8c14978e'),('gLgEE_RobotBana','K7wo2@gmail.com','e6e3be2d833cdf5d9d4c7bc2f85cd098'),('gMEIJJ_potty_MK','r_Isxy@xyz.com','e80b5017098950fc58aad83c8c14978e'),('gMwOHL_letsgo_C','RvJdnD@xyz.com','e80b5017098950fc58aad83c8c14978e'),('gNKGtU_nahihai_','xtRFry@xyz.com','e80b5017098950fc58aad83c8c14978e'),('gNf_CJ_potty_MK','Jehfsl@xyz.com','e80b5017098950fc58aad83c8c14978e'),('gNg7hRobotBanao','Ibg4o@gmail.com','e6e3be2d833cdf5d9d4c7bc2f85cd098'),('gONmwh_potty_MK','NDqfwR@xyz.com','e80b5017098950fc58aad83c8c14978e'),('gQJGXRobotBanao','m2SVb@gmail.com','e6e3be2d833cdf5d9d4c7bc2f85cd098'),('gTEdvT_nahihai_','sPbUox@xyz.com','e80b5017098950fc58aad83c8c14978e'),('gTJkNh_potty_MK','_efUvd@xyz.com','e80b5017098950fc58aad83c8c14978e'),('gTRbyRobotBanao','W6wYd@gmail.com','e6e3be2d833cdf5d9d4c7bc2f85cd098'),('gTfOF_RobotBana','wUCsY@gmail.com','e6e3be2d833cdf5d9d4c7bc2f85cd098'),('gUchnX_nahihai_','PJAIdl@xyz.com','e80b5017098950fc58aad83c8c14978e'),('gVTvBf_nahihai_','ITBzpi@xyz.com','e80b5017098950fc58aad83c8c14978e'),('gWBqZc_letsgo_C','qi_RbR@xyz.com','e80b5017098950fc58aad83c8c14978e'),('gWPNso_potty_MK','ubZ_Ay@xyz.com','e80b5017098950fc58aad83c8c14978e'),('gYvKPl_nahihai_','llMaDH@xyz.com','e80b5017098950fc58aad83c8c14978e'),('gZdseRobotBanao','suq8p@gmail.com','e6e3be2d833cdf5d9d4c7bc2f85cd098'),('g_DiRT_letsgo_C','cpsUgo@xyz.com','e80b5017098950fc58aad83c8c14978e'),('g_vXrf_nahihai_','Dpfbev@xyz.com','e80b5017098950fc58aad83c8c14978e'),('ga_fuy_nahihai_','BBKlpw@xyz.com','e80b5017098950fc58aad83c8c14978e'),('gam@ver','anurag.goel@students.iiit.ac.i','34ea66d59933a80c1c2ed072a42b5340'),('gbNHHl_letsgo_C','jIwBdY@xyz.com','e80b5017098950fc58aad83c8c14978e'),('gbZfcH_potty_MK','JstmVl@xyz.com','e80b5017098950fc58aad83c8c14978e'),('gbhvqx_potty_MK','hTBeOe@xyz.com','e80b5017098950fc58aad83c8c14978e'),('gceEte_letsgo_C','DpCKuS@xyz.com','e80b5017098950fc58aad83c8c14978e'),('gcwESE_potty_MK','Ud_sf_@xyz.com','e80b5017098950fc58aad83c8c14978e'),('geGfLM_potty_MK','AimjiO@xyz.com','e80b5017098950fc58aad83c8c14978e'),('gePsEO_nahihai_','prySzE@xyz.com','e80b5017098950fc58aad83c8c14978e'),('geV5G_RobotBana','guInT@gmail.com','e6e3be2d833cdf5d9d4c7bc2f85cd098'),('gfceuW_letsgo_C','uDUyHt@xyz.com','e80b5017098950fc58aad83c8c14978e'),('gfmMMk_letsgo_C','ySzOcH@xyz.com','e80b5017098950fc58aad83c8c14978e'),('ggPSkj_potty_MK','SpZsdI@xyz.com','e80b5017098950fc58aad83c8c14978e'),('ghdRXj_letsgo_C','JSfvBe@xyz.com','e80b5017098950fc58aad83c8c14978e'),('gjCd8RobotBanao','rG7mF@gmail.com','e6e3be2d833cdf5d9d4c7bc2f85cd098'),('gjaqOm_potty_MK','GLGH_l@xyz.com','e80b5017098950fc58aad83c8c14978e'),('gjjvlm_letsgo_C','sR_Xei@xyz.com','e80b5017098950fc58aad83c8c14978e'),('gkg_Gj_potty_MK','JtUgIJ@xyz.com','e80b5017098950fc58aad83c8c14978e'),('gnLGou_potty_MK','jOVPPf@xyz.com','e80b5017098950fc58aad83c8c14978e'),('gnLzRRobotBanao','9Hdqq@gmail.com','e6e3be2d833cdf5d9d4c7bc2f85cd098'),('gnOTQu_letsgo_C','QbQPCp@xyz.com','e80b5017098950fc58aad83c8c14978e'),('gnXMpk_nahihai_','FrxRGL@xyz.com','e80b5017098950fc58aad83c8c14978e'),('goDfy_RobotBana','j3eTi@gmail.com','e6e3be2d833cdf5d9d4c7bc2f85cd098'),('grRauRobotBanao','uyebH@gmail.com','e6e3be2d833cdf5d9d4c7bc2f85cd098'),('gsjGbRobotBanao','wbyMb@gmail.com','e6e3be2d833cdf5d9d4c7bc2f85cd098'),('guOVaU_nahihai_','DnHVaK@xyz.com','e80b5017098950fc58aad83c8c14978e'),('gubmIB_nahihai_','zlKItS@xyz.com','e80b5017098950fc58aad83c8c14978e'),('gudRFp_potty_MK','JwjtjY@xyz.com','e80b5017098950fc58aad83c8c14978e'),('gueBAa_letsgo_C','MSZHSd@xyz.com','e80b5017098950fc58aad83c8c14978e'),('guess','sakhinetivenkat@gmail.com','76da72fcd443f752b80816871b92a750'),('gxG_vN_potty_MK','vKHhPj@xyz.com','e80b5017098950fc58aad83c8c14978e'),('gxlVfE_potty_MK','XbLyUe@xyz.com','e80b5017098950fc58aad83c8c14978e'),('gytHVm_potty_MK','CISlGV@xyz.com','e80b5017098950fc58aad83c8c14978e'),('h2GmMRobotBanao','K5N0n@gmail.com','e6e3be2d833cdf5d9d4c7bc2f85cd098'),('h6GGmRobotBanao','CDKLf@gmail.com','e6e3be2d833cdf5d9d4c7bc2f85cd098'),('h77SjRobotBanao','lE6UT@gmail.com','e6e3be2d833cdf5d9d4c7bc2f85cd098'),('hARInh_potty_MK','Hnolox@xyz.com','e80b5017098950fc58aad83c8c14978e'),('hAdDLL_letsgo_C','MxMLke@xyz.com','e80b5017098950fc58aad83c8c14978e'),('hAsXSE_nahihai_','sfEBMX@xyz.com','e80b5017098950fc58aad83c8c14978e'),('hBBqTRobotBanao','R0jNl@gmail.com','e6e3be2d833cdf5d9d4c7bc2f85cd098'),('hBCmrQ_nahihai_','hxqNxA@xyz.com','e80b5017098950fc58aad83c8c14978e'),('hB_kcr_potty_MK','ubGQZb@xyz.com','e80b5017098950fc58aad83c8c14978e'),('hC_siH_letsgo_C','BHolmL@xyz.com','e80b5017098950fc58aad83c8c14978e'),('hCiASb_letsgo_C','BGUBFP@xyz.com','e80b5017098950fc58aad83c8c14978e'),('hDCiPA_potty_MK','GGVjvM@xyz.com','e80b5017098950fc58aad83c8c14978e'),('hERDve_nahihai_','REjMcy@xyz.com','e80b5017098950fc58aad83c8c14978e'),('hEUmcZ_letsgo_C','wedyBi@xyz.com','e80b5017098950fc58aad83c8c14978e'),('hE_mRu_potty_MK','FhIzqg@xyz.com','e80b5017098950fc58aad83c8c14978e'),('hGIZyS_nahihai_','AyKJUb@xyz.com','e80b5017098950fc58aad83c8c14978e'),('hISQOx_letsgo_C','YcnKIA@xyz.com','e80b5017098950fc58aad83c8c14978e'),('hJbJrt_potty_MK','aBHTIW@xyz.com','e80b5017098950fc58aad83c8c14978e'),('hJdscJ_potty_MK','iEPjFy@xyz.com','e80b5017098950fc58aad83c8c14978e'),('hNDFQRobotBanao','Z2Mle@gmail.com','e6e3be2d833cdf5d9d4c7bc2f85cd098'),('hNYayJ_potty_MK','XgDFNN@xyz.com','e80b5017098950fc58aad83c8c14978e'),('hNl_Ob_nahihai_','nNUxat@xyz.com','e80b5017098950fc58aad83c8c14978e'),('hNtPaI_letsgo_C','hdrzsC@xyz.com','e80b5017098950fc58aad83c8c14978e'),('hP57cRobotBanao','0ychZ@gmail.com','e6e3be2d833cdf5d9d4c7bc2f85cd098'),('hPEcWS_nahihai_','zfPAcG@xyz.com','e80b5017098950fc58aad83c8c14978e'),('hPloj_RobotBana','U0xsa@gmail.com','e6e3be2d833cdf5d9d4c7bc2f85cd098'),('hSVcvX_potty_MK','GcLswg@xyz.com','e80b5017098950fc58aad83c8c14978e'),('hSyuid_potty_MK','sZKvSW@xyz.com','e80b5017098950fc58aad83c8c14978e'),('hTBJVJ_nahihai_','hDabFT@xyz.com','e80b5017098950fc58aad83c8c14978e'),('hTbwRn_potty_MK','uezBMj@xyz.com','e80b5017098950fc58aad83c8c14978e'),('hTiGJV_potty_MK','DTSaqM@xyz.com','e80b5017098950fc58aad83c8c14978e'),('hUZXBo_letsgo_C','AUmmzS@xyz.com','e80b5017098950fc58aad83c8c14978e'),('hUuuen_nahihai_','NMWADv@xyz.com','e80b5017098950fc58aad83c8c14978e'),('hVOPHZ_potty_MK','FeQiMx@xyz.com','e80b5017098950fc58aad83c8c14978e'),('hWVRZz_potty_MK','rlxASB@xyz.com','e80b5017098950fc58aad83c8c14978e'),('hWklLK_nahihai_','YJZtob@xyz.com','e80b5017098950fc58aad83c8c14978e'),('hXWBWN_potty_MK','qKqdSp@xyz.com','e80b5017098950fc58aad83c8c14978e'),('hXorBN_letsgo_C','loktVw@xyz.com','e80b5017098950fc58aad83c8c14978e'),('hZnsbe_nahihai_','QvzWFP@xyz.com','e80b5017098950fc58aad83c8c14978e'),('hack','hiten.jayswal@students.iiit.ac','53f11bed006252c5266e2c1d2eab8a86'),('hacker','sarvesh.mahajan@students.iiit.','73311f0f8f444e42798ebcae5bca8fdd'),('hackin','anieushgoyal9119@gmail.com','e6e3be2d833cdf5d9d4c7bc2f85cd098'),('halloween','akshatk7@gmail.com','99bce2006b96a80855e4bd6d5619d87d'),('hardy','hardhikm@gmail.com','200820e3227815ed1756a6b531e7e0d2'),('harekrishna','harishkrishna.v@students.iiit.','e1a77d528bd73ff263114ee500fbdeda'),('harsh','harshinlko@gmail.com','23784bb693d30db0f9ae74556c6be32c'),('hash','bla@bla.com','e6e3be2d833cdf5d9d4c7bc2f85cd098'),('hctygc_nahihai_','uGK_fJ@xyz.com','e80b5017098950fc58aad83c8c14978e'),('hcvOWw_nahihai_','ycQXOD@xyz.com','e80b5017098950fc58aad83c8c14978e'),('heHBZu_potty_MK','FxdbZK@xyz.com','e80b5017098950fc58aad83c8c14978e'),('heZbOq_letsgo_C','_AVptC@xyz.com','e80b5017098950fc58aad83c8c14978e'),('hehe','pranav.rth@gmail.com','d0aabe9a362cb2712ee90e04810902f3'),('heoinG_nahihai_','MvOuYu@xyz.com','e80b5017098950fc58aad83c8c14978e'),('hhTsFg_nahihai_','mFmrlh@xyz.com','e80b5017098950fc58aad83c8c14978e'),('hiTB5_RobotBana','FZgof@gmail.com','e6e3be2d833cdf5d9d4c7bc2f85cd098'),('himanshu_ny','coolhimi007@gmail.com','6d69be992fe31b204844b983af3041bd'),('hjqyRp_nahihai_','WsPMFP@xyz.com','e80b5017098950fc58aad83c8c14978e'),('hkEuTh_letsgo_C','cMPKvL@xyz.com','e80b5017098950fc58aad83c8c14978e'),('hkFoVg_letsgo_C','IAnHHZ@xyz.com','e80b5017098950fc58aad83c8c14978e'),('hkHNF_RobotBana','f01FU@gmail.com','e6e3be2d833cdf5d9d4c7bc2f85cd098'),('hmFSWB_potty_MK','NQlSpx@xyz.com','e80b5017098950fc58aad83c8c14978e'),('hmTcTg_letsgo_C','ZsmSMb@xyz.com','e80b5017098950fc58aad83c8c14978e'),('hm_iee_letsgo_C','xFzoRl@xyz.com','e80b5017098950fc58aad83c8c14978e'),('hnSzL__letsgo_C','zZACFH@xyz.com','e80b5017098950fc58aad83c8c14978e'),('hngOEs_letsgo_C','HgjhBE@xyz.com','e80b5017098950fc58aad83c8c14978e'),('hpa7nRobotBanao','K2q9s@gmail.com','e6e3be2d833cdf5d9d4c7bc2f85cd098'),('hppVQc_potty_MK','GDwzte@xyz.com','e80b5017098950fc58aad83c8c14978e'),('hqYbgf_potty_MK','bTUfpR@xyz.com','e80b5017098950fc58aad83c8c14978e'),('hqyPIh_potty_MK','TPpCPI@xyz.com','e80b5017098950fc58aad83c8c14978e'),('hrqfK__letsgo_C','DfDhQa@xyz.com','e80b5017098950fc58aad83c8c14978e'),('hrzESp_potty_MK','sMfMlI@xyz.com','e80b5017098950fc58aad83c8c14978e'),('hsCliRobotBanao','nW39n@gmail.com','e6e3be2d833cdf5d9d4c7bc2f85cd098'),('hsEKre_nahihai_','WsMRFa@xyz.com','e80b5017098950fc58aad83c8c14978e'),('hsELmv_potty_MK','oHMMwm@xyz.com','e80b5017098950fc58aad83c8c14978e'),('huEYf_RobotBana','wcxdK@gmail.com','e6e3be2d833cdf5d9d4c7bc2f85cd098'),('hvdrHg_nahihai_','lTWi_R@xyz.com','e80b5017098950fc58aad83c8c14978e'),('hwQQYm_nahihai_','NOEMeO@xyz.com','e80b5017098950fc58aad83c8c14978e'),('hwuWiT_potty_MK','TZ_kBu@xyz.com','e80b5017098950fc58aad83c8c14978e'),('hyBAQQ_letsgo_C','dCIVDR@xyz.com','e80b5017098950fc58aad83c8c14978e'),('hzideU_potty_MK','qwQydA@xyz.com','e80b5017098950fc58aad83c8c14978e'),('i2tpqRobotBanao','lA9rA@gmail.com','e6e3be2d833cdf5d9d4c7bc2f85cd098'),('i7AK3RobotBanao','E6iIj@gmail.com','e6e3be2d833cdf5d9d4c7bc2f85cd098'),('iBeMRH_potty_MK','UijbVo@xyz.com','e80b5017098950fc58aad83c8c14978e'),('iCRJGRobotBanao','2rmXz@gmail.com','e6e3be2d833cdf5d9d4c7bc2f85cd098'),('iDMfUJ_potty_MK','hIePjV@xyz.com','e80b5017098950fc58aad83c8c14978e'),('iDVJZw_potty_MK','uECoFr@xyz.com','e80b5017098950fc58aad83c8c14978e'),('iGmJUa_nahihai_','OdjsCb@xyz.com','e80b5017098950fc58aad83c8c14978e'),('iIJcln_letsgo_C','e_CxVU@xyz.com','e80b5017098950fc58aad83c8c14978e'),('iISJws_letsgo_C','JyFpvA@xyz.com','e80b5017098950fc58aad83c8c14978e'),('iIUQkM_nahihai_','vpv_HO@xyz.com','e80b5017098950fc58aad83c8c14978e'),('iIlXjS_nahihai_','nsN_kQ@xyz.com','e80b5017098950fc58aad83c8c14978e'),('iJRfWq_nahihai_','VLShqT@xyz.com','e80b5017098950fc58aad83c8c14978e'),('iK26o_RobotBana','5tERn@gmail.com','e6e3be2d833cdf5d9d4c7bc2f85cd098'),('iKwkVR_letsgo_C','Lopzoo@xyz.com','e80b5017098950fc58aad83c8c14978e'),('iLnZTj_letsgo_C','FlnRVO@xyz.com','e80b5017098950fc58aad83c8c14978e'),('iNvOZJ_nahihai_','F_rLXN@xyz.com','e80b5017098950fc58aad83c8c14978e'),('iOuBX__letsgo_C','nkeoKO@xyz.com','e80b5017098950fc58aad83c8c14978e'),('iPoICu_nahihai_','GztmCt@xyz.com','e80b5017098950fc58aad83c8c14978e'),('iQYSBRobotBanao','w2OTV@gmail.com','e6e3be2d833cdf5d9d4c7bc2f85cd098'),('iQekYRobotBanao','Opmgk@gmail.com','e6e3be2d833cdf5d9d4c7bc2f85cd098'),('iSJArI_letsgo_C','wMxPvk@xyz.com','e80b5017098950fc58aad83c8c14978e'),('iTvTPa_potty_MK','SreqAz@xyz.com','e80b5017098950fc58aad83c8c14978e'),('iTyMSD_potty_MK','TtOJIV@xyz.com','e80b5017098950fc58aad83c8c14978e'),('iUIHVb_nahihai_','DmbFle@xyz.com','e80b5017098950fc58aad83c8c14978e'),('iUOzxQ_letsgo_C','phouMX@xyz.com','e80b5017098950fc58aad83c8c14978e'),('iVvNeh_nahihai_','NhIpeg@xyz.com','e80b5017098950fc58aad83c8c14978e'),('iWAZMk_nahihai_','rjkHeo@xyz.com','e80b5017098950fc58aad83c8c14978e'),('iXMQDRobotBanao','CASO1@gmail.com','e6e3be2d833cdf5d9d4c7bc2f85cd098'),('iYOrCR_nahihai_','PIWULf@xyz.com','e80b5017098950fc58aad83c8c14978e'),('iYVPue_potty_MK','uhTCIE@xyz.com','e80b5017098950fc58aad83c8c14978e'),('iYZKgs_letsgo_C','nYyn_h@xyz.com','e80b5017098950fc58aad83c8c14978e'),('i_APYv_potty_MK','gkptDw@xyz.com','e80b5017098950fc58aad83c8c14978e'),('iajtjJ_nahihai_','pPlJPl@xyz.com','e80b5017098950fc58aad83c8c14978e'),('iazhQy_letsgo_C','wiSarw@xyz.com','e80b5017098950fc58aad83c8c14978e'),('ibVxWq_letsgo_C','MnIywr@xyz.com','e80b5017098950fc58aad83c8c14978e'),('ibsOgl_nahihai_','SSzqJQ@xyz.com','e80b5017098950fc58aad83c8c14978e'),('ibsPvu_nahihai_','hdAQnc@xyz.com','e80b5017098950fc58aad83c8c14978e'),('icK2B_RobotBana','dchzf@gmail.com','e6e3be2d833cdf5d9d4c7bc2f85cd098'),('icUMfb_nahihai_','wWDmgb@xyz.com','e80b5017098950fc58aad83c8c14978e'),('icZCOE_potty_MK','aRuspL@xyz.com','e80b5017098950fc58aad83c8c14978e'),('icev7RobotBanao','99BIH@gmail.com','e6e3be2d833cdf5d9d4c7bc2f85cd098'),('idWANJ_potty_MK','rrYcRA@xyz.com','e80b5017098950fc58aad83c8c14978e'),('idYKkL_potty_MK','kSfYYQ@xyz.com','e80b5017098950fc58aad83c8c14978e'),('ieugq_RobotBana','J8rOT@gmail.com','e6e3be2d833cdf5d9d4c7bc2f85cd098'),('ifPbGD_potty_MK','pNtIeT@xyz.com','e80b5017098950fc58aad83c8c14978e'),('igYEaq_potty_MK','RrSebv@xyz.com','e80b5017098950fc58aad83c8c14978e'),('ihWix_RobotBana','uZki1@gmail.com','e6e3be2d833cdf5d9d4c7bc2f85cd098'),('iixsUB_nahihai_','laPldc@xyz.com','e80b5017098950fc58aad83c8c14978e'),('ijQyRG_letsgo_C','ayvpAL@xyz.com','e80b5017098950fc58aad83c8c14978e'),('ijlZON_potty_MK','ZEsl_U@xyz.com','e80b5017098950fc58aad83c8c14978e'),('ikB04RobotBanao','WkWWs@gmail.com','e6e3be2d833cdf5d9d4c7bc2f85cd098'),('ikMnIG_potty_MK','Sdek_t@xyz.com','e80b5017098950fc58aad83c8c14978e'),('ikbAEa_nahihai_','AcCwFP@xyz.com','e80b5017098950fc58aad83c8c14978e'),('il6a8_RobotBana','DeTYm@gmail.com','e6e3be2d833cdf5d9d4c7bc2f85cd098'),('ilAgHc_potty_MK','MsIiMo@xyz.com','e80b5017098950fc58aad83c8c14978e'),('ilWbdV_letsgo_C','DXgfTD@xyz.com','e80b5017098950fc58aad83c8c14978e'),('intruder','aditi.gupta@students.iiit.ac.i','2b6af4c5a1a6387fd6fbff6c7089a76d'),('iota','kaka@gma.com','61be360905cecd0e96e31c9d575283b1'),('ipBOcK_nahihai_','RgCDeC@xyz.com','e80b5017098950fc58aad83c8c14978e'),('iqARAZ_potty_MK','YSOQbW@xyz.com','e80b5017098950fc58aad83c8c14978e'),('iqXqhK_letsgo_C','uLyKmr@xyz.com','e80b5017098950fc58aad83c8c14978e'),('irvqs_RobotBana','lTbgM@gmail.com','e6e3be2d833cdf5d9d4c7bc2f85cd098'),('iuUsUA_letsgo_C','mugSeb@xyz.com','e80b5017098950fc58aad83c8c14978e'),('iuXUXj_nahihai_','OlzNkH@xyz.com','e80b5017098950fc58aad83c8c14978e'),('ivLCxR_potty_MK','NAOorp@xyz.com','e80b5017098950fc58aad83c8c14978e'),('iwDtog_potty_MK','BLWaCJ@xyz.com','e80b5017098950fc58aad83c8c14978e'),('iyYTfk_nahihai_','YzkUpo@xyz.com','e80b5017098950fc58aad83c8c14978e'),('iyncnM_nahihai_','CfaiEC@xyz.com','e80b5017098950fc58aad83c8c14978e'),('izfBo_RobotBana','MXEkF@gmail.com','e6e3be2d833cdf5d9d4c7bc2f85cd098'),('izyzDM_potty_MK','HDsejA@xyz.com','e80b5017098950fc58aad83c8c14978e'),('j2Kfg_RobotBana','tVMAS@gmail.com','e6e3be2d833cdf5d9d4c7bc2f85cd098'),('j3cyvRobotBanao','29GQS@gmail.com','e6e3be2d833cdf5d9d4c7bc2f85cd098'),('j4zoNRobotBanao','2WTMj@gmail.com','e6e3be2d833cdf5d9d4c7bc2f85cd098'),('jAg1d_RobotBana','dFf75@gmail.com','e6e3be2d833cdf5d9d4c7bc2f85cd098'),('jAyTOo_nahihai_','shQlCm@xyz.com','e80b5017098950fc58aad83c8c14978e'),('jBNMTd_potty_MK','YYrTLq@xyz.com','e80b5017098950fc58aad83c8c14978e'),('jBzRNu_nahihai_','i_HzWz@xyz.com','e80b5017098950fc58aad83c8c14978e'),('jCAyYE_letsgo_C','tZJWro@xyz.com','e80b5017098950fc58aad83c8c14978e'),('jCeN1RobotBanao','xxJCy@gmail.com','e6e3be2d833cdf5d9d4c7bc2f85cd098'),('jDm0ZRobotBanao','Hxsfx@gmail.com','e6e3be2d833cdf5d9d4c7bc2f85cd098'),('jEVuyp_nahihai_','aWJUCf@xyz.com','e80b5017098950fc58aad83c8c14978e'),('jEyqtl_nahihai_','gmVUAv@xyz.com','e80b5017098950fc58aad83c8c14978e'),('jFVNij_nahihai_','NLHcQ_@xyz.com','e80b5017098950fc58aad83c8c14978e'),('jGBdwM_potty_MK','NehqlX@xyz.com','e80b5017098950fc58aad83c8c14978e'),('jGOyT_RobotBana','aA2CV@gmail.com','e6e3be2d833cdf5d9d4c7bc2f85cd098'),('jGpqSU_potty_MK','aGlaVE@xyz.com','e80b5017098950fc58aad83c8c14978e'),('jGqNdr_potty_MK','jpswWa@xyz.com','e80b5017098950fc58aad83c8c14978e'),('jHFJoM_potty_MK','nGAesG@xyz.com','e80b5017098950fc58aad83c8c14978e'),('jHOCSZ_nahihai_','ppkTDl@xyz.com','e80b5017098950fc58aad83c8c14978e'),('jHenMo_letsgo_C','oAiCdf@xyz.com','e80b5017098950fc58aad83c8c14978e'),('jIAeTZ_potty_MK','HYKDIK@xyz.com','e80b5017098950fc58aad83c8c14978e'),('jICWLRobotBanao','HXLk5@gmail.com','e6e3be2d833cdf5d9d4c7bc2f85cd098'),('jIargi_letsgo_C','BWyXjl@xyz.com','e80b5017098950fc58aad83c8c14978e'),('jJDXjK_potty_MK','rPTdJV@xyz.com','e80b5017098950fc58aad83c8c14978e'),('jKJsCM_nahihai_','EWozDQ@xyz.com','e80b5017098950fc58aad83c8c14978e'),('jKzRSr_letsgo_C','bVmtdM@xyz.com','e80b5017098950fc58aad83c8c14978e'),('jLJHPU_letsgo_C','xDffDn@xyz.com','e80b5017098950fc58aad83c8c14978e'),('jLU0oRobotBanao','94IgB@gmail.com','e6e3be2d833cdf5d9d4c7bc2f85cd098'),('jMPAIU_letsgo_C','pxNtYD@xyz.com','e80b5017098950fc58aad83c8c14978e'),('jOVpzq_nahihai_','vzwqBr@xyz.com','e80b5017098950fc58aad83c8c14978e'),('jPzOCZ_letsgo_C','WzEFHt@xyz.com','e80b5017098950fc58aad83c8c14978e'),('jQfkeq_potty_MK','pLbCAp@xyz.com','e80b5017098950fc58aad83c8c14978e'),('jRfYo_RobotBana','ae1Hk@gmail.com','e6e3be2d833cdf5d9d4c7bc2f85cd098'),('jRyzZV_letsgo_C','YXDpXJ@xyz.com','e80b5017098950fc58aad83c8c14978e'),('jSqslI_letsgo_C','hdXF_m@xyz.com','e80b5017098950fc58aad83c8c14978e'),('jSyhsRobotBanao','xQCB8@gmail.com','e6e3be2d833cdf5d9d4c7bc2f85cd098'),('jTKDdJ_letsgo_C','bZUfOR@xyz.com','e80b5017098950fc58aad83c8c14978e'),('jTYtFs_letsgo_C','YdQAau@xyz.com','e80b5017098950fc58aad83c8c14978e'),('jUvobW_potty_MK','fAYVRK@xyz.com','e80b5017098950fc58aad83c8c14978e'),('jVHQtV_nahihai_','BfXAKL@xyz.com','e80b5017098950fc58aad83c8c14978e'),('jVbwdD_nahihai_','X_WBIK@xyz.com','e80b5017098950fc58aad83c8c14978e'),('jX6iNRobotBanao','OrGga@gmail.com','e6e3be2d833cdf5d9d4c7bc2f85cd098'),('jXpHwq_letsgo_C','PiiGak@xyz.com','e80b5017098950fc58aad83c8c14978e'),('jYmfEX_letsgo_C','tAfalo@xyz.com','e80b5017098950fc58aad83c8c14978e'),('jYmzIo_potty_MK','FIXXcA@xyz.com','e80b5017098950fc58aad83c8c14978e'),('jYznhT_letsgo_C','dSfjYw@xyz.com','e80b5017098950fc58aad83c8c14978e'),('j_IjkR_nahihai_','FHNVWZ@xyz.com','e80b5017098950fc58aad83c8c14978e'),('jaObkL_nahihai_','Sy_nSF@xyz.com','e80b5017098950fc58aad83c8c14978e'),('jaVGdd_potty_MK','wreIZZ@xyz.com','e80b5017098950fc58aad83c8c14978e'),('jack','japneet.singh@students.iiit.ac','4ff9fc6e4e5d5f590c4f2134a8cc96d1'),('jacktheripper','jacktheripper@students.iiit.ac','20253a8126e51c0fb779cb1446a0cb3a'),('jaeX8_RobotBana','ThVaa@gmail.com','e6e3be2d833cdf5d9d4c7bc2f85cd098'),('james','james@james.com','e6e3be2d833cdf5d9d4c7bc2f85cd098'),('jayesh','jayesh','9e781c931dcca125bae15bab4da33158'),('jbond','sweetdevansh@gmail.com','e2573b5b93a826189decb42b5d8b95e7'),('jcVdCRobotBanao','aE3hW@gmail.com','e6e3be2d833cdf5d9d4c7bc2f85cd098'),('jdGUuS_letsgo_C','jQoYuj@xyz.com','e80b5017098950fc58aad83c8c14978e'),('jdmhpt_potty_MK','TvbRgC@xyz.com','e80b5017098950fc58aad83c8c14978e'),('jeFgaM_nahihai_','uBM_dZ@xyz.com','e80b5017098950fc58aad83c8c14978e'),('jeMxpZ_potty_MK','HzWvq_@xyz.com','e80b5017098950fc58aad83c8c14978e'),('jhN_FW_potty_MK','cKyOVT@xyz.com','e80b5017098950fc58aad83c8c14978e'),('jhvFSRobotBanao','9HP1V@gmail.com','e6e3be2d833cdf5d9d4c7bc2f85cd098'),('jifq1_RobotBana','pq8Qq@gmail.com','e6e3be2d833cdf5d9d4c7bc2f85cd098'),('jikCFf_letsgo_C','lcDmRx@xyz.com','e80b5017098950fc58aad83c8c14978e'),('jk3hwRobotBanao','hhMg7@gmail.com','e6e3be2d833cdf5d9d4c7bc2f85cd098'),('jkXfBC_letsgo_C','OzFuTh@xyz.com','e80b5017098950fc58aad83c8c14978e'),('jlBaiRobotBanao','SWX4y@gmail.com','e6e3be2d833cdf5d9d4c7bc2f85cd098'),('jlKKOM_potty_MK','UzOPY_@xyz.com','e80b5017098950fc58aad83c8c14978e'),('jlcIn_RobotBana','PoCMu@gmail.com','e6e3be2d833cdf5d9d4c7bc2f85cd098'),('jn7AN_RobotBana','NgdxR@gmail.com','e6e3be2d833cdf5d9d4c7bc2f85cd098'),('jnIepI_potty_MK','yKVIRi@xyz.com','e80b5017098950fc58aad83c8c14978e'),('jnbaAW_letsgo_C','dsnBTw@xyz.com','e80b5017098950fc58aad83c8c14978e'),('jnedw__nahihai_','lxlcwN@xyz.com','e80b5017098950fc58aad83c8c14978e'),('johndoe','pallav.shah@students.iiit.ac.i','6579e96f76baa00787a28653876c6127'),('jomaAA_letsgo_C','EfthDb@xyz.com','e80b5017098950fc58aad83c8c14978e'),('jowIrh_potty_MK','nIx_wd@xyz.com','e80b5017098950fc58aad83c8c14978e'),('jq6TC_RobotBana','1WNtk@gmail.com','e6e3be2d833cdf5d9d4c7bc2f85cd098'),('jqHQxH_potty_MK','XTOynY@xyz.com','e80b5017098950fc58aad83c8c14978e'),('jqJsgRobotBanao','gsF3g@gmail.com','e6e3be2d833cdf5d9d4c7bc2f85cd098'),('jqQzmt_nahihai_','kHVZvS@xyz.com','e80b5017098950fc58aad83c8c14978e'),('jsEIWl_potty_MK','GQBVaz@xyz.com','e80b5017098950fc58aad83c8c14978e'),('jswDCD_letsgo_C','WoUuFI@xyz.com','e80b5017098950fc58aad83c8c14978e'),('juBi8_RobotBana','Rhd8c@gmail.com','e6e3be2d833cdf5d9d4c7bc2f85cd098'),('jxCEXu_potty_MK','rXReZV@xyz.com','e80b5017098950fc58aad83c8c14978e'),('jyjqfa_potty_MK','enjUEs@xyz.com','e80b5017098950fc58aad83c8c14978e'),('jzLvMD_potty_MK','LeSJS_@xyz.com','e80b5017098950fc58aad83c8c14978e'),('jzsGqB_potty_MK','xKXmFb@xyz.com','e80b5017098950fc58aad83c8c14978e'),('k.one','karan.dhamele@students.iiit.ac','081ccb9e453ebca757048a66d3f71998'),('kABBjs_letsgo_C','ayTYZW@xyz.com','e80b5017098950fc58aad83c8c14978e'),('kAPdZm_potty_MK','OMtLLV@xyz.com','e80b5017098950fc58aad83c8c14978e'),('kB8rdRobotBanao','50UFw@gmail.com','e6e3be2d833cdf5d9d4c7bc2f85cd098'),('kBjtqB_potty_MK','ftxiol@xyz.com','e80b5017098950fc58aad83c8c14978e'),('kBoaqq_potty_MK','KfLoxk@xyz.com','e80b5017098950fc58aad83c8c14978e'),('kCDdfP_letsgo_C','ozkWtr@xyz.com','e80b5017098950fc58aad83c8c14978e'),('kDURk_RobotBana','i2hDc@gmail.com','e6e3be2d833cdf5d9d4c7bc2f85cd098'),('kERis__potty_MK','yFUosf@xyz.com','e80b5017098950fc58aad83c8c14978e'),('kGA0x_RobotBana','frxIv@gmail.com','e6e3be2d833cdf5d9d4c7bc2f85cd098'),('kIPHLT_letsgo_C','eKpWus@xyz.com','e80b5017098950fc58aad83c8c14978e'),('kJWLnK_letsgo_C','WVRDIp@xyz.com','e80b5017098950fc58aad83c8c14978e'),('kJbbRc_potty_MK','vmstVq@xyz.com','e80b5017098950fc58aad83c8c14978e'),('kKOQBe_nahihai_','GWTsFE@xyz.com','e80b5017098950fc58aad83c8c14978e'),('kL0Pe_RobotBana','1LNky@gmail.com','e6e3be2d833cdf5d9d4c7bc2f85cd098'),('kLDiN_RobotBana','cG0ci@gmail.com','e6e3be2d833cdf5d9d4c7bc2f85cd098'),('kMtxJB_letsgo_C','DTQGiL@xyz.com','e80b5017098950fc58aad83c8c14978e'),('kNAexy_potty_MK','LbmoAZ@xyz.com','e80b5017098950fc58aad83c8c14978e'),('kNXaDj_nahihai_','_osivx@xyz.com','e80b5017098950fc58aad83c8c14978e'),('kQJQwY_letsgo_C','JsBWbX@xyz.com','e80b5017098950fc58aad83c8c14978e'),('kSwRhF_nahihai_','CJhEHj@xyz.com','e80b5017098950fc58aad83c8c14978e'),('kTJ0w_RobotBana','6eMuv@gmail.com','e6e3be2d833cdf5d9d4c7bc2f85cd098'),('kUJPoc_potty_MK','IAS_xi@xyz.com','e80b5017098950fc58aad83c8c14978e'),('kV4JpRobotBanao','nNp2e@gmail.com','e6e3be2d833cdf5d9d4c7bc2f85cd098'),('kVNfur_potty_MK','kLatsz@xyz.com','e80b5017098950fc58aad83c8c14978e'),('kVpLtm_potty_MK','yDrHIW@xyz.com','e80b5017098950fc58aad83c8c14978e'),('kXYLX_RobotBana','5eh6f@gmail.com','e6e3be2d833cdf5d9d4c7bc2f85cd098'),('kX_Quj_letsgo_C','KKfhqH@xyz.com','e80b5017098950fc58aad83c8c14978e'),('kYQkaZ_potty_MK','iYAZsK@xyz.com','e80b5017098950fc58aad83c8c14978e'),('kYroRG_nahihai_','KtGmks@xyz.com','e80b5017098950fc58aad83c8c14978e'),('kZBrVK_potty_MK','okisww@xyz.com','e80b5017098950fc58aad83c8c14978e'),('k_kFdC_letsgo_C','lrTZOu@xyz.com','e80b5017098950fc58aad83c8c14978e'),('karanaggarwal','karan.aggarwal@students.iiit.a','031e594a88b37f4c4b50fc0ce0e0f076'),('kegule_nahihai_','rDCCsq@xyz.com','e80b5017098950fc58aad83c8c14978e'),('kevkeka','tharun.chinthala@students.iiit','e1e441e4e58b1d8d9fd741d23db7b4b5'),('kfIHmO_nahihai_','PBWxPV@xyz.com','e80b5017098950fc58aad83c8c14978e'),('kfaDdu_letsgo_C','JaupFq@xyz.com','e80b5017098950fc58aad83c8c14978e'),('kfnkrQ_nahihai_','uNHanW@xyz.com','e80b5017098950fc58aad83c8c14978e'),('kfslDf_nahihai_','egarFl@xyz.com','e80b5017098950fc58aad83c8c14978e'),('kfubte_letsgo_C','KWnyrR@xyz.com','e80b5017098950fc58aad83c8c14978e'),('khJZGB_potty_MK','IqWpFY@xyz.com','e80b5017098950fc58aad83c8c14978e'),('khKOAw_potty_MK','mETrXO@xyz.com','e80b5017098950fc58aad83c8c14978e'),('kiZqGQ_letsgo_C','WJsMrs@xyz.com','e80b5017098950fc58aad83c8c14978e'),('kiinCt_nahihai_','TdFz_T@xyz.com','e80b5017098950fc58aad83c8c14978e'),('kiota','kiota@g.com','61be360905cecd0e96e31c9d575283b1'),('kjLgfC_nahihai_','NAmRq_@xyz.com','e80b5017098950fc58aad83c8c14978e'),('kjNInl_letsgo_C','iIDrMN@xyz.com','e80b5017098950fc58aad83c8c14978e'),('kjVqlV_letsgo_C','nJ_uDc@xyz.com','e80b5017098950fc58aad83c8c14978e'),('kjxBnF_potty_MK','RJTGxD@xyz.com','e80b5017098950fc58aad83c8c14978e'),('kkk','kunj.thakkar@students.iiit.ac.','01271fb3ee8e9625b45b153c7e7a294b'),('klQPGk_potty_MK','twyASf@xyz.com','e80b5017098950fc58aad83c8c14978e'),('kmqbLF_nahihai_','YEUpDF@xyz.com','e80b5017098950fc58aad83c8c14978e'),('knVsmY_nahihai_','tktAfZ@xyz.com','e80b5017098950fc58aad83c8c14978e'),('koVEoW_letsgo_C','IRhPAf@xyz.com','e80b5017098950fc58aad83c8c14978e'),('koWrARobotBanao','WNGtU@gmail.com','e6e3be2d833cdf5d9d4c7bc2f85cd098'),('kpAPDQ_potty_MK','FzEbJt@xyz.com','e80b5017098950fc58aad83c8c14978e'),('kpPjm__nahihai_','XIRQSn@xyz.com','e80b5017098950fc58aad83c8c14978e'),('kpiqTQ_potty_MK','ZOmAgP@xyz.com','e80b5017098950fc58aad83c8c14978e'),('kqH0F_RobotBana','wzvBV@gmail.com','e6e3be2d833cdf5d9d4c7bc2f85cd098'),('krKZSZ_potty_MK','sqfmBO@xyz.com','e80b5017098950fc58aad83c8c14978e'),('krZuiB_letsgo_C','QxMlCk@xyz.com','e80b5017098950fc58aad83c8c14978e'),('kshitij','kansal.k@gmail.com','517d7a57bd7e6c167fab9cb519ce5849'),('ktQAuW_nahihai_','qCmMXO@xyz.com','e80b5017098950fc58aad83c8c14978e'),('ktziGu_potty_MK','HIJLmY@xyz.com','e80b5017098950fc58aad83c8c14978e'),('kwkyhRobotBanao','5O6Ui@gmail.com','e6e3be2d833cdf5d9d4c7bc2f85cd098'),('kypyCQ_letsgo_C','kAyEjc@xyz.com','e80b5017098950fc58aad83c8c14978e'),('kyrUvH_potty_MK','JJiUyt@xyz.com','e80b5017098950fc58aad83c8c14978e'),('kzBARO_potty_MK','NgLRwP@xyz.com','e80b5017098950fc58aad83c8c14978e'),('kzmAsw_letsgo_C','IGJdwK@xyz.com','e80b5017098950fc58aad83c8c14978e'),('l0DTs_RobotBana','GLzX2@gmail.com','e6e3be2d833cdf5d9d4c7bc2f85cd098'),('l8lpaRobotBanao','Pnul8@gmail.com','e6e3be2d833cdf5d9d4c7bc2f85cd098'),('lAaxDQ_letsgo_C','TMElpr@xyz.com','e80b5017098950fc58aad83c8c14978e'),('lBapJRobotBanao','ARDXw@gmail.com','e6e3be2d833cdf5d9d4c7bc2f85cd098'),('lCCnWT_nahihai_','LnmfX_@xyz.com','e80b5017098950fc58aad83c8c14978e'),('lCGQwC_potty_MK','FcWtxO@xyz.com','e80b5017098950fc58aad83c8c14978e'),('lCrWKJ_potty_MK','iqJION@xyz.com','e80b5017098950fc58aad83c8c14978e'),('lDQDD__potty_MK','lHXTxX@xyz.com','e80b5017098950fc58aad83c8c14978e'),('lDZSxu_nahihai_','HoHazi@xyz.com','e80b5017098950fc58aad83c8c14978e'),('lDeJvj_letsgo_C','VxAKmd@xyz.com','e80b5017098950fc58aad83c8c14978e'),('lDtpSL_letsgo_C','jXfWEA@xyz.com','e80b5017098950fc58aad83c8c14978e'),('lFJpFr_potty_MK','LmZjxo@xyz.com','e80b5017098950fc58aad83c8c14978e'),('lFnGJW_potty_MK','z_OJTT@xyz.com','e80b5017098950fc58aad83c8c14978e'),('lGHBVs_nahihai_','JzQJAO@xyz.com','e80b5017098950fc58aad83c8c14978e'),('lGTGUu_letsgo_C','xaFNVF@xyz.com','e80b5017098950fc58aad83c8c14978e'),('lIHPOC_potty_MK','ChMM_n@xyz.com','e80b5017098950fc58aad83c8c14978e'),('lIOTbG_potty_MK','MWwBNQ@xyz.com','e80b5017098950fc58aad83c8c14978e'),('lJHmWRobotBanao','wlxtc@gmail.com','e6e3be2d833cdf5d9d4c7bc2f85cd098'),('lJLeMK_nahihai_','hORwkQ@xyz.com','e80b5017098950fc58aad83c8c14978e'),('lJPAQQ_nahihai_','lzsFRC@xyz.com','e80b5017098950fc58aad83c8c14978e'),('lJugQS_letsgo_C','BZeNvu@xyz.com','e80b5017098950fc58aad83c8c14978e'),('lKJvQd_letsgo_C','AHfDBt@xyz.com','e80b5017098950fc58aad83c8c14978e'),('lLNyBh_potty_MK','F_gwWO@xyz.com','e80b5017098950fc58aad83c8c14978e'),('lMIqms_letsgo_C','wahGPQ@xyz.com','e80b5017098950fc58aad83c8c14978e'),('lMJYHd_letsgo_C','ZhgWF_@xyz.com','e80b5017098950fc58aad83c8c14978e'),('lMVIuk_potty_MK','gbEYrp@xyz.com','e80b5017098950fc58aad83c8c14978e'),('lMp8yRobotBanao','LwqQk@gmail.com','e6e3be2d833cdf5d9d4c7bc2f85cd098'),('lNd5L_RobotBana','XTS6h@gmail.com','e6e3be2d833cdf5d9d4c7bc2f85cd098'),('lNeQok_potty_MK','eyOXzR@xyz.com','e80b5017098950fc58aad83c8c14978e'),('lOQjjP_letsgo_C','FnPbTF@xyz.com','e80b5017098950fc58aad83c8c14978e'),('lOTWv_RobotBana','xB1wG@gmail.com','e6e3be2d833cdf5d9d4c7bc2f85cd098'),('lPXaM_RobotBana','mUSky@gmail.com','e6e3be2d833cdf5d9d4c7bc2f85cd098'),('lQZSI_RobotBana','WTUoU@gmail.com','e6e3be2d833cdf5d9d4c7bc2f85cd098'),('lRVFkl_potty_MK','OwtWnt@xyz.com','e80b5017098950fc58aad83c8c14978e'),('lRcCoG_letsgo_C','cUuJKz@xyz.com','e80b5017098950fc58aad83c8c14978e'),('lRjoiX_nahihai_','WYnesY@xyz.com','e80b5017098950fc58aad83c8c14978e'),('lSFHyH_nahihai_','BiaESt@xyz.com','e80b5017098950fc58aad83c8c14978e'),('lTgXAT_potty_MK','zNYBLH@xyz.com','e80b5017098950fc58aad83c8c14978e'),('lTiyFF_potty_MK','bQjKyr@xyz.com','e80b5017098950fc58aad83c8c14978e'),('lTq5eRobotBanao','shDjX@gmail.com','e6e3be2d833cdf5d9d4c7bc2f85cd098'),('lU6SZRobotBanao','Ufx7G@gmail.com','e6e3be2d833cdf5d9d4c7bc2f85cd098'),('lVkYLK_nahihai_','LlLLUQ@xyz.com','e80b5017098950fc58aad83c8c14978e'),('lYk9dRobotBanao','pYUjb@gmail.com','e6e3be2d833cdf5d9d4c7bc2f85cd098'),('lYpUw_RobotBana','bC8NW@gmail.com','e6e3be2d833cdf5d9d4c7bc2f85cd098'),('lZRBMO_letsgo_C','UTmgWe@xyz.com','e80b5017098950fc58aad83c8c14978e'),('lZTNpz_nahihai_','zJ_SNj@xyz.com','e80b5017098950fc58aad83c8c14978e'),('lZxtUk_potty_MK','lTMbCP@xyz.com','e80b5017098950fc58aad83c8c14978e'),('l_ECPw_potty_MK','kBHzAx@xyz.com','e80b5017098950fc58aad83c8c14978e'),('l_MBXv_letsgo_C','_qUfcS@xyz.com','e80b5017098950fc58aad83c8c14978e'),('l_VIKC_potty_MK','skSXqW@xyz.com','e80b5017098950fc58aad83c8c14978e'),('l_qlhW_potty_MK','FXmUQ_@xyz.com','e80b5017098950fc58aad83c8c14978e'),('l_yUAX_potty_MK','ijCmRY@xyz.com','e80b5017098950fc58aad83c8c14978e'),('lahori','jayesh.lahori.11.8.92@gmail.co','ac9a60834b9f0c97623d288d31d74ec9'),('lakyran','lakyran@gmail.com','b1ca93df1ca8a4cb89fac0a757f3bdb3'),('lalit_kundu','lalitkundu95@gmail.com','7ef852bdbe8b10e7af055d1b44ed1fd8'),('lbgVaK_potty_MK','QZMUjI@xyz.com','e80b5017098950fc58aad83c8c14978e'),('lcGFOu_potty_MK','iJ_Its@xyz.com','e80b5017098950fc58aad83c8c14978e'),('lccSa_RobotBana','i69Ma@gmail.com','e6e3be2d833cdf5d9d4c7bc2f85cd098'),('leMKfj_nahihai_','cPutL_@xyz.com','e80b5017098950fc58aad83c8c14978e'),('lfMpcI_nahihai_','AsjPdy@xyz.com','e80b5017098950fc58aad83c8c14978e'),('lfUqbS_nahihai_','PHMxGd@xyz.com','e80b5017098950fc58aad83c8c14978e'),('lfWYmI_potty_MK','MIJwIk@xyz.com','e80b5017098950fc58aad83c8c14978e'),('lgD5I_RobotBana','KG9Oo@gmail.com','e6e3be2d833cdf5d9d4c7bc2f85cd098'),('lgGFRi_nahihai_','juKhNS@xyz.com','e80b5017098950fc58aad83c8c14978e'),('lhHWyj_letsgo_C','YdymyB@xyz.com','e80b5017098950fc58aad83c8c14978e'),('lhXUKM_nahihai_','dD_TJy@xyz.com','e80b5017098950fc58aad83c8c14978e'),('lhZWuE_letsgo_C','lHKHRg@xyz.com','e80b5017098950fc58aad83c8c14978e'),('liteitis','A@gmail.com','9c908a21d423811f105c5164debc0c00'),('ljPuBR_potty_MK','mnUuDV@xyz.com','e80b5017098950fc58aad83c8c14978e'),('lkcPUG_potty_MK','sEgofg@xyz.com','e80b5017098950fc58aad83c8c14978e'),('lkkCML_letsgo_C','MQeejl@xyz.com','e80b5017098950fc58aad83c8c14978e'),('lkkglk_letsgo_C','yJxmXl@xyz.com','e80b5017098950fc58aad83c8c14978e'),('lldOpL_nahihai_','FfPyVK@xyz.com','e80b5017098950fc58aad83c8c14978e'),('lleqb_RobotBana','Hlgvu@gmail.com','e6e3be2d833cdf5d9d4c7bc2f85cd098'),('lliuVq_nahihai_','SFDPkx@xyz.com','e80b5017098950fc58aad83c8c14978e'),('lnA37RobotBanao','B6HLc@gmail.com','e6e3be2d833cdf5d9d4c7bc2f85cd098'),('lnJAMN_nahihai_','iJgrqm@xyz.com','e80b5017098950fc58aad83c8c14978e'),('loDqVw_potty_MK','_kJoTi@xyz.com','e80b5017098950fc58aad83c8c14978e'),('lodziS_nahihai_','zuoBLM@xyz.com','e80b5017098950fc58aad83c8c14978e'),('lpfqvO_potty_MK','txHjjI@xyz.com','e80b5017098950fc58aad83c8c14978e'),('lroacd_nahihai_','FOPzQP@xyz.com','e80b5017098950fc58aad83c8c14978e'),('lrtWVa_nahihai_','KT_pqW@xyz.com','e80b5017098950fc58aad83c8c14978e'),('lsEEiW_potty_MK','EcLHHT@xyz.com','e80b5017098950fc58aad83c8c14978e'),('ltAMxy_nahihai_','MulPPz@xyz.com','e80b5017098950fc58aad83c8c14978e'),('lunAnv_potty_MK','aJL_Oj@xyz.com','e80b5017098950fc58aad83c8c14978e'),('lwCpbRobotBanao','9tn7W@gmail.com','e6e3be2d833cdf5d9d4c7bc2f85cd098'),('lwMmnRobotBanao','fBMHJ@gmail.com','e6e3be2d833cdf5d9d4c7bc2f85cd098'),('lxDuit_letsgo_C','yRbdYi@xyz.com','e80b5017098950fc58aad83c8c14978e'),('lxLOVA_letsgo_C','wINOhi@xyz.com','e80b5017098950fc58aad83c8c14978e'),('lxTrmC_letsgo_C','qwsaTy@xyz.com','e80b5017098950fc58aad83c8c14978e'),('lxnFEd_potty_MK','DOeCYA@xyz.com','e80b5017098950fc58aad83c8c14978e'),('lyEqfv_nahihai_','IvyWIu@xyz.com','e80b5017098950fc58aad83c8c14978e'),('lzpPlS_potty_MK','BNKSJy@xyz.com','e80b5017098950fc58aad83c8c14978e'),('m5kwd_RobotBana','Ysanc@gmail.com','e6e3be2d833cdf5d9d4c7bc2f85cd098'),('m7FPnRobotBanao','q6ZWV@gmail.com','e6e3be2d833cdf5d9d4c7bc2f85cd098'),('mAKOox_nahihai_','sbZxwx@xyz.com','e80b5017098950fc58aad83c8c14978e'),('mAuiqd_nahihai_','SIooyM@xyz.com','e80b5017098950fc58aad83c8c14978e'),('mDeVgm_letsgo_C','ZVQfEB@xyz.com','e80b5017098950fc58aad83c8c14978e'),('mE1KW_RobotBana','lryyB@gmail.com','e6e3be2d833cdf5d9d4c7bc2f85cd098'),('mFHpWRobotBanao','ligGK@gmail.com','e6e3be2d833cdf5d9d4c7bc2f85cd098'),('mHEnse_letsgo_C','CGRcXu@xyz.com','e80b5017098950fc58aad83c8c14978e'),('mHhUFH_nahihai_','jXjWpz@xyz.com','e80b5017098950fc58aad83c8c14978e'),('mHxaWJ_nahihai_','qXPSfG@xyz.com','e80b5017098950fc58aad83c8c14978e'),('mISCsh_potty_MK','VZBiCp@xyz.com','e80b5017098950fc58aad83c8c14978e'),('mIjQze_potty_MK','tqoWpN@xyz.com','e80b5017098950fc58aad83c8c14978e'),('mJG9DRobotBanao','CCsAq@gmail.com','e6e3be2d833cdf5d9d4c7bc2f85cd098'),('mJkBUB_letsgo_C','PgWTUp@xyz.com','e80b5017098950fc58aad83c8c14978e'),('mKkQSW_potty_MK','gZnjFF@xyz.com','e80b5017098950fc58aad83c8c14978e'),('mLX1ERobotBanao','NSj3D@gmail.com','e6e3be2d833cdf5d9d4c7bc2f85cd098'),('mLcMk_RobotBana','W9XOV@gmail.com','e6e3be2d833cdf5d9d4c7bc2f85cd098'),('mMgRwG_potty_MK','FyHhIL@xyz.com','e80b5017098950fc58aad83c8c14978e'),('mMtJdI_letsgo_C','jViqpp@xyz.com','e80b5017098950fc58aad83c8c14978e'),('mMurWL_potty_MK','FoBErD@xyz.com','e80b5017098950fc58aad83c8c14978e'),('mN8scRobotBanao','xtDo0@gmail.com','e6e3be2d833cdf5d9d4c7bc2f85cd098'),('mO5sm_RobotBana','yMhWU@gmail.com','e6e3be2d833cdf5d9d4c7bc2f85cd098'),('mOKJ_h_potty_MK','EULHek@xyz.com','e80b5017098950fc58aad83c8c14978e'),('mPWgZ_RobotBana','CKiDq@gmail.com','e6e3be2d833cdf5d9d4c7bc2f85cd098'),('mPkHLZ_nahihai_','jxrxtc@xyz.com','e80b5017098950fc58aad83c8c14978e'),('mQQSiG_potty_MK','PedCIo@xyz.com','e80b5017098950fc58aad83c8c14978e'),('mQfdyx_nahihai_','PypWbH@xyz.com','e80b5017098950fc58aad83c8c14978e'),('mSwmiu_nahihai_','NjWIqV@xyz.com','e80b5017098950fc58aad83c8c14978e'),('mUooMU_potty_MK','rFoCQn@xyz.com','e80b5017098950fc58aad83c8c14978e'),('mWaxxH_potty_MK','MKmxXF@xyz.com','e80b5017098950fc58aad83c8c14978e'),('mWepSr_nahihai_','YLprMk@xyz.com','e80b5017098950fc58aad83c8c14978e'),('mXoJZv_letsgo_C','CWlKBX@xyz.com','e80b5017098950fc58aad83c8c14978e'),('mZDABz_potty_MK','dYsHrb@xyz.com','e80b5017098950fc58aad83c8c14978e'),('mZpVdi_nahihai_','ATaewa@xyz.com','e80b5017098950fc58aad83c8c14978e'),('m_d_luffy','deepesh.jain@students.iiit.ac.','cf69c060a42e092d378f42ced9c13ac8'),('m_wkqX_potty_MK','NCDjoO@xyz.com','e80b5017098950fc58aad83c8c14978e'),('maCZax_letsgo_C','KBrs_u@xyz.com','e80b5017098950fc58aad83c8c14978e'),('maWvso_nahihai_','GkZfDC@xyz.com','e80b5017098950fc58aad83c8c14978e'),('maddy','madhavan.chetlur@students.iiit','e6e3be2d833cdf5d9d4c7bc2f85cd098'),('mazktj_letsgo_C','uPdfqR@xyz.com','e80b5017098950fc58aad83c8c14978e'),('mcN_gh_nahihai_','dRpCEb@xyz.com','e80b5017098950fc58aad83c8c14978e'),('mcolry_letsgo_C','BcqzTN@xyz.com','e80b5017098950fc58aad83c8c14978e'),('mdLaKV_potty_MK','lwgHdD@xyz.com','e80b5017098950fc58aad83c8c14978e'),('mdMxHG_potty_MK','sZnaGT@xyz.com','e80b5017098950fc58aad83c8c14978e'),('mdwqQm_letsgo_C','SzFwjJ@xyz.com','e80b5017098950fc58aad83c8c14978e'),('mfTAt_RobotBana','iu9cS@gmail.com','e6e3be2d833cdf5d9d4c7bc2f85cd098'),('mfjmtQ_nahihai_','RYiwFe@xyz.com','e80b5017098950fc58aad83c8c14978e'),('mgEJpu_potty_MK','IeHZFs@xyz.com','e80b5017098950fc58aad83c8c14978e'),('mgXl_F_nahihai_','lYhBsE@xyz.com','e80b5017098950fc58aad83c8c14978e'),('mithunkumarn','mithun14993@gmail.com','4297f44b13955235245b2497399d7a93'),('miuSDk_nahihai_','LflcXB@xyz.com','e80b5017098950fc58aad83c8c14978e'),('mjOoq_RobotBana','hIAr3@gmail.com','e6e3be2d833cdf5d9d4c7bc2f85cd098'),('mkcJpY_letsgo_C','SRVvKI@xyz.com','e80b5017098950fc58aad83c8c14978e'),('mkd1l_RobotBana','IClmC@gmail.com','e6e3be2d833cdf5d9d4c7bc2f85cd098'),('mkuLpi_nahihai_','KMLjPl@xyz.com','e80b5017098950fc58aad83c8c14978e'),('mmHmjE_nahihai_','EidIeG@xyz.com','e80b5017098950fc58aad83c8c14978e'),('mmHrfC_potty_MK','CzDHkg@xyz.com','e80b5017098950fc58aad83c8c14978e'),('mmrvqg_potty_MK','BJEmmj@xyz.com','e80b5017098950fc58aad83c8c14978e'),('mnERr_RobotBana','99Oi8@gmail.com','e6e3be2d833cdf5d9d4c7bc2f85cd098'),('moHipI_potty_MK','FDFZMH@xyz.com','e80b5017098950fc58aad83c8c14978e'),('moQkHV_potty_MK','alqgFG@xyz.com','e80b5017098950fc58aad83c8c14978e'),('moihuJ_potty_MK','MzcbZh@xyz.com','e80b5017098950fc58aad83c8c14978e'),('motKXs_letsgo_C','EcIlQO@xyz.com','e80b5017098950fc58aad83c8c14978e'),('mpIDo_RobotBana','dRLrx@gmail.com','e6e3be2d833cdf5d9d4c7bc2f85cd098'),('mqVbOx_nahihai_','LXcsBE@xyz.com','e80b5017098950fc58aad83c8c14978e'),('mqcHZm_potty_MK','rIKYpI@xyz.com','e80b5017098950fc58aad83c8c14978e'),('mqyhOO_potty_MK','VGINJX@xyz.com','e80b5017098950fc58aad83c8c14978e'),('mrIMuW_letsgo_C','wYtcVV@xyz.com','e80b5017098950fc58aad83c8c14978e'),('mrJ24RobotBanao','B8nkp@gmail.com','e6e3be2d833cdf5d9d4c7bc2f85cd098'),('mrZXtY_potty_MK','raijvk@xyz.com','e80b5017098950fc58aad83c8c14978e'),('ms4HrRobotBanao','Iw3jA@gmail.com','e6e3be2d833cdf5d9d4c7bc2f85cd098'),('msCOvRobotBanao','RWoN6@gmail.com','e6e3be2d833cdf5d9d4c7bc2f85cd098'),('msuresh','msuresh.santhanam@students.iii','6c4b807101d1c68fa4ebd5f7f5830bdc'),('msx3gRobotBanao','tygDD@gmail.com','e6e3be2d833cdf5d9d4c7bc2f85cd098'),('mtmQX__nahihai_','FHFaad@xyz.com','e80b5017098950fc58aad83c8c14978e'),('mvGkBd_potty_MK','bJShDw@xyz.com','e80b5017098950fc58aad83c8c14978e'),('mvccIi_letsgo_C','rPXSIP@xyz.com','e80b5017098950fc58aad83c8c14978e'),('mviSOp_potty_MK','YBPMaM@xyz.com','e80b5017098950fc58aad83c8c14978e'),('mwAZkF_potty_MK','lUwWbS@xyz.com','e80b5017098950fc58aad83c8c14978e'),('mwQtUU_nahihai_','JapjjE@xyz.com','e80b5017098950fc58aad83c8c14978e'),('mwvUQY_potty_MK','pWvmuj@xyz.com','e80b5017098950fc58aad83c8c14978e'),('mxFbgE_potty_MK','gPUBkH@xyz.com','e80b5017098950fc58aad83c8c14978e'),('mxHFoU_potty_MK','WBIRqu@xyz.com','e80b5017098950fc58aad83c8c14978e'),('myaMXB_letsgo_C','fTIqsw@xyz.com','e80b5017098950fc58aad83c8c14978e'),('myjsjV_letsgo_C','iqBwNH@xyz.com','e80b5017098950fc58aad83c8c14978e'),('mysPOL_letsgo_C','MLcVBa@xyz.com','e80b5017098950fc58aad83c8c14978e'),('mzRHHQ_nahihai_','lJFMmR@xyz.com','e80b5017098950fc58aad83c8c14978e'),('nANRnY_letsgo_C','XDSmqr@xyz.com','e80b5017098950fc58aad83c8c14978e'),('nAXQKj_potty_MK','XLTLnP@xyz.com','e80b5017098950fc58aad83c8c14978e'),('nBVPEK_potty_MK','_PKcTT@xyz.com','e80b5017098950fc58aad83c8c14978e'),('nBVySu_letsgo_C','qOrLTz@xyz.com','e80b5017098950fc58aad83c8c14978e'),('nBZunRobotBanao','g0D6r@gmail.com','e6e3be2d833cdf5d9d4c7bc2f85cd098'),('nCzcdp_potty_MK','IjEtEG@xyz.com','e80b5017098950fc58aad83c8c14978e'),('nEFbWh_letsgo_C','d_DIQB@xyz.com','e80b5017098950fc58aad83c8c14978e'),('nEJ_m__potty_MK','HJidmK@xyz.com','e80b5017098950fc58aad83c8c14978e'),('nEREKt_letsgo_C','iEtswJ@xyz.com','e80b5017098950fc58aad83c8c14978e'),('nGKizo_potty_MK','ysmrHX@xyz.com','e80b5017098950fc58aad83c8c14978e'),('nGNvqJ_letsgo_C','mOpXZO@xyz.com','e80b5017098950fc58aad83c8c14978e'),('nGxtMh_potty_MK','bmXggl@xyz.com','e80b5017098950fc58aad83c8c14978e'),('nHJCqZ_potty_MK','CexkgS@xyz.com','e80b5017098950fc58aad83c8c14978e'),('nJfqSm_letsgo_C','pCmsxf@xyz.com','e80b5017098950fc58aad83c8c14978e'),('nKcnlw_letsgo_C','AoRjsQ@xyz.com','e80b5017098950fc58aad83c8c14978e'),('nKhHg_RobotBana','v8ZFe@gmail.com','e6e3be2d833cdf5d9d4c7bc2f85cd098'),('nLTDGRobotBanao','JzeKG@gmail.com','e6e3be2d833cdf5d9d4c7bc2f85cd098'),('nMMNks_potty_MK','hZbFkr@xyz.com','e80b5017098950fc58aad83c8c14978e'),('nMmAiV_potty_MK','pwtpYr@xyz.com','e80b5017098950fc58aad83c8c14978e'),('nNShAs_nahihai_','yUmpxH@xyz.com','e80b5017098950fc58aad83c8c14978e'),('nOqZJy_nahihai_','lLaJIH@xyz.com','e80b5017098950fc58aad83c8c14978e'),('nQkLAN_potty_MK','twCAHq@xyz.com','e80b5017098950fc58aad83c8c14978e'),('nRR0ORobotBanao','1o6vr@gmail.com','e6e3be2d833cdf5d9d4c7bc2f85cd098'),('nRZGGx_potty_MK','wpQYqN@xyz.com','e80b5017098950fc58aad83c8c14978e'),('nTLbcx_potty_MK','pGTCgT@xyz.com','e80b5017098950fc58aad83c8c14978e'),('nTZYqj_letsgo_C','ln_UwN@xyz.com','e80b5017098950fc58aad83c8c14978e'),('nTffRRobotBanao','EMUrU@gmail.com','e6e3be2d833cdf5d9d4c7bc2f85cd098'),('nTfivT_letsgo_C','vZu_kA@xyz.com','e80b5017098950fc58aad83c8c14978e'),('nWIpqq_letsgo_C','nYGmGb@xyz.com','e80b5017098950fc58aad83c8c14978e'),('nXCsXH_potty_MK','GjPcWh@xyz.com','e80b5017098950fc58aad83c8c14978e'),('nYKR_g_nahihai_','KJChJk@xyz.com','e80b5017098950fc58aad83c8c14978e'),('nZuriH_letsgo_C','EObGPU@xyz.com','e80b5017098950fc58aad83c8c14978e'),('nZvxQ_RobotBana','03DEs@gmail.com','e6e3be2d833cdf5d9d4c7bc2f85cd098'),('nZxEzh_potty_MK','sJoFvw@xyz.com','e80b5017098950fc58aad83c8c14978e'),('nash','nshthm@gmail.com','a0777c99a95e4b4bcdf0d5d4070462e7'),('nastsn_potty_MK','FtKR_Y@xyz.com','e80b5017098950fc58aad83c8c14978e'),('nbmUYH_nahihai_','qyUpxW@xyz.com','e80b5017098950fc58aad83c8c14978e'),('ncwRM_RobotBana','qyNDR@gmail.com','e6e3be2d833cdf5d9d4c7bc2f85cd098'),('neel','neel.bommisetty@students.iiit.','2031f627a4e04a050cdbd93c26455ffc'),('neo','akashslg@gmail.com','3c1d521758fdb6a95ab4b0b7113a4f7e'),('neo_mat','chitchat468@yahoo.co.uk','41fca3a29aaddd9a004fd0156a45426b'),('newTestUser','newTestUser@gmail.com','e6e3be2d833cdf5d9d4c7bc2f85cd098'),('newTestUser12','newTestUser12@gmail.com','e6e3be2d833cdf5d9d4c7bc2f85cd098'),('newnewnew','new@user.com','22af645d1859cb5ca6da0c484f1f37ea'),('newtest','test@zumblr.com','e2fc714c4727ee9395f324cd2e7f331f'),('newtest3','xyzx.com','827ccb0eea8a706c4c34a16891f84e7b'),('nfjeB_RobotBana','eM36S@gmail.com','e6e3be2d833cdf5d9d4c7bc2f85cd098'),('ngM_RZ_potty_MK','sOrVxY@xyz.com','e80b5017098950fc58aad83c8c14978e'),('ngTlUG_letsgo_C','oPLLAl@xyz.com','e80b5017098950fc58aad83c8c14978e'),('nh8ooRobotBanao','hE36d@gmail.com','e6e3be2d833cdf5d9d4c7bc2f85cd098'),('nhDuNV_potty_MK','sIWjXd@xyz.com','e80b5017098950fc58aad83c8c14978e'),('nhNg4_RobotBana','9BXKD@gmail.com','e6e3be2d833cdf5d9d4c7bc2f85cd098'),('nhUCYZ_nahihai_','cqFIbj@xyz.com','e80b5017098950fc58aad83c8c14978e'),('nhXuARobotBanao','LU92U@gmail.com','e6e3be2d833cdf5d9d4c7bc2f85cd098'),('nhkOtY_letsgo_C','BcFhsd@xyz.com','e80b5017098950fc58aad83c8c14978e'),('nhlFyi_letsgo_C','OVaSge@xyz.com','e80b5017098950fc58aad83c8c14978e'),('nhxFlg_potty_MK','sOuULd@xyz.com','e80b5017098950fc58aad83c8c14978e'),('niYEJx_letsgo_C','BPybSo@xyz.com','e80b5017098950fc58aad83c8c14978e'),('nik','nikharagrawal2006@gmail.com','25f9e794323b453885f5181f1b624d0b'),('nirvana','ak.bewildered@gmail.com','2661a6ae6c1790713dc03725e76c5b7b'),('nisha123','venessaroshni.tauro@students.i','2b6af4c5a1a6387fd6fbff6c7089a76d'),('njZUky_nahihai_','eUlbe_@xyz.com','e80b5017098950fc58aad83c8c14978e'),('njxJpn_letsgo_C','xDCBOX@xyz.com','e80b5017098950fc58aad83c8c14978e'),('nk2xs_RobotBana','ibj7x@gmail.com','e6e3be2d833cdf5d9d4c7bc2f85cd098'),('nlSzcW_nahihai_','ikShvC@xyz.com','e80b5017098950fc58aad83c8c14978e'),('nmsnrk_nahihai_','tdxveG@xyz.com','e80b5017098950fc58aad83c8c14978e'),('nmwHRX_nahihai_','QuOPZT@xyz.com','e80b5017098950fc58aad83c8c14978e'),('nnLBfr_nahihai_','lmgDUW@xyz.com','e80b5017098950fc58aad83c8c14978e'),('nneg_A_letsgo_C','oFkF_W@xyz.com','e80b5017098950fc58aad83c8c14978e'),('nnllBW_nahihai_','TlJBox@xyz.com','e80b5017098950fc58aad83c8c14978e'),('noBStt_potty_MK','szAGCy@xyz.com','e80b5017098950fc58aad83c8c14978e'),('npFVej_potty_MK','L_fYZF@xyz.com','e80b5017098950fc58aad83c8c14978e'),('npHJXl_potty_MK','kwisnO@xyz.com','e80b5017098950fc58aad83c8c14978e'),('npeMAc_letsgo_C','oFpBQD@xyz.com','e80b5017098950fc58aad83c8c14978e'),('nqJkPO_potty_MK','IqSkNU@xyz.com','e80b5017098950fc58aad83c8c14978e'),('nqjvts_potty_MK','vaHqMn@xyz.com','e80b5017098950fc58aad83c8c14978e'),('nsDWRh_letsgo_C','OIuITE@xyz.com','e80b5017098950fc58aad83c8c14978e'),('nsbeKW_nahihai_','tDyLyv@xyz.com','e80b5017098950fc58aad83c8c14978e'),('nsbmsc_letsgo_C','cOoEBq@xyz.com','e80b5017098950fc58aad83c8c14978e'),('ntRDnf_nahihai_','WMsPWX@xyz.com','e80b5017098950fc58aad83c8c14978e'),('nu7Y1_RobotBana','2ATp1@gmail.com','e6e3be2d833cdf5d9d4c7bc2f85cd098'),('nuke','test@','e6e3be2d833cdf5d9d4c7bc2f85cd098'),('nut','nikita.nataraj@students.iiit.a','ee6a4386b45ac2bd0672b84325dee92f'),('nvLuVL_potty_MK','CgqsOa@xyz.com','e80b5017098950fc58aad83c8c14978e'),('nvp_lM_letsgo_C','_SQYTL@xyz.com','e80b5017098950fc58aad83c8c14978e'),('nx_AIV_potty_MK','BYGHuw@xyz.com','e80b5017098950fc58aad83c8c14978e'),('nx_Lwg_nahihai_','BUwZIT@xyz.com','e80b5017098950fc58aad83c8c14978e'),('nxpSSm_letsgo_C','uAiiXO@xyz.com','e80b5017098950fc58aad83c8c14978e'),('nyCfoM_nahihai_','dtkcBe@xyz.com','e80b5017098950fc58aad83c8c14978e'),('o60gbRobotBanao','8NfLZ@gmail.com','e6e3be2d833cdf5d9d4c7bc2f85cd098'),('o69AoRobotBanao','3gLY5@gmail.com','e6e3be2d833cdf5d9d4c7bc2f85cd098'),('o7au1_RobotBana','j3eyH@gmail.com','e6e3be2d833cdf5d9d4c7bc2f85cd098'),('oAYNRe_potty_MK','pJfibz@xyz.com','e80b5017098950fc58aad83c8c14978e'),('oAijaP_potty_MK','psxIgv@xyz.com','e80b5017098950fc58aad83c8c14978e'),('oBygcQ_potty_MK','LDVUkE@xyz.com','e80b5017098950fc58aad83c8c14978e'),('oCCVWO_potty_MK','GQtQIK@xyz.com','e80b5017098950fc58aad83c8c14978e'),('oCDRgK_letsgo_C','NOAfRF@xyz.com','e80b5017098950fc58aad83c8c14978e'),('oCFUEu_potty_MK','RXRmxa@xyz.com','e80b5017098950fc58aad83c8c14978e'),('oCIMll_nahihai_','xqOCYW@xyz.com','e80b5017098950fc58aad83c8c14978e'),('oCrYXD_nahihai_','MDPLHb@xyz.com','e80b5017098950fc58aad83c8c14978e'),('oETsyF_nahihai_','CXjPAf@xyz.com','e80b5017098950fc58aad83c8c14978e'),('oEXTZJ_letsgo_C','ZXqLKE@xyz.com','e80b5017098950fc58aad83c8c14978e'),('oFWfRE_letsgo_C','koYCDM@xyz.com','e80b5017098950fc58aad83c8c14978e'),('oGFnVr_letsgo_C','hNqjZB@xyz.com','e80b5017098950fc58aad83c8c14978e'),('oGLTId_letsgo_C','wetrLI@xyz.com','e80b5017098950fc58aad83c8c14978e'),('oGZYJd_potty_MK','yPzeRo@xyz.com','e80b5017098950fc58aad83c8c14978e'),('oHDUjd_nahihai_','MxFSXZ@xyz.com','e80b5017098950fc58aad83c8c14978e'),('oHtMrQ_letsgo_C','vgOryy@xyz.com','e80b5017098950fc58aad83c8c14978e'),('oNvWxj_potty_MK','wDbLrk@xyz.com','e80b5017098950fc58aad83c8c14978e'),('oOkptp_letsgo_C','OhBatd@xyz.com','e80b5017098950fc58aad83c8c14978e'),('oPHJsw_letsgo_C','cxSjGX@xyz.com','e80b5017098950fc58aad83c8c14978e'),('oSTCky_letsgo_C','NNhtnM@xyz.com','e80b5017098950fc58aad83c8c14978e'),('oScNOC_potty_MK','UeYGYi@xyz.com','e80b5017098950fc58aad83c8c14978e'),('oSeFbb_letsgo_C','BIxvYE@xyz.com','e80b5017098950fc58aad83c8c14978e'),('oTKjKo_nahihai_','QCqHtL@xyz.com','e80b5017098950fc58aad83c8c14978e'),('oVEoXa_nahihai_','vAvfwZ@xyz.com','e80b5017098950fc58aad83c8c14978e'),('oVjGa_RobotBana','PGHzO@gmail.com','e6e3be2d833cdf5d9d4c7bc2f85cd098'),('oXxTOP_potty_MK','NlkScG@xyz.com','e80b5017098950fc58aad83c8c14978e'),('oYJYJd_letsgo_C','lepMwg@xyz.com','e80b5017098950fc58aad83c8c14978e'),('o_Wkus_potty_MK','mJSUan@xyz.com','e80b5017098950fc58aad83c8c14978e'),('obTYSl_letsgo_C','zwUvGs@xyz.com','e80b5017098950fc58aad83c8c14978e'),('ocqsCV_letsgo_C','lyZsmY@xyz.com','e80b5017098950fc58aad83c8c14978e'),('od4wcRobotBanao','nYx4N@gmail.com','e6e3be2d833cdf5d9d4c7bc2f85cd098'),('odWuTb_potty_MK','Zjt_cd@xyz.com','e80b5017098950fc58aad83c8c14978e'),('odeGyQ_nahihai_','Ty_eop@xyz.com','e80b5017098950fc58aad83c8c14978e'),('odzaPn_potty_MK','YOnlss@xyz.com','e80b5017098950fc58aad83c8c14978e'),('oeBDE_RobotBana','O1PRM@gmail.com','e6e3be2d833cdf5d9d4c7bc2f85cd098'),('oecgaO_letsgo_C','LpItlN@xyz.com','e80b5017098950fc58aad83c8c14978e'),('ofBEB_RobotBana','6pURM@gmail.com','e6e3be2d833cdf5d9d4c7bc2f85cd098'),('ofyASr_nahihai_','vcRqnd@xyz.com','e80b5017098950fc58aad83c8c14978e'),('ogDROS_letsgo_C','pIDv_a@xyz.com','e80b5017098950fc58aad83c8c14978e'),('oiGIyZ_nahihai_','mtdkdf@xyz.com','e80b5017098950fc58aad83c8c14978e'),('oiMjzv_nahihai_','dhGUMv@xyz.com','e80b5017098950fc58aad83c8c14978e'),('oiZVBS_nahihai_','nrnRQG@xyz.com','e80b5017098950fc58aad83c8c14978e'),('ojRAD_RobotBana','IWKc4@gmail.com','e6e3be2d833cdf5d9d4c7bc2f85cd098'),('ojZhJq_nahihai_','ECYMLt@xyz.com','e80b5017098950fc58aad83c8c14978e'),('ojbPC_RobotBana','9lMBN@gmail.com','e6e3be2d833cdf5d9d4c7bc2f85cd098'),('ojofti_potty_MK','jBHUnd@xyz.com','e80b5017098950fc58aad83c8c14978e'),('olGwOh_letsgo_C','LxaSNY@xyz.com','e80b5017098950fc58aad83c8c14978e'),('olfKzc_letsgo_C','yRsMan@xyz.com','e80b5017098950fc58aad83c8c14978e'),('omCLth_potty_MK','leQCsk@xyz.com','e80b5017098950fc58aad83c8c14978e'),('onYFWr_potty_MK','kdUxkT@xyz.com','e80b5017098950fc58aad83c8c14978e'),('onkiJh_letsgo_C','kMntEB@xyz.com','e80b5017098950fc58aad83c8c14978e'),('ooEuKD_letsgo_C','enNCQt@xyz.com','e80b5017098950fc58aad83c8c14978e'),('ooHjpr_potty_MK','VRFpSZ@xyz.com','e80b5017098950fc58aad83c8c14978e'),('opqyMf_potty_MK','DeyChG@xyz.com','e80b5017098950fc58aad83c8c14978e'),('oq1LCRobotBanao','aIlj2@gmail.com','e6e3be2d833cdf5d9d4c7bc2f85cd098'),('oqVwJH_potty_MK','aXrKMk@xyz.com','e80b5017098950fc58aad83c8c14978e'),('oqYcu__nahihai_','zneLjG@xyz.com','e80b5017098950fc58aad83c8c14978e'),('oqlPqj_nahihai_','jxSqQJ@xyz.com','e80b5017098950fc58aad83c8c14978e'),('oqmJqJ_nahihai_','kOmpSg@xyz.com','e80b5017098950fc58aad83c8c14978e'),('oslkir_potty_MK','bFyFoz@xyz.com','e80b5017098950fc58aad83c8c14978e'),('ouHbkE_potty_MK','hZCkSE@xyz.com','e80b5017098950fc58aad83c8c14978e'),('ouT7q_RobotBana','FjHEw@gmail.com','e6e3be2d833cdf5d9d4c7bc2f85cd098'),('oupf4RobotBanao','I6Xvm@gmail.com','e6e3be2d833cdf5d9d4c7bc2f85cd098'),('ouwEJc_potty_MK','wnUQfq@xyz.com','e80b5017098950fc58aad83c8c14978e'),('owfoxW_letsgo_C','TynMvH@xyz.com','e80b5017098950fc58aad83c8c14978e'),('owqw4_RobotBana','G1m0V@gmail.com','e6e3be2d833cdf5d9d4c7bc2f85cd098'),('owtgJ_RobotBana','rUhA2@gmail.com','e6e3be2d833cdf5d9d4c7bc2f85cd098'),('oyYkJ__letsgo_C','fpdqPD@xyz.com','e80b5017098950fc58aad83c8c14978e'),('oyauxRobotBanao','NBRmB@gmail.com','e6e3be2d833cdf5d9d4c7bc2f85cd098'),('ozpoNO_nahihai_','FgnuQu@xyz.com','e80b5017098950fc58aad83c8c14978e'),('p82gaRobotBanao','egYCd@gmail.com','e6e3be2d833cdf5d9d4c7bc2f85cd098'),('pAUPRo_letsgo_C','tIQLdz@xyz.com','e80b5017098950fc58aad83c8c14978e'),('pAifnj_nahihai_','TueaHW@xyz.com','e80b5017098950fc58aad83c8c14978e'),('pCWYB_RobotBana','mroHX@gmail.com','e6e3be2d833cdf5d9d4c7bc2f85cd098'),('pDiyZP_letsgo_C','DjOQFT@xyz.com','e80b5017098950fc58aad83c8c14978e'),('pDtEbA_letsgo_C','_hChQL@xyz.com','e80b5017098950fc58aad83c8c14978e'),('pEQFM_RobotBana','OT2bq@gmail.com','e6e3be2d833cdf5d9d4c7bc2f85cd098'),('pEvZhY_letsgo_C','eQWcHa@xyz.com','e80b5017098950fc58aad83c8c14978e'),('pFKQcJ_nahihai_','JaQTda@xyz.com','e80b5017098950fc58aad83c8c14978e'),('pFVSOO_letsgo_C','DpDejQ@xyz.com','e80b5017098950fc58aad83c8c14978e'),('pFrpWL_nahihai_','YqxkJw@xyz.com','e80b5017098950fc58aad83c8c14978e'),('pFykHp_letsgo_C','V_OtPX@xyz.com','e80b5017098950fc58aad83c8c14978e'),('pHquRL_letsgo_C','OBPcns@xyz.com','e80b5017098950fc58aad83c8c14978e'),('pICilf_letsgo_C','lqLtYs@xyz.com','e80b5017098950fc58aad83c8c14978e'),('pJvsARobotBanao','kthRD@gmail.com','e6e3be2d833cdf5d9d4c7bc2f85cd098'),('pJwtbF_letsgo_C','hdJQl_@xyz.com','e80b5017098950fc58aad83c8c14978e'),('pKOSpN_potty_MK','bPTwQx@xyz.com','e80b5017098950fc58aad83c8c14978e'),('pKQfJH_letsgo_C','RxvGpx@xyz.com','e80b5017098950fc58aad83c8c14978e'),('pKbUVc_potty_MK','kGNamU@xyz.com','e80b5017098950fc58aad83c8c14978e'),('pLRRAO_nahihai_','YhxuhM@xyz.com','e80b5017098950fc58aad83c8c14978e'),('pLRgqS_potty_MK','BsUOmt@xyz.com','e80b5017098950fc58aad83c8c14978e'),('pLjkNw_potty_MK','abBOCh@xyz.com','e80b5017098950fc58aad83c8c14978e'),('pMxl_K_potty_MK','EXNxX_@xyz.com','e80b5017098950fc58aad83c8c14978e'),('pP6Eo_RobotBana','zGsqi@gmail.com','e6e3be2d833cdf5d9d4c7bc2f85cd098'),('pPF1T_RobotBana','Tuxf0@gmail.com','e6e3be2d833cdf5d9d4c7bc2f85cd098'),('pRfxWi_letsgo_C','MuQTJZ@xyz.com','e80b5017098950fc58aad83c8c14978e'),('pRgUSY_potty_MK','pOcFRE@xyz.com','e80b5017098950fc58aad83c8c14978e'),('pRso4RobotBanao','in39U@gmail.com','e6e3be2d833cdf5d9d4c7bc2f85cd098'),('pSDTKI_potty_MK','xSiLLZ@xyz.com','e80b5017098950fc58aad83c8c14978e'),('pSGjyw_potty_MK','xbYdmY@xyz.com','e80b5017098950fc58aad83c8c14978e'),('pSrRrA_letsgo_C','WeZAjC@xyz.com','e80b5017098950fc58aad83c8c14978e'),('pTMuqS_letsgo_C','UF_Dqy@xyz.com','e80b5017098950fc58aad83c8c14978e'),('pTQyoU_potty_MK','DcJkBi@xyz.com','e80b5017098950fc58aad83c8c14978e'),('pUCJdl_letsgo_C','cyAjgI@xyz.com','e80b5017098950fc58aad83c8c14978e'),('pVB3M_RobotBana','hLKu7@gmail.com','e6e3be2d833cdf5d9d4c7bc2f85cd098'),('pVMBfV_nahihai_','_wuNRv@xyz.com','e80b5017098950fc58aad83c8c14978e'),('pVRXWE_potty_MK','HslwnO@xyz.com','e80b5017098950fc58aad83c8c14978e'),('pZAaqL_nahihai_','nBnaSQ@xyz.com','e80b5017098950fc58aad83c8c14978e'),('pZZHUs_letsgo_C','syBRRK@xyz.com','e80b5017098950fc58aad83c8c14978e'),('pZrDhj_letsgo_C','FPtogI@xyz.com','e80b5017098950fc58aad83c8c14978e'),('p_rgyQ_nahihai_','ebs_Xi@xyz.com','e80b5017098950fc58aad83c8c14978e'),('paDFh_RobotBana','yvkxz@gmail.com','e6e3be2d833cdf5d9d4c7bc2f85cd098'),('paparoach','somesh.malviya@gmail.com','9c908a21d423811f105c5164debc0c00'),('paqlec_letsgo_C','umEdPP@xyz.com','e80b5017098950fc58aad83c8c14978e'),('parJLw_letsgo_C','OWoRFl@xyz.com','e80b5017098950fc58aad83c8c14978e'),('pbJQl__nahihai_','TRITRf@xyz.com','e80b5017098950fc58aad83c8c14978e'),('pbjIMm_nahihai_','qrSh_z@xyz.com','e80b5017098950fc58aad83c8c14978e'),('peSJrX_letsgo_C','kpSGZu@xyz.com','e80b5017098950fc58aad83c8c14978e'),('pffFSY_potty_MK','hyXqgQ@xyz.com','e80b5017098950fc58aad83c8c14978e'),('pfgSnQ_letsgo_C','YPePRg@xyz.com','e80b5017098950fc58aad83c8c14978e'),('pg','papa@daddy.com','e6e3be2d833cdf5d9d4c7bc2f85cd098'),('phMeyi_letsgo_C','bM_zCR@xyz.com','e80b5017098950fc58aad83c8c14978e'),('phinfinity','anish.shankar@students.iiit.ac','4ce1aea1f538fe92108be1cbf0f86892'),('piBtdR_potty_MK','FRpfpr@xyz.com','e80b5017098950fc58aad83c8c14978e'),('piPZNi_letsgo_C','JzsRMD@xyz.com','e80b5017098950fc58aad83c8c14978e'),('piSZZH_letsgo_C','tzIExI@xyz.com','e80b5017098950fc58aad83c8c14978e'),('piiFbS_nahihai_','FVbNgX@xyz.com','e80b5017098950fc58aad83c8c14978e'),('pingOfDeath','venkatesh.potluri@students.iii','9c908a21d423811f105c5164debc0c00'),('piota','piota@g.com','61be360905cecd0e96e31c9d575283b1'),('pirate','lohit.m@students.iiit.ac.in','48bf7c556cde81937e66044fcede328f'),('pkPiBP_letsgo_C','uoUUfi@xyz.com','e80b5017098950fc58aad83c8c14978e'),('plKFgx_potty_MK','FQtjVO@xyz.com','e80b5017098950fc58aad83c8c14978e'),('ploKGq_potty_MK','fURCWY@xyz.com','e80b5017098950fc58aad83c8c14978e'),('plrJSZ_nahihai_','QLQcoY@xyz.com','e80b5017098950fc58aad83c8c14978e'),('pltf4_RobotBana','T2Xiw@gmail.com','e6e3be2d833cdf5d9d4c7bc2f85cd098'),('pmzKAF_nahihai_','hoAF_r@xyz.com','e80b5017098950fc58aad83c8c14978e'),('pnGRwX_potty_MK','lMhjPQ@xyz.com','e80b5017098950fc58aad83c8c14978e'),('pntYyo_potty_MK','kNhHpf@xyz.com','e80b5017098950fc58aad83c8c14978e'),('pntfWI_letsgo_C','qyNlRG@xyz.com','e80b5017098950fc58aad83c8c14978e'),('poGjF_RobotBana','IfNo7@gmail.com','e6e3be2d833cdf5d9d4c7bc2f85cd098'),('poGlpl_letsgo_C','iTwxkI@xyz.com','e80b5017098950fc58aad83c8c14978e'),('ppsCaRobotBanao','2E0Iz@gmail.com','e6e3be2d833cdf5d9d4c7bc2f85cd098'),('pqEWTx_potty_MK','taphTl@xyz.com','e80b5017098950fc58aad83c8c14978e'),('pqYelj_nahihai_','TGdoUr@xyz.com','e80b5017098950fc58aad83c8c14978e'),('prMWJl_letsgo_C','JlozrV@xyz.com','e80b5017098950fc58aad83c8c14978e'),('praOGT_potty_MK','wdwDio@xyz.com','e80b5017098950fc58aad83c8c14978e'),('prttpp_potty_MK','WHldxa@xyz.com','e80b5017098950fc58aad83c8c14978e'),('psZEaA_potty_MK','hGhqQT@xyz.com','e80b5017098950fc58aad83c8c14978e'),('ptGmpN_nahihai_','yKGgFq@xyz.com','e80b5017098950fc58aad83c8c14978e'),('puAdFw_potty_MK','Hqrwxl@xyz.com','e80b5017098950fc58aad83c8c14978e'),('pueOVW_nahihai_','owyXhf@xyz.com','e80b5017098950fc58aad83c8c14978e'),('puoKbV_nahihai_','PVxtRh@xyz.com','e80b5017098950fc58aad83c8c14978e'),('puobUk_potty_MK','PgGlOa@xyz.com','e80b5017098950fc58aad83c8c14978e'),('pvBjqC_letsgo_C','EeFxXL@xyz.com','e80b5017098950fc58aad83c8c14978e'),('pvJaXx_nahihai_','ORFtFS@xyz.com','e80b5017098950fc58aad83c8c14978e'),('pxKGXI_nahihai_','zRfWJJ@xyz.com','e80b5017098950fc58aad83c8c14978e'),('pxNwBF_letsgo_C','BIhfxW@xyz.com','e80b5017098950fc58aad83c8c14978e'),('pxwdqX_nahihai_','TdCICZ@xyz.com','e80b5017098950fc58aad83c8c14978e'),('pyjOWj_potty_MK','HGxSDO@xyz.com','e80b5017098950fc58aad83c8c14978e'),('pyvjPZ_letsgo_C','CJETOj@xyz.com','e80b5017098950fc58aad83c8c14978e'),('pyzXv_RobotBana','jAtB5@gmail.com','e6e3be2d833cdf5d9d4c7bc2f85cd098'),('q5oueRobotBanao','2tLwB@gmail.com','e6e3be2d833cdf5d9d4c7bc2f85cd098'),('q6suZRobotBanao','hVjVL@gmail.com','e6e3be2d833cdf5d9d4c7bc2f85cd098'),('qAFkis_letsgo_C','ShEAIB@xyz.com','e80b5017098950fc58aad83c8c14978e'),('qBuNvD_letsgo_C','XLbXOP@xyz.com','e80b5017098950fc58aad83c8c14978e'),('qCnunN_letsgo_C','zEIyQv@xyz.com','e80b5017098950fc58aad83c8c14978e'),('qCrsuU_nahihai_','yfBJqs@xyz.com','e80b5017098950fc58aad83c8c14978e'),('qDFjdq_potty_MK','mNrlHw@xyz.com','e80b5017098950fc58aad83c8c14978e'),('qDZQnM_nahihai_','nUcLRo@xyz.com','e80b5017098950fc58aad83c8c14978e'),('qDlXGX_potty_MK','SolFmJ@xyz.com','e80b5017098950fc58aad83c8c14978e'),('qDvigy_potty_MK','WMfkaS@xyz.com','e80b5017098950fc58aad83c8c14978e'),('qDykXq_nahihai_','ubeaRq@xyz.com','e80b5017098950fc58aad83c8c14978e'),('qEquLg_letsgo_C','YZMvcS@xyz.com','e80b5017098950fc58aad83c8c14978e'),('qFWpMN_nahihai_','tyFusg@xyz.com','e80b5017098950fc58aad83c8c14978e'),('qHP9C_RobotBana','O3RP4@gmail.com','e6e3be2d833cdf5d9d4c7bc2f85cd098'),('qHZiTl_letsgo_C','QmnhJH@xyz.com','e80b5017098950fc58aad83c8c14978e'),('qHyJqR_letsgo_C','GZ_DpR@xyz.com','e80b5017098950fc58aad83c8c14978e'),('qIBVvn_nahihai_','FgImdd@xyz.com','e80b5017098950fc58aad83c8c14978e'),('qLelXY_nahihai_','lCLvsQ@xyz.com','e80b5017098950fc58aad83c8c14978e'),('qMLWiZ_letsgo_C','JBinDp@xyz.com','e80b5017098950fc58aad83c8c14978e'),('qNW47RobotBanao','6i6yr@gmail.com','e6e3be2d833cdf5d9d4c7bc2f85cd098'),('qNgskn_potty_MK','VAeuqt@xyz.com','e80b5017098950fc58aad83c8c14978e'),('qNtqom_potty_MK','eTOQtT@xyz.com','e80b5017098950fc58aad83c8c14978e'),('qNxmW__potty_MK','IEQZna@xyz.com','e80b5017098950fc58aad83c8c14978e'),('qO9eA_RobotBana','BfjzL@gmail.com','e6e3be2d833cdf5d9d4c7bc2f85cd098'),('qOAtZx_potty_MK','VAWbRg@xyz.com','e80b5017098950fc58aad83c8c14978e'),('qOcacW_potty_MK','mivmnC@xyz.com','e80b5017098950fc58aad83c8c14978e'),('qPFlQu_nahihai_','VetfCh@xyz.com','e80b5017098950fc58aad83c8c14978e'),('qPefxn_letsgo_C','NejwkQ@xyz.com','e80b5017098950fc58aad83c8c14978e'),('qPtYUV_letsgo_C','WntsBk@xyz.com','e80b5017098950fc58aad83c8c14978e'),('qPvLyj_nahihai_','cK_YqG@xyz.com','e80b5017098950fc58aad83c8c14978e'),('qRQuiJ_nahihai_','owtxMK@xyz.com','e80b5017098950fc58aad83c8c14978e'),('qRTXMZ_nahihai_','VcwA_F@xyz.com','e80b5017098950fc58aad83c8c14978e'),('qRgcxc_nahihai_','uvizhc@xyz.com','e80b5017098950fc58aad83c8c14978e'),('qTXmss_nahihai_','kfCROD@xyz.com','e80b5017098950fc58aad83c8c14978e'),('qVNZAx_potty_MK','uxGEvD@xyz.com','e80b5017098950fc58aad83c8c14978e'),('qVUftI_letsgo_C','nDUebY@xyz.com','e80b5017098950fc58aad83c8c14978e'),('qWBflD_potty_MK','KXDDmY@xyz.com','e80b5017098950fc58aad83c8c14978e'),('qXpwOc_nahihai_','XpDXIA@xyz.com','e80b5017098950fc58aad83c8c14978e'),('qZyBQe_nahihai_','EZLRZH@xyz.com','e80b5017098950fc58aad83c8c14978e'),('qaMeoL_letsgo_C','QsJACV@xyz.com','e80b5017098950fc58aad83c8c14978e'),('qaSGmJ_nahihai_','JhJoHF@xyz.com','e80b5017098950fc58aad83c8c14978e'),('qacJHW_potty_MK','PFGiNz@xyz.com','e80b5017098950fc58aad83c8c14978e'),('qbOxH_RobotBana','UNuOv@gmail.com','e6e3be2d833cdf5d9d4c7bc2f85cd098'),('qdneXf_potty_MK','GPVLnn@xyz.com','e80b5017098950fc58aad83c8c14978e'),('qeaKFd_potty_MK','RGnVuN@xyz.com','e80b5017098950fc58aad83c8c14978e'),('qfcZig_potty_MK','XGQFlF@xyz.com','e80b5017098950fc58aad83c8c14978e'),('qifTwf_nahihai_','zCwkdR@xyz.com','e80b5017098950fc58aad83c8c14978e'),('qjUfTe_potty_MK','HDoGzC@xyz.com','e80b5017098950fc58aad83c8c14978e'),('qjaE1RobotBanao','OOFL3@gmail.com','e6e3be2d833cdf5d9d4c7bc2f85cd098'),('qktyMn_nahihai_','RoBAPx@xyz.com','e80b5017098950fc58aad83c8c14978e'),('qljvUr_nahihai_','oCKivn@xyz.com','e80b5017098950fc58aad83c8c14978e'),('qlqNSc_letsgo_C','CefFpi@xyz.com','e80b5017098950fc58aad83c8c14978e'),('qmLteX_potty_MK','sFxKpG@xyz.com','e80b5017098950fc58aad83c8c14978e'),('qmeWDl_letsgo_C','lTVvfs@xyz.com','e80b5017098950fc58aad83c8c14978e'),('qmlFjT_letsgo_C','abQhOa@xyz.com','e80b5017098950fc58aad83c8c14978e'),('qmnmRq_nahihai_','xovdZE@xyz.com','e80b5017098950fc58aad83c8c14978e'),('qmyGui_potty_MK','PjLcAq@xyz.com','e80b5017098950fc58aad83c8c14978e'),('qrKWaK_nahihai_','uizQJq@xyz.com','e80b5017098950fc58aad83c8c14978e'),('qsmUxk_potty_MK','MokRhi@xyz.com','e80b5017098950fc58aad83c8c14978e'),('qszDkx_potty_MK','dUdoNR@xyz.com','e80b5017098950fc58aad83c8c14978e'),('quqyYx_letsgo_C','MDHpMb@xyz.com','e80b5017098950fc58aad83c8c14978e'),('qvc6e_RobotBana','LCoZT@gmail.com','e6e3be2d833cdf5d9d4c7bc2f85cd098'),('qvjbCw_nahihai_','LuIdji@xyz.com','e80b5017098950fc58aad83c8c14978e'),('qwerty','mayank.g@students.iiit.ac.in','308a3820e4cccbe043cb5228de5e71e3'),('qwkInZ_nahihai_','CTeiPa@xyz.com','e80b5017098950fc58aad83c8c14978e'),('qyeVZ_RobotBana','8DugS@gmail.com','e6e3be2d833cdf5d9d4c7bc2f85cd098'),('r8JrL_RobotBana','JBXFo@gmail.com','e6e3be2d833cdf5d9d4c7bc2f85cd098'),('rAWPnw_potty_MK','pNkIXJ@xyz.com','e80b5017098950fc58aad83c8c14978e'),('rBtscj_potty_MK','ezsRmH@xyz.com','e80b5017098950fc58aad83c8c14978e'),('rC7kg_RobotBana','rLfbN@gmail.com','e6e3be2d833cdf5d9d4c7bc2f85cd098'),('rChBTq_potty_MK','oBhIvZ@xyz.com','e80b5017098950fc58aad83c8c14978e'),('rChHoA_potty_MK','QYiStj@xyz.com','e80b5017098950fc58aad83c8c14978e'),('rCvnH_RobotBana','MZKxd@gmail.com','e6e3be2d833cdf5d9d4c7bc2f85cd098'),('rDOIAl_nahihai_','URjHUT@xyz.com','e80b5017098950fc58aad83c8c14978e'),('rE0SmRobotBanao','9ymJk@gmail.com','e6e3be2d833cdf5d9d4c7bc2f85cd098'),('rEVQG_RobotBana','zBmlX@gmail.com','e6e3be2d833cdf5d9d4c7bc2f85cd098'),('rEYNwR_letsgo_C','RXZvGD@xyz.com','e80b5017098950fc58aad83c8c14978e'),('rElDgI_letsgo_C','aHTQny@xyz.com','e80b5017098950fc58aad83c8c14978e'),('rFQZx_RobotBana','isnL9@gmail.com','e6e3be2d833cdf5d9d4c7bc2f85cd098'),('rGHmgc_potty_MK','OaMytQ@xyz.com','e80b5017098950fc58aad83c8c14978e'),('rHBXvd_potty_MK','qPyDpK@xyz.com','e80b5017098950fc58aad83c8c14978e'),('rHHkHo_letsgo_C','ZLpyWv@xyz.com','e80b5017098950fc58aad83c8c14978e'),('rHpnjD_potty_MK','vDMhcj@xyz.com','e80b5017098950fc58aad83c8c14978e'),('rHzdqD_letsgo_C','yDrikA@xyz.com','e80b5017098950fc58aad83c8c14978e'),('rJX45RobotBanao','3uRvU@gmail.com','e6e3be2d833cdf5d9d4c7bc2f85cd098'),('rJcYap_letsgo_C','Dkpzul@xyz.com','e80b5017098950fc58aad83c8c14978e'),('rKOwkk_letsgo_C','BKnXYZ@xyz.com','e80b5017098950fc58aad83c8c14978e'),('rKbHch_potty_MK','vRzhXJ@xyz.com','e80b5017098950fc58aad83c8c14978e'),('rKbeWRobotBanao','CCFEu@gmail.com','e6e3be2d833cdf5d9d4c7bc2f85cd098'),('rLCQIw_letsgo_C','tqAlra@xyz.com','e80b5017098950fc58aad83c8c14978e'),('rMEsnz_nahihai_','jBApNb@xyz.com','e80b5017098950fc58aad83c8c14978e'),('rMNIaK_potty_MK','kbRbeR@xyz.com','e80b5017098950fc58aad83c8c14978e'),('rMdphx_nahihai_','EmZUrk@xyz.com','e80b5017098950fc58aad83c8c14978e'),('rMxncy_letsgo_C','KvNZgS@xyz.com','e80b5017098950fc58aad83c8c14978e'),('rNqLNg_potty_MK','gvrzbc@xyz.com','e80b5017098950fc58aad83c8c14978e'),('rPndKH_potty_MK','xhEKXn@xyz.com','e80b5017098950fc58aad83c8c14978e'),('rPsYNl_potty_MK','LPPla_@xyz.com','e80b5017098950fc58aad83c8c14978e'),('rRqvWb_potty_MK','dJChzd@xyz.com','e80b5017098950fc58aad83c8c14978e'),('rSEtNM_potty_MK','OftxMU@xyz.com','e80b5017098950fc58aad83c8c14978e'),('rSgd_V_nahihai_','AnwHan@xyz.com','e80b5017098950fc58aad83c8c14978e'),('rSyKOv_nahihai_','RSOOgX@xyz.com','e80b5017098950fc58aad83c8c14978e'),('rU4jG_RobotBana','5m8Mb@gmail.com','e6e3be2d833cdf5d9d4c7bc2f85cd098'),('rUqtaO_letsgo_C','DFeNjB@xyz.com','e80b5017098950fc58aad83c8c14978e'),('rVOreg_potty_MK','Xuomdv@xyz.com','e80b5017098950fc58aad83c8c14978e'),('rVfKeC_potty_MK','mDPVIk@xyz.com','e80b5017098950fc58aad83c8c14978e'),('rWTKww_letsgo_C','oghHmn@xyz.com','e80b5017098950fc58aad83c8c14978e'),('rX9gv_RobotBana','elPMR@gmail.com','e6e3be2d833cdf5d9d4c7bc2f85cd098'),('rXGhDA_potty_MK','kLbHvG@xyz.com','e80b5017098950fc58aad83c8c14978e'),('rX_Yzn_nahihai_','wzcllu@xyz.com','e80b5017098950fc58aad83c8c14978e'),('rYCqmH_potty_MK','XvnItD@xyz.com','e80b5017098950fc58aad83c8c14978e'),('rZTYTq_nahihai_','RMBHUR@xyz.com','e80b5017098950fc58aad83c8c14978e'),('rZobZV_potty_MK','PmXxBx@xyz.com','e80b5017098950fc58aad83c8c14978e'),('rZwq_t_nahihai_','ORwLZo@xyz.com','e80b5017098950fc58aad83c8c14978e'),('r_qNrc_nahihai_','pSBPeq@xyz.com','e80b5017098950fc58aad83c8c14978e'),('ra0JQ_RobotBana','3OJXH@gmail.com','e6e3be2d833cdf5d9d4c7bc2f85cd098'),('raxZ7RobotBanao','s50nF@gmail.com','e6e3be2d833cdf5d9d4c7bc2f85cd098'),('rcEHBy_potty_MK','XLUssh@xyz.com','e80b5017098950fc58aad83c8c14978e'),('rchyNv_letsgo_C','eHzZAE@xyz.com','e80b5017098950fc58aad83c8c14978e'),('rdchbI_potty_MK','KT_grf@xyz.com','e80b5017098950fc58aad83c8c14978e'),('reFYNE_nahihai_','yyERiq@xyz.com','e80b5017098950fc58aad83c8c14978e'),('reMwDG_letsgo_C','eurYui@xyz.com','e80b5017098950fc58aad83c8c14978e'),('recycle','ria.garg@students.iiit.ac.in','d4a030be6bc261273f135d8b6a2860b4'),('retard','achira.maloo@students.iiit.ac.','8e268bad5047ba7ecd5d34eb35032e72'),('rf9Wo_RobotBana','gpfn2@gmail.com','e6e3be2d833cdf5d9d4c7bc2f85cd098'),('rfqizw_nahihai_','fxplgP@xyz.com','e80b5017098950fc58aad83c8c14978e'),('rgMSqG_letsgo_C','zxzOIm@xyz.com','e80b5017098950fc58aad83c8c14978e'),('rgnLbRobotBanao','nkm0g@gmail.com','e6e3be2d833cdf5d9d4c7bc2f85cd098'),('rgoWIP_potty_MK','pMJhaI@xyz.com','e80b5017098950fc58aad83c8c14978e'),('rhoFWx_nahihai_','TtNGXh@xyz.com','e80b5017098950fc58aad83c8c14978e'),('rhqXFy_potty_MK','UKxufz@xyz.com','e80b5017098950fc58aad83c8c14978e'),('riIyHC_letsgo_C','YbsPui@xyz.com','e80b5017098950fc58aad83c8c14978e'),('rizdbl_nahihai_','lxXRLs@xyz.com','e80b5017098950fc58aad83c8c14978e'),('rizj_b_letsgo_C','aVQGAF@xyz.com','e80b5017098950fc58aad83c8c14978e'),('rjaweR_potty_MK','VAvWvW@xyz.com','e80b5017098950fc58aad83c8c14978e'),('rjjsZI_nahihai_','osiJ_e@xyz.com','e80b5017098950fc58aad83c8c14978e'),('rjkUZT_letsgo_C','BgBsCJ@xyz.com','e80b5017098950fc58aad83c8c14978e'),('rkJKHp_nahihai_','eT_w_D@xyz.com','e80b5017098950fc58aad83c8c14978e'),('rkOT_F_nahihai_','MKMkHt@xyz.com','e80b5017098950fc58aad83c8c14978e'),('rnm9x_RobotBana','nrCjY@gmail.com','e6e3be2d833cdf5d9d4c7bc2f85cd098'),('rnsPUU_letsgo_C','jEPhoC@xyz.com','e80b5017098950fc58aad83c8c14978e'),('rock the hell','vsjagannadharaju.dantuluri@stu','634a63f1c3c06ca41b0389584edb617d'),('rocko','aman.j@students.iiit.ac.in','9452de5b7123cd3e6aacce8ebb031406'),('rockstar','saiparthasarathy.miduthuri@stu','ed65d0b7d9be8f96518a010f6f72a36a'),('roxor','harrshitvarma','a6ab927538c392303c3d88287ac0d099'),('rpbvq_RobotBana','pSGGS@gmail.com','e6e3be2d833cdf5d9d4c7bc2f85cd098'),('rqxvvRobotBanao','BKzVy@gmail.com','e6e3be2d833cdf5d9d4c7bc2f85cd098'),('rrmJBf_potty_MK','HFtNGZ@xyz.com','e80b5017098950fc58aad83c8c14978e'),('rrrPTy_letsgo_C','a_ksoa@xyz.com','e80b5017098950fc58aad83c8c14978e'),('rrs9WRobotBanao','AmUb6@gmail.com','e6e3be2d833cdf5d9d4c7bc2f85cd098'),('rs8MI_RobotBana','0UNWO@gmail.com','e6e3be2d833cdf5d9d4c7bc2f85cd098'),('rsJfGg_letsgo_C','K_hwPM@xyz.com','e80b5017098950fc58aad83c8c14978e'),('rsqXFI_potty_MK','DMhhNi@xyz.com','e80b5017098950fc58aad83c8c14978e'),('ruJNKO_letsgo_C','NvwKEs@xyz.com','e80b5017098950fc58aad83c8c14978e'),('ru_ZKk_letsgo_C','riAmXC@xyz.com','e80b5017098950fc58aad83c8c14978e'),('rvgGDz_letsgo_C','fBsILb@xyz.com','e80b5017098950fc58aad83c8c14978e'),('rvjVXS_potty_MK','_hZrBs@xyz.com','e80b5017098950fc58aad83c8c14978e'),('rvtvqJ_letsgo_C','ApGvKe@xyz.com','e80b5017098950fc58aad83c8c14978e'),('rwiOWB_letsgo_C','mW_ZbD@xyz.com','e80b5017098950fc58aad83c8c14978e'),('rxIgWv_potty_MK','lVGvIX@xyz.com','e80b5017098950fc58aad83c8c14978e'),('rxsCcV_nahihai_','NAbyJM@xyz.com','e80b5017098950fc58aad83c8c14978e'),('ryXdrC_nahihai_','KKKItl@xyz.com','e80b5017098950fc58aad83c8c14978e'),('ryYzOd_potty_MK','LcwjVI@xyz.com','e80b5017098950fc58aad83c8c14978e'),('rzCkIu_letsgo_C','AHtDEY@xyz.com','e80b5017098950fc58aad83c8c14978e'),('rzRuNRobotBanao','PXlPT@gmail.com','e6e3be2d833cdf5d9d4c7bc2f85cd098'),('rzXOD__potty_MK','yrq_Cl@xyz.com','e80b5017098950fc58aad83c8c14978e'),('rzbuHs_potty_MK','trWmjt@xyz.com','e80b5017098950fc58aad83c8c14978e'),('rzmuiz_letsgo_C','FMMIYQ@xyz.com','e80b5017098950fc58aad83c8c14978e'),('s598E_RobotBana','dAEpp@gmail.com','e6e3be2d833cdf5d9d4c7bc2f85cd098'),('s5oE1RobotBanao','YTQX4@gmail.com','e6e3be2d833cdf5d9d4c7bc2f85cd098'),('s8WKlRobotBanao','QX24n@gmail.com','e6e3be2d833cdf5d9d4c7bc2f85cd098'),('sADlmc_nahihai_','JWPLMU@xyz.com','e80b5017098950fc58aad83c8c14978e'),('sAZfqRobotBanao','YBJ8M@gmail.com','e6e3be2d833cdf5d9d4c7bc2f85cd098'),('sAtNIR_nahihai_','doBODI@xyz.com','e80b5017098950fc58aad83c8c14978e'),('sBGSfn_letsgo_C','DOvjAO@xyz.com','e80b5017098950fc58aad83c8c14978e'),('sChcoa_letsgo_C','hPDARK@xyz.com','e80b5017098950fc58aad83c8c14978e'),('sDfPMf_letsgo_C','pjzBhK@xyz.com','e80b5017098950fc58aad83c8c14978e'),('sDjsJi_potty_MK','opQmyo@xyz.com','e80b5017098950fc58aad83c8c14978e'),('sFbqYW_nahihai_','KGFodX@xyz.com','e80b5017098950fc58aad83c8c14978e'),('sHayYC_potty_MK','rLnGkj@xyz.com','e80b5017098950fc58aad83c8c14978e'),('sILPup_potty_MK','OyJAzg@xyz.com','e80b5017098950fc58aad83c8c14978e'),('sJZnZ_RobotBana','SJVv0@gmail.com','e6e3be2d833cdf5d9d4c7bc2f85cd098'),('sJftZC_letsgo_C','gUyXTj@xyz.com','e80b5017098950fc58aad83c8c14978e'),('sKXIM_RobotBana','XQEGA@gmail.com','e6e3be2d833cdf5d9d4c7bc2f85cd098'),('sKgkFe_nahihai_','Z_LQqb@xyz.com','e80b5017098950fc58aad83c8c14978e'),('sKnoZD_nahihai_','XbYHCY@xyz.com','e80b5017098950fc58aad83c8c14978e'),('sKrIOl_letsgo_C','mAunwS@xyz.com','e80b5017098950fc58aad83c8c14978e'),('sLCKKu_letsgo_C','GePtJa@xyz.com','e80b5017098950fc58aad83c8c14978e'),('sMvyDP_potty_MK','xZwvvj@xyz.com','e80b5017098950fc58aad83c8c14978e'),('sMzVed_nahihai_','GRioYC@xyz.com','e80b5017098950fc58aad83c8c14978e'),('sN0kXRobotBanao','UedA6@gmail.com','e6e3be2d833cdf5d9d4c7bc2f85cd098'),('sNcxCP_potty_MK','UHDkhE@xyz.com','e80b5017098950fc58aad83c8c14978e'),('sOhLTF_letsgo_C','arflZb@xyz.com','e80b5017098950fc58aad83c8c14978e'),('sPTOH_RobotBana','9rYGL@gmail.com','e6e3be2d833cdf5d9d4c7bc2f85cd098'),('sPpRgF_nahihai_','YsJoiM@xyz.com','e80b5017098950fc58aad83c8c14978e'),('sPwdRo_letsgo_C','twcWXe@xyz.com','e80b5017098950fc58aad83c8c14978e'),('sQiYNJ_potty_MK','tbOCxc@xyz.com','e80b5017098950fc58aad83c8c14978e'),('sRWkLC_potty_MK','zMapOB@xyz.com','e80b5017098950fc58aad83c8c14978e'),('sRbWLj_letsgo_C','fyedkx@xyz.com','e80b5017098950fc58aad83c8c14978e'),('sRgZBY_nahihai_','OBRgMu@xyz.com','e80b5017098950fc58aad83c8c14978e'),('sRyZuRobotBanao','WogxP@gmail.com','e6e3be2d833cdf5d9d4c7bc2f85cd098'),('sS5iA_RobotBana','QRGu9@gmail.com','e6e3be2d833cdf5d9d4c7bc2f85cd098'),('sTJrLr_potty_MK','gtgSMT@xyz.com','e80b5017098950fc58aad83c8c14978e'),('sTZJv__potty_MK','OEZOxG@xyz.com','e80b5017098950fc58aad83c8c14978e'),('sVloCx_nahihai_','OytMHg@xyz.com','e80b5017098950fc58aad83c8c14978e'),('sVlpnp_potty_MK','cpFkKD@xyz.com','e80b5017098950fc58aad83c8c14978e'),('sWzcCk_nahihai_','KCUAEf@xyz.com','e80b5017098950fc58aad83c8c14978e'),('sXBils_potty_MK','imtvCY@xyz.com','e80b5017098950fc58aad83c8c14978e'),('sZUxqN_potty_MK','IivqEL@xyz.com','e80b5017098950fc58aad83c8c14978e'),('sZX_Hw_nahihai_','dKjlDY@xyz.com','e80b5017098950fc58aad83c8c14978e'),('sZgTLP_letsgo_C','ZtHOAi@xyz.com','e80b5017098950fc58aad83c8c14978e'),('sZvzzq_letsgo_C','sAqyub@xyz.com','e80b5017098950fc58aad83c8c14978e'),('s_kXjF_letsgo_C','uLTxuA@xyz.com','e80b5017098950fc58aad83c8c14978e'),('saBoFS_nahihai_','HdWPSz@xyz.com','e80b5017098950fc58aad83c8c14978e'),('saaxx','pratik,zambani@students.iiit.a','7be602489b81aece39c349c9efd77c15'),('sajElV_letsgo_C','VpvITV@xyz.com','e80b5017098950fc58aad83c8c14978e'),('salwKC_nahihai_','Hbnmvi@xyz.com','e80b5017098950fc58aad83c8c14978e'),('sangal420','pornhub.com','3c3662bcb661d6de679c636744c66b62'),('sax5l_RobotBana','V4nee@gmail.com','e6e3be2d833cdf5d9d4c7bc2f85cd098'),('scGapD_potty_MK','ELAkQx@xyz.com','e80b5017098950fc58aad83c8c14978e'),('scJFJL_letsgo_C','bueWDQ@xyz.com','e80b5017098950fc58aad83c8c14978e'),('sckwxY_potty_MK','zgZIRd@xyz.com','e80b5017098950fc58aad83c8c14978e'),('sdCCyw_letsgo_C','_GzZVs@xyz.com','e80b5017098950fc58aad83c8c14978e'),('sdwpt__potty_MK','ccQPCu@xyz.com','e80b5017098950fc58aad83c8c14978e'),('seEaQA_letsgo_C','rDvEDR@xyz.com','e80b5017098950fc58aad83c8c14978e'),('seNAwp_letsgo_C','zLHbrx@xyz.com','e80b5017098950fc58aad83c8c14978e'),('seUQi__nahihai_','qqeUzH@xyz.com','e80b5017098950fc58aad83c8c14978e'),('serial_killer','vogetisri.harsha@students.iiit','23b4222d2613a2765d4d432d2d65e88e'),('setTqV_potty_MK','hTGJHb@xyz.com','e80b5017098950fc58aad83c8c14978e'),('sfQOxg_nahihai_','AUDLaW@xyz.com','e80b5017098950fc58aad83c8c14978e'),('sfnkRa_potty_MK','iZ_GHV@xyz.com','e80b5017098950fc58aad83c8c14978e'),('sfsSXY_potty_MK','ELUatE@xyz.com','e80b5017098950fc58aad83c8c14978e'),('sfwMpv_potty_MK','iCCgQy@xyz.com','e80b5017098950fc58aad83c8c14978e'),('sgVyrZ_nahihai_','HQTLuW@xyz.com','e80b5017098950fc58aad83c8c14978e'),('skGSjD_nahihai_','vwNSiX@xyz.com','e80b5017098950fc58aad83c8c14978e'),('skt','kr.sushantkumar@gmail.com','81b7b906eb2d8b97af1176c1255e7a40'),('slCeiS_letsgo_C','tKqqHj@xyz.com','e80b5017098950fc58aad83c8c14978e'),('slate','hjjkhj@gmail.com','fd0f7178fe55422b682e29f8a29e5d86'),('snLCsRobotBanao','E1Fww@gmail.com','e6e3be2d833cdf5d9d4c7bc2f85cd098'),('so36B_RobotBana','APJdS@gmail.com','e6e3be2d833cdf5d9d4c7bc2f85cd098'),('soEEwp_potty_MK','CPuBjV@xyz.com','e80b5017098950fc58aad83c8c14978e'),('soWnVr_potty_MK','vKmUeB@xyz.com','e80b5017098950fc58aad83c8c14978e'),('sorw6_RobotBana','3NV7h@gmail.com','e6e3be2d833cdf5d9d4c7bc2f85cd098'),('space','space@golmal.com','62534b89e48c83137009501fe3094c32'),('spuwE__nahihai_','_USCty@xyz.com','e80b5017098950fc58aad83c8c14978e'),('sqeZgq_potty_MK','RKckWy@xyz.com','e80b5017098950fc58aad83c8c14978e'),('ssIw6_RobotBana','oX6iZ@gmail.com','e6e3be2d833cdf5d9d4c7bc2f85cd098'),('ssWHuU_letsgo_C','TxsFdr@xyz.com','e80b5017098950fc58aad83c8c14978e'),('ssooQP_nahihai_','_adQTs@xyz.com','e80b5017098950fc58aad83c8c14978e'),('swjDHH_potty_MK','DOtnbs@xyz.com','e80b5017098950fc58aad83c8c14978e'),('syJYmt_letsgo_C','kwaEbn@xyz.com','e80b5017098950fc58aad83c8c14978e'),('syPqFO_potty_MK','TqSqlD@xyz.com','e80b5017098950fc58aad83c8c14978e'),('sysfqi_potty_MK','lhl_Hs@xyz.com','e80b5017098950fc58aad83c8c14978e'),('szlR_Q_potty_MK','HnQCDt@xyz.com','e80b5017098950fc58aad83c8c14978e'),('t21KFRobotBanao','8UPTv@gmail.com','e6e3be2d833cdf5d9d4c7bc2f85cd098'),('t7YrF_RobotBana','OJQrA@gmail.com','e6e3be2d833cdf5d9d4c7bc2f85cd098'),('t8DJh_RobotBana','iNFgW@gmail.com','e6e3be2d833cdf5d9d4c7bc2f85cd098'),('tArCrd_nahihai_','DBPBik@xyz.com','e80b5017098950fc58aad83c8c14978e'),('tBChzI_letsgo_C','SWZPCi@xyz.com','e80b5017098950fc58aad83c8c14978e'),('tBPNks_letsgo_C','myRUbg@xyz.com','e80b5017098950fc58aad83c8c14978e'),('tBRgVN_nahihai_','WThnFo@xyz.com','e80b5017098950fc58aad83c8c14978e'),('tBTLIA_potty_MK','uqOhuJ@xyz.com','e80b5017098950fc58aad83c8c14978e'),('tCjqpu_nahihai_','PJWUnB@xyz.com','e80b5017098950fc58aad83c8c14978e'),('tDbxd__potty_MK','LOhTw_@xyz.com','e80b5017098950fc58aad83c8c14978e'),('tEIsoR_nahihai_','UgTvtS@xyz.com','e80b5017098950fc58aad83c8c14978e'),('tEeVdf_nahihai_','EPiymG@xyz.com','e80b5017098950fc58aad83c8c14978e'),('tFQTvp_potty_MK','azojXB@xyz.com','e80b5017098950fc58aad83c8c14978e'),('tKCOxW_potty_MK','JztUqL@xyz.com','e80b5017098950fc58aad83c8c14978e'),('tKNw_L_nahihai_','DruBOk@xyz.com','e80b5017098950fc58aad83c8c14978e'),('tKWMUA_letsgo_C','HiPXAU@xyz.com','e80b5017098950fc58aad83c8c14978e'),('tKzmUy_letsgo_C','iFngch@xyz.com','e80b5017098950fc58aad83c8c14978e'),('tLFDVO_letsgo_C','oYU_GP@xyz.com','e80b5017098950fc58aad83c8c14978e'),('tLGIPm_letsgo_C','FGUGOf@xyz.com','e80b5017098950fc58aad83c8c14978e'),('tLLmPW_potty_MK','dTDAtU@xyz.com','e80b5017098950fc58aad83c8c14978e'),('tMeXZi_potty_MK','GrJUQK@xyz.com','e80b5017098950fc58aad83c8c14978e'),('tNoKmv_nahihai_','HvSRJW@xyz.com','e80b5017098950fc58aad83c8c14978e'),('tOeAiW_potty_MK','mErmTZ@xyz.com','e80b5017098950fc58aad83c8c14978e'),('tQNFH_RobotBana','aQbAg@gmail.com','e6e3be2d833cdf5d9d4c7bc2f85cd098'),('tQnhKu_potty_MK','NbiuNp@xyz.com','e80b5017098950fc58aad83c8c14978e'),('tSHuth_letsgo_C','pRsurK@xyz.com','e80b5017098950fc58aad83c8c14978e'),('tSIdoRobotBanao','9738a@gmail.com','e6e3be2d833cdf5d9d4c7bc2f85cd098'),('tSuHbN_potty_MK','TatfXx@xyz.com','e80b5017098950fc58aad83c8c14978e'),('tSwaXm_nahihai_','GSlCmO@xyz.com','e80b5017098950fc58aad83c8c14978e'),('tT8XERobotBanao','K9M90@gmail.com','e6e3be2d833cdf5d9d4c7bc2f85cd098'),('tUBquD_letsgo_C','fySIrm@xyz.com','e80b5017098950fc58aad83c8c14978e'),('tUgwwa_nahihai_','bxGVAr@xyz.com','e80b5017098950fc58aad83c8c14978e'),('tUmDun_potty_MK','wAZ_QR@xyz.com','e80b5017098950fc58aad83c8c14978e'),('tWRTm_RobotBana','epjXm@gmail.com','e6e3be2d833cdf5d9d4c7bc2f85cd098'),('tWalxS_potty_MK','RtVqNW@xyz.com','e80b5017098950fc58aad83c8c14978e'),('tWpKXO_nahihai_','lnsXeo@xyz.com','e80b5017098950fc58aad83c8c14978e'),('tXLAsz_letsgo_C','zohUJd@xyz.com','e80b5017098950fc58aad83c8c14978e'),('tXLBJX_nahihai_','aoUigO@xyz.com','e80b5017098950fc58aad83c8c14978e'),('tXNyTq_potty_MK','VbsckU@xyz.com','e80b5017098950fc58aad83c8c14978e'),('tZe_fs_letsgo_C','hFjBvL@xyz.com','e80b5017098950fc58aad83c8c14978e'),('t_iVjX_nahihai_','pLPrBE@xyz.com','e80b5017098950fc58aad83c8c14978e'),('t_oPXF_letsgo_C','yylQQc@xyz.com','e80b5017098950fc58aad83c8c14978e'),('ta9iURobotBanao','5npMT@gmail.com','e6e3be2d833cdf5d9d4c7bc2f85cd098'),('tanqa__potty_MK','MfAGea@xyz.com','e80b5017098950fc58aad83c8c14978e'),('tcScSz_potty_MK','tUBONL@xyz.com','e80b5017098950fc58aad83c8c14978e'),('tcpqkK_nahihai_','kjPuil@xyz.com','e80b5017098950fc58aad83c8c14978e'),('tcyTiP_potty_MK','Tbeark@xyz.com','e80b5017098950fc58aad83c8c14978e'),('teMStF_potty_MK','RtTqbp@xyz.com','e80b5017098950fc58aad83c8c14978e'),('teWKLT_potty_MK','KGPMWL@xyz.com','e80b5017098950fc58aad83c8c14978e'),('tejasvs','tejasvs.ananthasetty@students.','afcec7ee53d111245b274d48877cf795'),('test','testtest@gmail.com','e6e3be2d833cdf5d9d4c7bc2f85cd098'),('test99','ub@in.in','350c9d901b7f1c73a481e240ec1b7c0b'),('testing007','sai.shanka@students.iiit.ac.in','833b323b7c276b37dd35d528d3649ed6'),('tfhyID_potty_MK','wJslnM@xyz.com','e80b5017098950fc58aad83c8c14978e'),('tfpNwz_potty_MK','sLPtBC@xyz.com','e80b5017098950fc58aad83c8c14978e'),('tgLTtP_nahihai_','TIQtbF@xyz.com','e80b5017098950fc58aad83c8c14978e'),('tgPIW__letsgo_C','vLlZty@xyz.com','e80b5017098950fc58aad83c8c14978e'),('thRADx_nahihai_','yZABJx@xyz.com','e80b5017098950fc58aad83c8c14978e'),('tihbWI_letsgo_C','crOv_T@xyz.com','e80b5017098950fc58aad83c8c14978e'),('tkB2p_RobotBana','yQmMt@gmail.com','e6e3be2d833cdf5d9d4c7bc2f85cd098'),('tkYj8RobotBanao','5stbh@gmail.com','e6e3be2d833cdf5d9d4c7bc2f85cd098'),('tldBqd_letsgo_C','fdbzGZ@xyz.com','e80b5017098950fc58aad83c8c14978e'),('tnlmNv_letsgo_C','qrzBAE@xyz.com','e80b5017098950fc58aad83c8c14978e'),('tpRoSG_potty_MK','DJiwkD@xyz.com','e80b5017098950fc58aad83c8c14978e'),('tq5No_RobotBana','B4ZmV@gmail.com','e6e3be2d833cdf5d9d4c7bc2f85cd098'),('tqIamc_nahihai_','bEZWBC@xyz.com','e80b5017098950fc58aad83c8c14978e'),('trRbWa_potty_MK','QYBTca@xyz.com','e80b5017098950fc58aad83c8c14978e'),('trbyUg_letsgo_C','SpPEPd@xyz.com','e80b5017098950fc58aad83c8c14978e'),('tsRWEw_potty_MK','PcOYFz@xyz.com','e80b5017098950fc58aad83c8c14978e'),('ttG7L_RobotBana','N2CmL@gmail.com','e6e3be2d833cdf5d9d4c7bc2f85cd098'),('ttiwXo_potty_MK','DVtafx@xyz.com','e80b5017098950fc58aad83c8c14978e'),('tuiKU_RobotBana','5YutZ@gmail.com','e6e3be2d833cdf5d9d4c7bc2f85cd098'),('tujrKRobotBanao','fdTda@gmail.com','e6e3be2d833cdf5d9d4c7bc2f85cd098'),('tuuxCh_nahihai_','qcmXdN@xyz.com','e80b5017098950fc58aad83c8c14978e'),('tvSfrS_letsgo_C','elZBUW@xyz.com','e80b5017098950fc58aad83c8c14978e'),('tvSlvj_nahihai_','BKeJKp@xyz.com','e80b5017098950fc58aad83c8c14978e'),('tvlGHRobotBanao','4jMbh@gmail.com','e6e3be2d833cdf5d9d4c7bc2f85cd098'),('twQgXl_nahihai_','EqItku@xyz.com','e80b5017098950fc58aad83c8c14978e'),('twkQJG_potty_MK','CkLkWP@xyz.com','e80b5017098950fc58aad83c8c14978e'),('txeqeQ_letsgo_C','POviqK@xyz.com','e80b5017098950fc58aad83c8c14978e'),('tycuvW_letsgo_C','DAahKb@xyz.com','e80b5017098950fc58aad83c8c14978e'),('tzvrFf_letsgo_C','YEguZF@xyz.com','e80b5017098950fc58aad83c8c14978e'),('u6fW4_RobotBana','1GSFP@gmail.com','e6e3be2d833cdf5d9d4c7bc2f85cd098'),('u865V_RobotBana','KrP4T@gmail.com','e6e3be2d833cdf5d9d4c7bc2f85cd098'),('uAxBno_letsgo_C','fiDkct@xyz.com','e80b5017098950fc58aad83c8c14978e'),('uBxrEq_letsgo_C','sqFcZX@xyz.com','e80b5017098950fc58aad83c8c14978e'),('uDERAh_nahihai_','ypwdFe@xyz.com','e80b5017098950fc58aad83c8c14978e'),('uDFzSf_potty_MK','ZJWQxc@xyz.com','e80b5017098950fc58aad83c8c14978e'),('uDhoQs_potty_MK','TGWfLf@xyz.com','e80b5017098950fc58aad83c8c14978e'),('uEIlSx_letsgo_C','BOhOaA@xyz.com','e80b5017098950fc58aad83c8c14978e'),('uEPCrV_potty_MK','IOIyJA@xyz.com','e80b5017098950fc58aad83c8c14978e'),('uExlDA_potty_MK','VyCGrQ@xyz.com','e80b5017098950fc58aad83c8c14978e'),('uFftG_RobotBana','vH382@gmail.com','e6e3be2d833cdf5d9d4c7bc2f85cd098'),('uGDRQL_potty_MK','tcmdml@xyz.com','e80b5017098950fc58aad83c8c14978e'),('uGNTD_RobotBana','dWOIJ@gmail.com','e6e3be2d833cdf5d9d4c7bc2f85cd098'),('uGUr7_RobotBana','QMkWa@gmail.com','e6e3be2d833cdf5d9d4c7bc2f85cd098'),('uGglGA_nahihai_','QeRZmP@xyz.com','e80b5017098950fc58aad83c8c14978e'),('uHHrq_RobotBana','qqdYE@gmail.com','e6e3be2d833cdf5d9d4c7bc2f85cd098'),('uHSoeRobotBanao','Kc2yL@gmail.com','e6e3be2d833cdf5d9d4c7bc2f85cd098'),('uJNgaC_potty_MK','Ppusvm@xyz.com','e80b5017098950fc58aad83c8c14978e'),('uJOEZRobotBanao','e5HbZ@gmail.com','e6e3be2d833cdf5d9d4c7bc2f85cd098'),('uKHicJ_letsgo_C','jhlZSI@xyz.com','e80b5017098950fc58aad83c8c14978e'),('uKnDDs_potty_MK','bSgvnR@xyz.com','e80b5017098950fc58aad83c8c14978e'),('uMLfGw_nahihai_','FkZmVB@xyz.com','e80b5017098950fc58aad83c8c14978e'),('uPKvYh_nahihai_','oBtHkE@xyz.com','e80b5017098950fc58aad83c8c14978e'),('uRQoCv_nahihai_','calkra@xyz.com','e80b5017098950fc58aad83c8c14978e'),('uRSqYr_potty_MK','pUtFiK@xyz.com','e80b5017098950fc58aad83c8c14978e'),('uRZZkq_potty_MK','KaakTB@xyz.com','e80b5017098950fc58aad83c8c14978e'),('uSDlvf_nahihai_','DwUmBY@xyz.com','e80b5017098950fc58aad83c8c14978e'),('uTQBw_RobotBana','z5rXO@gmail.com','e6e3be2d833cdf5d9d4c7bc2f85cd098'),('uTj33RobotBanao','JaZNX@gmail.com','e6e3be2d833cdf5d9d4c7bc2f85cd098'),('uUXrei_nahihai_','WRiqQT@xyz.com','e80b5017098950fc58aad83c8c14978e'),('uUgBKV_letsgo_C','AjpfPX@xyz.com','e80b5017098950fc58aad83c8c14978e'),('uWrRKN_letsgo_C','cpVskI@xyz.com','e80b5017098950fc58aad83c8c14978e'),('uXURIj_potty_MK','fGcQAp@xyz.com','e80b5017098950fc58aad83c8c14978e'),('uYyKOm_letsgo_C','DvnMhb@xyz.com','e80b5017098950fc58aad83c8c14978e'),('uYz5G_RobotBana','Loyi2@gmail.com','e6e3be2d833cdf5d9d4c7bc2f85cd098'),('uZSdGn_letsgo_C','XCovap@xyz.com','e80b5017098950fc58aad83c8c14978e'),('u_OFOq_potty_MK','uMfsmX@xyz.com','e80b5017098950fc58aad83c8c14978e'),('uaUzN_RobotBana','anBy2@gmail.com','e6e3be2d833cdf5d9d4c7bc2f85cd098'),('uafQti_potty_MK','MyvLlH@xyz.com','e80b5017098950fc58aad83c8c14978e'),('ubXfv_RobotBana','kBLcP@gmail.com','e6e3be2d833cdf5d9d4c7bc2f85cd098'),('ucblPq_nahihai_','qAsszD@xyz.com','e80b5017098950fc58aad83c8c14978e'),('udTPtp_potty_MK','TBtWvu@xyz.com','e80b5017098950fc58aad83c8c14978e'),('udVJmJ_potty_MK','mfpsBI@xyz.com','e80b5017098950fc58aad83c8c14978e'),('udaNPA_letsgo_C','tLxUXY@xyz.com','e80b5017098950fc58aad83c8c14978e'),('udjnJX_letsgo_C','dA_BgB@xyz.com','e80b5017098950fc58aad83c8c14978e'),('ufWNNY_nahihai_','yhMeFM@xyz.com','e80b5017098950fc58aad83c8c14978e'),('ugkL2_RobotBana','AJcST@gmail.com','e6e3be2d833cdf5d9d4c7bc2f85cd098'),('ugqBCB_potty_MK','jVrDzC@xyz.com','e80b5017098950fc58aad83c8c14978e'),('ugunYh_potty_MK','XDopQa@xyz.com','e80b5017098950fc58aad83c8c14978e'),('uhITID_letsgo_C','xnaFZI@xyz.com','e80b5017098950fc58aad83c8c14978e'),('uiGsIJ_nahihai_','wZMahg@xyz.com','e80b5017098950fc58aad83c8c14978e'),('ujNYfq_potty_MK','RvKlqE@xyz.com','e80b5017098950fc58aad83c8c14978e'),('un0h0RobotBanao','uyKq9@gmail.com','e6e3be2d833cdf5d9d4c7bc2f85cd098'),('unIaNN_nahihai_','zNRZNg@xyz.com','e80b5017098950fc58aad83c8c14978e'),('unj8S_RobotBana','2vmBo@gmail.com','e6e3be2d833cdf5d9d4c7bc2f85cd098'),('uopbRV_potty_MK','hVCvXu@xyz.com','e80b5017098950fc58aad83c8c14978e'),('upAwhv_letsgo_C','OpEhZy@xyz.com','e80b5017098950fc58aad83c8c14978e'),('upM3iRobotBanao','1XIeG@gmail.com','e6e3be2d833cdf5d9d4c7bc2f85cd098'),('upPKMI_potty_MK','WWYzgJ@xyz.com','e80b5017098950fc58aad83c8c14978e'),('uqfGVW_nahihai_','pQJfXe@xyz.com','e80b5017098950fc58aad83c8c14978e'),('uqnJRC_letsgo_C','KeGTWm@xyz.com','e80b5017098950fc58aad83c8c14978e'),('user','k.sravya@students.iiit.ac.in','a7a4b7b3585431720f4a2b155ea05d10'),('user9','monam.agarwal@students.iiit.ac','fc5e038d38a57032085441e7fe7010b0'),('usreTx_potty_MK','kJYZWU@xyz.com','e80b5017098950fc58aad83c8c14978e'),('utMQpt_potty_MK','tSRvOX@xyz.com','e80b5017098950fc58aad83c8c14978e'),('uvwezk_letsgo_C','gAKkDw@xyz.com','e80b5017098950fc58aad83c8c14978e'),('uxJWtF_letsgo_C','uBHAvM@xyz.com','e80b5017098950fc58aad83c8c14978e'),('uxgrlB_potty_MK','TGeUEH@xyz.com','e80b5017098950fc58aad83c8c14978e'),('uzzA_a_letsgo_C','yitShv@xyz.com','e80b5017098950fc58aad83c8c14978e'),('v2URQRobotBanao','x2SPI@gmail.com','e6e3be2d833cdf5d9d4c7bc2f85cd098'),('v6M7zRobotBanao','EuVRB@gmail.com','e6e3be2d833cdf5d9d4c7bc2f85cd098'),('v77VvRobotBanao','1KWad@gmail.com','e6e3be2d833cdf5d9d4c7bc2f85cd098'),('vABrsk_potty_MK','fAhqnI@xyz.com','e80b5017098950fc58aad83c8c14978e'),('vAeDCI_potty_MK','CxqYME@xyz.com','e80b5017098950fc58aad83c8c14978e'),('vC3tORobotBanao','YcWq9@gmail.com','e6e3be2d833cdf5d9d4c7bc2f85cd098'),('vCzkZW_nahihai_','gmivyW@xyz.com','e80b5017098950fc58aad83c8c14978e'),('vD9DNRobotBanao','nMXw4@gmail.com','e6e3be2d833cdf5d9d4c7bc2f85cd098'),('vDNvPp_potty_MK','jHBPxW@xyz.com','e80b5017098950fc58aad83c8c14978e'),('vDRTYr_letsgo_C','IOEcWX@xyz.com','e80b5017098950fc58aad83c8c14978e'),('vDffKT_potty_MK','oPNUBv@xyz.com','e80b5017098950fc58aad83c8c14978e'),('vEH_kL_letsgo_C','ECtDMi@xyz.com','e80b5017098950fc58aad83c8c14978e'),('vFwbPJ_letsgo_C','TXetLU@xyz.com','e80b5017098950fc58aad83c8c14978e'),('vFwxAI_letsgo_C','gReELr@xyz.com','e80b5017098950fc58aad83c8c14978e'),('vFzjoW_letsgo_C','HYDg_x@xyz.com','e80b5017098950fc58aad83c8c14978e'),('vGAJvu_potty_MK','JlYhcu@xyz.com','e80b5017098950fc58aad83c8c14978e'),('vHoUNz_letsgo_C','ysNIYH@xyz.com','e80b5017098950fc58aad83c8c14978e'),('vIOOvv_letsgo_C','XqWens@xyz.com','e80b5017098950fc58aad83c8c14978e'),('vIiSjRobotBanao','WP5ry@gmail.com','e6e3be2d833cdf5d9d4c7bc2f85cd098'),('vItneH_nahihai_','_bREWq@xyz.com','e80b5017098950fc58aad83c8c14978e'),('vJMavQ_nahihai_','XFxaDs@xyz.com','e80b5017098950fc58aad83c8c14978e'),('vLjHJU_potty_MK','kNindd@xyz.com','e80b5017098950fc58aad83c8c14978e'),('vLwSvy_nahihai_','BcZurY@xyz.com','e80b5017098950fc58aad83c8c14978e'),('vMzOZS_nahihai_','jPIHIU@xyz.com','e80b5017098950fc58aad83c8c14978e'),('vNJsxg_nahihai_','rBxQMO@xyz.com','e80b5017098950fc58aad83c8c14978e'),('vNWECA_nahihai_','mJMffR@xyz.com','e80b5017098950fc58aad83c8c14978e'),('vNZbmz_letsgo_C','lKrkqr@xyz.com','e80b5017098950fc58aad83c8c14978e'),('vNlZdn_letsgo_C','dKkOOZ@xyz.com','e80b5017098950fc58aad83c8c14978e'),('vOKeUS_potty_MK','PisSPf@xyz.com','e80b5017098950fc58aad83c8c14978e'),('vOcXCI_letsgo_C','wJXeMy@xyz.com','e80b5017098950fc58aad83c8c14978e'),('vPNKZi_letsgo_C','vithRH@xyz.com','e80b5017098950fc58aad83c8c14978e'),('vPPmbW_nahihai_','lQPomj@xyz.com','e80b5017098950fc58aad83c8c14978e'),('vPRujn_letsgo_C','G_lJgh@xyz.com','e80b5017098950fc58aad83c8c14978e'),('vPVgRRobotBanao','a482n@gmail.com','e6e3be2d833cdf5d9d4c7bc2f85cd098'),('vQVuJd_letsgo_C','aTUyeS@xyz.com','e80b5017098950fc58aad83c8c14978e'),('vQuksR_potty_MK','qhbKBy@xyz.com','e80b5017098950fc58aad83c8c14978e'),('vSOvZY_nahihai_','OrWgDY@xyz.com','e80b5017098950fc58aad83c8c14978e'),('vS_ZZX_letsgo_C','McgSMI@xyz.com','e80b5017098950fc58aad83c8c14978e'),('vS_oHM_potty_MK','jiUliy@xyz.com','e80b5017098950fc58aad83c8c14978e'),('vSuYhi_potty_MK','AwMWJR@xyz.com','e80b5017098950fc58aad83c8c14978e'),('vSukBa_letsgo_C','BXhFmk@xyz.com','e80b5017098950fc58aad83c8c14978e'),('vTwtvQ_potty_MK','GhQOfG@xyz.com','e80b5017098950fc58aad83c8c14978e'),('vUspWi_letsgo_C','PFqLNK@xyz.com','e80b5017098950fc58aad83c8c14978e'),('vVbMme_letsgo_C','OzXpJW@xyz.com','e80b5017098950fc58aad83c8c14978e'),('vWQUuY_letsgo_C','kSKGvc@xyz.com','e80b5017098950fc58aad83c8c14978e'),('vXZCaC_nahihai_','KhKtqe@xyz.com','e80b5017098950fc58aad83c8c14978e'),('vYIf5_RobotBana','8asa7@gmail.com','e6e3be2d833cdf5d9d4c7bc2f85cd098'),('vZoQvRobotBanao','QtD52@gmail.com','e6e3be2d833cdf5d9d4c7bc2f85cd098'),('vZvonM_letsgo_C','RvPLLm@xyz.com','e80b5017098950fc58aad83c8c14978e'),('vaSMVb_nahihai_','OXldpj@xyz.com','e80b5017098950fc58aad83c8c14978e'),('vamsi1899','bommareddyvamsikiran.reddy@stu','87204d649fbd0477ea1234976c91651f'),('vaqGtq_letsgo_C','MxsSPT@xyz.com','e80b5017098950fc58aad83c8c14978e'),('vbFoCo_nahihai_','IlMAVt@xyz.com','e80b5017098950fc58aad83c8c14978e'),('vbGIvV_potty_MK','BTZbdP@xyz.com','e80b5017098950fc58aad83c8c14978e'),('vbeTLf_nahihai_','UYcVMY@xyz.com','e80b5017098950fc58aad83c8c14978e'),('vbqvzD_potty_MK','zBteWl@xyz.com','e80b5017098950fc58aad83c8c14978e'),('vclVYP_letsgo_C','rfAXYI@xyz.com','e80b5017098950fc58aad83c8c14978e'),('vfBr1_RobotBana','8v3LA@gmail.com','e6e3be2d833cdf5d9d4c7bc2f85cd098'),('vgdtqN_nahihai_','awhtcR@xyz.com','e80b5017098950fc58aad83c8c14978e'),('vhAy7_RobotBana','ZXXLh@gmail.com','e6e3be2d833cdf5d9d4c7bc2f85cd098'),('vhOxRv_potty_MK','HIZfNK@xyz.com','e80b5017098950fc58aad83c8c14978e'),('viCcBR_potty_MK','BVeEbm@xyz.com','e80b5017098950fc58aad83c8c14978e'),('vimhoRobotBanao','QX8qj@gmail.com','e6e3be2d833cdf5d9d4c7bc2f85cd098'),('viv001','vivsmart@gmail.com','9febd77f26df7102607518f3586e2f70'),('vjctmh_potty_MK','yo_TmJ@xyz.com','e80b5017098950fc58aad83c8c14978e'),('vkGLrB_nahihai_','XbcwYk@xyz.com','e80b5017098950fc58aad83c8c14978e'),('vkMhS__potty_MK','omebpr@xyz.com','e80b5017098950fc58aad83c8c14978e'),('vkk26RobotBanao','QHppo@gmail.com','e6e3be2d833cdf5d9d4c7bc2f85cd098'),('vkkXaz_nahihai_','HwhOqO@xyz.com','e80b5017098950fc58aad83c8c14978e'),('vlXUkk_potty_MK','UeMeqx@xyz.com','e80b5017098950fc58aad83c8c14978e'),('vnREfE_letsgo_C','paGFPE@xyz.com','e80b5017098950fc58aad83c8c14978e'),('vnvfWT_nahihai_','vLHndQ@xyz.com','e80b5017098950fc58aad83c8c14978e'),('voSLiK_potty_MK','UpARLA@xyz.com','e80b5017098950fc58aad83c8c14978e'),('vogqJd_potty_MK','JPGVbh@xyz.com','e80b5017098950fc58aad83c8c14978e'),('vq29CRobotBanao','DktNT@gmail.com','e6e3be2d833cdf5d9d4c7bc2f85cd098'),('vqdtWi_potty_MK','PLyZmW@xyz.com','e80b5017098950fc58aad83c8c14978e'),('vqqZax_potty_MK','wuOajf@xyz.com','e80b5017098950fc58aad83c8c14978e'),('vrDXDz_letsgo_C','nJjqaY@xyz.com','e80b5017098950fc58aad83c8c14978e'),('vrajesh','rajesh.vakkalagadda@students.i','b38ce63f61c5be0f1a1906d4d37b8725'),('vrpiRb_nahihai_','LAoRwN@xyz.com','e80b5017098950fc58aad83c8c14978e'),('vsZpnt_letsgo_C','VTVmgW@xyz.com','e80b5017098950fc58aad83c8c14978e'),('vshJAm_nahihai_','_ITsFF@xyz.com','e80b5017098950fc58aad83c8c14978e'),('vtULyr_potty_MK','YPNcao@xyz.com','e80b5017098950fc58aad83c8c14978e'),('vtcUH_RobotBana','Brta4@gmail.com','e6e3be2d833cdf5d9d4c7bc2f85cd098'),('vvOKf_RobotBana','WL0DF@gmail.com','e6e3be2d833cdf5d9d4c7bc2f85cd098'),('vweUdG_nahihai_','dObdoB@xyz.com','e80b5017098950fc58aad83c8c14978e'),('vyJssF_nahihai_','NCZsww@xyz.com','e80b5017098950fc58aad83c8c14978e'),('vyYodc_potty_MK','eTsQvl@xyz.com','e80b5017098950fc58aad83c8c14978e'),('w2Py6_RobotBana','bZeE8@gmail.com','e6e3be2d833cdf5d9d4c7bc2f85cd098'),('w4d0aRobotBanao','rEftY@gmail.com','e6e3be2d833cdf5d9d4c7bc2f85cd098'),('w9nUH_RobotBana','18XoD@gmail.com','e6e3be2d833cdf5d9d4c7bc2f85cd098'),('wAMU7RobotBanao','JDBXK@gmail.com','e6e3be2d833cdf5d9d4c7bc2f85cd098'),('wCVHcF_nahihai_','rjyAiR@xyz.com','e80b5017098950fc58aad83c8c14978e'),('wDIIzq_letsgo_C','SjNWLW@xyz.com','e80b5017098950fc58aad83c8c14978e'),('wDdmCD_nahihai_','edNDRS@xyz.com','e80b5017098950fc58aad83c8c14978e'),('wEWHhK_letsgo_C','ILnKyE@xyz.com','e80b5017098950fc58aad83c8c14978e'),('wEYtMRobotBanao','oiqtH@gmail.com','e6e3be2d833cdf5d9d4c7bc2f85cd098'),('wEbMHH_nahihai_','AZdkTs@xyz.com','e80b5017098950fc58aad83c8c14978e'),('wEnaCb_potty_MK','wCgfUD@xyz.com','e80b5017098950fc58aad83c8c14978e'),('wFMUF_RobotBana','KTtGn@gmail.com','e6e3be2d833cdf5d9d4c7bc2f85cd098'),('wGKBnG_nahihai_','rwlmvE@xyz.com','e80b5017098950fc58aad83c8c14978e'),('wGYUtG_potty_MK','RhtlYY@xyz.com','e80b5017098950fc58aad83c8c14978e'),('wGuBZn_potty_MK','oTyXlh@xyz.com','e80b5017098950fc58aad83c8c14978e'),('wIMrwG_potty_MK','yWApzW@xyz.com','e80b5017098950fc58aad83c8c14978e'),('wIyokO_nahihai_','jVijTV@xyz.com','e80b5017098950fc58aad83c8c14978e'),('wLBNID_potty_MK','IwULaT@xyz.com','e80b5017098950fc58aad83c8c14978e'),('wLlTnG_potty_MK','LuYbPQ@xyz.com','e80b5017098950fc58aad83c8c14978e'),('wNJiGs_potty_MK','TWHtHU@xyz.com','e80b5017098950fc58aad83c8c14978e'),('wOyFpz_nahihai_','W_yDjJ@xyz.com','e80b5017098950fc58aad83c8c14978e'),('wPegbM_letsgo_C','CdYR_c@xyz.com','e80b5017098950fc58aad83c8c14978e'),('wRQOEv_potty_MK','NUIOsH@xyz.com','e80b5017098950fc58aad83c8c14978e'),('wRmdsM_nahihai_','CrBGMb@xyz.com','e80b5017098950fc58aad83c8c14978e'),('wTAbdK_letsgo_C','OEnlWB@xyz.com','e80b5017098950fc58aad83c8c14978e'),('wUJOyRobotBanao','bEl5b@gmail.com','e6e3be2d833cdf5d9d4c7bc2f85cd098'),('wUfGCB_nahihai_','bldWSE@xyz.com','e80b5017098950fc58aad83c8c14978e'),('wVbpsRobotBanao','JIbfu@gmail.com','e6e3be2d833cdf5d9d4c7bc2f85cd098'),('wWafwo_potty_MK','qNUB_X@xyz.com','e80b5017098950fc58aad83c8c14978e'),('wXeXjk_potty_MK','ewjeCS@xyz.com','e80b5017098950fc58aad83c8c14978e'),('wZJa0_RobotBana','t5FEk@gmail.com','e6e3be2d833cdf5d9d4c7bc2f85cd098'),('w_bSJR_letsgo_C','oNsdOW@xyz.com','e80b5017098950fc58aad83c8c14978e'),('w_zETl_potty_MK','iAhZoL@xyz.com','e80b5017098950fc58aad83c8c14978e'),('wa3NQRobotBanao','8yk60@gmail.com','e6e3be2d833cdf5d9d4c7bc2f85cd098'),('waHzJh_potty_MK','FWEoPE@xyz.com','e80b5017098950fc58aad83c8c14978e'),('wdGXqs_letsgo_C','NH_gyt@xyz.com','e80b5017098950fc58aad83c8c14978e'),('wee','dshjkh@fdsj.com','ac1113e50f7f1460beeaeeba69f63701'),('wfiLut_potty_MK','MqQeGM@xyz.com','e80b5017098950fc58aad83c8c14978e'),('wfowOi_potty_MK','RZPYak@xyz.com','e80b5017098950fc58aad83c8c14978e'),('whJ92_RobotBana','A2Jse@gmail.com','e6e3be2d833cdf5d9d4c7bc2f85cd098'),('what','blahblah@in.com','308a3820e4cccbe043cb5228de5e71e3'),('whirlwind','ksingla025@gmail.com','6efc84ea265d50c25ed3c0b29a9b06b5'),('whmNJP_nahihai_','hvNyzQ@xyz.com','e80b5017098950fc58aad83c8c14978e'),('wjILNF_potty_MK','nToFx_@xyz.com','e80b5017098950fc58aad83c8c14978e'),('wlAKTr_nahihai_','_DUzhJ@xyz.com','e80b5017098950fc58aad83c8c14978e'),('wnorbg_letsgo_C','Airlcm@xyz.com','e80b5017098950fc58aad83c8c14978e'),('woGPCS_potty_MK','wyiaGH@xyz.com','e80b5017098950fc58aad83c8c14978e'),('worldwide','saksham.garg@students.iiit.ac.','0f66a077ba1f7f7be75d8c499c8d22e5'),('woxtgG_potty_MK','EmYBBn@xyz.com','e80b5017098950fc58aad83c8c14978e'),('wpOzxc_potty_MK','VnWzIl@xyz.com','e80b5017098950fc58aad83c8c14978e'),('wpcjct_letsgo_C','BHXMoN@xyz.com','e80b5017098950fc58aad83c8c14978e'),('wrTvVe_potty_MK','qmEYcM@xyz.com','e80b5017098950fc58aad83c8c14978e'),('wr_dhy_nahihai_','wBrcLM@xyz.com','e80b5017098950fc58aad83c8c14978e'),('wrumf','mayankrocks.1993@gmail.com','308a3820e4cccbe043cb5228de5e71e3'),('wtauRm_nahihai_','RvMyEn@xyz.com','e80b5017098950fc58aad83c8c14978e'),('wwGcYK_potty_MK','iXdmyg@xyz.com','e80b5017098950fc58aad83c8c14978e'),('wwGodx_nahihai_','tCrTmW@xyz.com','e80b5017098950fc58aad83c8c14978e'),('wwIJCRobotBanao','ZJ7mH@gmail.com','e6e3be2d833cdf5d9d4c7bc2f85cd098'),('wwMcQU_potty_MK','epLtjd@xyz.com','e80b5017098950fc58aad83c8c14978e'),('wwyTno_potty_MK','efSvOc@xyz.com','e80b5017098950fc58aad83c8c14978e'),('wxnSxg_nahihai_','rljsDF@xyz.com','e80b5017098950fc58aad83c8c14978e'),('wxnrjs_nahihai_','hyHfVR@xyz.com','e80b5017098950fc58aad83c8c14978e'),('wyPL8RobotBanao','BAqXu@gmail.com','e6e3be2d833cdf5d9d4c7bc2f85cd098'),('wzemb__letsgo_C','AOZwUM@xyz.com','e80b5017098950fc58aad83c8c14978e'),('x50FxRobotBanao','GXKOo@gmail.com','e6e3be2d833cdf5d9d4c7bc2f85cd098'),('x9lwQRobotBanao','PRnRR@gmail.com','e6e3be2d833cdf5d9d4c7bc2f85cd098'),('xBLAwg_nahihai_','P_kKzJ@xyz.com','e80b5017098950fc58aad83c8c14978e'),('xCFoO_RobotBana','iKDrB@gmail.com','e6e3be2d833cdf5d9d4c7bc2f85cd098'),('xCIhSRobotBanao','zeWRN@gmail.com','e6e3be2d833cdf5d9d4c7bc2f85cd098'),('xCOFBk_potty_MK','_yKPRi@xyz.com','e80b5017098950fc58aad83c8c14978e'),('xDax_O_potty_MK','IiHYyW@xyz.com','e80b5017098950fc58aad83c8c14978e'),('xEarr_RobotBana','zH8No@gmail.com','e6e3be2d833cdf5d9d4c7bc2f85cd098'),('xFkhPU_letsgo_C','GFTwPo@xyz.com','e80b5017098950fc58aad83c8c14978e'),('xHmUqt_potty_MK','MABBjz@xyz.com','e80b5017098950fc58aad83c8c14978e'),('xHtFuRobotBanao','t3Luh@gmail.com','e6e3be2d833cdf5d9d4c7bc2f85cd098'),('xIxS7RobotBanao','vyjxk@gmail.com','e6e3be2d833cdf5d9d4c7bc2f85cd098'),('xJdhlI_letsgo_C','BeqkiB@xyz.com','e80b5017098950fc58aad83c8c14978e'),('xJeLQH_potty_MK','GhdTkp@xyz.com','e80b5017098950fc58aad83c8c14978e'),('xJjqzK_nahihai_','EHwaub@xyz.com','e80b5017098950fc58aad83c8c14978e'),('xKCfvM_letsgo_C','wEwpNs@xyz.com','e80b5017098950fc58aad83c8c14978e'),('xKmgob_letsgo_C','eetFWG@xyz.com','e80b5017098950fc58aad83c8c14978e'),('xLivqV_potty_MK','tRzbXE@xyz.com','e80b5017098950fc58aad83c8c14978e'),('xMdJRx_letsgo_C','EgIAXV@xyz.com','e80b5017098950fc58aad83c8c14978e'),('xMvtnj_potty_MK','FSblSt@xyz.com','e80b5017098950fc58aad83c8c14978e'),('xNLznD_potty_MK','SfCNWQ@xyz.com','e80b5017098950fc58aad83c8c14978e'),('xOvUEb_potty_MK','gMBGCo@xyz.com','e80b5017098950fc58aad83c8c14978e'),('xOwXGX_letsgo_C','aOlvoV@xyz.com','e80b5017098950fc58aad83c8c14978e'),('xPPYORobotBanao','VaO9h@gmail.com','e6e3be2d833cdf5d9d4c7bc2f85cd098'),('xRJqyj_letsgo_C','aolPhn@xyz.com','e80b5017098950fc58aad83c8c14978e'),('xSQsFg_potty_MK','fCbndm@xyz.com','e80b5017098950fc58aad83c8c14978e'),('xSspt_RobotBana','18Mup@gmail.com','e6e3be2d833cdf5d9d4c7bc2f85cd098'),('xTFVJS_letsgo_C','XPeNyS@xyz.com','e80b5017098950fc58aad83c8c14978e'),('xTMmXs_nahihai_','caVGTH@xyz.com','e80b5017098950fc58aad83c8c14978e'),('xTfE_r_nahihai_','DTJFie@xyz.com','e80b5017098950fc58aad83c8c14978e'),('xUIy_p_letsgo_C','DYHGnu@xyz.com','e80b5017098950fc58aad83c8c14978e'),('xURNIa_letsgo_C','VdaWTo@xyz.com','e80b5017098950fc58aad83c8c14978e'),('xUxxdz_potty_MK','aoBhEY@xyz.com','e80b5017098950fc58aad83c8c14978e'),('xUzYy__nahihai_','iIAirV@xyz.com','e80b5017098950fc58aad83c8c14978e'),('xVIvqx_potty_MK','msQykq@xyz.com','e80b5017098950fc58aad83c8c14978e'),('xVLIld_letsgo_C','ggVQUA@xyz.com','e80b5017098950fc58aad83c8c14978e'),('xVXQub_letsgo_C','AGsoOx@xyz.com','e80b5017098950fc58aad83c8c14978e'),('xVaRvL_potty_MK','N_tXNo@xyz.com','e80b5017098950fc58aad83c8c14978e'),('xVkzNa_potty_MK','CCGavc@xyz.com','e80b5017098950fc58aad83c8c14978e'),('xXCpH_RobotBana','yqfap@gmail.com','e6e3be2d833cdf5d9d4c7bc2f85cd098'),('xYOKWj_letsgo_C','RxpFYw@xyz.com','e80b5017098950fc58aad83c8c14978e'),('xYURzr_potty_MK','ssHGWw@xyz.com','e80b5017098950fc58aad83c8c14978e'),('xYeIGL_letsgo_C','SUvQqE@xyz.com','e80b5017098950fc58aad83c8c14978e'),('xYkQk__nahihai_','QOvZsl@xyz.com','e80b5017098950fc58aad83c8c14978e'),('x_HPsb_letsgo_C','_tgmpr@xyz.com','e80b5017098950fc58aad83c8c14978e'),('x_dFfH_potty_MK','DPbHHc@xyz.com','e80b5017098950fc58aad83c8c14978e'),('xatK3_RobotBana','wSgri@gmail.com','e6e3be2d833cdf5d9d4c7bc2f85cd098'),('xbLPMj_potty_MK','tdpbzK@xyz.com','e80b5017098950fc58aad83c8c14978e'),('xbuwvR_nahihai_','ycMjlw@xyz.com','e80b5017098950fc58aad83c8c14978e'),('xcIfhG_letsgo_C','XCiSMo@xyz.com','e80b5017098950fc58aad83c8c14978e'),('xeRN_b_nahihai_','NOPvHS@xyz.com','e80b5017098950fc58aad83c8c14978e'),('xfFAvt_potty_MK','fRQRas@xyz.com','e80b5017098950fc58aad83c8c14978e'),('xgVHTRobotBanao','q10Rt@gmail.com','e6e3be2d833cdf5d9d4c7bc2f85cd098'),('xgwPWc_potty_MK','fHJskk@xyz.com','e80b5017098950fc58aad83c8c14978e'),('xhIJtU_potty_MK','HuKmYJ@xyz.com','e80b5017098950fc58aad83c8c14978e'),('xihLs_RobotBana','MIQMN@gmail.com','e6e3be2d833cdf5d9d4c7bc2f85cd098'),('xjEvWb_nahihai_','_FJrck@xyz.com','e80b5017098950fc58aad83c8c14978e'),('xjOUUB_letsgo_C','Vygwxa@xyz.com','e80b5017098950fc58aad83c8c14978e'),('xjvmVf_potty_MK','EVXSRE@xyz.com','e80b5017098950fc58aad83c8c14978e'),('xkBGaR_letsgo_C','RdZcsB@xyz.com','e80b5017098950fc58aad83c8c14978e'),('xkhMMe_potty_MK','M_Duwg@xyz.com','e80b5017098950fc58aad83c8c14978e'),('xlWWAB_letsgo_C','IgYJGx@xyz.com','e80b5017098950fc58aad83c8c14978e'),('xlesqa_potty_MK','VoEiaj@xyz.com','e80b5017098950fc58aad83c8c14978e'),('xlogHG_potty_MK','e_xEhX@xyz.com','e80b5017098950fc58aad83c8c14978e'),('xmNtWu_nahihai_','kkMnUB@xyz.com','e80b5017098950fc58aad83c8c14978e'),('xmOMqx_letsgo_C','skjcMd@xyz.com','e80b5017098950fc58aad83c8c14978e'),('xmVaQ_RobotBana','ILdNu@gmail.com','e6e3be2d833cdf5d9d4c7bc2f85cd098'),('xmz_sJ_potty_MK','PgsFIK@xyz.com','e80b5017098950fc58aad83c8c14978e'),('xnCmZp_nahihai_','RqAmua@xyz.com','e80b5017098950fc58aad83c8c14978e'),('xnLs_Z_letsgo_C','oDxmIc@xyz.com','e80b5017098950fc58aad83c8c14978e'),('xnNvsH_letsgo_C','BUtinD@xyz.com','e80b5017098950fc58aad83c8c14978e'),('xnxx','xnxx.xom','89e55d4f580dd044088b9a003110b37a'),('xoyODF_letsgo_C','ZWBtUc@xyz.com','e80b5017098950fc58aad83c8c14978e'),('xpKmkd_letsgo_C','aBChoo@xyz.com','e80b5017098950fc58aad83c8c14978e'),('xqmtsm_letsgo_C','RwGUuo@xyz.com','e80b5017098950fc58aad83c8c14978e'),('xqwIDk_letsgo_C','GFZGBk@xyz.com','e80b5017098950fc58aad83c8c14978e'),('xrGsIY_potty_MK','VbFLqR@xyz.com','e80b5017098950fc58aad83c8c14978e'),('xrJaFp_potty_MK','ytTZDi@xyz.com','e80b5017098950fc58aad83c8c14978e'),('xsB_zj_potty_MK','wieGjU@xyz.com','e80b5017098950fc58aad83c8c14978e'),('xsEmws_nahihai_','JxxvaR@xyz.com','e80b5017098950fc58aad83c8c14978e'),('xtdGoo_letsgo_C','rmWInk@xyz.com','e80b5017098950fc58aad83c8c14978e'),('xultJK_potty_MK','wxgNdc@xyz.com','e80b5017098950fc58aad83c8c14978e'),('xuzFdH_nahihai_','bnNhOH@xyz.com','e80b5017098950fc58aad83c8c14978e'),('xvCGAq_letsgo_C','mbtlRv@xyz.com','e80b5017098950fc58aad83c8c14978e'),('xwVwKi_potty_MK','rjsUcN@xyz.com','e80b5017098950fc58aad83c8c14978e'),('xwvZRu_letsgo_C','xbtuCr@xyz.com','e80b5017098950fc58aad83c8c14978e'),('xwxEiw_nahihai_','NlReGJ@xyz.com','e80b5017098950fc58aad83c8c14978e'),('xxNBVt_nahihai_','fWnpkT@xyz.com','e80b5017098950fc58aad83c8c14978e'),('xxTqWz_potty_MK','PgsksV@xyz.com','e80b5017098950fc58aad83c8c14978e'),('xxx','kkk@wr.com','a09c270d13585e82da6ac0605730ae64'),('xyEqmf_letsgo_C','BrQx_l@xyz.com','e80b5017098950fc58aad83c8c14978e'),('xyRPJRobotBanao','Ps3wR@gmail.com','e6e3be2d833cdf5d9d4c7bc2f85cd098'),('xyrGHb_nahihai_','MSxTbz@xyz.com','e80b5017098950fc58aad83c8c14978e'),('xzOclA_letsgo_C','AHAS_M@xyz.com','e80b5017098950fc58aad83c8c14978e'),('xzfJiI_letsgo_C','ehpslz@xyz.com','e80b5017098950fc58aad83c8c14978e'),('xzgXTy_potty_MK','rTkabF@xyz.com','e80b5017098950fc58aad83c8c14978e'),('y1l38RobotBanao','bT0Co@gmail.com','e6e3be2d833cdf5d9d4c7bc2f85cd098'),('y2o29RobotBanao','cS1TC@gmail.com','e6e3be2d833cdf5d9d4c7bc2f85cd098'),('y54mrRobotBanao','WvWPu@gmail.com','e6e3be2d833cdf5d9d4c7bc2f85cd098'),('yBiXQx_nahihai_','RbUFUp@xyz.com','e80b5017098950fc58aad83c8c14978e'),('yBqoKn_letsgo_C','aKQaUX@xyz.com','e80b5017098950fc58aad83c8c14978e'),('yBwbYG_potty_MK','VPtlxZ@xyz.com','e80b5017098950fc58aad83c8c14978e'),('yCObKh_potty_MK','ALyDvD@xyz.com','e80b5017098950fc58aad83c8c14978e'),('yDPsnQ_potty_MK','EiwptU@xyz.com','e80b5017098950fc58aad83c8c14978e'),('yD_aOz_potty_MK','ojihKq@xyz.com','e80b5017098950fc58aad83c8c14978e'),('yEK8nRobotBanao','DclvZ@gmail.com','e6e3be2d833cdf5d9d4c7bc2f85cd098'),('yEQYBr_nahihai_','wBtOEi@xyz.com','e80b5017098950fc58aad83c8c14978e'),('yEnAjP_letsgo_C','yADaRl@xyz.com','e80b5017098950fc58aad83c8c14978e'),('yErAtr_potty_MK','NkyLeO@xyz.com','e80b5017098950fc58aad83c8c14978e'),('yGlwfL_letsgo_C','FaHyxR@xyz.com','e80b5017098950fc58aad83c8c14978e'),('yHGtqo_letsgo_C','FVavAs@xyz.com','e80b5017098950fc58aad83c8c14978e'),('yI15FRobotBanao','ASSR9@gmail.com','e6e3be2d833cdf5d9d4c7bc2f85cd098'),('yIIgyW_nahihai_','G_KcIE@xyz.com','e80b5017098950fc58aad83c8c14978e'),('yIPfxv_potty_MK','NwHPPX@xyz.com','e80b5017098950fc58aad83c8c14978e'),('yKtoDE_nahihai_','RrFpDW@xyz.com','e80b5017098950fc58aad83c8c14978e'),('yLNufP_letsgo_C','bGi_kV@xyz.com','e80b5017098950fc58aad83c8c14978e'),('yMOLok_potty_MK','eJAcA_@xyz.com','e80b5017098950fc58aad83c8c14978e'),('yNuCYRobotBanao','khKrx@gmail.com','e6e3be2d833cdf5d9d4c7bc2f85cd098'),('yNvahu_nahihai_','qnipmU@xyz.com','e80b5017098950fc58aad83c8c14978e'),('yOFFlm_potty_MK','OgBaOF@xyz.com','e80b5017098950fc58aad83c8c14978e'),('yOIySJ_nahihai_','LIwvOb@xyz.com','e80b5017098950fc58aad83c8c14978e'),('yOJKLi_potty_MK','BuLctb@xyz.com','e80b5017098950fc58aad83c8c14978e'),('yOOnzE_letsgo_C','vLUBmV@xyz.com','e80b5017098950fc58aad83c8c14978e'),('yP3ZI_RobotBana','LDClG@gmail.com','e6e3be2d833cdf5d9d4c7bc2f85cd098'),('yQicPp_nahihai_','KMuFuP@xyz.com','e80b5017098950fc58aad83c8c14978e'),('yQuVbO_potty_MK','rtADwS@xyz.com','e80b5017098950fc58aad83c8c14978e'),('ySIQjy_letsgo_C','BfiLtR@xyz.com','e80b5017098950fc58aad83c8c14978e'),('ySZdas_letsgo_C','Rmw_lN@xyz.com','e80b5017098950fc58aad83c8c14978e'),('yShhHm_potty_MK','XFmzrR@xyz.com','e80b5017098950fc58aad83c8c14978e'),('ySvOYX_nahihai_','Kqzcfj@xyz.com','e80b5017098950fc58aad83c8c14978e'),('yUeEEC_letsgo_C','bsGHmO@xyz.com','e80b5017098950fc58aad83c8c14978e'),('yWhkic_potty_MK','xcZyKN@xyz.com','e80b5017098950fc58aad83c8c14978e'),('yXgEBv_potty_MK','oHqvfy@xyz.com','e80b5017098950fc58aad83c8c14978e'),('yXxFHU_potty_MK','hmwToV@xyz.com','e80b5017098950fc58aad83c8c14978e'),('yYgAs__nahihai_','dVHplj@xyz.com','e80b5017098950fc58aad83c8c14978e'),('y_DRAp_letsgo_C','McVIo_@xyz.com','e80b5017098950fc58aad83c8c14978e'),('y_OIMD_letsgo_C','WvNIZC@xyz.com','e80b5017098950fc58aad83c8c14978e'),('yaEawd_nahihai_','fNGOhW@xyz.com','e80b5017098950fc58aad83c8c14978e'),('yafcXj_letsgo_C','u_ysCO@xyz.com','e80b5017098950fc58aad83c8c14978e'),('yaiVMc_potty_MK','IiuYHn@xyz.com','e80b5017098950fc58aad83c8c14978e'),('ybbKeq_letsgo_C','FJfHGm@xyz.com','e80b5017098950fc58aad83c8c14978e'),('ycNrGy_potty_MK','YAgbIw@xyz.com','e80b5017098950fc58aad83c8c14978e'),('ydQPGg_potty_MK','ShRXof@xyz.com','e80b5017098950fc58aad83c8c14978e'),('ygDDrm_letsgo_C','cXBTRP@xyz.com','e80b5017098950fc58aad83c8c14978e'),('ygPAV_RobotBana','kh331@gmail.com','e6e3be2d833cdf5d9d4c7bc2f85cd098'),('ygcqQF_letsgo_C','iVaboM@xyz.com','e80b5017098950fc58aad83c8c14978e'),('ygqGBv_letsgo_C','EoajBG@xyz.com','e80b5017098950fc58aad83c8c14978e'),('ygxzxB_letsgo_C','HtVnlh@xyz.com','e80b5017098950fc58aad83c8c14978e'),('yinKb_RobotBana','CgGLC@gmail.com','e6e3be2d833cdf5d9d4c7bc2f85cd098'),('yivNse_letsgo_C','WviJaF@xyz.com','e80b5017098950fc58aad83c8c14978e'),('yjzxKD_letsgo_C','TcaeTx@xyz.com','e80b5017098950fc58aad83c8c14978e'),('ykKBut_potty_MK','JXpCTP@xyz.com','e80b5017098950fc58aad83c8c14978e'),('ykgu_S_nahihai_','__ANUO@xyz.com','e80b5017098950fc58aad83c8c14978e'),('ylVgjU_nahihai_','RfKZap@xyz.com','e80b5017098950fc58aad83c8c14978e'),('ylfMst_nahihai_','IGginS@xyz.com','e80b5017098950fc58aad83c8c14978e'),('ylgUuj_letsgo_C','qptFHM@xyz.com','e80b5017098950fc58aad83c8c14978e'),('ymee9RobotBanao','bHMqW@gmail.com','e6e3be2d833cdf5d9d4c7bc2f85cd098'),('yn9WrRobotBanao','BPrOr@gmail.com','e6e3be2d833cdf5d9d4c7bc2f85cd098'),('ynkc7RobotBanao','Ij2pR@gmail.com','e6e3be2d833cdf5d9d4c7bc2f85cd098'),('ynunA_RobotBana','n96jW@gmail.com','e6e3be2d833cdf5d9d4c7bc2f85cd098'),('yoEULz_potty_MK','JxGRiP@xyz.com','e80b5017098950fc58aad83c8c14978e'),('yokebE_nahihai_','EgCoFH@xyz.com','e80b5017098950fc58aad83c8c14978e'),('yoqSzm_nahihai_','zOSHGB@xyz.com','e80b5017098950fc58aad83c8c14978e'),('yoyo','akipro@rediffmail.com','77c6332b62124123945e978b28a0efce'),('yqOeCT_nahihai_','pwFsZD@xyz.com','e80b5017098950fc58aad83c8c14978e'),('yqhyBz_potty_MK','usQcnU@xyz.com','e80b5017098950fc58aad83c8c14978e'),('yqpCO_RobotBana','7glRT@gmail.com','e6e3be2d833cdf5d9d4c7bc2f85cd098'),('yrW1S_RobotBana','HYLfc@gmail.com','e6e3be2d833cdf5d9d4c7bc2f85cd098'),('yudIzC_nahihai_','azEajN@xyz.com','e80b5017098950fc58aad83c8c14978e'),('yxTOjg_potty_MK','pcwcMO@xyz.com','e80b5017098950fc58aad83c8c14978e'),('yzVk8_RobotBana','Cs39s@gmail.com','e6e3be2d833cdf5d9d4c7bc2f85cd098'),('z9jD2RobotBanao','Xpw7f@gmail.com','e6e3be2d833cdf5d9d4c7bc2f85cd098'),('zASbnM_nahihai_','UzbgLv@xyz.com','e80b5017098950fc58aad83c8c14978e'),('zAhaFt_potty_MK','ETnqbD@xyz.com','e80b5017098950fc58aad83c8c14978e'),('zB44lRobotBanao','rP24V@gmail.com','e6e3be2d833cdf5d9d4c7bc2f85cd098'),('zBSaGQ_nahihai_','sopGdi@xyz.com','e80b5017098950fc58aad83c8c14978e'),('zBpfrG_potty_MK','WVGmDL@xyz.com','e80b5017098950fc58aad83c8c14978e'),('zEb7qRobotBanao','Rqd61@gmail.com','e6e3be2d833cdf5d9d4c7bc2f85cd098'),('zFAkCa_letsgo_C','OAQsUW@xyz.com','e80b5017098950fc58aad83c8c14978e'),('zFPMm_RobotBana','eLXqk@gmail.com','e6e3be2d833cdf5d9d4c7bc2f85cd098'),('zGELJj_potty_MK','CltchY@xyz.com','e80b5017098950fc58aad83c8c14978e'),('zGeFWn_potty_MK','mkktx_@xyz.com','e80b5017098950fc58aad83c8c14978e'),('zHyXqf_nahihai_','FTZotH@xyz.com','e80b5017098950fc58aad83c8c14978e'),('zJXbfN_nahihai_','NmxD_W@xyz.com','e80b5017098950fc58aad83c8c14978e'),('zJb0I_RobotBana','RNqqZ@gmail.com','e6e3be2d833cdf5d9d4c7bc2f85cd098'),('zLLIRM_letsgo_C','aHQaIo@xyz.com','e80b5017098950fc58aad83c8c14978e'),('zOQxwn_nahihai_','LsmJJH@xyz.com','e80b5017098950fc58aad83c8c14978e'),('zOUYJ_RobotBana','BmF7v@gmail.com','e6e3be2d833cdf5d9d4c7bc2f85cd098'),('zQSLAf_potty_MK','yIwmeo@xyz.com','e80b5017098950fc58aad83c8c14978e'),('zRfNtA_potty_MK','tiaWSK@xyz.com','e80b5017098950fc58aad83c8c14978e'),('zRl3c_RobotBana','2sfra@gmail.com','e6e3be2d833cdf5d9d4c7bc2f85cd098'),('zRnWmA_letsgo_C','nUSNAc@xyz.com','e80b5017098950fc58aad83c8c14978e'),('zRuWbRobotBanao','KkDvD@gmail.com','e6e3be2d833cdf5d9d4c7bc2f85cd098'),('zSnT4_RobotBana','DqtFy@gmail.com','e6e3be2d833cdf5d9d4c7bc2f85cd098'),('zThqKN_nahihai_','uaHAxE@xyz.com','e80b5017098950fc58aad83c8c14978e'),('zUthJc_letsgo_C','gkkSCY@xyz.com','e80b5017098950fc58aad83c8c14978e'),('zWWgqt_potty_MK','kKuwuS@xyz.com','e80b5017098950fc58aad83c8c14978e'),('zWgFBg_potty_MK','SPhIKO@xyz.com','e80b5017098950fc58aad83c8c14978e'),('zXSnVR_nahihai_','LF_Rzw@xyz.com','e80b5017098950fc58aad83c8c14978e'),('zZPckm_letsgo_C','HpvjpH@xyz.com','e80b5017098950fc58aad83c8c14978e'),('z_oqdU_nahihai_','RkYoXF@xyz.com','e80b5017098950fc58aad83c8c14978e'),('z_pznf_letsgo_C','mqvLjQ@xyz.com','e80b5017098950fc58aad83c8c14978e'),('zaIyzE_potty_MK','eVpong@xyz.com','e80b5017098950fc58aad83c8c14978e'),('zaKyaW_letsgo_C','cGw_yq@xyz.com','e80b5017098950fc58aad83c8c14978e'),('zaMWbH_letsgo_C','Vetnir@xyz.com','e80b5017098950fc58aad83c8c14978e'),('zbtbjx_potty_MK','OlWBkB@xyz.com','e80b5017098950fc58aad83c8c14978e'),('zcEUqd_letsgo_C','VevACD@xyz.com','e80b5017098950fc58aad83c8c14978e'),('zcXrKRobotBanao','EC2wJ@gmail.com','e6e3be2d833cdf5d9d4c7bc2f85cd098'),('zd2C5_RobotBana','Nciph@gmail.com','e6e3be2d833cdf5d9d4c7bc2f85cd098'),('zeAtUb_nahihai_','IHmoSY@xyz.com','e80b5017098950fc58aad83c8c14978e'),('zeHoov_potty_MK','xYQBea@xyz.com','e80b5017098950fc58aad83c8c14978e'),('zeLeEA_letsgo_C','QMXXdc@xyz.com','e80b5017098950fc58aad83c8c14978e'),('zefoIo_nahihai_','NDJCox@xyz.com','e80b5017098950fc58aad83c8c14978e'),('zero','shashank.yadav@students.iiit.a','0598baa08ce1163e34ae1f8ac8f061da'),('zeus','ashutosh.kumar@students.iiit.a','4501955b151a120bd794c416f0146c5a'),('zfCxMM_potty_MK','JHuVDN@xyz.com','e80b5017098950fc58aad83c8c14978e'),('zffTso_letsgo_C','XSlnFi@xyz.com','e80b5017098950fc58aad83c8c14978e'),('zhvcFU_potty_MK','OjNJHr@xyz.com','e80b5017098950fc58aad83c8c14978e'),('zioJUA_nahihai_','slbPtP@xyz.com','e80b5017098950fc58aad83c8c14978e'),('zjKoVRobotBanao','uhgxX@gmail.com','e6e3be2d833cdf5d9d4c7bc2f85cd098'),('zjuCvx_potty_MK','UsoAVH@xyz.com','e80b5017098950fc58aad83c8c14978e'),('zkgJEY_nahihai_','MwGkcU@xyz.com','e80b5017098950fc58aad83c8c14978e'),('zlTRur_letsgo_C','rGcEGs@xyz.com','e80b5017098950fc58aad83c8c14978e'),('zlrhWn_potty_MK','HBbNoC@xyz.com','e80b5017098950fc58aad83c8c14978e'),('zm2dBRobotBanao','PAC5Q@gmail.com','e6e3be2d833cdf5d9d4c7bc2f85cd098'),('zn5WO_RobotBana','9rE31@gmail.com','e6e3be2d833cdf5d9d4c7bc2f85cd098'),('zoengRobotBanao','fYWKo@gmail.com','e6e3be2d833cdf5d9d4c7bc2f85cd098'),('zonker','deepak.goyal@students.iiit.ac.','b5c0b187fe309af0f4d35982fd961d7e'),('zonker_dg','deegoy2@gmail.com','e6e3be2d833cdf5d9d4c7bc2f85cd098'),('zpHkcB_letsgo_C','FSXfZW@xyz.com','e80b5017098950fc58aad83c8c14978e'),('zpHqaP_potty_MK','fkFYIp@xyz.com','e80b5017098950fc58aad83c8c14978e'),('zpQwOF_letsgo_C','DNdnaP@xyz.com','e80b5017098950fc58aad83c8c14978e'),('zqQge_RobotBana','bo9bT@gmail.com','e6e3be2d833cdf5d9d4c7bc2f85cd098'),('zqoXbc_potty_MK','SPghhk@xyz.com','e80b5017098950fc58aad83c8c14978e'),('zrSqil_potty_MK','mBKDlj@xyz.com','e80b5017098950fc58aad83c8c14978e'),('zsEZs__potty_MK','jiHyRY@xyz.com','e80b5017098950fc58aad83c8c14978e'),('zscvQQ_nahihai_','DJXrjx@xyz.com','e80b5017098950fc58aad83c8c14978e'),('ztaiXt_nahihai_','mmjgMx@xyz.com','e80b5017098950fc58aad83c8c14978e'),('ztcs0RobotBanao','hUpEn@gmail.com','e6e3be2d833cdf5d9d4c7bc2f85cd098'),('zunk_yard','mayank.natani@students.iiit.ac','8b64f339f0679ed65438c5da5a96e980'),('zvxZU_RobotBana','vCJfL@gmail.com','e6e3be2d833cdf5d9d4c7bc2f85cd098');
/*!40000 ALTER TABLE `register` ENABLE KEYS */;
UNLOCK TABLES;

--
-- Table structure for table `userdata`
--

DROP TABLE IF EXISTS `userdata`;
/*!40101 SET @saved_cs_client     = @@character_set_client */;
/*!40101 SET character_set_client = utf8 */;
CREATE TABLE `userdata` (
  `level` int(11) NOT NULL,
  `timex` timestamp NOT NULL DEFAULT CURRENT_TIMESTAMP ON UPDATE CURRENT_TIMESTAMP,
  `nick_nm` varchar(15) COLLATE utf8_bin NOT NULL,
  PRIMARY KEY (`nick_nm`)
) ENGINE=InnoDB DEFAULT CHARSET=utf8 COLLATE=utf8_bin;
/*!40101 SET character_set_client = @saved_cs_client */;

--
-- Dumping data for table `userdata`
--

LOCK TABLES `userdata` WRITE;
/*!40000 ALTER TABLE `userdata` DISABLE KEYS */;
INSERT INTO `userdata` VALUES (0,'2012-09-28 15:35:35','0'),(1,'2012-09-28 15:31:15','AUT'),(0,'2012-09-28 15:37:11','AlenTuring'),(1,'2012-09-28 15:32:26','CRON'),(0,'2012-09-28 15:37:23','Chronos'),(0,'2012-09-28 15:37:45','Cler'),(1,'2012-09-28 15:32:43','Ethan'),(1,'2012-09-28 15:33:39','Gambit'),(3,'2012-09-28 15:37:14','GameCoder'),(2,'2012-09-28 15:16:21','HELLBOY'),(3,'2012-09-28 15:13:41','HP19'),(1,'2012-09-28 15:29:48','Howzaat'),(0,'2012-09-28 15:40:04','JohnnyBravo'),(0,'2012-09-28 15:38:10','JuNzY'),(0,'2012-09-28 15:35:59','KKR'),(0,'2012-09-28 15:37:18','Laxus'),(11,'2012-09-28 15:12:15','MOHANTY'),(1,'2012-09-28 15:29:39','Nnuke'),(1,'2012-09-28 15:29:33','Nuke'),(1,'2012-09-28 15:32:32','Orion'),(2,'2012-09-28 15:15:37','PAPA'),(2,'2012-09-28 15:42:44','Rocker'),(1,'2012-09-28 15:32:24','SAM'),(1,'2012-09-28 15:33:30','SIGSEV'),(1,'2012-09-28 15:31:43','Sakshi'),(1,'2012-09-28 15:30:05','Toshiro'),(0,'2012-09-28 15:37:35','VMware'),(1,'2012-09-28 15:31:02','VanHohenheim'),(0,'2012-09-28 15:38:52','What'),(5,'2012-09-28 15:13:21','a1461'),(2,'2012-09-28 15:15:28','aaj_ka_aadmi'),(0,'2012-09-28 15:40:17','abcd'),(3,'2012-09-28 15:13:59','achmav'),(0,'2012-09-28 15:38:46','aditya.c'),(1,'2012-09-28 15:30:24','admin1'),(1,'2012-09-28 15:34:39','aha'),(0,'2012-09-28 15:38:00','aishvarya'),(0,'2012-09-28 15:35:54','akash'),(0,'2012-09-28 15:39:24','aladin'),(2,'2012-09-28 15:15:17','aman'),(0,'2012-09-28 15:37:14','archit'),(0,'2012-09-28 15:36:08','army'),(0,'2012-09-28 15:39:48','asdfghjkl'),(1,'2012-09-28 15:31:30','ashish'),(0,'2012-09-28 15:31:03','ass'),(1,'2012-09-28 15:33:26','bamboo'),(1,'2012-09-28 15:31:39','bauer'),(0,'2012-09-28 15:35:45','bhoond'),(0,'2012-09-28 15:36:13','bla'),(1,'2012-09-28 15:31:25','boom!'),(1,'2012-09-28 15:34:43','break-in!'),(0,'2012-09-28 15:35:50','chacha'),(1,'2012-09-28 15:33:06','chati'),(0,'2012-09-28 15:07:39','cheat'),(1,'2012-09-28 15:31:55','chotu'),(0,'2012-09-28 15:38:34','coder46'),(2,'2012-09-28 15:15:02','cooper'),(0,'2012-09-28 15:37:05','dex'),(3,'2012-09-28 15:13:54','drazen167'),(1,'2012-09-28 15:29:43','drdre'),(5,'2012-09-28 15:25:27','dreamrulez07'),(0,'2012-09-28 15:35:40','dummy'),(0,'2012-09-28 15:36:05','fff'),(1,'2012-09-28 15:33:13','gam@ver'),(0,'2012-09-28 15:37:26','hack'),(0,'2012-09-28 15:37:27','hackin'),(2,'2012-09-28 15:15:07','halloween'),(1,'2012-09-28 15:32:17','hardy'),(0,'2012-09-28 15:39:54','harekrishna'),(0,'2012-09-28 15:37:40','harsh'),(5,'2012-09-28 15:13:11','hash'),(1,'2012-09-28 15:35:18','himanshu_ny'),(1,'2012-09-28 15:34:08','intruder'),(1,'2012-09-28 15:34:04','iota'),(1,'2012-09-28 15:33:36','jack'),(0,'2012-09-28 15:38:42','jacktheripper'),(0,'2012-09-28 15:36:26','james'),(1,'2012-09-28 15:33:23','jayesh'),(1,'2012-09-28 15:30:17','jbond'),(1,'2012-09-28 15:31:52','johndoe'),(1,'2012-09-28 15:29:30','k.one'),(1,'2012-09-28 15:32:50','karanaggarwal'),(1,'2012-09-28 15:30:41','kevkeka'),(2,'2012-09-28 15:15:12','kkk'),(5,'2012-09-28 15:13:17','kshitij'),(1,'2012-09-28 15:29:25','lahori'),(1,'2012-09-28 15:35:09','lakyran'),(5,'2012-09-28 15:13:05','liteitis'),(0,'2012-09-28 15:36:22','lola'),(1,'2012-09-28 15:32:40','m_d_luffy'),(1,'2012-09-28 15:34:21','maddy'),(1,'2012-09-28 15:30:35','mithunkumarn'),(1,'2012-09-28 15:33:17','msuresh'),(1,'2012-09-28 15:31:48','nash'),(0,'2012-09-28 15:37:32','neel'),(0,'2012-09-28 15:36:19','neo_mat'),(0,'2012-09-28 15:36:39','new'),(1,'2012-09-28 15:32:13','nik'),(3,'2012-09-28 15:14:28','nirvana'),(1,'2012-09-28 15:35:02','nisha123'),(2,'2012-09-28 15:15:41','noob'),(0,'2012-09-28 15:37:02','nuke'),(0,'2012-09-28 15:40:19','nut'),(1,'2012-09-28 15:32:29','pg'),(6,'2012-09-28 15:14:37','phinfinity'),(1,'2012-09-28 15:33:01','pingOfDeath'),(3,'2012-09-28 15:24:13','piota'),(1,'2012-09-28 15:30:46','pirate'),(0,'2012-09-28 15:35:28','qwer'),(0,'2012-09-28 15:39:42','qwerty'),(0,'2012-09-28 15:34:39','recycle'),(1,'2012-09-28 15:31:20','retard'),(1,'2012-09-28 15:32:01','rock the hell'),(1,'2012-09-28 15:32:55','rocko'),(1,'2012-09-28 15:34:31','rockstar'),(2,'2012-09-28 15:14:55','roxor'),(3,'2012-09-28 15:14:21','saaxx'),(1,'2012-09-28 15:30:11','serial_killer'),(1,'2012-09-28 15:39:54','skt'),(1,'2012-09-28 15:29:59','slate'),(1,'2012-09-28 15:31:09','space'),(1,'2012-09-28 15:29:53','tejasvs'),(0,'2012-09-28 15:11:58','test'),(3,'2012-09-28 15:14:46','test99'),(0,'2012-09-28 15:39:34','unknown'),(1,'2012-09-28 15:30:21','user'),(0,'2012-09-28 15:40:12','user9'),(1,'2012-09-28 15:34:17','vamsi1899'),(6,'2012-09-28 15:12:36','viv001'),(1,'2012-09-28 15:34:51','vrajesh'),(3,'2012-09-28 15:13:47','wee'),(6,'2012-09-28 15:12:42','worldwide'),(3,'2012-09-28 15:13:33','wrumf'),(0,'2012-09-28 15:36:03','xxx'),(0,'2012-09-28 15:39:39','xyz12'),(3,'2012-09-28 15:14:15','zero'),(1,'2012-09-28 15:32:08','zeus'),(2,'2012-09-28 15:15:51','zunk_yard');
/*!40000 ALTER TABLE `userdata` ENABLE KEYS */;
UNLOCK TABLES;
/*!40103 SET TIME_ZONE=@OLD_TIME_ZONE */;

/*!40101 SET SQL_MODE=@OLD_SQL_MODE */;
/*!40014 SET FOREIGN_KEY_CHECKS=@OLD_FOREIGN_KEY_CHECKS */;
/*!40014 SET UNIQUE_CHECKS=@OLD_UNIQUE_CHECKS */;
/*!40101 SET CHARACTER_SET_CLIENT=@OLD_CHARACTER_SET_CLIENT */;
/*!40101 SET CHARACTER_SET_RESULTS=@OLD_CHARACTER_SET_RESULTS */;
/*!40101 SET COLLATION_CONNECTION=@OLD_COLLATION_CONNECTION */;
/*!40111 SET SQL_NOTES=@OLD_SQL_NOTES */;

-- Dump completed on 2012-09-28 21:14:28
